snapshot_date,flight_date,origin,destination,carrier,price
2025-12-15,2025-12-15,MAD,MEX,Iberia,R$11536
2025-12-15,2025-12-15,MAD,MEX,Aeromexico,R$11574
2025-12-15,2025-12-15,MAD,MEX,Iberia,R$11536
2025-12-15,2025-12-16,MAD,MEX,Iberia,R$11536
2025-12-15,2025-12-16,MAD,MEX,Aeromexico,R$11574
2025-12-15,2025-12-16,MAD,MEX,Aeromexico,R$11574
2025-12-15,2025-12-16,MAD,MEX,Iberia,R$11536
2025-12-15,2025-12-16,MAD,MEX,Iberia,R$11536
2025-12-15,2025-12-16,MAD,MEX,Aeromexico,R$11574
2025-12-15,2025-12-16,MAD,MEX,Iberia,R$11536
2025-12-15,2025-12-17,MAD,MEX,Iberia,R$11536
2025-12-15,2025-12-17,MAD,MEX,Aeromexico,R$11574
2025-12-15,2025-12-17,MAD,MEX,Iberia,R$11536
2025-12-15,2025-12-17,MAD,MEX,Iberia,R$11536
2025-12-15,2025-12-17,MAD,MEX,Aeromexico,R$11574
2025-12-15,2025-12-17,MAD,MEX,Iberia,R$11536
2025-12-15,2025-12-17,MAD,MEX,Iberia,R$11536
2025-12-15,2025-12-17,MAD,MEX,Iberia,R$11536
2025-12-15,2025-12-17,MAD,MEX,Aeromexico,R$11574
2025-12-15,2025-12-18,MAD,MEX,Iberia,R$13092
2025-12-15,2025-12-18,MAD,MEX,Aeromexico,R$13130
2025-12-15,2025-12-18,MAD,MEX,Iberia,R$13092
2025-12-15,2025-12-18,MAD,MEX,Aeromexico,R$13130
2025-12-15,2025-12-18,MAD,MEX,Aeromexico,R$13130
2025-12-15,2025-12-18,MAD,MEX,Iberia,R$13092
2025-12-15,2025-12-18,MAD,MEX,Iberia,R$13092
2025-12-15,2025-12-18,MAD,MEX,Aeromexico,R$13130
2025-12-15,2025-12-18,MAD,MEX,Aeromexico,R$13130
2025-12-15,2025-12-19,MAD,MEX,Aeromexico,R$13225
2025-12-15,2025-12-19,MAD,MEX,Aeromexico,R$13225
2025-12-15,2025-12-19,MAD,MEX,Iberia,R$13225
2025-12-15,2025-12-19,MAD,MEX,Iberia,R$19682
2025-12-15,2025-12-19,MAD,MEX,Iberia,R$19682
2025-12-15,2025-12-19,MAD,MEX,Aeromexico,R$13225
2025-12-15,2025-12-19,MAD,MEX,Aeromexico,R$13225
2025-12-15,2025-12-19,MAD,MEX,Iberia,R$19682
2025-12-15,2025-12-19,MAD,MEX,Iberia,R$19682
2025-12-15,2025-12-20,MAD,MEX,Aeromexico,R$13225
2025-12-15,2025-12-20,MAD,MEX,Aeromexico,R$13225
2025-12-15,2025-12-20,MAD,MEX,Iberia,R$19682
2025-12-15,2025-12-20,MAD,MEX,Iberia,R$19682
2025-12-15,2025-12-20,MAD,MEX,Aeromexico,R$13225
2025-12-15,2025-12-20,MAD,MEX,Iberia,R$19682
2025-12-15,2025-12-20,MAD,MEX,Iberia,R$19682
2025-12-15,2025-12-21,MAD,MEX,Aeromexico,R$13225
2025-12-15,2025-12-21,MAD,MEX,Aeromexico,R$13225
2025-12-15,2025-12-21,MAD,MEX,Iberia,R$13225
2025-12-15,2025-12-21,MAD,MEX,Iberia,R$13225
2025-12-15,2025-12-21,MAD,MEX,Aeromexico,R$13225
2025-12-15,2025-12-21,MAD,MEX,Aeromexico,R$13225
2025-12-15,2025-12-21,MAD,MEX,Iberia,R$13225
2025-12-15,2025-12-22,MAD,MEX,Aeromexico,R$7917
2025-12-15,2025-12-22,MAD,MEX,Iberia,R$7981
2025-12-15,2025-12-22,MAD,MEX,Aeromexico,R$9079
2025-12-15,2025-12-22,MAD,MEX,Iberia,R$9314
2025-12-15,2025-12-22,MAD,MEX,Aeromexico,R$7917
2025-12-15,2025-12-22,MAD,MEX,Aeromexico,R$9079
2025-12-15,2025-12-22,MAD,MEX,Iberia,R$9314
2025-12-15,2025-12-23,MAD,MEX,Aeromexico,R$7917
2025-12-15,2025-12-23,MAD,MEX,Aeromexico,R$7917
2025-12-15,2025-12-23,MAD,MEX,Iberia,R$7981
2025-12-15,2025-12-23,MAD,MEX,Iberia,R$7981
2025-12-15,2025-12-23,MAD,MEX,Aeromexico,R$7917
2025-12-15,2025-12-23,MAD,MEX,Aeromexico,R$7917
2025-12-15,2025-12-23,MAD,MEX,Iberia,R$7981
2025-12-15,2025-12-24,MAD,MEX,Aeromexico,R$5625
2025-12-15,2025-12-24,MAD,MEX,Aeromexico,R$6362
2025-12-15,2025-12-24,MAD,MEX,Aeromexico,R$6362
2025-12-15,2025-12-24,MAD,MEX,Iberia,R$6425
2025-12-15,2025-12-24,MAD,MEX,Iberia,R$6425
2025-12-15,2025-12-24,MAD,MEX,Aeromexico,R$6362
2025-12-15,2025-12-24,MAD,MEX,Aeromexico,R$6362
2025-12-15,2025-12-24,MAD,MEX,Iberia,R$6425
2025-12-15,2025-12-24,MAD,MEX,Iberia,R$6425
2025-12-15,2025-12-25,MAD,MEX,Aeromexico,R$5625
2025-12-15,2025-12-25,MAD,MEX,Aeromexico,R$5625
2025-12-15,2025-12-25,MAD,MEX,Aeromexico,R$5625
2025-12-15,2025-12-25,MAD,MEX,Iberia,R$6425
2025-12-15,2025-12-25,MAD,MEX,Iberia,R$6425
2025-12-15,2025-12-25,MAD,MEX,Aeromexico,R$5625
2025-12-15,2025-12-25,MAD,MEX,Aeromexico,R$5625
2025-12-15,2025-12-25,MAD,MEX,Iberia,R$6425
2025-12-15,2025-12-25,MAD,MEX,Iberia,R$6425
2025-12-15,2025-12-26,MAD,MEX,Aeromexico,R$6457
2025-12-15,2025-12-26,MAD,MEX,Aeromexico,R$6457
2025-12-15,2025-12-26,MAD,MEX,Aeromexico,R$6457
2025-12-15,2025-12-26,MAD,MEX,Iberia,R$6559
2025-12-15,2025-12-26,MAD,MEX,Iberia,R$6559
2025-12-15,2025-12-26,MAD,MEX,Aeromexico,R$6457
2025-12-15,2025-12-26,MAD,MEX,Aeromexico,R$6457
2025-12-15,2025-12-26,MAD,MEX,Iberia,R$6559
2025-12-15,2025-12-26,MAD,MEX,Iberia,R$6559
2025-12-15,2025-12-27,MAD,MEX,Aeromexico,R$6457
2025-12-15,2025-12-27,MAD,MEX,Aeromexico,R$6457
2025-12-15,2025-12-27,MAD,MEX,Iberia,R$6559
2025-12-15,2025-12-27,MAD,MEX,Iberia,R$6559
2025-12-15,2025-12-27,MAD,MEX,Aeromexico,R$6457
2025-12-15,2025-12-27,MAD,MEX,Aeromexico,R$6457
2025-12-15,2025-12-27,MAD,MEX,Iberia,R$6559
2025-12-15,2025-12-28,MAD,MEX,Aeromexico,R$6457
2025-12-15,2025-12-28,MAD,MEX,Aeromexico,R$6457
2025-12-15,2025-12-28,MAD,MEX,Iberia,R$6559
2025-12-15,2025-12-28,MAD,MEX,Iberia,R$6559
2025-12-15,2025-12-28,MAD,MEX,Aeromexico,R$6457
2025-12-15,2025-12-28,MAD,MEX,Aeromexico,R$6457
2025-12-15,2025-12-28,MAD,MEX,Iberia,R$6559
2025-12-15,2025-12-29,MAD,MEX,Aeromexico,R$6362
2025-12-15,2025-12-29,MAD,MEX,Iberia,R$6425
2025-12-15,2025-12-29,MAD,MEX,Iberia,R$6425
2025-12-15,2025-12-29,MAD,MEX,Aeromexico,R$7524
2025-12-15,2025-12-29,MAD,MEX,Aeromexico,R$6362
2025-12-15,2025-12-29,MAD,MEX,Iberia,R$6425
2025-12-15,2025-12-29,MAD,MEX,Aeromexico,R$7524
2025-12-15,2025-12-30,MAD,MEX,Aeromexico,R$5625
2025-12-15,2025-12-30,MAD,MEX,Aeromexico,R$5625
2025-12-15,2025-12-30,MAD,MEX,Iberia,R$6425
2025-12-15,2025-12-30,MAD,MEX,Iberia,R$6425
2025-12-15,2025-12-30,MAD,MEX,Aeromexico,R$5625
2025-12-15,2025-12-30,MAD,MEX,Iberia,R$6425
2025-12-15,2025-12-30,MAD,MEX,Iberia,R$6425
2025-12-15,2025-12-31,MAD,MEX,Aeromexico,R$5625
2025-12-15,2025-12-31,MAD,MEX,Aeromexico,R$5661
2025-12-15,2025-12-31,MAD,MEX,Aeromexico,R$6362
2025-12-15,2025-12-31,MAD,MEX,Iberia,R$6425
2025-12-15,2025-12-31,MAD,MEX,Iberia,R$6425
2025-12-15,2025-12-31,MAD,MEX,Aeromexico,R$5625
2025-12-15,2025-12-31,MAD,MEX,Aeromexico,R$6362
2025-12-15,2025-12-31,MAD,MEX,Iberia,R$6425
2025-12-15,2025-12-31,MAD,MEX,Iberia,R$6425
2025-12-15,2026-01-01,MAD,MEX,Aeromexico,R$5661
2025-12-15,2026-01-01,MAD,MEX,Aeromexico,R$7953
2025-12-15,2026-01-01,MAD,MEX,Aeromexico,R$7953
2025-12-15,2026-01-01,MAD,MEX,Iberia,R$8017
2025-12-15,2026-01-01,MAD,MEX,Iberia,R$8017
2025-12-15,2026-01-01,MAD,MEX,Aeromexico,R$7953
2025-12-15,2026-01-01,MAD,MEX,Aeromexico,R$7953
2025-12-15,2026-01-01,MAD,MEX,Iberia,R$8017
2025-12-15,2026-01-01,MAD,MEX,Iberia,R$8017
2025-12-15,2026-01-02,MAD,MEX,Aeromexico,R$9210
2025-12-15,2026-01-02,MAD,MEX,Aeromexico,R$9210
2025-12-15,2026-01-02,MAD,MEX,Aeromexico,R$9210
2025-12-15,2026-01-02,MAD,MEX,Iberia,R$11483
2025-12-15,2026-01-02,MAD,MEX,Iberia,R$11483
2025-12-15,2026-01-02,MAD,MEX,Aeromexico,R$9210
2025-12-15,2026-01-02,MAD,MEX,Aeromexico,R$9210
2025-12-15,2026-01-02,MAD,MEX,Iberia,R$11483
2025-12-15,2026-01-02,MAD,MEX,Iberia,R$11483
2025-12-15,2026-01-03,MAD,MEX,Aeromexico,R$9763
2025-12-15,2026-01-03,MAD,MEX,Iberia,R$13261
2025-12-15,2026-01-03,MAD,MEX,Iberia,R$19921
2025-12-15,2026-01-03,MAD,MEX,Iberia,R$24994
2025-12-15,2026-01-03,MAD,MEX,Aeromexico,R$9763
2025-12-15,2026-01-03,MAD,MEX,Iberia,R$19921
2025-12-15,2026-01-03,MAD,MEX,Iberia,R$24994
2025-12-15,2026-01-04,MAD,MEX,Aeromexico,R$13210
2025-12-15,2026-01-04,MAD,MEX,Aeromexico,R$13261
2025-12-15,2026-01-04,MAD,MEX,Iberia,R$19921
2025-12-15,2026-01-04,MAD,MEX,Iberia,R$19921
2025-12-15,2026-01-04,MAD,MEX,Aeromexico,R$13210
2025-12-15,2026-01-04,MAD,MEX,Iberia,R$19921
2025-12-15,2026-01-04,MAD,MEX,Iberia,R$19921
2025-12-15,2026-01-05,MAD,MEX,Aeromexico,R$9115
2025-12-15,2026-01-05,MAD,MEX,Aeromexico,R$9115
2025-12-15,2026-01-05,MAD,MEX,Iberia,R$13128
2025-12-15,2026-01-05,MAD,MEX,Iberia,R$13128
2025-12-15,2026-01-05,MAD,MEX,Aeromexico,R$9115
2025-12-15,2026-01-05,MAD,MEX,Iberia,R$13128
2025-12-15,2026-01-05,MAD,MEX,Iberia,R$13128
2025-12-15,2026-01-06,MAD,MEX,Iberia,R$13128
2025-12-15,2026-01-06,MAD,MEX,Iberia,R$13128
2025-12-15,2026-01-06,MAD,MEX,Aeromexico,R$13166
2025-12-15,2026-01-06,MAD,MEX,Iberia,R$19921
2025-12-15,2026-01-06,MAD,MEX,Iberia,R$13128
2025-12-15,2026-01-06,MAD,MEX,Iberia,R$13128
2025-12-15,2026-01-06,MAD,MEX,Iberia,R$19921
2025-12-15,2026-01-07,MAD,MEX,Aeromexico,R$10620
2025-12-15,2026-01-07,MAD,MEX,Aeromexico,R$10620
2025-12-15,2026-01-07,MAD,MEX,Aeromexico,R$10620
2025-12-15,2026-01-07,MAD,MEX,Iberia,R$20061
2025-12-15,2026-01-07,MAD,MEX,Iberia,R$20061
2025-12-15,2026-01-07,MAD,MEX,Aeromexico,R$10620
2025-12-15,2026-01-07,MAD,MEX,Aeromexico,R$10620
2025-12-15,2026-01-07,MAD,MEX,Iberia,R$20061
2025-12-15,2026-01-07,MAD,MEX,Iberia,R$20061
2025-12-15,2026-01-08,MAD,MEX,Aeromexico,R$10620
2025-12-15,2026-01-08,MAD,MEX,Aeromexico,R$10620
2025-12-15,2026-01-08,MAD,MEX,Aeromexico,R$10620
2025-12-15,2026-01-08,MAD,MEX,Iberia,R$19921
2025-12-15,2026-01-08,MAD,MEX,Iberia,R$20061
2025-12-15,2026-01-08,MAD,MEX,Aeromexico,R$10620
2025-12-15,2026-01-08,MAD,MEX,Aeromexico,R$10620
2025-12-15,2026-01-08,MAD,MEX,Iberia,R$19921
2025-12-15,2026-01-08,MAD,MEX,Iberia,R$20061
2025-12-15,2026-01-09,MAD,MEX,Aeromexico,R$10664
2025-12-15,2026-01-09,MAD,MEX,Aeromexico,R$10664
2025-12-15,2026-01-09,MAD,MEX,Aeromexico,R$10715
2025-12-15,2026-01-09,MAD,MEX,Iberia,R$19921
2025-12-15,2026-01-09,MAD,MEX,Iberia,R$19921
2025-12-15,2026-01-09,MAD,MEX,Aeromexico,R$10664
2025-12-15,2026-01-09,MAD,MEX,Aeromexico,R$10664
2025-12-15,2026-01-09,MAD,MEX,Iberia,R$19921
2025-12-15,2026-01-09,MAD,MEX,Iberia,R$19921
2025-12-15,2026-01-10,MAD,MEX,Aeromexico,R$7210
2025-12-15,2026-01-10,MAD,MEX,Aeromexico,R$8982
2025-12-15,2026-01-10,MAD,MEX,Iberia,R$10817
2025-12-15,2026-01-10,MAD,MEX,Iberia,R$19921
2025-12-15,2026-01-10,MAD,MEX,Aeromexico,R$7210
2025-12-15,2026-01-10,MAD,MEX,Aeromexico,R$8982
2025-12-15,2026-01-10,MAD,MEX,Iberia,R$19921
2025-12-15,2026-01-11,MAD,MEX,Aeromexico,R$7210
2025-12-15,2026-01-11,MAD,MEX,Aeromexico,R$7210
2025-12-15,2026-01-11,MAD,MEX,Iberia,R$9039
2025-12-15,2026-01-11,MAD,MEX,Iberia,R$9039
2025-12-15,2026-01-11,MAD,MEX,Aeromexico,R$7210
2025-12-15,2026-01-11,MAD,MEX,Aeromexico,R$7210
2025-12-15,2026-01-11,MAD,MEX,Iberia,R$9039
2025-12-15,2026-01-12,MAD,MEX,Aeromexico,R$6920
2025-12-15,2026-01-12,MAD,MEX,Aeromexico,R$7115
2025-12-15,2026-01-12,MAD,MEX,Iberia,R$8906
2025-12-15,2026-01-12,MAD,MEX,Iberia,R$8906
2025-12-15,2026-01-12,MAD,MEX,Aeromexico,R$6920
2025-12-15,2026-01-12,MAD,MEX,Aeromexico,R$7115
2025-12-15,2026-01-12,MAD,MEX,Iberia,R$8906
2025-12-15,2026-01-13,MAD,MEX,Aeromexico,R$4836
2025-12-15,2026-01-13,MAD,MEX,Aeromexico,R$6920
2025-12-15,2026-01-13,MAD,MEX,Aeromexico,R$7115
2025-12-15,2026-01-13,MAD,MEX,Iberia,R$7128
2025-12-15,2026-01-13,MAD,MEX,Iberia,R$8906
2025-12-15,2026-01-13,MAD,MEX,Aeromexico,R$6920
2025-12-15,2026-01-13,MAD,MEX,Aeromexico,R$7115
2025-12-15,2026-01-13,MAD,MEX,Iberia,R$7128
2025-12-15,2026-01-13,MAD,MEX,Iberia,R$8906
2025-12-15,2026-01-14,MAD,MEX,Aeromexico,R$4836
2025-12-15,2026-01-14,MAD,MEX,Aeromexico,R$4836
2025-12-15,2026-01-14,MAD,MEX,Iberia,R$6017
2025-12-15,2026-01-14,MAD,MEX,Iberia,R$7128
2025-12-15,2026-01-14,MAD,MEX,Aeromexico,R$4836
2025-12-15,2026-01-14,MAD,MEX,Aeromexico,R$4836
2025-12-15,2026-01-14,MAD,MEX,Iberia,R$7128
2025-12-15,2026-01-15,MAD,MEX,Aeromexico,R$5800
2025-12-15,2026-01-15,MAD,MEX,Aeromexico,R$5800
2025-12-15,2026-01-15,MAD,MEX,Aeromexico,R$5953
2025-12-15,2026-01-15,MAD,MEX,Iberia,R$6017
2025-12-15,2026-01-15,MAD,MEX,Iberia,R$6017
2025-12-15,2026-01-15,MAD,MEX,Aeromexico,R$5800
2025-12-15,2026-01-15,MAD,MEX,Aeromexico,R$5953
2025-12-15,2026-01-15,MAD,MEX,Iberia,R$6017
2025-12-15,2026-01-15,MAD,MEX,Iberia,R$6017
2025-12-15,2026-01-16,MAD,MEX,Aeromexico,R$4271
2025-12-15,2026-01-16,MAD,MEX,Aeromexico,R$4271
2025-12-15,2026-01-16,MAD,MEX,Aeromexico,R$4271
2025-12-15,2026-01-16,MAD,MEX,Iberia,R$4372
2025-12-15,2026-01-16,MAD,MEX,Iberia,R$4372
2025-12-15,2026-01-16,MAD,MEX,Aeromexico,R$4271
2025-12-15,2026-01-16,MAD,MEX,Aeromexico,R$4271
2025-12-15,2026-01-16,MAD,MEX,Iberia,R$4372
2025-12-15,2026-01-16,MAD,MEX,Iberia,R$4372
2025-12-15,2026-01-17,MAD,MEX,Aeromexico,R$4271
2025-12-15,2026-01-17,MAD,MEX,Aeromexico,R$4271
2025-12-15,2026-01-17,MAD,MEX,Aeromexico,R$4271
2025-12-15,2026-01-17,MAD,MEX,Iberia,R$4372
2025-12-15,2026-01-17,MAD,MEX,Iberia,R$4372
2025-12-15,2026-01-17,MAD,MEX,Aeromexico,R$4271
2025-12-15,2026-01-17,MAD,MEX,Aeromexico,R$4271
2025-12-15,2026-01-17,MAD,MEX,Iberia,R$4372
2025-12-15,2026-01-17,MAD,MEX,Iberia,R$4372
2025-12-15,2026-01-18,MAD,MEX,Aeromexico,R$1966
2025-12-15,2026-01-18,MAD,MEX,Aeromexico,R$4271
2025-12-15,2026-01-18,MAD,MEX,Iberia,R$4372
2025-12-15,2026-01-18,MAD,MEX,Iberia,R$4372
2025-12-15,2026-01-18,MAD,MEX,Aeromexico,R$4271
2025-12-15,2026-01-18,MAD,MEX,Iberia,R$4372
2025-12-15,2026-01-18,MAD,MEX,Iberia,R$4372
2025-12-15,2026-01-19,MAD,MEX,Aeromexico,R$1649
2025-12-15,2026-01-19,MAD,MEX,Aeromexico,R$2284
2025-12-15,2026-01-19,MAD,MEX,Iberia,R$4239
2025-12-15,2026-01-19,MAD,MEX,Iberia,R$4239
2025-12-15,2026-01-19,MAD,MEX,Aeromexico,R$2284
2025-12-15,2026-01-19,MAD,MEX,Iberia,R$4239
2025-12-15,2026-01-19,MAD,MEX,Iberia,R$4239
2025-12-15,2026-01-20,MAD,MEX,Aeromexico,R$1649
2025-12-15,2026-01-20,MAD,MEX,Aeromexico,R$4086
2025-12-15,2026-01-20,MAD,MEX,Aeromexico,R$4176
2025-12-15,2026-01-20,MAD,MEX,Iberia,R$4239
2025-12-15,2026-01-20,MAD,MEX,Iberia,R$4239
2025-12-15,2026-01-20,MAD,MEX,Aeromexico,R$4086
2025-12-15,2026-01-20,MAD,MEX,Aeromexico,R$4176
2025-12-15,2026-01-20,MAD,MEX,Iberia,R$4239
2025-12-15,2026-01-20,MAD,MEX,Iberia,R$4239
2025-12-15,2026-01-21,MAD,MEX,Aeromexico,R$1649
2025-12-15,2026-01-21,MAD,MEX,Aeromexico,R$4086
2025-12-15,2026-01-21,MAD,MEX,Iberia,R$4239
2025-12-15,2026-01-21,MAD,MEX,Iberia,R$4239
2025-12-15,2026-01-21,MAD,MEX,Aeromexico,R$4086
2025-12-15,2026-01-21,MAD,MEX,Iberia,R$4239
2025-12-15,2026-01-21,MAD,MEX,Iberia,R$4239
2025-12-15,2026-01-22,MAD,MEX,Aeromexico,R$1649
2025-12-15,2026-01-22,MAD,MEX,Aeromexico,R$1649
2025-12-15,2026-01-22,MAD,MEX,Aeromexico,R$4086
2025-12-15,2026-01-22,MAD,MEX,Iberia,R$4239
2025-12-15,2026-01-22,MAD,MEX,Iberia,R$4239
2025-12-15,2026-01-22,MAD,MEX,Aeromexico,R$1649
2025-12-15,2026-01-22,MAD,MEX,Aeromexico,R$4086
2025-12-15,2026-01-22,MAD,MEX,Iberia,R$4239
2025-12-15,2026-01-22,MAD,MEX,Iberia,R$4239
2025-12-15,2026-01-23,MAD,MEX,Aeromexico,R$1966
2025-12-15,2026-01-23,MAD,MEX,Aeromexico,R$1966
2025-12-15,2026-01-23,MAD,MEX,Aeromexico,R$1966
2025-12-15,2026-01-23,MAD,MEX,Iberia,R$4372
2025-12-15,2026-01-23,MAD,MEX,Iberia,R$4372
2025-12-15,2026-01-23,MAD,MEX,Aeromexico,R$1966
2025-12-15,2026-01-23,MAD,MEX,Aeromexico,R$1966
2025-12-15,2026-01-23,MAD,MEX,Iberia,R$4372
2025-12-15,2026-01-23,MAD,MEX,Iberia,R$4372
2025-12-15,2026-01-24,MAD,MEX,Aeromexico,R$1966
2025-12-15,2026-01-24,MAD,MEX,Aeromexico,R$4271
2025-12-15,2026-01-24,MAD,MEX,Aeromexico,R$4271
2025-12-15,2026-01-24,MAD,MEX,Iberia,R$4372
2025-12-15,2026-01-24,MAD,MEX,Iberia,R$4372
2025-12-15,2026-01-24,MAD,MEX,Aeromexico,R$4271
2025-12-15,2026-01-24,MAD,MEX,Aeromexico,R$4271
2025-12-15,2026-01-24,MAD,MEX,Iberia,R$4372
2025-12-15,2026-01-24,MAD,MEX,Iberia,R$4372
2025-12-15,2026-01-25,MAD,MEX,Aeromexico,R$1966
2025-12-15,2026-01-25,MAD,MEX,Aeromexico,R$4271
2025-12-15,2026-01-25,MAD,MEX,Iberia,R$4372
2025-12-15,2026-01-25,MAD,MEX,Iberia,R$4372
2025-12-15,2026-01-25,MAD,MEX,Aeromexico,R$4271
2025-12-15,2026-01-25,MAD,MEX,Iberia,R$4372
2025-12-15,2026-01-25,MAD,MEX,Iberia,R$4372
2025-12-15,2026-01-26,MAD,MEX,Aeromexico,R$1649
2025-12-15,2026-01-26,MAD,MEX,Aeromexico,R$1649
2025-12-15,2026-01-26,MAD,MEX,Iberia,R$4239
2025-12-15,2026-01-26,MAD,MEX,Iberia,R$4239
2025-12-15,2026-01-26,MAD,MEX,Aeromexico,R$1649
2025-12-15,2026-01-26,MAD,MEX,Iberia,R$4239
2025-12-15,2026-01-26,MAD,MEX,Iberia,R$4239
2025-12-15,2026-01-27,MAD,MEX,Aeromexico,R$1649
2025-12-15,2026-01-27,MAD,MEX,Aeromexico,R$4086
2025-12-15,2026-01-27,MAD,MEX,Aeromexico,R$4176
2025-12-15,2026-01-27,MAD,MEX,Iberia,R$4239
2025-12-15,2026-01-27,MAD,MEX,Iberia,R$4239
2025-12-15,2026-01-27,MAD,MEX,Aeromexico,R$4086
2025-12-15,2026-01-27,MAD,MEX,Aeromexico,R$4176
2025-12-15,2026-01-27,MAD,MEX,Iberia,R$4239
2025-12-15,2026-01-27,MAD,MEX,Iberia,R$4239
2025-12-15,2026-01-28,MAD,MEX,Aeromexico,R$1649
2025-12-15,2026-01-28,MAD,MEX,Aeromexico,R$4176
2025-12-15,2026-01-28,MAD,MEX,Iberia,R$4239
2025-12-15,2026-01-28,MAD,MEX,Iberia,R$4239
2025-12-15,2026-01-28,MAD,MEX,Aeromexico,R$4176
2025-12-15,2026-01-28,MAD,MEX,Iberia,R$4239
2025-12-15,2026-01-28,MAD,MEX,Iberia,R$4239
2025-12-15,2026-01-29,MAD,MEX,Aeromexico,R$1649
2025-12-15,2026-01-29,MAD,MEX,Aeromexico,R$2284
2025-12-15,2026-01-29,MAD,MEX,Aeromexico,R$2284
2025-12-15,2026-01-29,MAD,MEX,Iberia,R$4239
2025-12-15,2026-01-29,MAD,MEX,Iberia,R$4239
2025-12-15,2026-01-29,MAD,MEX,Aeromexico,R$2284
2025-12-15,2026-01-29,MAD,MEX,Aeromexico,R$2284
2025-12-15,2026-01-29,MAD,MEX,Iberia,R$4239
2025-12-15,2026-01-29,MAD,MEX,Iberia,R$4239
2025-12-15,2026-01-30,MAD,MEX,Aeromexico,R$1966
2025-12-15,2026-01-30,MAD,MEX,Aeromexico,R$4271
2025-12-15,2026-01-30,MAD,MEX,Aeromexico,R$4271
2025-12-15,2026-01-30,MAD,MEX,Iberia,R$4372
2025-12-15,2026-01-30,MAD,MEX,Iberia,R$5039
2025-12-15,2026-01-30,MAD,MEX,Aeromexico,R$4271
2025-12-15,2026-01-30,MAD,MEX,Aeromexico,R$4271
2025-12-15,2026-01-30,MAD,MEX,Iberia,R$4372
2025-12-15,2026-01-30,MAD,MEX,Iberia,R$5039
2025-12-15,2026-01-31,MAD,MEX,Aeromexico,R$1966
2025-12-15,2026-01-31,MAD,MEX,Aeromexico,R$4931
2025-12-15,2026-01-31,MAD,MEX,Aeromexico,R$4931
2025-12-15,2026-01-31,MAD,MEX,Iberia,R$5039
2025-12-15,2026-01-31,MAD,MEX,Iberia,R$5039
2025-12-15,2026-01-31,MAD,MEX,Aeromexico,R$4931
2025-12-15,2026-01-31,MAD,MEX,Aeromexico,R$4931
2025-12-15,2026-01-31,MAD,MEX,Iberia,R$5039
2025-12-15,2026-01-31,MAD,MEX,Iberia,R$5039
2025-12-15,2026-02-01,MAD,MEX,Aeromexico,R$3083
2025-12-15,2026-02-01,MAD,MEX,Aeromexico,R$4271
2025-12-15,2026-02-01,MAD,MEX,Iberia,R$4372
2025-12-15,2026-02-01,MAD,MEX,Iberia,R$4372
2025-12-15,2026-02-01,MAD,MEX,Aeromexico,R$4271
2025-12-15,2026-02-01,MAD,MEX,Iberia,R$4372
2025-12-15,2026-02-01,MAD,MEX,Iberia,R$4372
2025-12-15,2026-02-02,MAD,MEX,Aeromexico,R$4176
2025-12-15,2026-02-02,MAD,MEX,Aeromexico,R$4176
2025-12-15,2026-02-02,MAD,MEX,Iberia,R$4239
2025-12-15,2026-02-02,MAD,MEX,Iberia,R$4239
2025-12-15,2026-02-02,MAD,MEX,Aeromexico,R$4176
2025-12-15,2026-02-02,MAD,MEX,Aeromexico,R$4176
2025-12-15,2026-02-02,MAD,MEX,Iberia,R$4239
2025-12-15,2026-02-03,MAD,MEX,Aeromexico,R$2531
2025-12-15,2026-02-03,MAD,MEX,Aeromexico,R$2531
2025-12-15,2026-02-03,MAD,MEX,Iberia,R$3172
2025-12-15,2026-02-03,MAD,MEX,Iberia,R$3172
2025-12-15,2026-02-03,MAD,MEX,Aeromexico,R$4176
2025-12-15,2026-02-03,MAD,MEX,Aeromexico,R$2531
2025-12-15,2026-02-03,MAD,MEX,Aeromexico,R$2531
2025-12-15,2026-02-03,MAD,MEX,Iberia,R$3172
2025-12-15,2026-02-03,MAD,MEX,Aeromexico,R$4176
2025-12-15,2026-02-04,MAD,MEX,Aeromexico,R$2531
2025-12-15,2026-02-04,MAD,MEX,Aeromexico,R$2531
2025-12-15,2026-02-04,MAD,MEX,Iberia,R$3172
2025-12-15,2026-02-04,MAD,MEX,Iberia,R$3172
2025-12-15,2026-02-04,MAD,MEX,Aeromexico,R$2531
2025-12-15,2026-02-04,MAD,MEX,Aeromexico,R$2531
2025-12-15,2026-02-04,MAD,MEX,Iberia,R$3172
2025-12-15,2026-02-05,MAD,MEX,Aeromexico,R$2531
2025-12-15,2026-02-05,MAD,MEX,Iberia,R$2595
2025-12-15,2026-02-05,MAD,MEX,Aeromexico,R$2531
2025-12-15,2026-02-05,MAD,MEX,Aeromexico,R$2531
2025-12-15,2026-02-05,MAD,MEX,Iberia,R$2595
2025-12-15,2026-02-05,MAD,MEX,Aeromexico,R$2531
2025-12-15,2026-02-05,MAD,MEX,Aeromexico,R$2531
2025-12-15,2026-02-05,MAD,MEX,Aeromexico,R$2531
2025-12-15,2026-02-05,MAD,MEX,Iberia,R$2595
2025-12-15,2026-02-06,MAD,MEX,Aeromexico,R$2626
2025-12-15,2026-02-06,MAD,MEX,Aeromexico,R$2626
2025-12-15,2026-02-06,MAD,MEX,Aeromexico,R$2626
2025-12-15,2026-02-06,MAD,MEX,Iberia,R$2728
2025-12-15,2026-02-06,MAD,MEX,Iberia,R$2728
2025-12-15,2026-02-06,MAD,MEX,Aeromexico,R$2626
2025-12-15,2026-02-06,MAD,MEX,Aeromexico,R$2626
2025-12-15,2026-02-06,MAD,MEX,Iberia,R$2728
2025-12-15,2026-02-06,MAD,MEX,Iberia,R$2728
2025-12-15,2026-02-07,MAD,MEX,Aeromexico,R$2626
2025-12-15,2026-02-07,MAD,MEX,Aeromexico,R$2626
2025-12-15,2026-02-07,MAD,MEX,Aeromexico,R$2626
2025-12-15,2026-02-07,MAD,MEX,Iberia,R$3306
2025-12-15,2026-02-07,MAD,MEX,Iberia,R$4372
2025-12-15,2026-02-07,MAD,MEX,Aeromexico,R$2626
2025-12-15,2026-02-07,MAD,MEX,Aeromexico,R$2626
2025-12-15,2026-02-07,MAD,MEX,Iberia,R$3306
2025-12-15,2026-02-07,MAD,MEX,Iberia,R$4372
2025-12-15,2026-02-08,MAD,MEX,Aeromexico,R$2626
2025-12-15,2026-02-08,MAD,MEX,Aeromexico,R$2626
2025-12-15,2026-02-08,MAD,MEX,Iberia,R$2728
2025-12-15,2026-02-08,MAD,MEX,Iberia,R$2728
2025-12-15,2026-02-08,MAD,MEX,Aeromexico,R$2626
2025-12-15,2026-02-08,MAD,MEX,Aeromexico,R$2626
2025-12-15,2026-02-08,MAD,MEX,Iberia,R$2728
2025-12-15,2026-02-09,MAD,MEX,Aeromexico,R$2531
2025-12-15,2026-02-09,MAD,MEX,Aeromexico,R$2531
2025-12-15,2026-02-09,MAD,MEX,Iberia,R$2595
2025-12-15,2026-02-09,MAD,MEX,Iberia,R$2595
2025-12-15,2026-02-09,MAD,MEX,Aeromexico,R$2531
2025-12-15,2026-02-09,MAD,MEX,Aeromexico,R$2531
2025-12-15,2026-02-09,MAD,MEX,Iberia,R$2595
2025-12-15,2026-02-10,MAD,MEX,Aeromexico,R$2531
2025-12-15,2026-02-10,MAD,MEX,Iberia,R$2595
2025-12-15,2026-02-10,MAD,MEX,Aeromexico,R$2531
2025-12-15,2026-02-10,MAD,MEX,Aeromexico,R$2531
2025-12-15,2026-02-10,MAD,MEX,Iberia,R$2595
2025-12-15,2026-02-10,MAD,MEX,Aeromexico,R$2531
2025-12-15,2026-02-10,MAD,MEX,Aeromexico,R$2531
2025-12-15,2026-02-10,MAD,MEX,Aeromexico,R$2531
2025-12-15,2026-02-10,MAD,MEX,Iberia,R$2595
2025-12-15,2026-02-11,MAD,MEX,Aeromexico,R$2531
2025-12-15,2026-02-11,MAD,MEX,Aeromexico,R$2531
2025-12-15,2026-02-11,MAD,MEX,Iberia,R$2595
2025-12-15,2026-02-11,MAD,MEX,Iberia,R$2595
2025-12-15,2026-02-11,MAD,MEX,Aeromexico,R$2531
2025-12-15,2026-02-11,MAD,MEX,Aeromexico,R$2531
2025-12-15,2026-02-11,MAD,MEX,Iberia,R$2595
2025-12-15,2026-02-12,MAD,MEX,Aeromexico,R$2531
2025-12-15,2026-02-12,MAD,MEX,Aeromexico,R$2531
2025-12-15,2026-02-12,MAD,MEX,Aeromexico,R$2531
2025-12-15,2026-02-12,MAD,MEX,Iberia,R$2595
2025-12-15,2026-02-12,MAD,MEX,Iberia,R$2595
2025-12-15,2026-02-12,MAD,MEX,Aeromexico,R$2531
2025-12-15,2026-02-12,MAD,MEX,Aeromexico,R$2531
2025-12-15,2026-02-12,MAD,MEX,Iberia,R$2595
2025-12-15,2026-02-12,MAD,MEX,Iberia,R$2595
2025-12-15,2026-02-13,MAD,MEX,Aeromexico,R$2626
2025-12-15,2026-02-13,MAD,MEX,Aeromexico,R$2626
2025-12-15,2026-02-13,MAD,MEX,Aeromexico,R$2626
2025-12-15,2026-02-13,MAD,MEX,Iberia,R$2728
2025-12-15,2026-02-13,MAD,MEX,Iberia,R$2728
2025-12-15,2026-02-13,MAD,MEX,Aeromexico,R$2626
2025-12-15,2026-02-13,MAD,MEX,Aeromexico,R$2626
2025-12-15,2026-02-13,MAD,MEX,Iberia,R$2728
2025-12-15,2026-02-13,MAD,MEX,Iberia,R$2728
2025-12-15,2026-02-14,MAD,MEX,Aeromexico,R$2626
2025-12-15,2026-02-14,MAD,MEX,Aeromexico,R$2626
2025-12-15,2026-02-14,MAD,MEX,Aeromexico,R$2626
2025-12-15,2026-02-14,MAD,MEX,Iberia,R$3306
2025-12-15,2026-02-14,MAD,MEX,Iberia,R$3306
2025-12-15,2026-02-14,MAD,MEX,Aeromexico,R$2626
2025-12-15,2026-02-14,MAD,MEX,Aeromexico,R$2626
2025-12-15,2026-02-14,MAD,MEX,Iberia,R$3306
2025-12-15,2026-02-14,MAD,MEX,Iberia,R$3306
2025-12-15,2026-02-15,MAD,MEX,Aeromexico,R$2626
2025-12-15,2026-02-15,MAD,MEX,Aeromexico,R$2626
2025-12-15,2026-02-15,MAD,MEX,Iberia,R$2728
2025-12-15,2026-02-15,MAD,MEX,Iberia,R$2728
2025-12-15,2026-02-15,MAD,MEX,Aeromexico,R$2626
2025-12-15,2026-02-15,MAD,MEX,Aeromexico,R$2626
2025-12-15,2026-02-15,MAD,MEX,Iberia,R$2728
2025-12-15,2026-02-16,MAD,MEX,Aeromexico,R$2531
2025-12-15,2026-02-16,MAD,MEX,Aeromexico,R$2531
2025-12-15,2026-02-16,MAD,MEX,Iberia,R$2595
2025-12-15,2026-02-16,MAD,MEX,Iberia,R$2595
2025-12-15,2026-02-16,MAD,MEX,Aeromexico,R$2531
2025-12-15,2026-02-16,MAD,MEX,Aeromexico,R$2531
2025-12-15,2026-02-16,MAD,MEX,Iberia,R$2595
2025-12-15,2026-02-17,MAD,MEX,Aeromexico,R$2531
2025-12-15,2026-02-17,MAD,MEX,Aeromexico,R$2531
2025-12-15,2026-02-17,MAD,MEX,Iberia,R$2595
2025-12-15,2026-02-17,MAD,MEX,Iberia,R$2595
2025-12-15,2026-02-17,MAD,MEX,Iberia,R$3172
2025-12-15,2026-02-17,MAD,MEX,Aeromexico,R$2531
2025-12-15,2026-02-17,MAD,MEX,Aeromexico,R$2531
2025-12-15,2026-02-17,MAD,MEX,Iberia,R$2595
2025-12-15,2026-02-17,MAD,MEX,Iberia,R$3172
2025-12-15,2026-02-18,MAD,MEX,Aeromexico,R$2531
2025-12-15,2026-02-18,MAD,MEX,Aeromexico,R$2531
2025-12-15,2026-02-18,MAD,MEX,Iberia,R$2595
2025-12-15,2026-02-18,MAD,MEX,Iberia,R$2595
2025-12-15,2026-02-18,MAD,MEX,Aeromexico,R$2531
2025-12-15,2026-02-18,MAD,MEX,Aeromexico,R$2531
2025-12-15,2026-02-18,MAD,MEX,Iberia,R$2595
2025-12-15,2026-02-19,MAD,MEX,Aeromexico,R$2531
2025-12-15,2026-02-19,MAD,MEX,Aeromexico,R$2531
2025-12-15,2026-02-19,MAD,MEX,Aeromexico,R$2531
2025-12-15,2026-02-19,MAD,MEX,Iberia,R$2595
2025-12-15,2026-02-19,MAD,MEX,Iberia,R$2595
2025-12-15,2026-02-19,MAD,MEX,Aeromexico,R$2531
2025-12-15,2026-02-19,MAD,MEX,Aeromexico,R$2531
2025-12-15,2026-02-19,MAD,MEX,Iberia,R$2595
2025-12-15,2026-02-19,MAD,MEX,Iberia,R$2595
2025-12-15,2026-02-20,MAD,MEX,Aeromexico,R$2626
2025-12-15,2026-02-20,MAD,MEX,Aeromexico,R$2626
2025-12-15,2026-02-20,MAD,MEX,Aeromexico,R$2626
2025-12-15,2026-02-20,MAD,MEX,Iberia,R$2728
2025-12-15,2026-02-20,MAD,MEX,Iberia,R$2728
2025-12-15,2026-02-20,MAD,MEX,Aeromexico,R$2626
2025-12-15,2026-02-20,MAD,MEX,Aeromexico,R$2626
2025-12-15,2026-02-20,MAD,MEX,Iberia,R$2728
2025-12-15,2026-02-20,MAD,MEX,Iberia,R$2728
2025-12-15,2026-02-21,MAD,MEX,Aeromexico,R$2626
2025-12-15,2026-02-21,MAD,MEX,Aeromexico,R$2626
2025-12-15,2026-02-21,MAD,MEX,Aeromexico,R$2626
2025-12-15,2026-02-21,MAD,MEX,Iberia,R$2728
2025-12-15,2026-02-21,MAD,MEX,Iberia,R$2728
2025-12-15,2026-02-21,MAD,MEX,Aeromexico,R$2626
2025-12-15,2026-02-21,MAD,MEX,Aeromexico,R$2626
2025-12-15,2026-02-21,MAD,MEX,Iberia,R$2728
2025-12-15,2026-02-21,MAD,MEX,Iberia,R$2728
2025-12-15,2026-02-22,MAD,MEX,Aeromexico,R$2626
2025-12-15,2026-02-22,MAD,MEX,Aeromexico,R$2626
2025-12-15,2026-02-22,MAD,MEX,Iberia,R$2728
2025-12-15,2026-02-22,MAD,MEX,Iberia,R$2728
2025-12-15,2026-02-22,MAD,MEX,Aeromexico,R$2626
2025-12-15,2026-02-22,MAD,MEX,Aeromexico,R$2626
2025-12-15,2026-02-22,MAD,MEX,Iberia,R$2728
2025-12-15,2026-02-23,MAD,MEX,Aeromexico,R$2531
2025-12-15,2026-02-23,MAD,MEX,Aeromexico,R$2531
2025-12-15,2026-02-23,MAD,MEX,Iberia,R$2595
2025-12-15,2026-02-23,MAD,MEX,Iberia,R$2595
2025-12-15,2026-02-23,MAD,MEX,Aeromexico,R$2531
2025-12-15,2026-02-23,MAD,MEX,Aeromexico,R$2531
2025-12-15,2026-02-23,MAD,MEX,Iberia,R$2595
2025-12-15,2026-02-24,MAD,MEX,Aeromexico,R$2531
2025-12-15,2026-02-24,MAD,MEX,Aeromexico,R$2531
2025-12-15,2026-02-24,MAD,MEX,Aeromexico,R$2531
2025-12-15,2026-02-24,MAD,MEX,Iberia,R$2595
2025-12-15,2026-02-24,MAD,MEX,Iberia,R$2595
2025-12-15,2026-02-24,MAD,MEX,Aeromexico,R$2531
2025-12-15,2026-02-24,MAD,MEX,Aeromexico,R$2531
2025-12-15,2026-02-24,MAD,MEX,Iberia,R$2595
2025-12-15,2026-02-24,MAD,MEX,Iberia,R$2595
2025-12-15,2026-02-25,MAD,MEX,Aeromexico,R$2531
2025-12-15,2026-02-25,MAD,MEX,Aeromexico,R$2531
2025-12-15,2026-02-25,MAD,MEX,Iberia,R$2595
2025-12-15,2026-02-25,MAD,MEX,Iberia,R$3172
2025-12-15,2026-02-25,MAD,MEX,Aeromexico,R$2531
2025-12-15,2026-02-25,MAD,MEX,Aeromexico,R$2531
2025-12-15,2026-02-25,MAD,MEX,Iberia,R$3172
2025-12-15,2026-02-26,MAD,MEX,Aeromexico,R$2531
2025-12-15,2026-02-26,MAD,MEX,Aeromexico,R$2531
2025-12-15,2026-02-26,MAD,MEX,Aeromexico,R$2531
2025-12-15,2026-02-26,MAD,MEX,Iberia,R$2595
2025-12-15,2026-02-26,MAD,MEX,Iberia,R$2595
2025-12-15,2026-02-26,MAD,MEX,Aeromexico,R$2531
2025-12-15,2026-02-26,MAD,MEX,Aeromexico,R$2531
2025-12-15,2026-02-26,MAD,MEX,Iberia,R$2595
2025-12-15,2026-02-26,MAD,MEX,Iberia,R$2595
2025-12-15,2026-02-27,MAD,MEX,Aeromexico,R$2626
2025-12-15,2026-02-27,MAD,MEX,Aeromexico,R$2626
2025-12-15,2026-02-27,MAD,MEX,Aeromexico,R$2626
2025-12-15,2026-02-27,MAD,MEX,Iberia,R$2728
2025-12-15,2026-02-27,MAD,MEX,Iberia,R$2728
2025-12-15,2026-02-27,MAD,MEX,Aeromexico,R$2626
2025-12-15,2026-02-27,MAD,MEX,Aeromexico,R$2626
2025-12-15,2026-02-27,MAD,MEX,Iberia,R$2728
2025-12-15,2026-02-27,MAD,MEX,Iberia,R$2728
2025-12-15,2026-02-28,MAD,MEX,Aeromexico,R$2626
2025-12-15,2026-02-28,MAD,MEX,Aeromexico,R$2626
2025-12-15,2026-02-28,MAD,MEX,Aeromexico,R$2626
2025-12-15,2026-02-28,MAD,MEX,Iberia,R$2728
2025-12-15,2026-02-28,MAD,MEX,Iberia,R$2728
2025-12-15,2026-02-28,MAD,MEX,Aeromexico,R$2626
2025-12-15,2026-02-28,MAD,MEX,Aeromexico,R$2626
2025-12-15,2026-02-28,MAD,MEX,Iberia,R$2728
2025-12-15,2026-02-28,MAD,MEX,Iberia,R$2728
2025-12-15,2026-03-01,MAD,MEX,Iberia,R$2728
2025-12-15,2026-03-01,MAD,MEX,Aeromexico,R$3179
2025-12-15,2026-03-01,MAD,MEX,Iberia,R$2728
2025-12-15,2026-03-01,MAD,MEX,Iberia,R$2728
2025-12-15,2026-03-01,MAD,MEX,Iberia,R$2728
2025-12-15,2026-03-01,MAD,MEX,Iberia,R$2728
2025-12-15,2026-03-01,MAD,MEX,Iberia,R$2728
2025-12-15,2026-03-02,MAD,MEX,Iberia,R$2595
2025-12-15,2026-03-02,MAD,MEX,Aeromexico,R$3084
2025-12-15,2026-03-02,MAD,MEX,Iberia,R$2595
2025-12-15,2026-03-02,MAD,MEX,Iberia,R$2595
2025-12-15,2026-03-02,MAD,MEX,Iberia,R$2595
2025-12-15,2026-03-02,MAD,MEX,Iberia,R$2595
2025-12-15,2026-03-02,MAD,MEX,Iberia,R$2595
2025-12-15,2026-03-03,MAD,MEX,Aeromexico,R$2531
2025-12-15,2026-03-03,MAD,MEX,Iberia,R$2595
2025-12-15,2026-03-03,MAD,MEX,Iberia,R$2595
2025-12-15,2026-03-03,MAD,MEX,Aeromexico,R$3084
2025-12-15,2026-03-03,MAD,MEX,Aeromexico,R$2531
2025-12-15,2026-03-03,MAD,MEX,Iberia,R$2595
2025-12-15,2026-03-03,MAD,MEX,Aeromexico,R$3084
2025-12-15,2026-03-04,MAD,MEX,Aeromexico,R$2531
2025-12-15,2026-03-04,MAD,MEX,Aeromexico,R$2531
2025-12-15,2026-03-04,MAD,MEX,Iberia,R$2595
2025-12-15,2026-03-04,MAD,MEX,Iberia,R$2595
2025-12-15,2026-03-04,MAD,MEX,Iberia,R$2595
2025-12-15,2026-03-04,MAD,MEX,Aeromexico,R$2531
2025-12-15,2026-03-04,MAD,MEX,Aeromexico,R$2531
2025-12-15,2026-03-04,MAD,MEX,Iberia,R$2595
2025-12-15,2026-03-04,MAD,MEX,Iberia,R$2595
2025-12-15,2026-03-05,MAD,MEX,Aeromexico,R$2531
2025-12-15,2026-03-05,MAD,MEX,Aeromexico,R$2531
2025-12-15,2026-03-05,MAD,MEX,Iberia,R$2595
2025-12-15,2026-03-05,MAD,MEX,Iberia,R$2595
2025-12-15,2026-03-05,MAD,MEX,Iberia,R$2595
2025-12-15,2026-03-05,MAD,MEX,Aeromexico,R$2531
2025-12-15,2026-03-05,MAD,MEX,Aeromexico,R$2531
2025-12-15,2026-03-05,MAD,MEX,Iberia,R$2595
2025-12-15,2026-03-05,MAD,MEX,Iberia,R$2595
2025-12-15,2026-03-06,MAD,MEX,Aeromexico,R$2626
2025-12-15,2026-03-06,MAD,MEX,Iberia,R$2728
2025-12-15,2026-03-06,MAD,MEX,Iberia,R$2728
2025-12-15,2026-03-06,MAD,MEX,Aeromexico,R$3179
2025-12-15,2026-03-06,MAD,MEX,Aeromexico,R$3179
2025-12-15,2026-03-06,MAD,MEX,Aeromexico,R$2626
2025-12-15,2026-03-06,MAD,MEX,Iberia,R$2728
2025-12-15,2026-03-06,MAD,MEX,Aeromexico,R$3179
2025-12-15,2026-03-06,MAD,MEX,Aeromexico,R$3179
2025-12-15,2026-03-07,MAD,MEX,Aeromexico,R$2626
2025-12-15,2026-03-07,MAD,MEX,Iberia,R$2728
2025-12-15,2026-03-07,MAD,MEX,Iberia,R$2728
2025-12-15,2026-03-07,MAD,MEX,Aeromexico,R$3179
2025-12-15,2026-03-07,MAD,MEX,Aeromexico,R$2626
2025-12-15,2026-03-07,MAD,MEX,Iberia,R$2728
2025-12-15,2026-03-07,MAD,MEX,Aeromexico,R$3179
2025-12-15,2026-03-08,MAD,MEX,Aeromexico,R$2626
2025-12-15,2026-03-08,MAD,MEX,Iberia,R$2728
2025-12-15,2026-03-08,MAD,MEX,Iberia,R$2728
2025-12-15,2026-03-08,MAD,MEX,Iberia,R$2728
2025-12-15,2026-03-08,MAD,MEX,Aeromexico,R$3179
2025-12-15,2026-03-08,MAD,MEX,Aeromexico,R$2626
2025-12-15,2026-03-08,MAD,MEX,Iberia,R$2728
2025-12-15,2026-03-08,MAD,MEX,Iberia,R$2728
2025-12-15,2026-03-08,MAD,MEX,Aeromexico,R$3179
2025-12-15,2026-03-09,MAD,MEX,Aeromexico,R$2531
2025-12-15,2026-03-09,MAD,MEX,Iberia,R$2595
2025-12-15,2026-03-09,MAD,MEX,Iberia,R$2595
2025-12-15,2026-03-09,MAD,MEX,Iberia,R$2595
2025-12-15,2026-03-09,MAD,MEX,Aeromexico,R$2531
2025-12-15,2026-03-09,MAD,MEX,Iberia,R$2595
2025-12-15,2026-03-09,MAD,MEX,Iberia,R$2595
2025-12-15,2026-03-10,MAD,MEX,Iberia,R$2595
2025-12-15,2026-03-10,MAD,MEX,Aeromexico,R$3084
2025-12-15,2026-03-10,MAD,MEX,Iberia,R$3172
2025-12-15,2026-03-10,MAD,MEX,Iberia,R$3172
2025-12-15,2026-03-10,MAD,MEX,Iberia,R$2595
2025-12-15,2026-03-10,MAD,MEX,Iberia,R$3172
2025-12-15,2026-03-10,MAD,MEX,Iberia,R$3172
2025-12-15,2026-03-11,MAD,MEX,Aeromexico,R$2531
2025-12-15,2026-03-11,MAD,MEX,Aeromexico,R$2531
2025-12-15,2026-03-11,MAD,MEX,Iberia,R$2595
2025-12-15,2026-03-11,MAD,MEX,Iberia,R$2595
2025-12-15,2026-03-11,MAD,MEX,Iberia,R$2595
2025-12-15,2026-03-11,MAD,MEX,Aeromexico,R$2531
2025-12-15,2026-03-11,MAD,MEX,Aeromexico,R$2531
2025-12-15,2026-03-11,MAD,MEX,Iberia,R$2595
2025-12-15,2026-03-11,MAD,MEX,Iberia,R$2595
2025-12-15,2026-03-12,MAD,MEX,Aeromexico,R$2531
2025-12-15,2026-03-12,MAD,MEX,Iberia,R$2595
2025-12-15,2026-03-12,MAD,MEX,Aeromexico,R$3084
2025-12-15,2026-03-12,MAD,MEX,Iberia,R$3172
2025-12-15,2026-03-12,MAD,MEX,Iberia,R$3172
2025-12-15,2026-03-12,MAD,MEX,Aeromexico,R$2531
2025-12-15,2026-03-12,MAD,MEX,Aeromexico,R$3084
2025-12-15,2026-03-12,MAD,MEX,Iberia,R$3172
2025-12-15,2026-03-12,MAD,MEX,Iberia,R$3172
2025-12-15,2026-03-13,MAD,MEX,Aeromexico,R$2849
2025-12-15,2026-03-13,MAD,MEX,Iberia,R$2950
2025-12-15,2026-03-13,MAD,MEX,Iberia,R$3128
2025-12-15,2026-03-13,MAD,MEX,Iberia,R$3128
2025-12-15,2026-03-13,MAD,MEX,Aeromexico,R$4493
2025-12-15,2026-03-13,MAD,MEX,Aeromexico,R$2849
2025-12-15,2026-03-13,MAD,MEX,Iberia,R$3128
2025-12-15,2026-03-13,MAD,MEX,Iberia,R$3128
2025-12-15,2026-03-13,MAD,MEX,Aeromexico,R$4493
2025-12-15,2026-03-14,MAD,MEX,Iberia,R$3128
2025-12-15,2026-03-14,MAD,MEX,Iberia,R$3128
2025-12-15,2026-03-14,MAD,MEX,Aeromexico,R$3401
2025-12-15,2026-03-14,MAD,MEX,Iberia,R$3528
2025-12-15,2026-03-14,MAD,MEX,Iberia,R$3128
2025-12-15,2026-03-14,MAD,MEX,Iberia,R$3128
2025-12-15,2026-03-14,MAD,MEX,Iberia,R$3528
2025-12-15,2026-03-15,MAD,MEX,Aeromexico,R$2849
2025-12-15,2026-03-15,MAD,MEX,Iberia,R$2950
2025-12-15,2026-03-15,MAD,MEX,Iberia,R$3128
2025-12-15,2026-03-15,MAD,MEX,Iberia,R$3128
2025-12-15,2026-03-15,MAD,MEX,Aeromexico,R$3401
2025-12-15,2026-03-15,MAD,MEX,Aeromexico,R$2849
2025-12-15,2026-03-15,MAD,MEX,Iberia,R$3128
2025-12-15,2026-03-15,MAD,MEX,Iberia,R$3128
2025-12-15,2026-03-15,MAD,MEX,Aeromexico,R$3401
2025-12-15,2026-03-16,MAD,MEX,Iberia,R$2817
2025-12-15,2026-03-16,MAD,MEX,Aeromexico,R$3306
2025-12-15,2026-03-16,MAD,MEX,Iberia,R$2995
2025-12-15,2026-03-16,MAD,MEX,Aeromexico,R$3306
2025-12-15,2026-03-16,MAD,MEX,Iberia,R$2817
2025-12-15,2026-03-16,MAD,MEX,Iberia,R$2995
2025-12-15,2026-03-16,MAD,MEX,Aeromexico,R$3306
2025-12-15,2026-03-17,MAD,MEX,Aeromexico,R$2753
2025-12-15,2026-03-17,MAD,MEX,Iberia,R$2995
2025-12-15,2026-03-17,MAD,MEX,Iberia,R$2995
2025-12-15,2026-03-17,MAD,MEX,Iberia,R$2995
2025-12-15,2026-03-17,MAD,MEX,Aeromexico,R$2753
2025-12-15,2026-03-17,MAD,MEX,Iberia,R$2995
2025-12-15,2026-03-17,MAD,MEX,Iberia,R$2995
2025-12-15,2026-03-18,MAD,MEX,Aeromexico,R$2753
2025-12-15,2026-03-18,MAD,MEX,Iberia,R$2995
2025-12-15,2026-03-18,MAD,MEX,Iberia,R$2995
2025-12-15,2026-03-18,MAD,MEX,Aeromexico,R$3306
2025-12-15,2026-03-18,MAD,MEX,Aeromexico,R$3306
2025-12-15,2026-03-18,MAD,MEX,Aeromexico,R$2753
2025-12-15,2026-03-18,MAD,MEX,Iberia,R$2995
2025-12-15,2026-03-18,MAD,MEX,Aeromexico,R$3306
2025-12-15,2026-03-18,MAD,MEX,Aeromexico,R$3306
2025-12-15,2026-03-19,MAD,MEX,Iberia,R$2817
2025-12-15,2026-03-19,MAD,MEX,Aeromexico,R$3306
2025-12-15,2026-03-19,MAD,MEX,Iberia,R$2995
2025-12-15,2026-03-19,MAD,MEX,Iberia,R$3395
2025-12-15,2026-03-19,MAD,MEX,Aeromexico,R$4398
2025-12-15,2026-03-19,MAD,MEX,Iberia,R$2817
2025-12-15,2026-03-19,MAD,MEX,Iberia,R$2995
2025-12-15,2026-03-19,MAD,MEX,Iberia,R$3395
2025-12-15,2026-03-19,MAD,MEX,Aeromexico,R$4398
2025-12-15,2026-03-20,MAD,MEX,Aeromexico,R$2849
2025-12-15,2026-03-20,MAD,MEX,Aeromexico,R$3401
2025-12-15,2026-03-20,MAD,MEX,Iberia,R$3528
2025-12-15,2026-03-20,MAD,MEX,Iberia,R$3528
2025-12-15,2026-03-20,MAD,MEX,Iberia,R$3528
2025-12-15,2026-03-20,MAD,MEX,Aeromexico,R$3401
2025-12-15,2026-03-20,MAD,MEX,Iberia,R$3528
2025-12-15,2026-03-20,MAD,MEX,Iberia,R$3528
2025-12-15,2026-03-20,MAD,MEX,Iberia,R$3528
2025-12-15,2026-03-21,MAD,MEX,Iberia,R$3128
2025-12-15,2026-03-21,MAD,MEX,Iberia,R$4061
2025-12-15,2026-03-21,MAD,MEX,Aeromexico,R$4493
2025-12-15,2026-03-21,MAD,MEX,Aeromexico,R$4493
2025-12-15,2026-03-21,MAD,MEX,Iberia,R$4061
2025-12-15,2026-03-21,MAD,MEX,Aeromexico,R$4493
2025-12-15,2026-03-21,MAD,MEX,Aeromexico,R$4493
2025-12-15,2026-03-22,MAD,MEX,Iberia,R$3128
2025-12-15,2026-03-22,MAD,MEX,Aeromexico,R$3401
2025-12-15,2026-03-22,MAD,MEX,Aeromexico,R$3401
2025-12-15,2026-03-22,MAD,MEX,Iberia,R$3528
2025-12-15,2026-03-22,MAD,MEX,Iberia,R$4061
2025-12-15,2026-03-22,MAD,MEX,Iberia,R$3128
2025-12-15,2026-03-22,MAD,MEX,Aeromexico,R$3401
2025-12-15,2026-03-22,MAD,MEX,Iberia,R$3528
2025-12-15,2026-03-22,MAD,MEX,Iberia,R$4061
2025-12-15,2026-03-23,MAD,MEX,Iberia,R$2995
2025-12-15,2026-03-23,MAD,MEX,Iberia,R$3395
2025-12-15,2026-03-23,MAD,MEX,Iberia,R$3395
2025-12-15,2026-03-23,MAD,MEX,Aeromexico,R$4398
2025-12-15,2026-03-23,MAD,MEX,Iberia,R$3395
2025-12-15,2026-03-23,MAD,MEX,Iberia,R$3395
2025-12-15,2026-03-23,MAD,MEX,Aeromexico,R$4398
2025-12-15,2026-03-24,MAD,MEX,Iberia,R$3395
2025-12-15,2026-03-24,MAD,MEX,Iberia,R$3395
2025-12-15,2026-03-24,MAD,MEX,Iberia,R$3928
2025-12-15,2026-03-24,MAD,MEX,Aeromexico,R$4398
2025-12-15,2026-03-24,MAD,MEX,Iberia,R$3395
2025-12-15,2026-03-24,MAD,MEX,Iberia,R$3928
2025-12-15,2026-03-24,MAD,MEX,Aeromexico,R$4398
2025-12-15,2026-03-25,MAD,MEX,Aeromexico,R$3306
2025-12-15,2026-03-25,MAD,MEX,Iberia,R$3928
2025-12-15,2026-03-25,MAD,MEX,Aeromexico,R$4398
2025-12-15,2026-03-25,MAD,MEX,Aeromexico,R$4398
2025-12-15,2026-03-25,MAD,MEX,Iberia,R$5128
2025-12-15,2026-03-25,MAD,MEX,Iberia,R$3928
2025-12-15,2026-03-25,MAD,MEX,Aeromexico,R$4398
2025-12-15,2026-03-25,MAD,MEX,Aeromexico,R$4398
2025-12-15,2026-03-25,MAD,MEX,Iberia,R$5128
2025-12-15,2026-03-26,MAD,MEX,Aeromexico,R$4398
2025-12-15,2026-03-26,MAD,MEX,Aeromexico,R$4398
2025-12-15,2026-03-26,MAD,MEX,Aeromexico,R$5058
2025-12-15,2026-03-26,MAD,MEX,Iberia,R$5128
2025-12-15,2026-03-26,MAD,MEX,Iberia,R$6461
2025-12-15,2026-03-26,MAD,MEX,Aeromexico,R$4398
2025-12-15,2026-03-26,MAD,MEX,Aeromexico,R$5058
2025-12-15,2026-03-26,MAD,MEX,Iberia,R$5128
2025-12-15,2026-03-26,MAD,MEX,Iberia,R$6461
2025-12-15,2026-03-27,MAD,MEX,Aeromexico,R$3960
2025-12-15,2026-03-27,MAD,MEX,Aeromexico,R$4512
2025-12-15,2026-03-27,MAD,MEX,Aeromexico,R$4512
2025-12-15,2026-03-27,MAD,MEX,Iberia,R$5172
2025-12-15,2026-03-27,MAD,MEX,Iberia,R$5706
2025-12-15,2026-03-27,MAD,MEX,Aeromexico,R$4512
2025-12-15,2026-03-27,MAD,MEX,Aeromexico,R$4512
2025-12-15,2026-03-27,MAD,MEX,Iberia,R$5172
2025-12-15,2026-03-27,MAD,MEX,Iberia,R$5706
2025-12-15,2026-03-28,MAD,MEX,Aeromexico,R$4512
2025-12-15,2026-03-28,MAD,MEX,Iberia,R$5172
2025-12-15,2026-03-28,MAD,MEX,Aeromexico,R$5604
2025-12-15,2026-03-28,MAD,MEX,Iberia,R$5706
2025-12-15,2026-03-28,MAD,MEX,Aeromexico,R$4512
2025-12-15,2026-03-28,MAD,MEX,Aeromexico,R$5604
2025-12-15,2026-03-28,MAD,MEX,Iberia,R$5706
2025-12-15,2026-03-29,MAD,MEX,Iberia,R$4061
2025-12-15,2026-03-29,MAD,MEX,Aeromexico,R$4512
2025-12-15,2026-03-29,MAD,MEX,Iberia,R$4061
2025-12-15,2026-03-29,MAD,MEX,Iberia,R$4061
2025-12-15,2026-03-29,MAD,MEX,Iberia,R$4061
2025-12-15,2026-03-29,MAD,MEX,Iberia,R$4061
2025-12-15,2026-03-29,MAD,MEX,Iberia,R$4061
2025-12-15,2026-03-30,MAD,MEX,Iberia,R$3928
2025-12-15,2026-03-30,MAD,MEX,Aeromexico,R$4417
2025-12-15,2026-03-30,MAD,MEX,Iberia,R$3928
2025-12-15,2026-03-30,MAD,MEX,Iberia,R$3928
2025-12-15,2026-03-30,MAD,MEX,Iberia,R$3928
2025-12-15,2026-03-30,MAD,MEX,Iberia,R$3928
2025-12-15,2026-03-30,MAD,MEX,Iberia,R$3928
2025-12-15,2026-03-31,MAD,MEX,Iberia,R$3928
2025-12-15,2026-03-31,MAD,MEX,Aeromexico,R$4417
2025-12-15,2026-03-31,MAD,MEX,Iberia,R$3928
2025-12-15,2026-03-31,MAD,MEX,Iberia,R$3928
2025-12-15,2026-03-31,MAD,MEX,Aeromexico,R$5509
2025-12-15,2026-03-31,MAD,MEX,Iberia,R$3928
2025-12-15,2026-03-31,MAD,MEX,Iberia,R$3928
2025-12-15,2026-03-31,MAD,MEX,Iberia,R$3928
2025-12-15,2026-03-31,MAD,MEX,Aeromexico,R$5509
2025-12-15,2026-04-01,MAD,MEX,Iberia,R$3928
2025-12-15,2026-04-01,MAD,MEX,Aeromexico,R$4417
2025-12-15,2026-04-01,MAD,MEX,Iberia,R$3928
2025-12-15,2026-04-01,MAD,MEX,Iberia,R$3928
2025-12-15,2026-04-01,MAD,MEX,Aeromexico,R$4417
2025-12-15,2026-04-01,MAD,MEX,Iberia,R$3928
2025-12-15,2026-04-01,MAD,MEX,Iberia,R$3928
2025-12-15,2026-04-01,MAD,MEX,Iberia,R$3928
2025-12-15,2026-04-01,MAD,MEX,Aeromexico,R$4417
2025-12-15,2026-04-02,MAD,MEX,Iberia,R$3928
2025-12-15,2026-04-02,MAD,MEX,Aeromexico,R$4417
2025-12-15,2026-04-02,MAD,MEX,Iberia,R$3928
2025-12-15,2026-04-02,MAD,MEX,Iberia,R$3928
2025-12-15,2026-04-02,MAD,MEX,Iberia,R$3928
2025-12-15,2026-04-02,MAD,MEX,Iberia,R$3928
2025-12-15,2026-04-02,MAD,MEX,Iberia,R$3928
2025-12-15,2026-04-03,MAD,MEX,Iberia,R$3528
2025-12-15,2026-04-03,MAD,MEX,Aeromexico,R$4493
2025-12-15,2026-04-03,MAD,MEX,Iberia,R$4061
2025-12-15,2026-04-03,MAD,MEX,Iberia,R$4061
2025-12-15,2026-04-03,MAD,MEX,Iberia,R$3528
2025-12-15,2026-04-03,MAD,MEX,Iberia,R$4061
2025-12-15,2026-04-03,MAD,MEX,Iberia,R$4061
2025-12-15,2026-04-04,MAD,MEX,Aeromexico,R$4493
2025-12-15,2026-04-04,MAD,MEX,Aeromexico,R$4493
2025-12-15,2026-04-04,MAD,MEX,Aeromexico,R$4493
2025-12-15,2026-04-04,MAD,MEX,Iberia,R$5261
2025-12-15,2026-04-04,MAD,MEX,Iberia,R$5261
2025-12-15,2026-04-04,MAD,MEX,Aeromexico,R$4493
2025-12-15,2026-04-04,MAD,MEX,Aeromexico,R$4493
2025-12-15,2026-04-04,MAD,MEX,Iberia,R$5261
2025-12-15,2026-04-04,MAD,MEX,Iberia,R$5261
2025-12-15,2026-04-05,MAD,MEX,Iberia,R$4061
2025-12-15,2026-04-05,MAD,MEX,Aeromexico,R$4493
2025-12-15,2026-04-05,MAD,MEX,Aeromexico,R$4493
2025-12-15,2026-04-05,MAD,MEX,Aeromexico,R$5153
2025-12-15,2026-04-05,MAD,MEX,Iberia,R$5261
2025-12-15,2026-04-05,MAD,MEX,Iberia,R$4061
2025-12-15,2026-04-05,MAD,MEX,Aeromexico,R$4493
2025-12-15,2026-04-05,MAD,MEX,Aeromexico,R$5153
2025-12-15,2026-04-05,MAD,MEX,Iberia,R$5261
2025-12-15,2026-04-06,MAD,MEX,Aeromexico,R$3306
2025-12-15,2026-04-06,MAD,MEX,Aeromexico,R$3306
2025-12-15,2026-04-06,MAD,MEX,Iberia,R$5128
2025-12-15,2026-04-06,MAD,MEX,Iberia,R$6461
2025-12-15,2026-04-06,MAD,MEX,Aeromexico,R$3306
2025-12-15,2026-04-06,MAD,MEX,Aeromexico,R$3306
2025-12-15,2026-04-06,MAD,MEX,Iberia,R$6461
2025-12-15,2026-04-07,MAD,MEX,Aeromexico,R$3306
2025-12-15,2026-04-07,MAD,MEX,Aeromexico,R$3306
2025-12-15,2026-04-07,MAD,MEX,Iberia,R$3928
2025-12-15,2026-04-07,MAD,MEX,Aeromexico,R$4398
2025-12-15,2026-04-07,MAD,MEX,Iberia,R$6461
2025-12-15,2026-04-07,MAD,MEX,Aeromexico,R$3306
2025-12-15,2026-04-07,MAD,MEX,Aeromexico,R$3306
2025-12-15,2026-04-07,MAD,MEX,Aeromexico,R$4398
2025-12-15,2026-04-07,MAD,MEX,Iberia,R$6461
2025-12-15,2026-04-08,MAD,MEX,Aeromexico,R$3306
2025-12-15,2026-04-08,MAD,MEX,Aeromexico,R$3306
2025-12-15,2026-04-08,MAD,MEX,Aeromexico,R$3306
2025-12-15,2026-04-08,MAD,MEX,Iberia,R$3928
2025-12-15,2026-04-08,MAD,MEX,Iberia,R$5128
2025-12-15,2026-04-08,MAD,MEX,Aeromexico,R$3306
2025-12-15,2026-04-08,MAD,MEX,Aeromexico,R$3306
2025-12-15,2026-04-08,MAD,MEX,Iberia,R$3928
2025-12-15,2026-04-08,MAD,MEX,Iberia,R$5128
2025-12-15,2026-04-09,MAD,MEX,Iberia,R$3928
2025-12-15,2026-04-09,MAD,MEX,Aeromexico,R$4398
2025-12-15,2026-04-09,MAD,MEX,Aeromexico,R$4398
2025-12-15,2026-04-09,MAD,MEX,Iberia,R$6461
2025-12-15,2026-04-09,MAD,MEX,Iberia,R$3928
2025-12-15,2026-04-09,MAD,MEX,Aeromexico,R$4398
2025-12-15,2026-04-09,MAD,MEX,Iberia,R$6461
2025-12-15,2026-04-10,MAD,MEX,Aeromexico,R$6493
2025-12-15,2026-04-10,MAD,MEX,Iberia,R$6595
2025-12-15,2026-04-10,MAD,MEX,Iberia,R$6595
2025-12-15,2026-04-10,MAD,MEX,Aeromexico,R$7655
2025-12-15,2026-04-10,MAD,MEX,Aeromexico,R$6493
2025-12-15,2026-04-10,MAD,MEX,Iberia,R$6595
2025-12-15,2026-04-10,MAD,MEX,Aeromexico,R$7655
2025-12-15,2026-04-11,MAD,MEX,Aeromexico,R$5153
2025-12-15,2026-04-11,MAD,MEX,Aeromexico,R$6493
2025-12-15,2026-04-11,MAD,MEX,Iberia,R$6595
2025-12-15,2026-04-11,MAD,MEX,Aeromexico,R$7655
2025-12-15,2026-04-11,MAD,MEX,Iberia,R$9928
2025-12-15,2026-04-11,MAD,MEX,Aeromexico,R$6493
2025-12-15,2026-04-11,MAD,MEX,Iberia,R$6595
2025-12-15,2026-04-11,MAD,MEX,Aeromexico,R$7655
2025-12-15,2026-04-11,MAD,MEX,Iberia,R$9928
2025-12-15,2026-04-12,MAD,MEX,Aeromexico,R$4493
2025-12-15,2026-04-12,MAD,MEX,Aeromexico,R$4493
2025-12-15,2026-04-12,MAD,MEX,Aeromexico,R$5153
2025-12-15,2026-04-12,MAD,MEX,Iberia,R$6595
2025-12-15,2026-04-12,MAD,MEX,Iberia,R$7928
2025-12-15,2026-04-12,MAD,MEX,Aeromexico,R$4493
2025-12-15,2026-04-12,MAD,MEX,Aeromexico,R$5153
2025-12-15,2026-04-12,MAD,MEX,Iberia,R$6595
2025-12-15,2026-04-12,MAD,MEX,Iberia,R$7928
2025-12-15,2026-04-13,MAD,MEX,Aeromexico,R$4398
2025-12-15,2026-04-13,MAD,MEX,Aeromexico,R$4398
2025-12-15,2026-04-13,MAD,MEX,Iberia,R$6461
2025-12-15,2026-04-13,MAD,MEX,Iberia,R$7794
2025-12-15,2026-04-13,MAD,MEX,Aeromexico,R$4398
2025-12-15,2026-04-13,MAD,MEX,Aeromexico,R$4398
2025-12-15,2026-04-13,MAD,MEX,Iberia,R$7794
2025-12-15,2026-04-14,MAD,MEX,Aeromexico,R$3306
2025-12-15,2026-04-14,MAD,MEX,Aeromexico,R$3306
2025-12-15,2026-04-14,MAD,MEX,Aeromexico,R$4398
2025-12-15,2026-04-14,MAD,MEX,Iberia,R$5128
2025-12-15,2026-04-14,MAD,MEX,Iberia,R$6461
2025-12-15,2026-04-14,MAD,MEX,Aeromexico,R$3306
2025-12-15,2026-04-14,MAD,MEX,Aeromexico,R$4398
2025-12-15,2026-04-14,MAD,MEX,Iberia,R$5128
2025-12-15,2026-04-14,MAD,MEX,Iberia,R$6461
2025-12-15,2026-04-15,MAD,MEX,Iberia,R$2995
2025-12-15,2026-04-15,MAD,MEX,Iberia,R$3928
2025-12-15,2026-04-15,MAD,MEX,Iberia,R$3928
2025-12-15,2026-04-15,MAD,MEX,Aeromexico,R$4398
2025-12-15,2026-04-15,MAD,MEX,Aeromexico,R$4937
2025-12-15,2026-04-15,MAD,MEX,Iberia,R$3928
2025-12-15,2026-04-15,MAD,MEX,Iberia,R$3928
2025-12-15,2026-04-15,MAD,MEX,Aeromexico,R$4398
2025-12-15,2026-04-15,MAD,MEX,Aeromexico,R$4937
2025-12-15,2026-04-16,MAD,MEX,Iberia,R$2817
2025-12-15,2026-04-16,MAD,MEX,Iberia,R$2995
2025-12-15,2026-04-16,MAD,MEX,Iberia,R$3395
2025-12-15,2026-04-16,MAD,MEX,Aeromexico,R$4398
2025-12-15,2026-04-16,MAD,MEX,Iberia,R$2995
2025-12-15,2026-04-16,MAD,MEX,Iberia,R$3395
2025-12-15,2026-04-16,MAD,MEX,Aeromexico,R$4398
2025-12-15,2026-04-17,MAD,MEX,Iberia,R$3128
2025-12-15,2026-04-17,MAD,MEX,Iberia,R$3128
2025-12-15,2026-04-17,MAD,MEX,Iberia,R$4061
2025-12-15,2026-04-17,MAD,MEX,Aeromexico,R$6493
2025-12-15,2026-04-17,MAD,MEX,Iberia,R$3128
2025-12-15,2026-04-17,MAD,MEX,Iberia,R$3128
2025-12-15,2026-04-17,MAD,MEX,Aeromexico,R$6493
2025-12-15,2026-04-18,MAD,MEX,Aeromexico,R$3401
2025-12-15,2026-04-18,MAD,MEX,Aeromexico,R$3401
2025-12-15,2026-04-18,MAD,MEX,Iberia,R$3528
2025-12-15,2026-04-18,MAD,MEX,Iberia,R$4061
2025-12-15,2026-04-18,MAD,MEX,Iberia,R$4061
2025-12-15,2026-04-18,MAD,MEX,Aeromexico,R$3401
2025-12-15,2026-04-18,MAD,MEX,Aeromexico,R$3401
2025-12-15,2026-04-18,MAD,MEX,Iberia,R$4061
2025-12-15,2026-04-18,MAD,MEX,Iberia,R$4061
2025-12-15,2026-04-19,MAD,MEX,Iberia,R$2950
2025-12-15,2026-04-19,MAD,MEX,Iberia,R$2950
2025-12-15,2026-04-19,MAD,MEX,Iberia,R$3128
2025-12-15,2026-04-19,MAD,MEX,Aeromexico,R$4493
2025-12-15,2026-04-19,MAD,MEX,Aeromexico,R$4937
2025-12-15,2026-04-19,MAD,MEX,Iberia,R$2950
2025-12-15,2026-04-19,MAD,MEX,Iberia,R$2950
2025-12-15,2026-04-19,MAD,MEX,Aeromexico,R$4493
2025-12-15,2026-04-19,MAD,MEX,Aeromexico,R$4937
2025-12-15,2026-04-20,MAD,MEX,Iberia,R$2817
2025-12-15,2026-04-20,MAD,MEX,Iberia,R$2817
2025-12-15,2026-04-20,MAD,MEX,Iberia,R$2817
2025-12-15,2026-04-20,MAD,MEX,Aeromexico,R$4398
2025-12-15,2026-04-20,MAD,MEX,Iberia,R$2817
2025-12-15,2026-04-20,MAD,MEX,Iberia,R$2817
2025-12-15,2026-04-20,MAD,MEX,Aeromexico,R$4398
2025-12-15,2026-04-21,MAD,MEX,Iberia,R$2817
2025-12-15,2026-04-21,MAD,MEX,Aeromexico,R$3306
2025-12-15,2026-04-21,MAD,MEX,Iberia,R$2817
2025-12-15,2026-04-21,MAD,MEX,Iberia,R$2817
2025-12-15,2026-04-21,MAD,MEX,Aeromexico,R$3306
2025-12-15,2026-04-21,MAD,MEX,Iberia,R$2817
2025-12-15,2026-04-21,MAD,MEX,Iberia,R$2817
2025-12-15,2026-04-21,MAD,MEX,Iberia,R$2817
2025-12-15,2026-04-21,MAD,MEX,Aeromexico,R$3306
2025-12-15,2026-04-22,MAD,MEX,Aeromexico,R$2753
2025-12-15,2026-04-22,MAD,MEX,Iberia,R$2817
2025-12-15,2026-04-22,MAD,MEX,Iberia,R$2817
2025-12-15,2026-04-22,MAD,MEX,Iberia,R$2817
2025-12-15,2026-04-22,MAD,MEX,Aeromexico,R$3306
2025-12-15,2026-04-22,MAD,MEX,Aeromexico,R$2753
2025-12-15,2026-04-22,MAD,MEX,Iberia,R$2817
2025-12-15,2026-04-22,MAD,MEX,Iberia,R$2817
2025-12-15,2026-04-22,MAD,MEX,Aeromexico,R$3306
2025-12-15,2026-04-23,MAD,MEX,Iberia,R$2817
2025-12-15,2026-04-23,MAD,MEX,Aeromexico,R$3306
2025-12-15,2026-04-23,MAD,MEX,Iberia,R$2817
2025-12-15,2026-04-23,MAD,MEX,Iberia,R$2817
2025-12-15,2026-04-23,MAD,MEX,Iberia,R$2817
2025-12-15,2026-04-23,MAD,MEX,Iberia,R$2817
2025-12-15,2026-04-23,MAD,MEX,Iberia,R$2817
2025-12-15,2026-04-24,MAD,MEX,Iberia,R$2950
2025-12-15,2026-04-24,MAD,MEX,Iberia,R$2950
2025-12-15,2026-04-24,MAD,MEX,Iberia,R$3528
2025-12-15,2026-04-24,MAD,MEX,Aeromexico,R$4493
2025-12-15,2026-04-24,MAD,MEX,Iberia,R$2950
2025-12-15,2026-04-24,MAD,MEX,Iberia,R$3528
2025-12-15,2026-04-24,MAD,MEX,Aeromexico,R$4493
2025-12-15,2026-04-25,MAD,MEX,Iberia,R$2950
2025-12-15,2026-04-25,MAD,MEX,Aeromexico,R$3401
2025-12-15,2026-04-25,MAD,MEX,Iberia,R$3128
2025-12-15,2026-04-25,MAD,MEX,Iberia,R$3128
2025-12-15,2026-04-25,MAD,MEX,Aeromexico,R$4493
2025-12-15,2026-04-25,MAD,MEX,Iberia,R$2950
2025-12-15,2026-04-25,MAD,MEX,Iberia,R$3128
2025-12-15,2026-04-25,MAD,MEX,Iberia,R$3128
2025-12-15,2026-04-25,MAD,MEX,Aeromexico,R$4493
2025-12-15,2026-04-26,MAD,MEX,Iberia,R$2950
2025-12-15,2026-04-26,MAD,MEX,Aeromexico,R$3401
2025-12-15,2026-04-26,MAD,MEX,Iberia,R$2950
2025-12-15,2026-04-26,MAD,MEX,Iberia,R$3128
2025-12-15,2026-04-26,MAD,MEX,Aeromexico,R$3401
2025-12-15,2026-04-26,MAD,MEX,Iberia,R$2950
2025-12-15,2026-04-26,MAD,MEX,Iberia,R$2950
2025-12-15,2026-04-26,MAD,MEX,Iberia,R$3128
2025-12-15,2026-04-26,MAD,MEX,Aeromexico,R$3401
2025-12-15,2026-04-27,MAD,MEX,Iberia,R$2817
2025-12-15,2026-04-27,MAD,MEX,Iberia,R$2817
2025-12-15,2026-04-27,MAD,MEX,Iberia,R$2817
2025-12-15,2026-04-27,MAD,MEX,Aeromexico,R$4398
2025-12-15,2026-04-27,MAD,MEX,Iberia,R$2817
2025-12-15,2026-04-27,MAD,MEX,Iberia,R$2817
2025-12-15,2026-04-27,MAD,MEX,Aeromexico,R$4398
2025-12-15,2026-04-28,MAD,MEX,Iberia,R$2817
2025-12-15,2026-04-28,MAD,MEX,Aeromexico,R$3306
2025-12-15,2026-04-28,MAD,MEX,Iberia,R$2817
2025-12-15,2026-04-28,MAD,MEX,Iberia,R$2817
2025-12-15,2026-04-28,MAD,MEX,Aeromexico,R$3306
2025-12-15,2026-04-28,MAD,MEX,Iberia,R$2817
2025-12-15,2026-04-28,MAD,MEX,Iberia,R$2817
2025-12-15,2026-04-28,MAD,MEX,Iberia,R$2817
2025-12-15,2026-04-28,MAD,MEX,Aeromexico,R$3306
2025-12-15,2026-04-29,MAD,MEX,Iberia,R$2817
2025-12-15,2026-04-29,MAD,MEX,Aeromexico,R$3306
2025-12-15,2026-04-29,MAD,MEX,Iberia,R$2817
2025-12-15,2026-04-29,MAD,MEX,Aeromexico,R$3306
2025-12-15,2026-04-29,MAD,MEX,Aeromexico,R$3306
2025-12-15,2026-04-29,MAD,MEX,Iberia,R$2817
2025-12-15,2026-04-29,MAD,MEX,Iberia,R$2817
2025-12-15,2026-04-29,MAD,MEX,Aeromexico,R$3306
2025-12-15,2026-04-29,MAD,MEX,Aeromexico,R$3306
2025-12-15,2026-04-30,MAD,MEX,Iberia,R$2817
2025-12-15,2026-04-30,MAD,MEX,Aeromexico,R$3306
2025-12-15,2026-04-30,MAD,MEX,Iberia,R$2817
2025-12-15,2026-04-30,MAD,MEX,Iberia,R$2995
2025-12-15,2026-04-30,MAD,MEX,Iberia,R$2817
2025-12-15,2026-04-30,MAD,MEX,Iberia,R$2817
2025-12-15,2026-04-30,MAD,MEX,Iberia,R$2995
2025-12-15,2026-05-01,MAD,MEX,Iberia,R$2950
2025-12-15,2026-05-01,MAD,MEX,Iberia,R$2950
2025-12-15,2026-05-01,MAD,MEX,Iberia,R$2950
2025-12-15,2026-05-01,MAD,MEX,Aeromexico,R$4493
2025-12-15,2026-05-01,MAD,MEX,Iberia,R$2950
2025-12-15,2026-05-01,MAD,MEX,Iberia,R$2950
2025-12-15,2026-05-01,MAD,MEX,Aeromexico,R$4493
2025-12-15,2026-05-02,MAD,MEX,Iberia,R$2950
2025-12-15,2026-05-02,MAD,MEX,Iberia,R$3128
2025-12-15,2026-05-02,MAD,MEX,Aeromexico,R$4493
2025-12-15,2026-05-02,MAD,MEX,Iberia,R$4061
2025-12-15,2026-05-02,MAD,MEX,Aeromexico,R$4493
2025-12-15,2026-05-02,MAD,MEX,Iberia,R$2950
2025-12-15,2026-05-02,MAD,MEX,Iberia,R$3128
2025-12-15,2026-05-02,MAD,MEX,Iberia,R$4061
2025-12-15,2026-05-02,MAD,MEX,Aeromexico,R$4493
2025-12-15,2026-05-03,MAD,MEX,Iberia,R$2950
2025-12-15,2026-05-03,MAD,MEX,Aeromexico,R$3401
2025-12-15,2026-05-03,MAD,MEX,Iberia,R$2950
2025-12-15,2026-05-03,MAD,MEX,Iberia,R$2950
2025-12-15,2026-05-03,MAD,MEX,Aeromexico,R$4493
2025-12-15,2026-05-03,MAD,MEX,Iberia,R$2950
2025-12-15,2026-05-03,MAD,MEX,Iberia,R$2950
2025-12-15,2026-05-03,MAD,MEX,Iberia,R$2950
2025-12-15,2026-05-03,MAD,MEX,Aeromexico,R$4493
2025-12-15,2026-05-04,MAD,MEX,Iberia,R$2817
2025-12-15,2026-05-04,MAD,MEX,Iberia,R$2817
2025-12-15,2026-05-04,MAD,MEX,Iberia,R$2817
2025-12-15,2026-05-04,MAD,MEX,Aeromexico,R$4398
2025-12-15,2026-05-04,MAD,MEX,Iberia,R$2817
2025-12-15,2026-05-04,MAD,MEX,Iberia,R$2817
2025-12-15,2026-05-04,MAD,MEX,Aeromexico,R$4398
2025-12-15,2026-05-05,MAD,MEX,Iberia,R$2817
2025-12-15,2026-05-05,MAD,MEX,Iberia,R$2995
2025-12-15,2026-05-05,MAD,MEX,Iberia,R$3395
2025-12-15,2026-05-05,MAD,MEX,Aeromexico,R$4398
2025-12-15,2026-05-05,MAD,MEX,Aeromexico,R$4398
2025-12-15,2026-05-05,MAD,MEX,Iberia,R$2995
2025-12-15,2026-05-05,MAD,MEX,Iberia,R$3395
2025-12-15,2026-05-05,MAD,MEX,Aeromexico,R$4398
2025-12-15,2026-05-05,MAD,MEX,Aeromexico,R$4398
2025-12-15,2026-05-06,MAD,MEX,Iberia,R$2995
2025-12-15,2026-05-06,MAD,MEX,Aeromexico,R$3306
2025-12-15,2026-05-06,MAD,MEX,Iberia,R$2995
2025-12-15,2026-05-06,MAD,MEX,Iberia,R$2995
2025-12-15,2026-05-06,MAD,MEX,Aeromexico,R$3306
2025-12-15,2026-05-06,MAD,MEX,Iberia,R$2995
2025-12-15,2026-05-06,MAD,MEX,Iberia,R$2995
2025-12-15,2026-05-06,MAD,MEX,Iberia,R$2995
2025-12-15,2026-05-06,MAD,MEX,Aeromexico,R$3306
2025-12-15,2026-05-07,MAD,MEX,Iberia,R$2817
2025-12-15,2026-05-07,MAD,MEX,Iberia,R$2817
2025-12-15,2026-05-07,MAD,MEX,Iberia,R$2995
2025-12-15,2026-05-07,MAD,MEX,Aeromexico,R$4398
2025-12-15,2026-05-07,MAD,MEX,Iberia,R$2817
2025-12-15,2026-05-07,MAD,MEX,Iberia,R$2817
2025-12-15,2026-05-07,MAD,MEX,Aeromexico,R$4398
2025-12-15,2026-05-08,MAD,MEX,Iberia,R$2950
2025-12-15,2026-05-08,MAD,MEX,Iberia,R$2950
2025-12-15,2026-05-08,MAD,MEX,Iberia,R$3128
2025-12-15,2026-05-08,MAD,MEX,Aeromexico,R$4493
2025-12-15,2026-05-08,MAD,MEX,Iberia,R$2950
2025-12-15,2026-05-08,MAD,MEX,Iberia,R$3128
2025-12-15,2026-05-08,MAD,MEX,Aeromexico,R$4493
2025-12-15,2026-05-09,MAD,MEX,Iberia,R$3128
2025-12-15,2026-05-09,MAD,MEX,Iberia,R$3128
2025-12-15,2026-05-09,MAD,MEX,Aeromexico,R$3401
2025-12-15,2026-05-09,MAD,MEX,Iberia,R$4061
2025-12-15,2026-05-09,MAD,MEX,Aeromexico,R$4493
2025-12-15,2026-05-09,MAD,MEX,Iberia,R$3128
2025-12-15,2026-05-09,MAD,MEX,Iberia,R$3128
2025-12-15,2026-05-09,MAD,MEX,Iberia,R$4061
2025-12-15,2026-05-09,MAD,MEX,Aeromexico,R$4493
2025-12-15,2026-05-10,MAD,MEX,Iberia,R$2950
2025-12-15,2026-05-10,MAD,MEX,Aeromexico,R$3401
2025-12-15,2026-05-10,MAD,MEX,Iberia,R$2950
2025-12-15,2026-05-10,MAD,MEX,Iberia,R$2950
2025-12-15,2026-05-10,MAD,MEX,Aeromexico,R$3401
2025-12-15,2026-05-10,MAD,MEX,Iberia,R$2950
2025-12-15,2026-05-10,MAD,MEX,Iberia,R$2950
2025-12-15,2026-05-10,MAD,MEX,Iberia,R$2950
2025-12-15,2026-05-10,MAD,MEX,Aeromexico,R$3401
2025-12-15,2026-05-11,MAD,MEX,Iberia,R$2817
2025-12-15,2026-05-11,MAD,MEX,Iberia,R$2817
2025-12-15,2026-05-11,MAD,MEX,Iberia,R$2817
2025-12-15,2026-05-11,MAD,MEX,Aeromexico,R$4398
2025-12-15,2026-05-11,MAD,MEX,Iberia,R$2817
2025-12-15,2026-05-11,MAD,MEX,Iberia,R$2817
2025-12-15,2026-05-11,MAD,MEX,Aeromexico,R$4398
2025-12-15,2026-05-12,MAD,MEX,Iberia,R$2817
2025-12-15,2026-05-12,MAD,MEX,Aeromexico,R$3306
2025-12-15,2026-05-12,MAD,MEX,Iberia,R$2817
2025-12-15,2026-05-12,MAD,MEX,Iberia,R$2817
2025-12-15,2026-05-12,MAD,MEX,Aeromexico,R$3306
2025-12-15,2026-05-12,MAD,MEX,Iberia,R$2817
2025-12-15,2026-05-12,MAD,MEX,Iberia,R$2817
2025-12-15,2026-05-12,MAD,MEX,Iberia,R$2817
2025-12-15,2026-05-12,MAD,MEX,Aeromexico,R$3306
2025-12-15,2026-05-13,MAD,MEX,Iberia,R$2817
2025-12-15,2026-05-13,MAD,MEX,Aeromexico,R$3306
2025-12-15,2026-05-13,MAD,MEX,Iberia,R$2817
2025-12-15,2026-05-13,MAD,MEX,Iberia,R$2817
2025-12-15,2026-05-13,MAD,MEX,Aeromexico,R$3306
2025-12-15,2026-05-13,MAD,MEX,Iberia,R$2817
2025-12-15,2026-05-13,MAD,MEX,Iberia,R$2817
2025-12-15,2026-05-13,MAD,MEX,Iberia,R$2817
2025-12-15,2026-05-13,MAD,MEX,Aeromexico,R$3306
2025-12-15,2026-05-14,MAD,MEX,Iberia,R$2817
2025-12-15,2026-05-14,MAD,MEX,Iberia,R$2817
2025-12-15,2026-05-14,MAD,MEX,Iberia,R$2817
2025-12-15,2026-05-14,MAD,MEX,Aeromexico,R$4398
2025-12-15,2026-05-14,MAD,MEX,Iberia,R$2817
2025-12-15,2026-05-14,MAD,MEX,Iberia,R$2817
2025-12-15,2026-05-14,MAD,MEX,Aeromexico,R$4398
2025-12-15,2026-05-15,MAD,MEX,Iberia,R$2950
2025-12-15,2026-05-15,MAD,MEX,Iberia,R$3128
2025-12-15,2026-05-15,MAD,MEX,Iberia,R$3528
2025-12-15,2026-05-15,MAD,MEX,Aeromexico,R$6229
2025-12-15,2026-05-15,MAD,MEX,Iberia,R$2950
2025-12-15,2026-05-15,MAD,MEX,Iberia,R$3128
2025-12-15,2026-05-15,MAD,MEX,Aeromexico,R$6229
2025-12-15,2026-05-16,MAD,MEX,Iberia,R$3128
2025-12-15,2026-05-16,MAD,MEX,Iberia,R$3528
2025-12-15,2026-05-16,MAD,MEX,Iberia,R$3528
2025-12-15,2026-05-16,MAD,MEX,Aeromexico,R$4493
2025-12-15,2026-05-16,MAD,MEX,Aeromexico,R$4493
2025-12-15,2026-05-16,MAD,MEX,Iberia,R$3528
2025-12-15,2026-05-16,MAD,MEX,Iberia,R$3528
2025-12-15,2026-05-16,MAD,MEX,Aeromexico,R$4493
2025-12-15,2026-05-16,MAD,MEX,Aeromexico,R$4493
2025-12-15,2026-05-17,MAD,MEX,Iberia,R$2950
2025-12-15,2026-05-17,MAD,MEX,Iberia,R$2950
2025-12-15,2026-05-17,MAD,MEX,Iberia,R$2950
2025-12-15,2026-05-17,MAD,MEX,Aeromexico,R$4493
2025-12-15,2026-05-17,MAD,MEX,Aeromexico,R$4493
2025-12-15,2026-05-17,MAD,MEX,Iberia,R$2950
2025-12-15,2026-05-17,MAD,MEX,Iberia,R$2950
2025-12-15,2026-05-17,MAD,MEX,Aeromexico,R$4493
2025-12-15,2026-05-17,MAD,MEX,Aeromexico,R$4493
2025-12-15,2026-05-18,MAD,MEX,Iberia,R$2817
2025-12-15,2026-05-18,MAD,MEX,Iberia,R$2817
2025-12-15,2026-05-18,MAD,MEX,Iberia,R$2817
2025-12-15,2026-05-18,MAD,MEX,Aeromexico,R$4398
2025-12-15,2026-05-18,MAD,MEX,Iberia,R$2817
2025-12-15,2026-05-18,MAD,MEX,Iberia,R$2817
2025-12-15,2026-05-18,MAD,MEX,Aeromexico,R$4398
2025-12-15,2026-05-19,MAD,MEX,Iberia,R$2817
2025-12-15,2026-05-19,MAD,MEX,Iberia,R$2995
2025-12-15,2026-05-19,MAD,MEX,Iberia,R$3928
2025-12-15,2026-05-19,MAD,MEX,Aeromexico,R$4398
2025-12-15,2026-05-19,MAD,MEX,Aeromexico,R$4398
2025-12-15,2026-05-19,MAD,MEX,Iberia,R$2995
2025-12-15,2026-05-19,MAD,MEX,Iberia,R$3928
2025-12-15,2026-05-19,MAD,MEX,Aeromexico,R$4398
2025-12-15,2026-05-19,MAD,MEX,Aeromexico,R$4398
2025-12-15,2026-05-20,MAD,MEX,Iberia,R$2995
2025-12-15,2026-05-20,MAD,MEX,Aeromexico,R$3306
2025-12-15,2026-05-20,MAD,MEX,Iberia,R$2995
2025-12-15,2026-05-20,MAD,MEX,Aeromexico,R$3306
2025-12-15,2026-05-20,MAD,MEX,Aeromexico,R$4398
2025-12-15,2026-05-20,MAD,MEX,Iberia,R$2995
2025-12-15,2026-05-20,MAD,MEX,Iberia,R$2995
2025-12-15,2026-05-20,MAD,MEX,Aeromexico,R$3306
2025-12-15,2026-05-20,MAD,MEX,Aeromexico,R$4398
2025-12-15,2026-05-21,MAD,MEX,Iberia,R$2817
2025-12-15,2026-05-21,MAD,MEX,Iberia,R$2817
2025-12-15,2026-05-21,MAD,MEX,Iberia,R$2817
2025-12-15,2026-05-21,MAD,MEX,Aeromexico,R$4398
2025-12-15,2026-05-21,MAD,MEX,Iberia,R$2817
2025-12-15,2026-05-21,MAD,MEX,Iberia,R$2817
2025-12-15,2026-05-21,MAD,MEX,Aeromexico,R$4398
2025-12-15,2026-05-22,MAD,MEX,Iberia,R$2950
2025-12-15,2026-05-22,MAD,MEX,Iberia,R$3128
2025-12-15,2026-05-22,MAD,MEX,Iberia,R$3528
2025-12-15,2026-05-22,MAD,MEX,Aeromexico,R$4493
2025-12-15,2026-05-22,MAD,MEX,Iberia,R$3128
2025-12-15,2026-05-22,MAD,MEX,Iberia,R$3528
2025-12-15,2026-05-22,MAD,MEX,Aeromexico,R$4493
2025-12-15,2026-05-23,MAD,MEX,Iberia,R$3128
2025-12-15,2026-05-23,MAD,MEX,Iberia,R$3128
2025-12-15,2026-05-23,MAD,MEX,Iberia,R$3528
2025-12-15,2026-05-23,MAD,MEX,Aeromexico,R$4493
2025-12-15,2026-05-23,MAD,MEX,Aeromexico,R$4493
2025-12-15,2026-05-23,MAD,MEX,Iberia,R$3128
2025-12-15,2026-05-23,MAD,MEX,Iberia,R$3528
2025-12-15,2026-05-23,MAD,MEX,Aeromexico,R$4493
2025-12-15,2026-05-23,MAD,MEX,Aeromexico,R$4493
2025-12-15,2026-05-24,MAD,MEX,Iberia,R$2950
2025-12-15,2026-05-24,MAD,MEX,Iberia,R$2950
2025-12-15,2026-05-24,MAD,MEX,Iberia,R$2950
2025-12-15,2026-05-24,MAD,MEX,Aeromexico,R$4493
2025-12-15,2026-05-24,MAD,MEX,Aeromexico,R$5153
2025-12-15,2026-05-24,MAD,MEX,Iberia,R$2950
2025-12-15,2026-05-24,MAD,MEX,Iberia,R$2950
2025-12-15,2026-05-24,MAD,MEX,Aeromexico,R$4493
2025-12-15,2026-05-24,MAD,MEX,Aeromexico,R$5153
2025-12-15,2026-05-25,MAD,MEX,Iberia,R$2995
2025-12-15,2026-05-25,MAD,MEX,Iberia,R$2995
2025-12-15,2026-05-25,MAD,MEX,Iberia,R$3395
2025-12-15,2026-05-25,MAD,MEX,Aeromexico,R$4398
2025-12-15,2026-05-25,MAD,MEX,Iberia,R$2995
2025-12-15,2026-05-25,MAD,MEX,Iberia,R$3395
2025-12-15,2026-05-25,MAD,MEX,Aeromexico,R$4398
2025-12-15,2026-05-26,MAD,MEX,Iberia,R$3395
2025-12-15,2026-05-26,MAD,MEX,Iberia,R$3395
2025-12-15,2026-05-26,MAD,MEX,Iberia,R$3395
2025-12-15,2026-05-26,MAD,MEX,Aeromexico,R$4398
2025-12-15,2026-05-26,MAD,MEX,Aeromexico,R$4398
2025-12-15,2026-05-26,MAD,MEX,Iberia,R$3395
2025-12-15,2026-05-26,MAD,MEX,Iberia,R$3395
2025-12-15,2026-05-26,MAD,MEX,Aeromexico,R$4398
2025-12-15,2026-05-26,MAD,MEX,Aeromexico,R$4398
2025-12-15,2026-05-27,MAD,MEX,Iberia,R$3395
2025-12-15,2026-05-27,MAD,MEX,Iberia,R$3928
2025-12-15,2026-05-27,MAD,MEX,Iberia,R$3928
2025-12-15,2026-05-27,MAD,MEX,Aeromexico,R$5058
2025-12-15,2026-05-27,MAD,MEX,Aeromexico,R$5058
2025-12-15,2026-05-27,MAD,MEX,Iberia,R$3928
2025-12-15,2026-05-27,MAD,MEX,Iberia,R$3928
2025-12-15,2026-05-27,MAD,MEX,Aeromexico,R$5058
2025-12-15,2026-05-27,MAD,MEX,Aeromexico,R$5058
2025-12-15,2026-05-28,MAD,MEX,Iberia,R$6461
2025-12-15,2026-05-28,MAD,MEX,Aeromexico,R$7560
2025-12-15,2026-05-28,MAD,MEX,Iberia,R$6461
2025-12-15,2026-05-28,MAD,MEX,Iberia,R$6461
2025-12-15,2026-05-28,MAD,MEX,Iberia,R$6461
2025-12-15,2026-05-28,MAD,MEX,Iberia,R$6461
2025-12-15,2026-05-28,MAD,MEX,Iberia,R$6461
2025-12-15,2026-05-29,MAD,MEX,Aeromexico,R$4493
2025-12-15,2026-05-29,MAD,MEX,Iberia,R$6595
2025-12-15,2026-05-29,MAD,MEX,Iberia,R$6595
2025-12-15,2026-05-29,MAD,MEX,Iberia,R$6595
2025-12-15,2026-05-29,MAD,MEX,Iberia,R$6595
2025-12-15,2026-05-29,MAD,MEX,Iberia,R$6595
2025-12-15,2026-05-29,MAD,MEX,Iberia,R$6595
2025-12-15,2026-05-30,MAD,MEX,Iberia,R$6595
2025-12-15,2026-05-30,MAD,MEX,Aeromexico,R$7655
2025-12-15,2026-05-30,MAD,MEX,Aeromexico,R$7655
2025-12-15,2026-05-30,MAD,MEX,Iberia,R$7928
2025-12-15,2026-05-30,MAD,MEX,Iberia,R$7928
2025-12-15,2026-05-30,MAD,MEX,Iberia,R$6595
2025-12-15,2026-05-30,MAD,MEX,Aeromexico,R$7655
2025-12-15,2026-05-30,MAD,MEX,Iberia,R$7928
2025-12-15,2026-05-30,MAD,MEX,Iberia,R$7928
2025-12-15,2026-05-31,MAD,MEX,Aeromexico,R$4493
2025-12-15,2026-05-31,MAD,MEX,Aeromexico,R$6493
2025-12-15,2026-05-31,MAD,MEX,Iberia,R$7928
2025-12-15,2026-05-31,MAD,MEX,Aeromexico,R$11705
2025-12-15,2026-05-31,MAD,MEX,Iberia,R$11705
2025-12-15,2026-05-31,MAD,MEX,Aeromexico,R$4493
2025-12-15,2026-05-31,MAD,MEX,Aeromexico,R$6493
2025-12-15,2026-05-31,MAD,MEX,Aeromexico,R$11705
2025-12-15,2026-05-31,MAD,MEX,Iberia,R$11705
2025-12-15,2026-06-01,MAD,MEX,Aeromexico,R$6398
2025-12-15,2026-06-01,MAD,MEX,Iberia,R$6461
2025-12-15,2026-06-01,MAD,MEX,Aeromexico,R$6398
2025-12-15,2026-06-01,MAD,MEX,Iberia,R$6461
2025-12-15,2026-06-01,MAD,MEX,Aeromexico,R$6398
2025-12-15,2026-06-01,MAD,MEX,Aeromexico,R$6398
2025-12-15,2026-06-01,MAD,MEX,Iberia,R$6461
2025-12-15,2026-06-02,MAD,MEX,Aeromexico,R$5058
2025-12-15,2026-06-02,MAD,MEX,Iberia,R$6461
2025-12-15,2026-06-02,MAD,MEX,Aeromexico,R$7560
2025-12-15,2026-06-02,MAD,MEX,Iberia,R$7794
2025-12-15,2026-06-02,MAD,MEX,Iberia,R$11572
2025-12-15,2026-06-02,MAD,MEX,Aeromexico,R$5058
2025-12-15,2026-06-02,MAD,MEX,Aeromexico,R$7560
2025-12-15,2026-06-02,MAD,MEX,Iberia,R$7794
2025-12-15,2026-06-02,MAD,MEX,Iberia,R$11572
2025-12-15,2026-06-03,MAD,MEX,Aeromexico,R$5058
2025-12-15,2026-06-03,MAD,MEX,Aeromexico,R$5058
2025-12-15,2026-06-03,MAD,MEX,Iberia,R$6461
2025-12-15,2026-06-03,MAD,MEX,Iberia,R$6461
2025-12-15,2026-06-03,MAD,MEX,Iberia,R$6461
2025-12-15,2026-06-03,MAD,MEX,Aeromexico,R$5058
2025-12-15,2026-06-03,MAD,MEX,Aeromexico,R$5058
2025-12-15,2026-06-03,MAD,MEX,Iberia,R$6461
2025-12-15,2026-06-03,MAD,MEX,Iberia,R$6461
2025-12-15,2026-06-04,MAD,MEX,Aeromexico,R$6398
2025-12-15,2026-06-04,MAD,MEX,Aeromexico,R$6398
2025-12-15,2026-06-04,MAD,MEX,Iberia,R$6461
2025-12-15,2026-06-04,MAD,MEX,Iberia,R$6461
2025-12-15,2026-06-04,MAD,MEX,Aeromexico,R$6398
2025-12-15,2026-06-04,MAD,MEX,Aeromexico,R$6398
2025-12-15,2026-06-04,MAD,MEX,Iberia,R$6461
2025-12-15,2026-06-05,MAD,MEX,Aeromexico,R$6264
2025-12-15,2026-06-05,MAD,MEX,Iberia,R$8150
2025-12-15,2026-06-05,MAD,MEX,Iberia,R$8150
2025-12-15,2026-06-05,MAD,MEX,Iberia,R$8150
2025-12-15,2026-06-05,MAD,MEX,Aeromexico,R$6264
2025-12-15,2026-06-05,MAD,MEX,Iberia,R$8150
2025-12-15,2026-06-05,MAD,MEX,Iberia,R$8150
2025-12-15,2026-06-06,MAD,MEX,Aeromexico,R$6264
2025-12-15,2026-06-06,MAD,MEX,Aeromexico,R$6264
2025-12-15,2026-06-06,MAD,MEX,Iberia,R$8150
2025-12-15,2026-06-06,MAD,MEX,Aeromexico,R$9210
2025-12-15,2026-06-06,MAD,MEX,Iberia,R$11483
2025-12-15,2026-06-06,MAD,MEX,Aeromexico,R$6264
2025-12-15,2026-06-06,MAD,MEX,Aeromexico,R$6264
2025-12-15,2026-06-06,MAD,MEX,Aeromexico,R$9210
2025-12-15,2026-06-06,MAD,MEX,Iberia,R$11483
2025-12-15,2026-06-07,MAD,MEX,Aeromexico,R$5604
2025-12-15,2026-06-07,MAD,MEX,Aeromexico,R$6264
2025-12-15,2026-06-07,MAD,MEX,Iberia,R$6372
2025-12-15,2026-06-07,MAD,MEX,Iberia,R$8150
2025-12-15,2026-06-07,MAD,MEX,Iberia,R$8150
2025-12-15,2026-06-07,MAD,MEX,Aeromexico,R$5604
2025-12-15,2026-06-07,MAD,MEX,Aeromexico,R$6264
2025-12-15,2026-06-07,MAD,MEX,Iberia,R$8150
2025-12-15,2026-06-07,MAD,MEX,Iberia,R$8150
2025-12-15,2026-06-08,MAD,MEX,Aeromexico,R$6169
2025-12-15,2026-06-08,MAD,MEX,Iberia,R$6239
2025-12-15,2026-06-08,MAD,MEX,Iberia,R$6239
2025-12-15,2026-06-08,MAD,MEX,Iberia,R$6239
2025-12-15,2026-06-08,MAD,MEX,Aeromexico,R$6169
2025-12-15,2026-06-08,MAD,MEX,Iberia,R$6239
2025-12-15,2026-06-08,MAD,MEX,Iberia,R$6239
2025-12-15,2026-06-09,MAD,MEX,Aeromexico,R$6169
2025-12-15,2026-06-09,MAD,MEX,Aeromexico,R$7953
2025-12-15,2026-06-09,MAD,MEX,Iberia,R$8017
2025-12-15,2026-06-09,MAD,MEX,Iberia,R$8017
2025-12-15,2026-06-09,MAD,MEX,Iberia,R$8017
2025-12-15,2026-06-09,MAD,MEX,Aeromexico,R$7953
2025-12-15,2026-06-09,MAD,MEX,Iberia,R$8017
2025-12-15,2026-06-09,MAD,MEX,Iberia,R$8017
2025-12-15,2026-06-09,MAD,MEX,Iberia,R$8017
2025-12-15,2026-06-10,MAD,MEX,Aeromexico,R$5509
2025-12-15,2026-06-10,MAD,MEX,Aeromexico,R$5509
2025-12-15,2026-06-10,MAD,MEX,Iberia,R$6239
2025-12-15,2026-06-10,MAD,MEX,Iberia,R$8017
2025-12-15,2026-06-10,MAD,MEX,Aeromexico,R$9115
2025-12-15,2026-06-10,MAD,MEX,Aeromexico,R$5509
2025-12-15,2026-06-10,MAD,MEX,Aeromexico,R$5509
2025-12-15,2026-06-10,MAD,MEX,Iberia,R$8017
2025-12-15,2026-06-10,MAD,MEX,Aeromexico,R$9115
2025-12-15,2026-06-11,MAD,MEX,Aeromexico,R$5509
2025-12-15,2026-06-11,MAD,MEX,Iberia,R$6239
2025-12-15,2026-06-11,MAD,MEX,Iberia,R$6239
2025-12-15,2026-06-11,MAD,MEX,Aeromexico,R$7953
2025-12-15,2026-06-11,MAD,MEX,Aeromexico,R$5509
2025-12-15,2026-06-11,MAD,MEX,Iberia,R$6239
2025-12-15,2026-06-11,MAD,MEX,Aeromexico,R$7953
2025-12-15,2026-06-12,MAD,MEX,Aeromexico,R$5604
2025-12-15,2026-06-12,MAD,MEX,Iberia,R$6372
2025-12-15,2026-06-12,MAD,MEX,Aeromexico,R$6264
2025-12-15,2026-06-12,MAD,MEX,Iberia,R$6372
2025-12-15,2026-06-12,MAD,MEX,Aeromexico,R$5604
2025-12-15,2026-06-12,MAD,MEX,Aeromexico,R$6264
2025-12-15,2026-06-12,MAD,MEX,Iberia,R$6372
2025-12-15,2026-06-13,MAD,MEX,Aeromexico,R$5604
2025-12-15,2026-06-13,MAD,MEX,Aeromexico,R$5604
2025-12-15,2026-06-13,MAD,MEX,Iberia,R$8150
2025-12-15,2026-06-13,MAD,MEX,Iberia,R$8150
2025-12-15,2026-06-13,MAD,MEX,Aeromexico,R$9210
2025-12-15,2026-06-13,MAD,MEX,Aeromexico,R$5604
2025-12-15,2026-06-13,MAD,MEX,Iberia,R$8150
2025-12-15,2026-06-13,MAD,MEX,Iberia,R$8150
2025-12-15,2026-06-13,MAD,MEX,Aeromexico,R$9210
2025-12-15,2026-06-14,MAD,MEX,Aeromexico,R$5604
2025-12-15,2026-06-14,MAD,MEX,Aeromexico,R$5604
2025-12-15,2026-06-14,MAD,MEX,Aeromexico,R$6264
2025-12-15,2026-06-14,MAD,MEX,Iberia,R$6372
2025-12-15,2026-06-14,MAD,MEX,Iberia,R$6372
2025-12-15,2026-06-14,MAD,MEX,Aeromexico,R$5604
2025-12-15,2026-06-14,MAD,MEX,Aeromexico,R$6264
2025-12-15,2026-06-14,MAD,MEX,Iberia,R$6372
2025-12-15,2026-06-14,MAD,MEX,Iberia,R$6372
2025-12-15,2025-12-15,CDG,MEX,Aeromexico,R$13539
2025-12-15,2025-12-16,CDG,MEX,Air France,R$9071
2025-12-15,2025-12-16,CDG,MEX,Air France,R$9071
2025-12-15,2025-12-16,CDG,MEX,Air France,R$9071
2025-12-15,2025-12-17,CDG,MEX,Air France,R$10182
2025-12-15,2025-12-17,CDG,MEX,Air France,R$10182
2025-12-15,2025-12-17,CDG,MEX,Aeromexico,R$15602
2025-12-15,2025-12-17,CDG,MEX,Air France,R$10182
2025-12-15,2025-12-17,CDG,MEX,Air France,R$10182
2025-12-15,2025-12-18,CDG,MEX,Air France,R$10182
2025-12-15,2025-12-18,CDG,MEX,Air France,R$10182
2025-12-15,2025-12-18,CDG,MEX,Aeromexico,R$23196
2025-12-15,2025-12-18,CDG,MEX,Air France,R$10182
2025-12-15,2025-12-18,CDG,MEX,Air France,R$10182
2025-12-15,2025-12-19,CDG,MEX,Air France,R$10182
2025-12-15,2025-12-19,CDG,MEX,Air France,R$12589
2025-12-15,2025-12-19,CDG,MEX,Aeromexico,R$29386
2025-12-15,2025-12-19,CDG,MEX,Air France,R$10182
2025-12-15,2025-12-19,CDG,MEX,Air France,R$12589
2025-12-15,2025-12-20,CDG,MEX,Air France,R$10182
2025-12-15,2025-12-20,CDG,MEX,Air France,R$12589
2025-12-15,2025-12-20,CDG,MEX,Aeromexico,R$25805
2025-12-15,2025-12-20,CDG,MEX,Air France,R$10182
2025-12-15,2025-12-20,CDG,MEX,Air France,R$12589
2025-12-15,2025-12-21,CDG,MEX,Air France,R$10182
2025-12-15,2025-12-21,CDG,MEX,Air France,R$10182
2025-12-15,2025-12-21,CDG,MEX,Aeromexico,R$15602
2025-12-15,2025-12-21,CDG,MEX,Air France,R$10182
2025-12-15,2025-12-21,CDG,MEX,Air France,R$10182
2025-12-15,2025-12-22,CDG,MEX,Air France,R$9071
2025-12-15,2025-12-22,CDG,MEX,Air France,R$9071
2025-12-15,2025-12-22,CDG,MEX,Aeromexico,R$21450
2025-12-15,2025-12-22,CDG,MEX,Air France,R$9071
2025-12-15,2025-12-22,CDG,MEX,Air France,R$9071
2025-12-15,2025-12-23,CDG,MEX,Air France,R$9071
2025-12-15,2025-12-23,CDG,MEX,Air France,R$9071
2025-12-15,2025-12-23,CDG,MEX,Aeromexico,R$10949
2025-12-15,2025-12-23,CDG,MEX,Air France,R$9071
2025-12-15,2025-12-23,CDG,MEX,Air France,R$9071
2025-12-15,2025-12-24,CDG,MEX,Aeromexico,R$8936
2025-12-15,2025-12-24,CDG,MEX,Air France,R$9071
2025-12-15,2025-12-24,CDG,MEX,Air France,R$9071
2025-12-15,2025-12-24,CDG,MEX,Aeromexico,R$8936
2025-12-15,2025-12-24,CDG,MEX,Air France,R$9071
2025-12-15,2025-12-25,CDG,MEX,Aeromexico,R$8936
2025-12-15,2025-12-25,CDG,MEX,Air France,R$9071
2025-12-15,2025-12-25,CDG,MEX,Air France,R$9071
2025-12-15,2025-12-25,CDG,MEX,Aeromexico,R$8936
2025-12-15,2025-12-25,CDG,MEX,Air France,R$9071
2025-12-15,2025-12-26,CDG,MEX,Air France,R$9071
2025-12-15,2025-12-26,CDG,MEX,Air France,R$9071
2025-12-15,2025-12-26,CDG,MEX,Aeromexico,R$10949
2025-12-15,2025-12-26,CDG,MEX,Air France,R$9071
2025-12-15,2025-12-26,CDG,MEX,Air France,R$9071
2025-12-15,2025-12-27,CDG,MEX,Aeromexico,R$8936
2025-12-15,2025-12-27,CDG,MEX,Air France,R$9071
2025-12-15,2025-12-27,CDG,MEX,Air France,R$9071
2025-12-15,2025-12-27,CDG,MEX,Aeromexico,R$8936
2025-12-15,2025-12-27,CDG,MEX,Air France,R$9071
2025-12-15,2025-12-28,CDG,MEX,Air France,R$9071
2025-12-15,2025-12-28,CDG,MEX,Air France,R$9071
2025-12-15,2025-12-28,CDG,MEX,Aeromexico,R$10949
2025-12-15,2025-12-28,CDG,MEX,Air France,R$9071
2025-12-15,2025-12-28,CDG,MEX,Air France,R$9071
2025-12-15,2025-12-29,CDG,MEX,Aeromexico,R$8936
2025-12-15,2025-12-29,CDG,MEX,Air France,R$9071
2025-12-15,2025-12-29,CDG,MEX,Air France,R$9071
2025-12-15,2025-12-29,CDG,MEX,Aeromexico,R$8936
2025-12-15,2025-12-29,CDG,MEX,Air France,R$9071
2025-12-15,2025-12-30,CDG,MEX,Aeromexico,R$6590
2025-12-15,2025-12-30,CDG,MEX,Air France,R$9071
2025-12-15,2025-12-30,CDG,MEX,Air France,R$9071
2025-12-15,2025-12-30,CDG,MEX,Aeromexico,R$6590
2025-12-15,2025-12-30,CDG,MEX,Air France,R$9071
2025-12-15,2025-12-31,CDG,MEX,Aeromexico,R$8972
2025-12-15,2025-12-31,CDG,MEX,Air France,R$9071
2025-12-15,2025-12-31,CDG,MEX,Air France,R$9071
2025-12-15,2025-12-31,CDG,MEX,Aeromexico,R$8972
2025-12-15,2025-12-31,CDG,MEX,Air France,R$9071
2025-12-15,2026-01-01,CDG,MEX,Air France,R$9107
2025-12-15,2026-01-01,CDG,MEX,Air France,R$9107
2025-12-15,2026-01-01,CDG,MEX,Aeromexico,R$21486
2025-12-15,2026-01-01,CDG,MEX,Air France,R$9107
2025-12-15,2026-01-01,CDG,MEX,Air France,R$9107
2025-12-15,2026-01-02,CDG,MEX,Air France,R$9107
2025-12-15,2026-01-02,CDG,MEX,Air France,R$11513
2025-12-15,2026-01-02,CDG,MEX,Aeromexico,R$21486
2025-12-15,2026-01-02,CDG,MEX,Air France,R$9107
2025-12-15,2026-01-02,CDG,MEX,Air France,R$11513
2025-12-15,2026-01-03,CDG,MEX,Air France,R$11513
2025-12-15,2026-01-03,CDG,MEX,Air France,R$11513
2025-12-15,2026-01-03,CDG,MEX,Aeromexico,R$21486
2025-12-15,2026-01-03,CDG,MEX,Air France,R$11513
2025-12-15,2026-01-03,CDG,MEX,Air France,R$11513
2025-12-15,2026-01-04,CDG,MEX,Air France,R$11513
2025-12-15,2026-01-04,CDG,MEX,Air France,R$11513
2025-12-15,2026-01-04,CDG,MEX,Aeromexico,R$28152
2025-12-15,2026-01-04,CDG,MEX,Air France,R$11513
2025-12-15,2026-01-04,CDG,MEX,Air France,R$11513
2025-12-15,2026-01-05,CDG,MEX,Air France,R$16847
2025-12-15,2026-01-05,CDG,MEX,Air France,R$16847
2025-12-15,2026-01-05,CDG,MEX,Aeromexico,R$21486
2025-12-15,2026-01-05,CDG,MEX,Air France,R$16847
2025-12-15,2026-01-05,CDG,MEX,Air France,R$16847
2025-12-15,2026-01-06,CDG,MEX,Air France,R$11513
2025-12-15,2026-01-06,CDG,MEX,Air France,R$11513
2025-12-15,2026-01-06,CDG,MEX,Aeromexico,R$21486
2025-12-15,2026-01-06,CDG,MEX,Air France,R$11513
2025-12-15,2026-01-06,CDG,MEX,Air France,R$11513
2025-12-15,2026-01-07,CDG,MEX,Air France,R$11513
2025-12-15,2026-01-07,CDG,MEX,Air France,R$11513
2025-12-15,2026-01-07,CDG,MEX,Aeromexico,R$16997
2025-12-15,2026-01-07,CDG,MEX,Air France,R$11513
2025-12-15,2026-01-07,CDG,MEX,Air France,R$11513
2025-12-15,2026-01-08,CDG,MEX,Air France,R$9107
2025-12-15,2026-01-08,CDG,MEX,Air France,R$9107
2025-12-15,2026-01-08,CDG,MEX,Aeromexico,R$16997
2025-12-15,2026-01-08,CDG,MEX,Air France,R$9107
2025-12-15,2026-01-08,CDG,MEX,Air France,R$9107
2025-12-15,2026-01-09,CDG,MEX,Air France,R$9107
2025-12-15,2026-01-09,CDG,MEX,Air France,R$9107
2025-12-15,2026-01-09,CDG,MEX,Aeromexico,R$16997
2025-12-15,2026-01-09,CDG,MEX,Air France,R$9107
2025-12-15,2026-01-09,CDG,MEX,Air France,R$9107
2025-12-15,2026-01-10,CDG,MEX,Air France,R$9107
2025-12-15,2026-01-10,CDG,MEX,Air France,R$11513
2025-12-15,2026-01-10,CDG,MEX,Aeromexico,R$16997
2025-12-15,2026-01-10,CDG,MEX,Air France,R$9107
2025-12-15,2026-01-10,CDG,MEX,Air France,R$11513
2025-12-15,2026-01-11,CDG,MEX,Air France,R$9107
2025-12-15,2026-01-11,CDG,MEX,Air France,R$9107
2025-12-15,2026-01-11,CDG,MEX,Aeromexico,R$13575
2025-12-15,2026-01-11,CDG,MEX,Air France,R$9107
2025-12-15,2026-01-11,CDG,MEX,Air France,R$9107
2025-12-15,2026-01-12,CDG,MEX,Air France,R$9107
2025-12-15,2026-01-12,CDG,MEX,Air France,R$9107
2025-12-15,2026-01-12,CDG,MEX,Aeromexico,R$10984
2025-12-15,2026-01-12,CDG,MEX,Air France,R$9107
2025-12-15,2026-01-12,CDG,MEX,Air France,R$9107
2025-12-15,2026-01-13,CDG,MEX,Aeromexico,R$8972
2025-12-15,2026-01-13,CDG,MEX,Air France,R$9107
2025-12-15,2026-01-13,CDG,MEX,Air France,R$9107
2025-12-15,2026-01-13,CDG,MEX,Aeromexico,R$8972
2025-12-15,2026-01-13,CDG,MEX,Air France,R$9107
2025-12-15,2026-01-14,CDG,MEX,Aeromexico,R$8972
2025-12-15,2026-01-14,CDG,MEX,Air France,R$9107
2025-12-15,2026-01-14,CDG,MEX,Air France,R$9107
2025-12-15,2026-01-14,CDG,MEX,Aeromexico,R$8972
2025-12-15,2026-01-14,CDG,MEX,Air France,R$9107
2025-12-15,2026-01-15,CDG,MEX,Aeromexico,R$8972
2025-12-15,2026-01-15,CDG,MEX,Air France,R$9107
2025-12-15,2026-01-15,CDG,MEX,Air France,R$9107
2025-12-15,2026-01-15,CDG,MEX,Aeromexico,R$8972
2025-12-15,2026-01-15,CDG,MEX,Air France,R$9107
2025-12-15,2026-01-16,CDG,MEX,Aeromexico,R$8972
2025-12-15,2026-01-16,CDG,MEX,Air France,R$9107
2025-12-15,2026-01-16,CDG,MEX,Air France,R$9107
2025-12-15,2026-01-16,CDG,MEX,Aeromexico,R$8972
2025-12-15,2026-01-16,CDG,MEX,Air France,R$9107
2025-12-15,2026-01-17,CDG,MEX,Aeromexico,R$8972
2025-12-15,2026-01-17,CDG,MEX,Air France,R$9107
2025-12-15,2026-01-17,CDG,MEX,Air France,R$9107
2025-12-15,2026-01-17,CDG,MEX,Aeromexico,R$8972
2025-12-15,2026-01-17,CDG,MEX,Air France,R$9107
2025-12-15,2026-01-18,CDG,MEX,Aeromexico,R$8972
2025-12-15,2026-01-18,CDG,MEX,Air France,R$9107
2025-12-15,2026-01-18,CDG,MEX,Air France,R$9107
2025-12-15,2026-01-18,CDG,MEX,Aeromexico,R$8972
2025-12-15,2026-01-18,CDG,MEX,Air France,R$9107
2025-12-15,2026-01-26,CDG,MEX,Aeromexico,R$2959
2025-12-15,2026-01-26,CDG,MEX,Air France,R$9107
2025-12-15,2026-01-26,CDG,MEX,Air France,R$9107
2025-12-15,2026-01-26,CDG,MEX,Aeromexico,R$2959
2025-12-15,2026-01-26,CDG,MEX,Air France,R$9107
2025-12-15,2026-01-27,CDG,MEX,Aeromexico,R$2959
2025-12-15,2026-01-27,CDG,MEX,Air France,R$9107
2025-12-15,2026-01-27,CDG,MEX,Air France,R$9107
2025-12-15,2026-01-27,CDG,MEX,Aeromexico,R$2959
2025-12-15,2026-01-27,CDG,MEX,Air France,R$9107
2025-12-15,2026-01-28,CDG,MEX,Aeromexico,R$2959
2025-12-15,2026-01-28,CDG,MEX,Air France,R$9107
2025-12-15,2026-01-28,CDG,MEX,Air France,R$9107
2025-12-15,2026-01-28,CDG,MEX,Aeromexico,R$2959
2025-12-15,2026-01-28,CDG,MEX,Air France,R$9107
2025-12-15,2026-01-29,CDG,MEX,Aeromexico,R$8972
2025-12-15,2026-01-29,CDG,MEX,Air France,R$9107
2025-12-15,2026-01-29,CDG,MEX,Air France,R$9107
2025-12-15,2026-01-29,CDG,MEX,Aeromexico,R$8972
2025-12-15,2026-01-29,CDG,MEX,Air France,R$9107
2025-12-15,2026-01-30,CDG,MEX,Aeromexico,R$8972
2025-12-15,2026-01-30,CDG,MEX,Air France,R$9107
2025-12-15,2026-01-30,CDG,MEX,Air France,R$9107
2025-12-15,2026-01-30,CDG,MEX,Aeromexico,R$8972
2025-12-15,2026-01-30,CDG,MEX,Air France,R$9107
2025-12-15,2026-01-31,CDG,MEX,Aeromexico,R$8972
2025-12-15,2026-01-31,CDG,MEX,Air France,R$9107
2025-12-15,2026-01-31,CDG,MEX,Air France,R$9107
2025-12-15,2026-01-31,CDG,MEX,Aeromexico,R$8972
2025-12-15,2026-01-31,CDG,MEX,Air France,R$9107
2025-12-15,2026-02-02,CDG,MEX,Aeromexico,R$8972
2025-12-15,2026-02-02,CDG,MEX,Air France,R$9107
2025-12-15,2026-02-02,CDG,MEX,Air France,R$9107
2025-12-15,2026-02-02,CDG,MEX,Aeromexico,R$8972
2025-12-15,2026-02-02,CDG,MEX,Air France,R$9107
2025-12-15,2026-02-07,CDG,MEX,Aeromexico,R$8972
2025-12-15,2026-02-07,CDG,MEX,Air France,R$9107
2025-12-15,2026-02-07,CDG,MEX,Air France,R$9107
2025-12-15,2026-02-07,CDG,MEX,Aeromexico,R$8972
2025-12-15,2026-02-07,CDG,MEX,Air France,R$9107
2025-12-15,2026-02-08,CDG,MEX,Aeromexico,R$9131
2025-12-15,2026-02-08,CDG,MEX,Air France,R$9329
2025-12-15,2026-02-08,CDG,MEX,Air France,R$9329
2025-12-15,2026-02-08,CDG,MEX,Aeromexico,R$9131
2025-12-15,2026-02-08,CDG,MEX,Air France,R$9329
2025-12-15,2026-02-10,CDG,MEX,Aeromexico,R$9131
2025-12-15,2026-02-10,CDG,MEX,Air France,R$9329
2025-12-15,2026-02-10,CDG,MEX,Air France,R$9329
2025-12-15,2026-02-10,CDG,MEX,Aeromexico,R$9131
2025-12-15,2026-02-10,CDG,MEX,Air France,R$9329
2025-12-15,2026-02-12,CDG,MEX,Aeromexico,R$9131
2025-12-15,2026-02-12,CDG,MEX,Air France,R$9329
2025-12-15,2026-02-12,CDG,MEX,Air France,R$9329
2025-12-15,2026-02-12,CDG,MEX,Aeromexico,R$9131
2025-12-15,2026-02-12,CDG,MEX,Air France,R$9329
2025-12-15,2026-02-14,CDG,MEX,Aeromexico,R$9131
2025-12-15,2026-02-14,CDG,MEX,Air France,R$9329
2025-12-15,2026-02-14,CDG,MEX,Air France,R$9329
2025-12-15,2026-02-14,CDG,MEX,Aeromexico,R$9131
2025-12-15,2026-02-14,CDG,MEX,Air France,R$9329
2025-12-15,2026-02-20,CDG,MEX,Aeromexico,R$9131
2025-12-15,2026-02-20,CDG,MEX,Air France,R$9329
2025-12-15,2026-02-20,CDG,MEX,Air France,R$9329
2025-12-15,2026-02-20,CDG,MEX,Aeromexico,R$9131
2025-12-15,2026-02-20,CDG,MEX,Air France,R$9329
2025-12-15,2026-02-22,CDG,MEX,Aeromexico,R$9131
2025-12-15,2026-02-22,CDG,MEX,Air France,R$9329
2025-12-15,2026-02-22,CDG,MEX,Air France,R$9329
2025-12-15,2026-02-22,CDG,MEX,Aeromexico,R$9131
2025-12-15,2026-02-22,CDG,MEX,Air France,R$9329
2025-12-15,2026-02-23,CDG,MEX,Aeromexico,R$9131
2025-12-15,2026-02-23,CDG,MEX,Air France,R$9329
2025-12-15,2026-02-23,CDG,MEX,Air France,R$9329
2025-12-15,2026-02-23,CDG,MEX,Aeromexico,R$9131
2025-12-15,2026-02-23,CDG,MEX,Air France,R$9329
2025-12-15,2026-02-24,CDG,MEX,Aeromexico,R$9131
2025-12-15,2026-02-24,CDG,MEX,Air France,R$9329
2025-12-15,2026-02-24,CDG,MEX,Air France,R$9329
2025-12-15,2026-02-24,CDG,MEX,Aeromexico,R$9131
2025-12-15,2026-02-24,CDG,MEX,Air France,R$9329
2025-12-15,2026-02-25,CDG,MEX,Aeromexico,R$9131
2025-12-15,2026-02-25,CDG,MEX,Air France,R$9329
2025-12-15,2026-02-25,CDG,MEX,Air France,R$9329
2025-12-15,2026-02-25,CDG,MEX,Aeromexico,R$9131
2025-12-15,2026-02-25,CDG,MEX,Air France,R$9329
2025-12-15,2026-02-26,CDG,MEX,Aeromexico,R$9131
2025-12-15,2026-02-26,CDG,MEX,Air France,R$9329
2025-12-15,2026-02-26,CDG,MEX,Air France,R$9329
2025-12-15,2026-02-26,CDG,MEX,Aeromexico,R$9131
2025-12-15,2026-02-26,CDG,MEX,Air France,R$9329
2025-12-15,2026-02-27,CDG,MEX,Aeromexico,R$9131
2025-12-15,2026-02-27,CDG,MEX,Air France,R$9329
2025-12-15,2026-02-27,CDG,MEX,Air France,R$9329
2025-12-15,2026-02-27,CDG,MEX,Aeromexico,R$9131
2025-12-15,2026-02-27,CDG,MEX,Air France,R$9329
2025-12-15,2026-02-28,CDG,MEX,Aeromexico,R$9131
2025-12-15,2026-02-28,CDG,MEX,Air France,R$9329
2025-12-15,2026-02-28,CDG,MEX,Air France,R$9329
2025-12-15,2026-02-28,CDG,MEX,Aeromexico,R$9131
2025-12-15,2026-02-28,CDG,MEX,Air France,R$9329
2025-12-15,2026-03-01,CDG,MEX,Aeromexico,R$9131
2025-12-15,2026-03-01,CDG,MEX,Air France,R$9329
2025-12-15,2026-03-01,CDG,MEX,Air France,R$9329
2025-12-15,2026-03-01,CDG,MEX,Aeromexico,R$9131
2025-12-15,2026-03-01,CDG,MEX,Air France,R$9329
2025-12-15,2026-03-02,CDG,MEX,Aeromexico,R$9131
2025-12-15,2026-03-02,CDG,MEX,Air France,R$9329
2025-12-15,2026-03-02,CDG,MEX,Air France,R$9329
2025-12-15,2026-03-02,CDG,MEX,Aeromexico,R$9131
2025-12-15,2026-03-02,CDG,MEX,Air France,R$9329
2025-12-15,2026-03-03,CDG,MEX,Aeromexico,R$9131
2025-12-15,2026-03-03,CDG,MEX,Air France,R$9329
2025-12-15,2026-03-03,CDG,MEX,Air France,R$9329
2025-12-15,2026-03-03,CDG,MEX,Aeromexico,R$9131
2025-12-15,2026-03-03,CDG,MEX,Air France,R$9329
2025-12-15,2026-03-04,CDG,MEX,Aeromexico,R$9131
2025-12-15,2026-03-04,CDG,MEX,Air France,R$9329
2025-12-15,2026-03-04,CDG,MEX,Air France,R$9329
2025-12-15,2026-03-04,CDG,MEX,Aeromexico,R$9131
2025-12-15,2026-03-04,CDG,MEX,Air France,R$9329
2025-12-15,2026-03-05,CDG,MEX,Aeromexico,R$9131
2025-12-15,2026-03-05,CDG,MEX,Air France,R$9329
2025-12-15,2026-03-05,CDG,MEX,Air France,R$9329
2025-12-15,2026-03-05,CDG,MEX,Aeromexico,R$9131
2025-12-15,2026-03-05,CDG,MEX,Air France,R$9329
2025-12-15,2026-03-06,CDG,MEX,Aeromexico,R$8972
2025-12-15,2026-03-06,CDG,MEX,Air France,R$9107
2025-12-15,2026-03-06,CDG,MEX,Air France,R$9107
2025-12-15,2026-03-06,CDG,MEX,Aeromexico,R$8972
2025-12-15,2026-03-06,CDG,MEX,Air France,R$9107
2025-12-15,2026-03-07,CDG,MEX,Aeromexico,R$8972
2025-12-15,2026-03-07,CDG,MEX,Air France,R$9107
2025-12-15,2026-03-07,CDG,MEX,Air France,R$9107
2025-12-15,2026-03-07,CDG,MEX,Aeromexico,R$8972
2025-12-15,2026-03-07,CDG,MEX,Air France,R$9107
2025-12-15,2026-03-08,CDG,MEX,Aeromexico,R$8972
2025-12-15,2026-03-08,CDG,MEX,Air France,R$9107
2025-12-15,2026-03-08,CDG,MEX,Air France,R$9107
2025-12-15,2026-03-08,CDG,MEX,Aeromexico,R$8972
2025-12-15,2026-03-08,CDG,MEX,Air France,R$9107
2025-12-15,2026-03-09,CDG,MEX,Aeromexico,R$8972
2025-12-15,2026-03-09,CDG,MEX,Air France,R$9107
2025-12-15,2026-03-09,CDG,MEX,Air France,R$9107
2025-12-15,2026-03-09,CDG,MEX,Aeromexico,R$8972
2025-12-15,2026-03-09,CDG,MEX,Air France,R$9107
2025-12-15,2026-03-10,CDG,MEX,Aeromexico,R$8972
2025-12-15,2026-03-10,CDG,MEX,Air France,R$9107
2025-12-15,2026-03-10,CDG,MEX,Air France,R$9107
2025-12-15,2026-03-10,CDG,MEX,Aeromexico,R$8972
2025-12-15,2026-03-10,CDG,MEX,Air France,R$9107
2025-12-15,2026-03-11,CDG,MEX,Aeromexico,R$8972
2025-12-15,2026-03-11,CDG,MEX,Air France,R$9107
2025-12-15,2026-03-11,CDG,MEX,Air France,R$9107
2025-12-15,2026-03-11,CDG,MEX,Aeromexico,R$8972
2025-12-15,2026-03-11,CDG,MEX,Air France,R$9107
2025-12-15,2026-03-12,CDG,MEX,Aeromexico,R$8972
2025-12-15,2026-03-12,CDG,MEX,Air France,R$9107
2025-12-15,2026-03-12,CDG,MEX,Air France,R$9107
2025-12-15,2026-03-12,CDG,MEX,Aeromexico,R$8972
2025-12-15,2026-03-12,CDG,MEX,Air France,R$9107
2025-12-15,2026-03-13,CDG,MEX,Aeromexico,R$8972
2025-12-15,2026-03-13,CDG,MEX,Air France,R$9107
2025-12-15,2026-03-13,CDG,MEX,Air France,R$9107
2025-12-15,2026-03-13,CDG,MEX,Aeromexico,R$8972
2025-12-15,2026-03-13,CDG,MEX,Air France,R$9107
2025-12-15,2026-03-14,CDG,MEX,Aeromexico,R$8972
2025-12-15,2026-03-14,CDG,MEX,Air France,R$9107
2025-12-15,2026-03-14,CDG,MEX,Air France,R$9107
2025-12-15,2026-03-14,CDG,MEX,Aeromexico,R$8972
2025-12-15,2026-03-14,CDG,MEX,Air France,R$9107
2025-12-15,2026-03-15,CDG,MEX,Aeromexico,R$8972
2025-12-15,2026-03-15,CDG,MEX,Air France,R$9107
2025-12-15,2026-03-15,CDG,MEX,Air France,R$9107
2025-12-15,2026-03-15,CDG,MEX,Aeromexico,R$8972
2025-12-15,2026-03-15,CDG,MEX,Air France,R$9107
2025-12-15,2026-03-16,CDG,MEX,Aeromexico,R$8972
2025-12-15,2026-03-16,CDG,MEX,Air France,R$9107
2025-12-15,2026-03-16,CDG,MEX,Air France,R$9107
2025-12-15,2026-03-16,CDG,MEX,Aeromexico,R$8972
2025-12-15,2026-03-16,CDG,MEX,Air France,R$9107
2025-12-15,2026-03-17,CDG,MEX,Aeromexico,R$8972
2025-12-15,2026-03-17,CDG,MEX,Air France,R$9107
2025-12-15,2026-03-17,CDG,MEX,Air France,R$9107
2025-12-15,2026-03-17,CDG,MEX,Aeromexico,R$8972
2025-12-15,2026-03-17,CDG,MEX,Air France,R$9107
2025-12-15,2026-03-18,CDG,MEX,Aeromexico,R$8972
2025-12-15,2026-03-18,CDG,MEX,Air France,R$9107
2025-12-15,2026-03-18,CDG,MEX,Air France,R$9107
2025-12-15,2026-03-18,CDG,MEX,Aeromexico,R$8972
2025-12-15,2026-03-18,CDG,MEX,Air France,R$9107
2025-12-15,2026-03-19,CDG,MEX,Aeromexico,R$8972
2025-12-15,2026-03-19,CDG,MEX,Air France,R$9107
2025-12-15,2026-03-19,CDG,MEX,Air France,R$9107
2025-12-15,2026-03-19,CDG,MEX,Aeromexico,R$8972
2025-12-15,2026-03-19,CDG,MEX,Air France,R$9107
2025-12-15,2026-03-20,CDG,MEX,Aeromexico,R$8972
2025-12-15,2026-03-20,CDG,MEX,Air France,R$9107
2025-12-15,2026-03-20,CDG,MEX,Air France,R$9107
2025-12-15,2026-03-20,CDG,MEX,Aeromexico,R$8972
2025-12-15,2026-03-20,CDG,MEX,Air France,R$9107
2025-12-15,2026-03-21,CDG,MEX,Aeromexico,R$8972
2025-12-15,2026-03-21,CDG,MEX,Air France,R$9107
2025-12-15,2026-03-21,CDG,MEX,Air France,R$9107
2025-12-15,2026-03-21,CDG,MEX,Aeromexico,R$8972
2025-12-15,2026-03-21,CDG,MEX,Air France,R$9107
2025-12-15,2026-03-22,CDG,MEX,Aeromexico,R$8972
2025-12-15,2026-03-22,CDG,MEX,Air France,R$9107
2025-12-15,2026-03-22,CDG,MEX,Air France,R$9107
2025-12-15,2026-03-22,CDG,MEX,Aeromexico,R$8972
2025-12-15,2026-03-22,CDG,MEX,Air France,R$9107
2025-12-15,2026-03-23,CDG,MEX,Aeromexico,R$8972
2025-12-15,2026-03-23,CDG,MEX,Air France,R$9107
2025-12-15,2026-03-23,CDG,MEX,Air France,R$9107
2025-12-15,2026-03-23,CDG,MEX,Aeromexico,R$8972
2025-12-15,2026-03-23,CDG,MEX,Air France,R$9107
2025-12-15,2026-03-24,CDG,MEX,Aeromexico,R$8972
2025-12-15,2026-03-24,CDG,MEX,Air France,R$9107
2025-12-15,2026-03-24,CDG,MEX,Air France,R$9107
2025-12-15,2026-03-24,CDG,MEX,Aeromexico,R$8972
2025-12-15,2026-03-24,CDG,MEX,Air France,R$9107
2025-12-15,2026-03-25,CDG,MEX,Aeromexico,R$8972
2025-12-15,2026-03-25,CDG,MEX,Air France,R$9107
2025-12-15,2026-03-25,CDG,MEX,Air France,R$9107
2025-12-15,2026-03-25,CDG,MEX,Aeromexico,R$8972
2025-12-15,2026-03-25,CDG,MEX,Air France,R$9107
2025-12-15,2026-03-26,CDG,MEX,Aeromexico,R$3277
2025-12-15,2026-03-26,CDG,MEX,Air France,R$9107
2025-12-15,2026-03-26,CDG,MEX,Air France,R$9107
2025-12-15,2026-03-26,CDG,MEX,Aeromexico,R$3277
2025-12-15,2026-03-26,CDG,MEX,Air France,R$9107
2025-12-15,2026-03-27,CDG,MEX,Aeromexico,R$3277
2025-12-15,2026-03-27,CDG,MEX,Air France,R$9107
2025-12-15,2026-03-27,CDG,MEX,Air France,R$9107
2025-12-15,2026-03-27,CDG,MEX,Aeromexico,R$3277
2025-12-15,2026-03-27,CDG,MEX,Air France,R$9107
2025-12-15,2026-03-28,CDG,MEX,Aeromexico,R$3277
2025-12-15,2026-03-28,CDG,MEX,Air France,R$9107
2025-12-15,2026-03-28,CDG,MEX,Air France,R$9107
2025-12-15,2026-03-28,CDG,MEX,Aeromexico,R$3277
2025-12-15,2026-03-28,CDG,MEX,Air France,R$9107
2025-12-15,2026-03-29,CDG,MEX,Aeromexico,R$2959
2025-12-15,2026-03-29,CDG,MEX,Air France,R$9107
2025-12-15,2026-03-29,CDG,MEX,Air France,R$9107
2025-12-15,2026-03-29,CDG,MEX,Aeromexico,R$2959
2025-12-15,2026-03-29,CDG,MEX,Air France,R$9107
2025-12-15,2026-03-30,CDG,MEX,Aeromexico,R$3594
2025-12-15,2026-03-30,CDG,MEX,Aeromexico,R$3594
2025-12-15,2026-03-30,CDG,MEX,Air France,R$9107
2025-12-15,2026-03-30,CDG,MEX,Air France,R$9107
2025-12-15,2026-03-30,CDG,MEX,Aeromexico,R$3594
2025-12-15,2026-03-30,CDG,MEX,Aeromexico,R$3594
2025-12-15,2026-03-30,CDG,MEX,Air France,R$9107
2025-12-15,2026-03-31,CDG,MEX,Aeromexico,R$2959
2025-12-15,2026-03-31,CDG,MEX,Air France,R$9107
2025-12-15,2026-03-31,CDG,MEX,Aeromexico,R$2959
2025-12-15,2026-04-01,CDG,MEX,Aeromexico,R$2959
2025-12-15,2026-04-01,CDG,MEX,Aeromexico,R$2959
2025-12-15,2026-04-01,CDG,MEX,Air France,R$9107
2025-12-15,2026-04-01,CDG,MEX,Air France,R$9107
2025-12-15,2026-04-01,CDG,MEX,Aeromexico,R$2959
2025-12-15,2026-04-01,CDG,MEX,Aeromexico,R$2959
2025-12-15,2026-04-01,CDG,MEX,Air France,R$9107
2025-12-15,2026-04-02,CDG,MEX,Aeromexico,R$2959
2025-12-15,2026-04-02,CDG,MEX,Aeromexico,R$2959
2025-12-15,2026-04-02,CDG,MEX,Air France,R$9107
2025-12-15,2026-04-02,CDG,MEX,Aeromexico,R$2959
2025-12-15,2026-04-02,CDG,MEX,Aeromexico,R$2959
2025-12-15,2026-04-03,CDG,MEX,Aeromexico,R$3594
2025-12-15,2026-04-03,CDG,MEX,Air France,R$9329
2025-12-15,2026-04-03,CDG,MEX,Air France,R$9329
2025-12-15,2026-04-03,CDG,MEX,Aeromexico,R$3594
2025-12-15,2026-04-03,CDG,MEX,Air France,R$9329
2025-12-15,2026-04-04,CDG,MEX,Aeromexico,R$9131
2025-12-15,2026-04-04,CDG,MEX,Air France,R$9329
2025-12-15,2026-04-04,CDG,MEX,Air France,R$9329
2025-12-15,2026-04-04,CDG,MEX,Aeromexico,R$9131
2025-12-15,2026-04-04,CDG,MEX,Air France,R$9329
2025-12-15,2026-04-05,CDG,MEX,Aeromexico,R$9131
2025-12-15,2026-04-05,CDG,MEX,Air France,R$9329
2025-12-15,2026-04-05,CDG,MEX,Air France,R$9329
2025-12-15,2026-04-05,CDG,MEX,Aeromexico,R$9131
2025-12-15,2026-04-05,CDG,MEX,Air France,R$9329
2025-12-15,2026-04-06,CDG,MEX,Aeromexico,R$9131
2025-12-15,2026-04-06,CDG,MEX,Aeromexico,R$9131
2025-12-15,2026-04-06,CDG,MEX,Air France,R$9329
2025-12-15,2026-04-06,CDG,MEX,Air France,R$9329
2025-12-15,2026-04-06,CDG,MEX,Aeromexico,R$9131
2025-12-15,2026-04-06,CDG,MEX,Aeromexico,R$9131
2025-12-15,2026-04-06,CDG,MEX,Air France,R$9329
2025-12-15,2026-04-07,CDG,MEX,Aeromexico,R$9131
2025-12-15,2026-04-07,CDG,MEX,Air France,R$9329
2025-12-15,2026-04-07,CDG,MEX,Aeromexico,R$9131
2025-12-15,2026-04-08,CDG,MEX,Aeromexico,R$9131
2025-12-15,2026-04-08,CDG,MEX,Aeromexico,R$9131
2025-12-15,2026-04-08,CDG,MEX,Air France,R$9329
2025-12-15,2026-04-08,CDG,MEX,Air France,R$9329
2025-12-15,2026-04-08,CDG,MEX,Aeromexico,R$9131
2025-12-15,2026-04-08,CDG,MEX,Aeromexico,R$9131
2025-12-15,2026-04-08,CDG,MEX,Air France,R$9329
2025-12-15,2026-04-09,CDG,MEX,Aeromexico,R$9131
2025-12-15,2026-04-09,CDG,MEX,Aeromexico,R$9131
2025-12-15,2026-04-09,CDG,MEX,Air France,R$9329
2025-12-15,2026-04-09,CDG,MEX,Aeromexico,R$9131
2025-12-15,2026-04-09,CDG,MEX,Aeromexico,R$9131
2025-12-15,2026-04-10,CDG,MEX,Aeromexico,R$9131
2025-12-15,2026-04-10,CDG,MEX,Air France,R$9329
2025-12-15,2026-04-10,CDG,MEX,Air France,R$9329
2025-12-15,2026-04-10,CDG,MEX,Aeromexico,R$9131
2025-12-15,2026-04-10,CDG,MEX,Air France,R$9329
2025-12-15,2026-04-11,CDG,MEX,Aeromexico,R$9131
2025-12-15,2026-04-11,CDG,MEX,Air France,R$9329
2025-12-15,2026-04-11,CDG,MEX,Air France,R$9329
2025-12-15,2026-04-11,CDG,MEX,Aeromexico,R$9131
2025-12-15,2026-04-11,CDG,MEX,Air France,R$9329
2025-12-15,2026-04-12,CDG,MEX,Aeromexico,R$9131
2025-12-15,2026-04-12,CDG,MEX,Air France,R$9329
2025-12-15,2026-04-12,CDG,MEX,Air France,R$9329
2025-12-15,2026-04-12,CDG,MEX,Aeromexico,R$9131
2025-12-15,2026-04-12,CDG,MEX,Air France,R$9329
2025-12-15,2026-04-13,CDG,MEX,Aeromexico,R$9131
2025-12-15,2026-04-13,CDG,MEX,Aeromexico,R$9131
2025-12-15,2026-04-13,CDG,MEX,Air France,R$9329
2025-12-15,2026-04-13,CDG,MEX,Air France,R$9329
2025-12-15,2026-04-13,CDG,MEX,Aeromexico,R$9131
2025-12-15,2026-04-13,CDG,MEX,Aeromexico,R$9131
2025-12-15,2026-04-13,CDG,MEX,Air France,R$9329
2025-12-15,2026-04-14,CDG,MEX,Aeromexico,R$9131
2025-12-15,2026-04-14,CDG,MEX,Air France,R$9329
2025-12-15,2026-04-14,CDG,MEX,Aeromexico,R$9131
2025-12-15,2026-04-15,CDG,MEX,Aeromexico,R$9131
2025-12-15,2026-04-15,CDG,MEX,Air France,R$9329
2025-12-15,2026-04-15,CDG,MEX,Air France,R$9329
2025-12-15,2026-04-15,CDG,MEX,Aeromexico,R$9131
2025-12-15,2026-04-15,CDG,MEX,Air France,R$9329
2025-12-15,2026-04-16,CDG,MEX,Aeromexico,R$9131
2025-12-15,2026-04-16,CDG,MEX,Air France,R$9329
2025-12-15,2026-04-16,CDG,MEX,Aeromexico,R$9131
2025-12-15,2026-04-17,CDG,MEX,Aeromexico,R$9131
2025-12-15,2026-04-17,CDG,MEX,Air France,R$9329
2025-12-15,2026-04-17,CDG,MEX,Air France,R$9329
2025-12-15,2026-04-17,CDG,MEX,Aeromexico,R$9131
2025-12-15,2026-04-17,CDG,MEX,Air France,R$9329
2025-12-15,2026-04-18,CDG,MEX,Aeromexico,R$9131
2025-12-15,2026-04-18,CDG,MEX,Air France,R$9329
2025-12-15,2026-04-18,CDG,MEX,Air France,R$9329
2025-12-15,2026-04-18,CDG,MEX,Aeromexico,R$9131
2025-12-15,2026-04-18,CDG,MEX,Air France,R$9329
2025-12-15,2026-04-19,CDG,MEX,Aeromexico,R$9131
2025-12-15,2026-04-19,CDG,MEX,Air France,R$9329
2025-12-15,2026-04-19,CDG,MEX,Air France,R$9329
2025-12-15,2026-04-19,CDG,MEX,Aeromexico,R$9131
2025-12-15,2026-04-19,CDG,MEX,Air France,R$9329
2025-12-15,2026-04-20,CDG,MEX,Aeromexico,R$9131
2025-12-15,2026-04-20,CDG,MEX,Air France,R$9329
2025-12-15,2026-04-20,CDG,MEX,Air France,R$9329
2025-12-15,2026-04-20,CDG,MEX,Aeromexico,R$9131
2025-12-15,2026-04-20,CDG,MEX,Air France,R$9329
2025-12-15,2026-04-21,CDG,MEX,Aeromexico,R$9131
2025-12-15,2026-04-21,CDG,MEX,Air France,R$9329
2025-12-15,2026-04-21,CDG,MEX,Aeromexico,R$9131
2025-12-15,2026-04-22,CDG,MEX,Aeromexico,R$9131
2025-12-15,2026-04-22,CDG,MEX,Air France,R$9329
2025-12-15,2026-04-22,CDG,MEX,Air France,R$9329
2025-12-15,2026-04-22,CDG,MEX,Aeromexico,R$9131
2025-12-15,2026-04-22,CDG,MEX,Air France,R$9329
2025-12-15,2026-04-23,CDG,MEX,Aeromexico,R$9131
2025-12-15,2026-04-23,CDG,MEX,Air France,R$9329
2025-12-15,2026-04-23,CDG,MEX,Aeromexico,R$9131
2025-12-15,2026-04-24,CDG,MEX,Aeromexico,R$9131
2025-12-15,2026-04-24,CDG,MEX,Air France,R$9329
2025-12-15,2026-04-24,CDG,MEX,Air France,R$9329
2025-12-15,2026-04-24,CDG,MEX,Aeromexico,R$9131
2025-12-15,2026-04-24,CDG,MEX,Air France,R$9329
2025-12-15,2026-04-25,CDG,MEX,Aeromexico,R$9131
2025-12-15,2026-04-25,CDG,MEX,Air France,R$9329
2025-12-15,2026-04-25,CDG,MEX,Air France,R$9329
2025-12-15,2026-04-25,CDG,MEX,Aeromexico,R$9131
2025-12-15,2026-04-25,CDG,MEX,Air France,R$9329
2025-12-15,2026-04-26,CDG,MEX,Aeromexico,R$9131
2025-12-15,2026-04-26,CDG,MEX,Air France,R$9329
2025-12-15,2026-04-26,CDG,MEX,Air France,R$9329
2025-12-15,2026-04-26,CDG,MEX,Aeromexico,R$9131
2025-12-15,2026-04-26,CDG,MEX,Air France,R$9329
2025-12-15,2026-04-27,CDG,MEX,Aeromexico,R$9131
2025-12-15,2026-04-27,CDG,MEX,Air France,R$9329
2025-12-15,2026-04-27,CDG,MEX,Air France,R$9329
2025-12-15,2026-04-27,CDG,MEX,Aeromexico,R$9131
2025-12-15,2026-04-27,CDG,MEX,Air France,R$9329
2025-12-15,2026-04-28,CDG,MEX,Aeromexico,R$9131
2025-12-15,2026-04-28,CDG,MEX,Air France,R$9329
2025-12-15,2026-04-28,CDG,MEX,Aeromexico,R$9131
2025-12-15,2026-04-29,CDG,MEX,Aeromexico,R$9131
2025-12-15,2026-04-29,CDG,MEX,Air France,R$9329
2025-12-15,2026-04-29,CDG,MEX,Air France,R$9329
2025-12-15,2026-04-29,CDG,MEX,Aeromexico,R$9131
2025-12-15,2026-04-29,CDG,MEX,Air France,R$9329
2025-12-15,2026-04-30,CDG,MEX,Aeromexico,R$9131
2025-12-15,2026-04-30,CDG,MEX,Air France,R$9329
2025-12-15,2026-04-30,CDG,MEX,Aeromexico,R$9131
2025-12-15,2026-05-01,CDG,MEX,Aeromexico,R$9131
2025-12-15,2026-05-01,CDG,MEX,Air France,R$9329
2025-12-15,2026-05-01,CDG,MEX,Air France,R$9329
2025-12-15,2026-05-01,CDG,MEX,Aeromexico,R$9131
2025-12-15,2026-05-01,CDG,MEX,Air France,R$9329
2025-12-15,2026-05-02,CDG,MEX,Aeromexico,R$9131
2025-12-15,2026-05-02,CDG,MEX,Air France,R$9329
2025-12-15,2026-05-02,CDG,MEX,Air France,R$9329
2025-12-15,2026-05-02,CDG,MEX,Aeromexico,R$9131
2025-12-15,2026-05-02,CDG,MEX,Air France,R$9329
2025-12-15,2026-05-03,CDG,MEX,Aeromexico,R$9131
2025-12-15,2026-05-03,CDG,MEX,Air France,R$9329
2025-12-15,2026-05-03,CDG,MEX,Air France,R$9329
2025-12-15,2026-05-03,CDG,MEX,Aeromexico,R$9131
2025-12-15,2026-05-03,CDG,MEX,Air France,R$9329
2025-12-15,2026-05-04,CDG,MEX,Aeromexico,R$9131
2025-12-15,2026-05-04,CDG,MEX,Air France,R$9329
2025-12-15,2026-05-04,CDG,MEX,Air France,R$9329
2025-12-15,2026-05-04,CDG,MEX,Aeromexico,R$9131
2025-12-15,2026-05-04,CDG,MEX,Air France,R$9329
2025-12-15,2026-05-05,CDG,MEX,Aeromexico,R$8972
2025-12-15,2026-05-05,CDG,MEX,Air France,R$9107
2025-12-15,2026-05-05,CDG,MEX,Aeromexico,R$8972
2025-12-15,2026-05-06,CDG,MEX,Aeromexico,R$8972
2025-12-15,2026-05-06,CDG,MEX,Air France,R$9107
2025-12-15,2026-05-06,CDG,MEX,Air France,R$9107
2025-12-15,2026-05-06,CDG,MEX,Aeromexico,R$8972
2025-12-15,2026-05-06,CDG,MEX,Air France,R$9107
2025-12-15,2026-05-07,CDG,MEX,Aeromexico,R$8972
2025-12-15,2026-05-07,CDG,MEX,Air France,R$9107
2025-12-15,2026-05-07,CDG,MEX,Aeromexico,R$8972
2025-12-15,2026-05-08,CDG,MEX,Aeromexico,R$8972
2025-12-15,2026-05-08,CDG,MEX,Air France,R$9107
2025-12-15,2026-05-08,CDG,MEX,Air France,R$9107
2025-12-15,2026-05-08,CDG,MEX,Aeromexico,R$8972
2025-12-15,2026-05-08,CDG,MEX,Air France,R$9107
2025-12-15,2026-05-09,CDG,MEX,Aeromexico,R$8972
2025-12-15,2026-05-09,CDG,MEX,Air France,R$9107
2025-12-15,2026-05-09,CDG,MEX,Air France,R$9107
2025-12-15,2026-05-09,CDG,MEX,Aeromexico,R$8972
2025-12-15,2026-05-09,CDG,MEX,Air France,R$9107
2025-12-15,2026-05-10,CDG,MEX,Aeromexico,R$8972
2025-12-15,2026-05-10,CDG,MEX,Air France,R$9107
2025-12-15,2026-05-10,CDG,MEX,Air France,R$9107
2025-12-15,2026-05-10,CDG,MEX,Aeromexico,R$8972
2025-12-15,2026-05-10,CDG,MEX,Air France,R$9107
2025-12-15,2026-05-11,CDG,MEX,Aeromexico,R$8972
2025-12-15,2026-05-11,CDG,MEX,Air France,R$9107
2025-12-15,2026-05-11,CDG,MEX,Air France,R$9107
2025-12-15,2026-05-11,CDG,MEX,Aeromexico,R$8972
2025-12-15,2026-05-11,CDG,MEX,Air France,R$9107
2025-12-15,2026-05-12,CDG,MEX,Aeromexico,R$8972
2025-12-15,2026-05-12,CDG,MEX,Air France,R$9107
2025-12-15,2026-05-12,CDG,MEX,Aeromexico,R$8972
2025-12-15,2026-05-13,CDG,MEX,Aeromexico,R$8972
2025-12-15,2026-05-13,CDG,MEX,Air France,R$9107
2025-12-15,2026-05-13,CDG,MEX,Air France,R$9107
2025-12-15,2026-05-13,CDG,MEX,Aeromexico,R$8972
2025-12-15,2026-05-13,CDG,MEX,Air France,R$9107
2025-12-15,2026-05-14,CDG,MEX,Aeromexico,R$8972
2025-12-15,2026-05-14,CDG,MEX,Air France,R$9107
2025-12-15,2026-05-14,CDG,MEX,Aeromexico,R$8972
2025-12-15,2026-05-15,CDG,MEX,Aeromexico,R$8972
2025-12-15,2026-05-15,CDG,MEX,Air France,R$9107
2025-12-15,2026-05-15,CDG,MEX,Air France,R$9107
2025-12-15,2026-05-15,CDG,MEX,Aeromexico,R$8972
2025-12-15,2026-05-15,CDG,MEX,Air France,R$9107
2025-12-15,2026-05-16,CDG,MEX,Aeromexico,R$8972
2025-12-15,2026-05-16,CDG,MEX,Air France,R$9107
2025-12-15,2026-05-16,CDG,MEX,Air France,R$9107
2025-12-15,2026-05-16,CDG,MEX,Aeromexico,R$8972
2025-12-15,2026-05-16,CDG,MEX,Air France,R$9107
2025-12-15,2026-05-17,CDG,MEX,Aeromexico,R$8972
2025-12-15,2026-05-17,CDG,MEX,Air France,R$9107
2025-12-15,2026-05-17,CDG,MEX,Air France,R$9107
2025-12-15,2026-05-17,CDG,MEX,Aeromexico,R$8972
2025-12-15,2026-05-17,CDG,MEX,Air France,R$9107
2025-12-15,2026-05-18,CDG,MEX,Air France,R$9107
2025-12-15,2026-05-18,CDG,MEX,Air France,R$9107
2025-12-15,2026-05-18,CDG,MEX,Aeromexico,R$10984
2025-12-15,2026-05-18,CDG,MEX,Air France,R$9107
2025-12-15,2026-05-18,CDG,MEX,Air France,R$9107
2025-12-15,2026-05-19,CDG,MEX,Aeromexico,R$8972
2025-12-15,2026-05-19,CDG,MEX,Air France,R$9107
2025-12-15,2026-05-19,CDG,MEX,Aeromexico,R$8972
2025-12-15,2026-05-20,CDG,MEX,Aeromexico,R$8972
2025-12-15,2026-05-20,CDG,MEX,Air France,R$9107
2025-12-15,2026-05-20,CDG,MEX,Air France,R$9107
2025-12-15,2026-05-20,CDG,MEX,Aeromexico,R$8972
2025-12-15,2026-05-20,CDG,MEX,Air France,R$9107
2025-12-15,2026-05-21,CDG,MEX,Aeromexico,R$8972
2025-12-15,2026-05-21,CDG,MEX,Air France,R$9107
2025-12-15,2026-05-21,CDG,MEX,Aeromexico,R$8972
2025-12-15,2026-05-22,CDG,MEX,Aeromexico,R$8972
2025-12-15,2026-05-22,CDG,MEX,Air France,R$9107
2025-12-15,2026-05-22,CDG,MEX,Air France,R$9107
2025-12-15,2026-05-22,CDG,MEX,Aeromexico,R$8972
2025-12-15,2026-05-22,CDG,MEX,Air France,R$9107
2025-12-15,2026-05-23,CDG,MEX,Aeromexico,R$8972
2025-12-15,2026-05-23,CDG,MEX,Air France,R$9107
2025-12-15,2026-05-23,CDG,MEX,Air France,R$9107
2025-12-15,2026-05-23,CDG,MEX,Aeromexico,R$8972
2025-12-15,2026-05-23,CDG,MEX,Air France,R$9107
2025-12-15,2026-05-24,CDG,MEX,Aeromexico,R$8972
2025-12-15,2026-05-24,CDG,MEX,Air France,R$9107
2025-12-15,2026-05-24,CDG,MEX,Air France,R$9107
2025-12-15,2026-05-24,CDG,MEX,Aeromexico,R$8972
2025-12-15,2026-05-24,CDG,MEX,Air France,R$9107
2025-12-15,2026-05-25,CDG,MEX,Aeromexico,R$8972
2025-12-15,2026-05-25,CDG,MEX,Air France,R$9107
2025-12-15,2026-05-25,CDG,MEX,Air France,R$9107
2025-12-15,2026-05-25,CDG,MEX,Aeromexico,R$8972
2025-12-15,2026-05-25,CDG,MEX,Air France,R$9107
2025-12-15,2026-05-26,CDG,MEX,Aeromexico,R$8972
2025-12-15,2026-05-26,CDG,MEX,Air France,R$9107
2025-12-15,2026-05-26,CDG,MEX,Aeromexico,R$8972
2025-12-15,2026-05-27,CDG,MEX,Aeromexico,R$8972
2025-12-15,2026-05-27,CDG,MEX,Air France,R$9107
2025-12-15,2026-05-27,CDG,MEX,Air France,R$9107
2025-12-15,2026-05-27,CDG,MEX,Aeromexico,R$8972
2025-12-15,2026-05-27,CDG,MEX,Air France,R$9107
2025-12-15,2026-05-28,CDG,MEX,Air France,R$9107
2025-12-15,2026-05-28,CDG,MEX,Aeromexico,R$10984
2025-12-15,2026-05-28,CDG,MEX,Air France,R$9107
2025-12-15,2026-05-29,CDG,MEX,Aeromexico,R$8972
2025-12-15,2026-05-29,CDG,MEX,Air France,R$9107
2025-12-15,2026-05-29,CDG,MEX,Air France,R$9107
2025-12-15,2026-05-29,CDG,MEX,Aeromexico,R$8972
2025-12-15,2026-05-29,CDG,MEX,Air France,R$9107
2025-12-15,2026-05-30,CDG,MEX,Aeromexico,R$8972
2025-12-15,2026-05-30,CDG,MEX,Air France,R$9107
2025-12-15,2026-05-30,CDG,MEX,Air France,R$9107
2025-12-15,2026-05-30,CDG,MEX,Aeromexico,R$8972
2025-12-15,2026-05-30,CDG,MEX,Air France,R$9107
2025-12-15,2026-05-31,CDG,MEX,Aeromexico,R$8972
2025-12-15,2026-05-31,CDG,MEX,Air France,R$9107
2025-12-15,2026-05-31,CDG,MEX,Air France,R$9107
2025-12-15,2026-05-31,CDG,MEX,Aeromexico,R$8972
2025-12-15,2026-05-31,CDG,MEX,Air France,R$9107
2025-12-15,2026-06-01,CDG,MEX,Air France,R$9107
2025-12-15,2026-06-01,CDG,MEX,Air France,R$9107
2025-12-15,2026-06-01,CDG,MEX,Aeromexico,R$10984
2025-12-15,2026-06-01,CDG,MEX,Air France,R$9107
2025-12-15,2026-06-01,CDG,MEX,Air France,R$9107
2025-12-15,2026-06-02,CDG,MEX,Aeromexico,R$8972
2025-12-15,2026-06-02,CDG,MEX,Air France,R$9107
2025-12-15,2026-06-02,CDG,MEX,Air France,R$9107
2025-12-15,2026-06-02,CDG,MEX,Aeromexico,R$8972
2025-12-15,2026-06-02,CDG,MEX,Air France,R$9107
2025-12-15,2026-06-03,CDG,MEX,Air France,R$9107
2025-12-15,2026-06-03,CDG,MEX,Air France,R$9107
2025-12-15,2026-06-03,CDG,MEX,Aeromexico,R$10984
2025-12-15,2026-06-03,CDG,MEX,Air France,R$9107
2025-12-15,2026-06-03,CDG,MEX,Air France,R$9107
2025-12-15,2026-06-04,CDG,MEX,Air France,R$9107
2025-12-15,2026-06-04,CDG,MEX,Air France,R$9107
2025-12-15,2026-06-04,CDG,MEX,Aeromexico,R$10984
2025-12-15,2026-06-04,CDG,MEX,Air France,R$9107
2025-12-15,2026-06-04,CDG,MEX,Air France,R$9107
2025-12-15,2026-06-05,CDG,MEX,Aeromexico,R$8972
2025-12-15,2026-06-05,CDG,MEX,Air France,R$9107
2025-12-15,2026-06-05,CDG,MEX,Air France,R$9107
2025-12-15,2026-06-05,CDG,MEX,Aeromexico,R$8972
2025-12-15,2026-06-05,CDG,MEX,Air France,R$9107
2025-12-15,2026-06-06,CDG,MEX,Aeromexico,R$8972
2025-12-15,2026-06-06,CDG,MEX,Air France,R$9107
2025-12-15,2026-06-06,CDG,MEX,Air France,R$9107
2025-12-15,2026-06-06,CDG,MEX,Aeromexico,R$8972
2025-12-15,2026-06-06,CDG,MEX,Air France,R$9107
2025-12-15,2026-06-07,CDG,MEX,Aeromexico,R$8972
2025-12-15,2026-06-07,CDG,MEX,Air France,R$9107
2025-12-15,2026-06-07,CDG,MEX,Air France,R$9107
2025-12-15,2026-06-07,CDG,MEX,Aeromexico,R$8972
2025-12-15,2026-06-07,CDG,MEX,Air France,R$9107
2025-12-15,2026-06-08,CDG,MEX,Aeromexico,R$8972
2025-12-15,2026-06-08,CDG,MEX,Air France,R$9107
2025-12-15,2026-06-08,CDG,MEX,Air France,R$9107
2025-12-15,2026-06-08,CDG,MEX,Aeromexico,R$8972
2025-12-15,2026-06-08,CDG,MEX,Air France,R$9107
2025-12-15,2026-06-09,CDG,MEX,Aeromexico,R$8972
2025-12-15,2026-06-09,CDG,MEX,Air France,R$9107
2025-12-15,2026-06-09,CDG,MEX,Air France,R$9107
2025-12-15,2026-06-09,CDG,MEX,Aeromexico,R$8972
2025-12-15,2026-06-09,CDG,MEX,Air France,R$9107
2025-12-15,2026-06-10,CDG,MEX,Aeromexico,R$8972
2025-12-15,2026-06-10,CDG,MEX,Air France,R$9107
2025-12-15,2026-06-10,CDG,MEX,Air France,R$9107
2025-12-15,2026-06-10,CDG,MEX,Aeromexico,R$8972
2025-12-15,2026-06-10,CDG,MEX,Air France,R$9107
2025-12-15,2026-06-11,CDG,MEX,Aeromexico,R$8972
2025-12-15,2026-06-11,CDG,MEX,Air France,R$9107
2025-12-15,2026-06-11,CDG,MEX,Air France,R$9107
2025-12-15,2026-06-11,CDG,MEX,Aeromexico,R$8972
2025-12-15,2026-06-11,CDG,MEX,Air France,R$9107
2025-12-15,2026-06-12,CDG,MEX,Aeromexico,R$8972
2025-12-15,2026-06-12,CDG,MEX,Air France,R$9107
2025-12-15,2026-06-12,CDG,MEX,Air France,R$9107
2025-12-15,2026-06-12,CDG,MEX,Aeromexico,R$8972
2025-12-15,2026-06-12,CDG,MEX,Air France,R$9107
2025-12-15,2026-06-13,CDG,MEX,Aeromexico,R$8972
2025-12-15,2026-06-13,CDG,MEX,Air France,R$9107
2025-12-15,2026-06-13,CDG,MEX,Air France,R$9107
2025-12-15,2026-06-13,CDG,MEX,Aeromexico,R$8972
2025-12-15,2026-06-13,CDG,MEX,Air France,R$9107
2025-12-15,2026-06-14,CDG,MEX,Aeromexico,R$8972
2025-12-15,2026-06-14,CDG,MEX,Air France,R$9107
2025-12-15,2026-06-14,CDG,MEX,Air France,R$9107
2025-12-15,2026-06-14,CDG,MEX,Aeromexico,R$8972
2025-12-15,2026-06-14,CDG,MEX,Air France,R$9107
2025-12-15,2025-12-15,LHR,MEX,Aeromexico,R$14578
2025-12-15,2025-12-16,LHR,MEX,Aeromexico,R$14686
2025-12-15,2025-12-17,LHR,MEX,British Airways,R$14325
2025-12-15,2025-12-17,LHR,MEX,Aeromexico,R$14686
2025-12-15,2025-12-17,LHR,MEX,British Airways,R$14325
2025-12-15,2025-12-18,LHR,MEX,Aeromexico,R$14686
2025-12-15,2025-12-19,LHR,MEX,British Airways,R$14325
2025-12-15,2025-12-19,LHR,MEX,Aeromexico,R$15980
2025-12-15,2025-12-19,LHR,MEX,British Airways,R$14325
2025-12-15,2025-12-20,LHR,MEX,British Airways,R$14325
2025-12-15,2025-12-20,LHR,MEX,Aeromexico,R$15980
2025-12-15,2025-12-20,LHR,MEX,British Airways,R$14325
2025-12-15,2025-12-21,LHR,MEX,Aeromexico,R$14686
2025-12-15,2025-12-22,LHR,MEX,British Airways,R$10522
2025-12-15,2025-12-22,LHR,MEX,Aeromexico,R$10522
2025-12-15,2025-12-22,LHR,MEX,British Airways,R$10522
2025-12-15,2025-12-23,LHR,MEX,Aeromexico,R$9098
2025-12-15,2025-12-24,LHR,MEX,Aeromexico,R$6930
2025-12-15,2025-12-24,LHR,MEX,British Airways,R$9062
2025-12-15,2025-12-24,LHR,MEX,Aeromexico,R$6930
2025-12-15,2025-12-25,LHR,MEX,Aeromexico,R$6930
2025-12-15,2025-12-26,LHR,MEX,Aeromexico,R$7233
2025-12-15,2025-12-26,LHR,MEX,British Airways,R$9366
2025-12-15,2025-12-26,LHR,MEX,Aeromexico,R$7233
2025-12-15,2025-12-27,LHR,MEX,British Airways,R$9366
2025-12-15,2025-12-27,LHR,MEX,Aeromexico,R$9366
2025-12-15,2025-12-27,LHR,MEX,British Airways,R$9366
2025-12-15,2025-12-28,LHR,MEX,Aeromexico,R$7233
2025-12-15,2025-12-28,LHR,MEX,British Airways,R$14325
2025-12-15,2025-12-28,LHR,MEX,Aeromexico,R$7233
2025-12-15,2025-12-29,LHR,MEX,Aeromexico,R$6930
2025-12-15,2025-12-29,LHR,MEX,British Airways,R$14325
2025-12-15,2025-12-29,LHR,MEX,Aeromexico,R$6930
2025-12-15,2025-12-30,LHR,MEX,Aeromexico,R$7320
2025-12-15,2025-12-31,LHR,MEX,Aeromexico,R$6351
2025-12-15,2025-12-31,LHR,MEX,British Airways,R$7400
2025-12-15,2025-12-31,LHR,MEX,Aeromexico,R$6351
2025-12-15,2026-01-01,LHR,MEX,Aeromexico,R$8650
2025-12-15,2026-01-02,LHR,MEX,British Airways,R$7638
2025-12-15,2026-01-02,LHR,MEX,Aeromexico,R$10226
2025-12-15,2026-01-02,LHR,MEX,British Airways,R$7638
2025-12-15,2026-01-03,LHR,MEX,British Airways,R$14397
2025-12-15,2026-01-03,LHR,MEX,Aeromexico,R$14715
2025-12-15,2026-01-03,LHR,MEX,British Airways,R$14397
2025-12-15,2026-01-04,LHR,MEX,Aeromexico,R$10226
2025-12-15,2026-01-04,LHR,MEX,British Airways,R$14397
2025-12-15,2026-01-04,LHR,MEX,Aeromexico,R$10226
2025-12-15,2026-01-05,LHR,MEX,Aeromexico,R$8650
2025-12-15,2026-01-05,LHR,MEX,British Airways,R$8715
2025-12-15,2026-01-05,LHR,MEX,Aeromexico,R$8650
2025-12-15,2026-01-06,LHR,MEX,Aeromexico,R$8072
2025-12-15,2026-01-07,LHR,MEX,British Airways,R$14397
2025-12-15,2026-01-07,LHR,MEX,Aeromexico,R$14606
2025-12-15,2026-01-07,LHR,MEX,British Airways,R$14397
2025-12-15,2026-01-08,LHR,MEX,Aeromexico,R$9922
2025-12-15,2026-01-09,LHR,MEX,British Airways,R$14397
2025-12-15,2026-01-09,LHR,MEX,Aeromexico,R$14606
2025-12-15,2026-01-09,LHR,MEX,British Airways,R$14397
2025-12-15,2026-01-10,LHR,MEX,Aeromexico,R$10226
2025-12-15,2026-01-10,LHR,MEX,British Airways,R$14397
2025-12-15,2026-01-10,LHR,MEX,Aeromexico,R$10226
2025-12-15,2026-01-11,LHR,MEX,Aeromexico,R$6648
2025-12-15,2026-01-11,LHR,MEX,British Airways,R$9019
2025-12-15,2026-01-11,LHR,MEX,Aeromexico,R$6648
2025-12-15,2026-01-12,LHR,MEX,Aeromexico,R$8672
2025-12-15,2026-01-12,LHR,MEX,British Airways,R$14397
2025-12-15,2026-01-12,LHR,MEX,Aeromexico,R$8672
2025-12-15,2026-01-13,LHR,MEX,Aeromexico,R$7349
2025-12-15,2026-01-14,LHR,MEX,Aeromexico,R$6344
2025-12-15,2026-01-14,LHR,MEX,British Airways,R$8715
2025-12-15,2026-01-14,LHR,MEX,Aeromexico,R$6344
2025-12-15,2026-01-15,LHR,MEX,Aeromexico,R$7349
2025-12-15,2026-01-16,LHR,MEX,Aeromexico,R$5202
2025-12-15,2026-01-16,LHR,MEX,British Airways,R$7638
2025-12-15,2026-01-16,LHR,MEX,Aeromexico,R$5202
2025-12-15,2026-01-17,LHR,MEX,Aeromexico,R$2983
2025-12-15,2026-01-17,LHR,MEX,British Airways,R$7638
2025-12-15,2026-01-17,LHR,MEX,Aeromexico,R$2983
2025-12-15,2026-01-18,LHR,MEX,Aeromexico,R$2983
2025-12-15,2026-01-18,LHR,MEX,British Airways,R$7638
2025-12-15,2026-01-18,LHR,MEX,Aeromexico,R$2983
2025-12-15,2026-01-19,LHR,MEX,Aeromexico,R$2621
2025-12-15,2026-01-19,LHR,MEX,British Airways,R$6026
2025-12-15,2026-01-19,LHR,MEX,Aeromexico,R$2621
2025-12-15,2026-01-20,LHR,MEX,Aeromexico,R$4898
2025-12-15,2026-01-21,LHR,MEX,British Airways,R$4942
2025-12-15,2026-01-21,LHR,MEX,Aeromexico,R$6344
2025-12-15,2026-01-21,LHR,MEX,British Airways,R$4942
2025-12-15,2026-01-22,LHR,MEX,Aeromexico,R$6344
2025-12-15,2026-01-23,LHR,MEX,British Airways,R$5079
2025-12-15,2026-01-23,LHR,MEX,Aeromexico,R$6648
2025-12-15,2026-01-23,LHR,MEX,British Airways,R$5079
2025-12-15,2026-01-24,LHR,MEX,British Airways,R$5079
2025-12-15,2026-01-24,LHR,MEX,Aeromexico,R$5202
2025-12-15,2026-01-24,LHR,MEX,British Airways,R$5079
2025-12-15,2026-01-25,LHR,MEX,Aeromexico,R$2983
2025-12-15,2026-01-25,LHR,MEX,British Airways,R$5079
2025-12-15,2026-01-25,LHR,MEX,Aeromexico,R$2983
2025-12-15,2026-01-26,LHR,MEX,Aeromexico,R$2621
2025-12-15,2026-01-26,LHR,MEX,British Airways,R$4942
2025-12-15,2026-01-26,LHR,MEX,Aeromexico,R$2621
2025-12-15,2026-01-27,LHR,MEX,Aeromexico,R$4898
2025-12-15,2026-01-28,LHR,MEX,British Airways,R$4942
2025-12-15,2026-01-28,LHR,MEX,Aeromexico,R$6344
2025-12-15,2026-01-28,LHR,MEX,British Airways,R$4942
2025-12-15,2026-01-29,LHR,MEX,Aeromexico,R$6344
2025-12-15,2026-01-30,LHR,MEX,British Airways,R$6387
2025-12-15,2026-01-30,LHR,MEX,Aeromexico,R$6648
2025-12-15,2026-01-30,LHR,MEX,British Airways,R$6387
2025-12-15,2026-01-31,LHR,MEX,British Airways,R$6387
2025-12-15,2026-01-31,LHR,MEX,Aeromexico,R$6648
2025-12-15,2026-01-31,LHR,MEX,British Airways,R$6387
2025-12-15,2026-02-01,LHR,MEX,Aeromexico,R$3879
2025-12-15,2026-02-01,LHR,MEX,British Airways,R$7110
2025-12-15,2026-02-01,LHR,MEX,Aeromexico,R$3879
2025-12-15,2026-02-02,LHR,MEX,Aeromexico,R$3518
2025-12-15,2026-02-02,LHR,MEX,British Airways,R$6026
2025-12-15,2026-02-02,LHR,MEX,Aeromexico,R$3518
2025-12-15,2026-02-03,LHR,MEX,Aeromexico,R$3301
2025-12-15,2026-02-04,LHR,MEX,Aeromexico,R$3518
2025-12-15,2026-02-04,LHR,MEX,British Airways,R$6388
2025-12-15,2026-02-04,LHR,MEX,Aeromexico,R$3518
2025-12-15,2026-02-05,LHR,MEX,Aeromexico,R$4901
2025-12-15,2026-02-06,LHR,MEX,Aeromexico,R$5202
2025-12-15,2026-02-06,LHR,MEX,British Airways,R$7110
2025-12-15,2026-02-06,LHR,MEX,Aeromexico,R$5202
2025-12-15,2026-02-07,LHR,MEX,Aeromexico,R$3865
2025-12-15,2026-02-07,LHR,MEX,British Airways,R$4653
2025-12-15,2026-02-07,LHR,MEX,Aeromexico,R$3865
2025-12-15,2026-02-08,LHR,MEX,Aeromexico,R$3446
2025-12-15,2026-02-08,LHR,MEX,British Airways,R$5079
2025-12-15,2026-02-08,LHR,MEX,Aeromexico,R$3446
2025-12-15,2026-02-09,LHR,MEX,Aeromexico,R$3302
2025-12-15,2026-02-09,LHR,MEX,British Airways,R$4944
2025-12-15,2026-02-09,LHR,MEX,Aeromexico,R$3302
2025-12-15,2026-02-10,LHR,MEX,Aeromexico,R$3302
2025-12-15,2026-02-11,LHR,MEX,Aeromexico,R$3519
2025-12-15,2026-02-11,LHR,MEX,British Airways,R$4351
2025-12-15,2026-02-11,LHR,MEX,Aeromexico,R$3519
2025-12-15,2026-02-12,LHR,MEX,Aeromexico,R$6344
2025-12-15,2026-02-13,LHR,MEX,British Airways,R$6391
2025-12-15,2026-02-13,LHR,MEX,Aeromexico,R$6651
2025-12-15,2026-02-13,LHR,MEX,British Airways,R$6391
2025-12-15,2026-02-14,LHR,MEX,Aeromexico,R$5204
2025-12-15,2026-02-14,LHR,MEX,British Airways,R$6029
2025-12-15,2026-02-14,LHR,MEX,Aeromexico,R$5204
2025-12-15,2026-02-15,LHR,MEX,Aeromexico,R$3446
2025-12-15,2026-02-15,LHR,MEX,British Airways,R$6026
2025-12-15,2026-02-15,LHR,MEX,Aeromexico,R$3446
2025-12-15,2026-02-16,LHR,MEX,Aeromexico,R$3302
2025-12-15,2026-02-16,LHR,MEX,British Airways,R$4351
2025-12-15,2026-02-16,LHR,MEX,Aeromexico,R$3302
2025-12-15,2026-02-17,LHR,MEX,Aeromexico,R$3302
2025-12-15,2026-02-18,LHR,MEX,Aeromexico,R$3302
2025-12-15,2026-02-18,LHR,MEX,British Airways,R$4944
2025-12-15,2026-02-18,LHR,MEX,Aeromexico,R$3302
2025-12-15,2026-02-19,LHR,MEX,Aeromexico,R$3302
2025-12-15,2026-02-20,LHR,MEX,Aeromexico,R$3447
2025-12-15,2026-02-20,LHR,MEX,British Airways,R$4655
2025-12-15,2026-02-20,LHR,MEX,Aeromexico,R$3447
2025-12-15,2026-02-21,LHR,MEX,Aeromexico,R$3446
2025-12-15,2026-02-21,LHR,MEX,British Airways,R$4103
2025-12-15,2026-02-21,LHR,MEX,Aeromexico,R$3446
2025-12-15,2026-02-22,LHR,MEX,Aeromexico,R$3446
2025-12-15,2026-02-22,LHR,MEX,British Airways,R$4298
2025-12-15,2026-02-22,LHR,MEX,Aeromexico,R$3446
2025-12-15,2026-02-23,LHR,MEX,Aeromexico,R$3302
2025-12-15,2026-02-23,LHR,MEX,British Airways,R$3997
2025-12-15,2026-02-23,LHR,MEX,Aeromexico,R$3302
2025-12-15,2026-02-24,LHR,MEX,Aeromexico,R$3302
2025-12-15,2026-02-25,LHR,MEX,Aeromexico,R$3302
2025-12-15,2026-02-25,LHR,MEX,British Airways,R$4351
2025-12-15,2026-02-25,LHR,MEX,Aeromexico,R$3302
2025-12-15,2026-02-26,LHR,MEX,Aeromexico,R$3302
2025-12-15,2026-02-27,LHR,MEX,Aeromexico,R$3447
2025-12-15,2026-02-27,LHR,MEX,British Airways,R$4655
2025-12-15,2026-02-27,LHR,MEX,Aeromexico,R$3447
2025-12-15,2026-02-28,LHR,MEX,Aeromexico,R$3447
2025-12-15,2026-02-28,LHR,MEX,British Airways,R$4655
2025-12-15,2026-02-28,LHR,MEX,Aeromexico,R$3447
2025-12-15,2026-03-01,LHR,MEX,Aeromexico,R$3447
2025-12-15,2026-03-01,LHR,MEX,British Airways,R$3910
2025-12-15,2026-03-01,LHR,MEX,Aeromexico,R$3447
2025-12-15,2026-03-02,LHR,MEX,Aeromexico,R$3302
2025-12-15,2026-03-02,LHR,MEX,British Airways,R$4944
2025-12-15,2026-03-02,LHR,MEX,Aeromexico,R$3302
2025-12-15,2026-03-03,LHR,MEX,Aeromexico,R$3302
2025-12-15,2026-03-04,LHR,MEX,Aeromexico,R$3302
2025-12-15,2026-03-04,LHR,MEX,British Airways,R$4351
2025-12-15,2026-03-04,LHR,MEX,Aeromexico,R$3302
2025-12-15,2026-03-05,LHR,MEX,Aeromexico,R$3302
2025-12-15,2026-03-06,LHR,MEX,Aeromexico,R$3447
2025-12-15,2026-03-06,LHR,MEX,British Airways,R$3910
2025-12-15,2026-03-06,LHR,MEX,Aeromexico,R$3447
2025-12-15,2026-03-07,LHR,MEX,Aeromexico,R$3447
2025-12-15,2026-03-07,LHR,MEX,British Airways,R$4300
2025-12-15,2026-03-07,LHR,MEX,Aeromexico,R$3447
2025-12-15,2026-03-08,LHR,MEX,Aeromexico,R$3447
2025-12-15,2026-03-08,LHR,MEX,British Airways,R$3910
2025-12-15,2026-03-08,LHR,MEX,Aeromexico,R$3447
2025-12-15,2026-03-09,LHR,MEX,Aeromexico,R$3302
2025-12-15,2026-03-09,LHR,MEX,British Airways,R$3997
2025-12-15,2026-03-09,LHR,MEX,Aeromexico,R$3302
2025-12-15,2026-03-10,LHR,MEX,Aeromexico,R$3302
2025-12-15,2026-03-11,LHR,MEX,Aeromexico,R$3302
2025-12-15,2026-03-11,LHR,MEX,British Airways,R$3801
2025-12-15,2026-03-11,LHR,MEX,Aeromexico,R$3302
2025-12-15,2026-03-12,LHR,MEX,Aeromexico,R$3302
2025-12-15,2026-03-13,LHR,MEX,Aeromexico,R$3447
2025-12-15,2026-03-13,LHR,MEX,British Airways,R$4105
2025-12-15,2026-03-13,LHR,MEX,Aeromexico,R$3447
2025-12-15,2026-03-14,LHR,MEX,Aeromexico,R$3447
2025-12-15,2026-03-14,LHR,MEX,British Airways,R$4655
2025-12-15,2026-03-14,LHR,MEX,Aeromexico,R$3447
2025-12-15,2026-03-15,LHR,MEX,Aeromexico,R$3447
2025-12-15,2026-03-15,LHR,MEX,British Airways,R$5082
2025-12-15,2026-03-15,LHR,MEX,Aeromexico,R$3447
2025-12-15,2026-03-16,LHR,MEX,Aeromexico,R$3302
2025-12-15,2026-03-16,LHR,MEX,British Airways,R$3801
2025-12-15,2026-03-16,LHR,MEX,Aeromexico,R$3302
2025-12-15,2026-03-17,LHR,MEX,Aeromexico,R$3302
2025-12-15,2026-03-18,LHR,MEX,Aeromexico,R$3302
2025-12-15,2026-03-18,LHR,MEX,British Airways,R$4944
2025-12-15,2026-03-18,LHR,MEX,Aeromexico,R$3302
2025-12-15,2026-03-19,LHR,MEX,Aeromexico,R$3302
2025-12-15,2026-03-20,LHR,MEX,Aeromexico,R$3592
2025-12-15,2026-03-20,LHR,MEX,British Airways,R$5559
2025-12-15,2026-03-20,LHR,MEX,Aeromexico,R$3592
2025-12-15,2026-03-21,LHR,MEX,Aeromexico,R$3592
2025-12-15,2026-03-21,LHR,MEX,British Airways,R$4705
2025-12-15,2026-03-21,LHR,MEX,Aeromexico,R$3592
2025-12-15,2026-03-22,LHR,MEX,Aeromexico,R$3592
2025-12-15,2026-03-22,LHR,MEX,British Airways,R$4705
2025-12-15,2026-03-22,LHR,MEX,Aeromexico,R$3592
2025-12-15,2026-03-23,LHR,MEX,Aeromexico,R$3447
2025-12-15,2026-03-23,LHR,MEX,British Airways,R$4402
2025-12-15,2026-03-23,LHR,MEX,Aeromexico,R$3447
2025-12-15,2026-03-24,LHR,MEX,Aeromexico,R$3447
2025-12-15,2026-03-25,LHR,MEX,Aeromexico,R$3968
2025-12-15,2026-03-25,LHR,MEX,British Airways,R$6644
2025-12-15,2026-03-25,LHR,MEX,Aeromexico,R$3968
2025-12-15,2026-03-26,LHR,MEX,Aeromexico,R$3599
2025-12-15,2026-03-27,LHR,MEX,Aeromexico,R$7989
2025-12-15,2026-03-27,LHR,MEX,British Airways,R$9175
2025-12-15,2026-03-27,LHR,MEX,Aeromexico,R$7989
2025-12-15,2026-03-28,LHR,MEX,Aeromexico,R$4684
2025-12-15,2026-03-28,LHR,MEX,British Airways,R$9175
2025-12-15,2026-03-28,LHR,MEX,Aeromexico,R$4684
2025-12-15,2026-03-29,LHR,MEX,Aeromexico,R$3961
2025-12-15,2026-03-29,LHR,MEX,British Airways,R$6448
2025-12-15,2026-03-29,LHR,MEX,Aeromexico,R$3961
2025-12-15,2026-03-30,LHR,MEX,Aeromexico,R$3599
2025-12-15,2026-03-30,LHR,MEX,British Airways,R$5407
2025-12-15,2026-03-30,LHR,MEX,Aeromexico,R$3599
2025-12-15,2026-03-31,LHR,MEX,Aeromexico,R$3599
2025-12-15,2026-03-31,LHR,MEX,British Airways,R$7728
2025-12-15,2026-03-31,LHR,MEX,Aeromexico,R$3599
2025-12-15,2026-04-01,LHR,MEX,Aeromexico,R$3686
2025-12-15,2026-04-01,LHR,MEX,British Airways,R$8900
2025-12-15,2026-04-01,LHR,MEX,Aeromexico,R$3686
2025-12-15,2026-04-02,LHR,MEX,Aeromexico,R$3686
2025-12-15,2026-04-02,LHR,MEX,British Airways,R$8900
2025-12-15,2026-04-02,LHR,MEX,Aeromexico,R$3686
2025-12-15,2026-04-03,LHR,MEX,British Airways,R$7815
2025-12-15,2026-04-03,LHR,MEX,Aeromexico,R$10527
2025-12-15,2026-04-03,LHR,MEX,British Airways,R$7815
2025-12-15,2026-04-04,LHR,MEX,Aeromexico,R$4228
2025-12-15,2026-04-04,LHR,MEX,British Airways,R$5646
2025-12-15,2026-04-04,LHR,MEX,Aeromexico,R$4228
2025-12-15,2026-04-05,LHR,MEX,Aeromexico,R$4358
2025-12-15,2026-04-05,LHR,MEX,British Airways,R$5147
2025-12-15,2026-04-05,LHR,MEX,Aeromexico,R$4358
2025-12-15,2026-04-06,LHR,MEX,Aeromexico,R$4055
2025-12-15,2026-04-06,LHR,MEX,British Airways,R$5646
2025-12-15,2026-04-06,LHR,MEX,Aeromexico,R$4055
2025-12-15,2026-04-07,LHR,MEX,Aeromexico,R$4055
2025-12-15,2026-04-07,LHR,MEX,British Airways,R$4489
2025-12-15,2026-04-07,LHR,MEX,Aeromexico,R$4055
2025-12-15,2026-04-08,LHR,MEX,Aeromexico,R$4055
2025-12-15,2026-04-08,LHR,MEX,British Airways,R$5646
2025-12-15,2026-04-08,LHR,MEX,Aeromexico,R$4055
2025-12-15,2026-04-09,LHR,MEX,Aeromexico,R$4055
2025-12-15,2026-04-09,LHR,MEX,British Airways,R$4843
2025-12-15,2026-04-09,LHR,MEX,Aeromexico,R$4055
2025-12-15,2026-04-10,LHR,MEX,Aeromexico,R$4358
2025-12-15,2026-04-10,LHR,MEX,British Airways,R$7092
2025-12-15,2026-04-10,LHR,MEX,Aeromexico,R$4358
2025-12-15,2026-04-11,LHR,MEX,Aeromexico,R$9045
2025-12-15,2026-04-11,LHR,MEX,British Airways,R$14490
2025-12-15,2026-04-11,LHR,MEX,Aeromexico,R$9045
2025-12-15,2026-04-12,LHR,MEX,British Airways,R$7200
2025-12-15,2026-04-12,LHR,MEX,Aeromexico,R$7743
2025-12-15,2026-04-12,LHR,MEX,British Airways,R$7200
2025-12-15,2026-04-13,LHR,MEX,Aeromexico,R$3650
2025-12-15,2026-04-13,LHR,MEX,British Airways,R$6116
2025-12-15,2026-04-13,LHR,MEX,Aeromexico,R$3650
2025-12-15,2026-04-14,LHR,MEX,Aeromexico,R$3650
2025-12-15,2026-04-14,LHR,MEX,British Airways,R$5031
2025-12-15,2026-04-14,LHR,MEX,Aeromexico,R$3650
2025-12-15,2026-04-15,LHR,MEX,Aeromexico,R$3650
2025-12-15,2026-04-15,LHR,MEX,British Airways,R$4084
2025-12-15,2026-04-15,LHR,MEX,Aeromexico,R$3650
2025-12-15,2026-04-16,LHR,MEX,Aeromexico,R$3650
2025-12-15,2026-04-16,LHR,MEX,British Airways,R$4438
2025-12-15,2026-04-16,LHR,MEX,Aeromexico,R$3650
2025-12-15,2026-04-17,LHR,MEX,Aeromexico,R$3953
2025-12-15,2026-04-17,LHR,MEX,British Airways,R$4192
2025-12-15,2026-04-17,LHR,MEX,Aeromexico,R$3953
2025-12-15,2026-04-18,LHR,MEX,Aeromexico,R$3953
2025-12-15,2026-04-18,LHR,MEX,British Airways,R$6116
2025-12-15,2026-04-18,LHR,MEX,Aeromexico,R$3953
2025-12-15,2026-04-19,LHR,MEX,Aeromexico,R$3953
2025-12-15,2026-04-19,LHR,MEX,British Airways,R$4742
2025-12-15,2026-04-19,LHR,MEX,Aeromexico,R$3953
2025-12-15,2026-04-20,LHR,MEX,Aeromexico,R$3650
2025-12-15,2026-04-20,LHR,MEX,British Airways,R$6116
2025-12-15,2026-04-20,LHR,MEX,Aeromexico,R$3650
2025-12-15,2026-04-21,LHR,MEX,Aeromexico,R$3650
2025-12-15,2026-04-21,LHR,MEX,British Airways,R$4438
2025-12-15,2026-04-21,LHR,MEX,Aeromexico,R$3650
2025-12-15,2026-04-22,LHR,MEX,Aeromexico,R$3650
2025-12-15,2026-04-22,LHR,MEX,British Airways,R$3693
2025-12-15,2026-04-22,LHR,MEX,Aeromexico,R$3650
2025-12-15,2026-04-23,LHR,MEX,Aeromexico,R$3650
2025-12-15,2026-04-23,LHR,MEX,British Airways,R$4438
2025-12-15,2026-04-23,LHR,MEX,Aeromexico,R$3650
2025-12-15,2026-04-24,LHR,MEX,Aeromexico,R$3953
2025-12-15,2026-04-24,LHR,MEX,British Airways,R$4192
2025-12-15,2026-04-24,LHR,MEX,Aeromexico,R$3953
2025-12-15,2026-04-25,LHR,MEX,Aeromexico,R$3953
2025-12-15,2026-04-25,LHR,MEX,British Airways,R$6116
2025-12-15,2026-04-25,LHR,MEX,Aeromexico,R$3953
2025-12-15,2026-04-26,LHR,MEX,Aeromexico,R$3953
2025-12-15,2026-04-26,LHR,MEX,British Airways,R$4387
2025-12-15,2026-04-26,LHR,MEX,Aeromexico,R$3953
2025-12-15,2026-04-27,LHR,MEX,Aeromexico,R$3650
2025-12-15,2026-04-27,LHR,MEX,British Airways,R$3888
2025-12-15,2026-04-27,LHR,MEX,Aeromexico,R$3650
2025-12-15,2026-04-28,LHR,MEX,Aeromexico,R$3650
2025-12-15,2026-04-28,LHR,MEX,British Airways,R$5031
2025-12-15,2026-04-28,LHR,MEX,Aeromexico,R$3650
2025-12-15,2026-04-29,LHR,MEX,Aeromexico,R$3650
2025-12-15,2026-04-29,LHR,MEX,British Airways,R$4438
2025-12-15,2026-04-29,LHR,MEX,Aeromexico,R$3650
2025-12-15,2026-04-30,LHR,MEX,Aeromexico,R$3650
2025-12-15,2026-04-30,LHR,MEX,British Airways,R$4438
2025-12-15,2026-04-30,LHR,MEX,Aeromexico,R$3650
2025-12-15,2026-05-01,LHR,MEX,Aeromexico,R$3953
2025-12-15,2026-05-01,LHR,MEX,British Airways,R$4742
2025-12-15,2026-05-01,LHR,MEX,Aeromexico,R$3953
2025-12-15,2026-05-02,LHR,MEX,Aeromexico,R$3953
2025-12-15,2026-05-02,LHR,MEX,British Airways,R$6116
2025-12-15,2026-05-02,LHR,MEX,Aeromexico,R$3953
2025-12-15,2026-05-03,LHR,MEX,Aeromexico,R$3953
2025-12-15,2026-05-03,LHR,MEX,British Airways,R$4742
2025-12-15,2026-05-03,LHR,MEX,Aeromexico,R$3953
2025-12-15,2026-05-04,LHR,MEX,Aeromexico,R$3650
2025-12-15,2026-05-04,LHR,MEX,British Airways,R$5031
2025-12-15,2026-05-04,LHR,MEX,Aeromexico,R$3650
2025-12-15,2026-05-05,LHR,MEX,Aeromexico,R$3650
2025-12-15,2026-05-05,LHR,MEX,British Airways,R$3888
2025-12-15,2026-05-05,LHR,MEX,Aeromexico,R$3650
2025-12-15,2026-05-06,LHR,MEX,Aeromexico,R$3650
2025-12-15,2026-05-06,LHR,MEX,British Airways,R$4438
2025-12-15,2026-05-06,LHR,MEX,Aeromexico,R$3650
2025-12-15,2026-05-07,LHR,MEX,Aeromexico,R$3650
2025-12-15,2026-05-07,LHR,MEX,British Airways,R$4438
2025-12-15,2026-05-07,LHR,MEX,Aeromexico,R$3650
2025-12-15,2026-05-08,LHR,MEX,Aeromexico,R$6738
2025-12-15,2026-05-08,LHR,MEX,British Airways,R$7728
2025-12-15,2026-05-08,LHR,MEX,Aeromexico,R$6738
2025-12-15,2026-05-09,LHR,MEX,Aeromexico,R$3953
2025-12-15,2026-05-09,LHR,MEX,British Airways,R$4742
2025-12-15,2026-05-09,LHR,MEX,Aeromexico,R$3953
2025-12-15,2026-05-10,LHR,MEX,Aeromexico,R$3953
2025-12-15,2026-05-10,LHR,MEX,British Airways,R$4742
2025-12-15,2026-05-10,LHR,MEX,Aeromexico,R$3953
2025-12-15,2026-05-11,LHR,MEX,Aeromexico,R$3650
2025-12-15,2026-05-11,LHR,MEX,British Airways,R$5031
2025-12-15,2026-05-11,LHR,MEX,Aeromexico,R$3650
2025-12-15,2026-05-12,LHR,MEX,Aeromexico,R$3650
2025-12-15,2026-05-12,LHR,MEX,British Airways,R$3888
2025-12-15,2026-05-12,LHR,MEX,Aeromexico,R$3650
2025-12-15,2026-05-13,LHR,MEX,Aeromexico,R$3650
2025-12-15,2026-05-13,LHR,MEX,British Airways,R$4438
2025-12-15,2026-05-13,LHR,MEX,Aeromexico,R$3650
2025-12-15,2026-05-14,LHR,MEX,Aeromexico,R$3650
2025-12-15,2026-05-14,LHR,MEX,British Airways,R$4438
2025-12-15,2026-05-14,LHR,MEX,Aeromexico,R$3650
2025-12-15,2026-05-15,LHR,MEX,Aeromexico,R$3953
2025-12-15,2026-05-15,LHR,MEX,British Airways,R$4742
2025-12-15,2026-05-15,LHR,MEX,Aeromexico,R$3953
2025-12-15,2026-05-16,LHR,MEX,Aeromexico,R$4358
2025-12-15,2026-05-16,LHR,MEX,British Airways,R$6730
2025-12-15,2026-05-16,LHR,MEX,Aeromexico,R$4358
2025-12-15,2026-05-17,LHR,MEX,British Airways,R$6730
2025-12-15,2026-05-17,LHR,MEX,Aeromexico,R$7352
2025-12-15,2026-05-17,LHR,MEX,British Airways,R$6730
2025-12-15,2026-05-18,LHR,MEX,Aeromexico,R$4055
2025-12-15,2026-05-18,LHR,MEX,British Airways,R$7092
2025-12-15,2026-05-18,LHR,MEX,Aeromexico,R$4055
2025-12-15,2026-05-19,LHR,MEX,Aeromexico,R$7049
2025-12-15,2026-05-19,LHR,MEX,British Airways,R$7092
2025-12-15,2026-05-19,LHR,MEX,Aeromexico,R$7049
2025-12-15,2026-05-20,LHR,MEX,Aeromexico,R$4055
2025-12-15,2026-05-20,LHR,MEX,British Airways,R$4293
2025-12-15,2026-05-20,LHR,MEX,Aeromexico,R$4055
2025-12-15,2026-05-21,LHR,MEX,Aeromexico,R$4055
2025-12-15,2026-05-21,LHR,MEX,British Airways,R$4843
2025-12-15,2026-05-21,LHR,MEX,Aeromexico,R$4055
2025-12-15,2026-05-22,LHR,MEX,Aeromexico,R$4358
2025-12-15,2026-05-22,LHR,MEX,British Airways,R$5147
2025-12-15,2026-05-22,LHR,MEX,Aeromexico,R$4358
2025-12-15,2026-05-23,LHR,MEX,British Airways,R$5646
2025-12-15,2026-05-23,LHR,MEX,Aeromexico,R$5906
2025-12-15,2026-05-23,LHR,MEX,British Airways,R$5646
2025-12-15,2026-05-24,LHR,MEX,Aeromexico,R$5906
2025-12-15,2026-05-24,LHR,MEX,British Airways,R$7092
2025-12-15,2026-05-24,LHR,MEX,Aeromexico,R$5906
2025-12-15,2026-05-25,LHR,MEX,Aeromexico,R$4055
2025-12-15,2026-05-25,LHR,MEX,British Airways,R$6730
2025-12-15,2026-05-25,LHR,MEX,Aeromexico,R$4055
2025-12-15,2026-05-26,LHR,MEX,British Airways,R$4489
2025-12-15,2026-05-26,LHR,MEX,Aeromexico,R$5602
2025-12-15,2026-05-26,LHR,MEX,British Airways,R$4489
2025-12-15,2026-05-27,LHR,MEX,Aeromexico,R$4055
2025-12-15,2026-05-27,LHR,MEX,British Airways,R$4843
2025-12-15,2026-05-27,LHR,MEX,Aeromexico,R$4055
2025-12-15,2026-05-28,LHR,MEX,British Airways,R$5646
2025-12-15,2026-05-28,LHR,MEX,Aeromexico,R$7049
2025-12-15,2026-05-28,LHR,MEX,British Airways,R$5646
2025-12-15,2026-05-29,LHR,MEX,British Airways,R$4792
2025-12-15,2026-05-29,LHR,MEX,Aeromexico,R$7352
2025-12-15,2026-05-29,LHR,MEX,British Airways,R$4792
2025-12-15,2026-05-30,LHR,MEX,Aeromexico,R$4358
2025-12-15,2026-05-30,LHR,MEX,British Airways,R$5646
2025-12-15,2026-05-30,LHR,MEX,Aeromexico,R$4358
2025-12-15,2026-05-31,LHR,MEX,British Airways,R$5147
2025-12-15,2026-05-31,LHR,MEX,Aeromexico,R$7352
2025-12-15,2026-05-31,LHR,MEX,British Airways,R$5147
2025-12-15,2026-06-01,LHR,MEX,Aeromexico,R$4055
2025-12-15,2026-06-01,LHR,MEX,British Airways,R$4843
2025-12-15,2026-06-01,LHR,MEX,Aeromexico,R$4055
2025-12-15,2026-06-02,LHR,MEX,Aeromexico,R$4055
2025-12-15,2026-06-02,LHR,MEX,British Airways,R$4489
2025-12-15,2026-06-02,LHR,MEX,Aeromexico,R$4055
2025-12-15,2026-06-03,LHR,MEX,British Airways,R$5646
2025-12-15,2026-06-03,LHR,MEX,Aeromexico,R$7049
2025-12-15,2026-06-03,LHR,MEX,British Airways,R$5646
2025-12-15,2026-06-04,LHR,MEX,Aeromexico,R$4055
2025-12-15,2026-06-04,LHR,MEX,British Airways,R$8177
2025-12-15,2026-06-04,LHR,MEX,Aeromexico,R$4055
2025-12-15,2026-06-05,LHR,MEX,British Airways,R$6730
2025-12-15,2026-06-05,LHR,MEX,Aeromexico,R$9486
2025-12-15,2026-06-05,LHR,MEX,British Airways,R$6730
2025-12-15,2026-06-06,LHR,MEX,Aeromexico,R$5906
2025-12-15,2026-06-06,LHR,MEX,British Airways,R$8177
2025-12-15,2026-06-06,LHR,MEX,Aeromexico,R$5906
2025-12-15,2026-06-07,LHR,MEX,Aeromexico,R$7352
2025-12-15,2026-06-07,LHR,MEX,British Airways,R$9529
2025-12-15,2026-06-07,LHR,MEX,Aeromexico,R$7352
2025-12-15,2026-06-08,LHR,MEX,Aeromexico,R$4055
2025-12-15,2026-06-08,LHR,MEX,British Airways,R$9225
2025-12-15,2026-06-08,LHR,MEX,Aeromexico,R$4055
2025-12-15,2026-06-09,LHR,MEX,Aeromexico,R$4055
2025-12-15,2026-06-09,LHR,MEX,British Airways,R$14490
2025-12-15,2026-06-09,LHR,MEX,Aeromexico,R$4055
2025-12-15,2026-06-10,LHR,MEX,Aeromexico,R$4055
2025-12-15,2026-06-10,LHR,MEX,British Airways,R$14490
2025-12-15,2026-06-10,LHR,MEX,Aeromexico,R$4055
2025-12-15,2026-06-11,LHR,MEX,Aeromexico,R$4055
2025-12-15,2026-06-11,LHR,MEX,British Airways,R$14490
2025-12-15,2026-06-11,LHR,MEX,Aeromexico,R$4055
2025-12-15,2026-06-12,LHR,MEX,Aeromexico,R$4358
2025-12-15,2026-06-12,LHR,MEX,British Airways,R$6730
2025-12-15,2026-06-12,LHR,MEX,Aeromexico,R$4358
2025-12-15,2026-06-13,LHR,MEX,Aeromexico,R$5906
2025-12-15,2026-06-13,LHR,MEX,British Airways,R$7815
2025-12-15,2026-06-13,LHR,MEX,Aeromexico,R$5906
2025-12-15,2026-06-14,LHR,MEX,Aeromexico,R$4358
2025-12-15,2026-06-14,LHR,MEX,British Airways,R$6730
2025-12-15,2026-06-14,LHR,MEX,Aeromexico,R$4358
2025-12-15,2025-12-15,AMS,MEX,Aeromexico,R$13530
2025-12-15,2025-12-16,AMS,MEX,KLM,R$11843
2025-12-15,2025-12-16,AMS,MEX,Aeromexico,Price unavailable
2025-12-15,2025-12-16,AMS,MEX,KLM,R$11843
2025-12-15,2025-12-17,AMS,MEX,KLM,R$9333
2025-12-15,2025-12-17,AMS,MEX,Aeromexico,R$10175
2025-12-15,2025-12-17,AMS,MEX,KLM,R$9333
2025-12-15,2025-12-18,AMS,MEX,KLM,R$10222
2025-12-15,2025-12-18,AMS,MEX,Aeromexico,R$16587
2025-12-15,2025-12-18,AMS,MEX,KLM,R$10222
2025-12-15,2025-12-19,AMS,MEX,Aeromexico,R$16587
2025-12-15,2025-12-19,AMS,MEX,KLM,R$17180
2025-12-15,2025-12-19,AMS,MEX,Aeromexico,R$16587
2025-12-15,2025-12-20,AMS,MEX,Aeromexico,R$16587
2025-12-15,2025-12-20,AMS,MEX,KLM,R$17295
2025-12-15,2025-12-20,AMS,MEX,Aeromexico,R$16587
2025-12-15,2025-12-21,AMS,MEX,KLM,R$12847
2025-12-15,2025-12-21,AMS,MEX,Aeromexico,R$14166
2025-12-15,2025-12-21,AMS,MEX,KLM,R$12847
2025-12-15,2025-12-22,AMS,MEX,KLM,R$11957
2025-12-15,2025-12-22,AMS,MEX,Aeromexico,R$14166
2025-12-15,2025-12-22,AMS,MEX,KLM,R$11957
2025-12-15,2025-12-23,AMS,MEX,KLM,R$9333
2025-12-15,2025-12-23,AMS,MEX,Aeromexico,R$10175
2025-12-15,2025-12-23,AMS,MEX,KLM,R$9333
2025-12-15,2025-12-24,AMS,MEX,Aeromexico,R$9222
2025-12-15,2025-12-24,AMS,MEX,KLM,R$9333
2025-12-15,2025-12-24,AMS,MEX,Aeromexico,R$9222
2025-12-15,2025-12-25,AMS,MEX,Aeromexico,R$9222
2025-12-15,2025-12-25,AMS,MEX,KLM,R$9333
2025-12-15,2025-12-25,AMS,MEX,Aeromexico,R$9222
2025-12-15,2025-12-26,AMS,MEX,KLM,R$9333
2025-12-15,2025-12-26,AMS,MEX,Aeromexico,R$11154
2025-12-15,2025-12-26,AMS,MEX,KLM,R$9333
2025-12-15,2025-12-27,AMS,MEX,Aeromexico,R$9298
2025-12-15,2025-12-27,AMS,MEX,KLM,R$9441
2025-12-15,2025-12-27,AMS,MEX,Aeromexico,R$9298
2025-12-15,2025-12-28,AMS,MEX,Aeromexico,R$9298
2025-12-15,2025-12-28,AMS,MEX,KLM,R$9441
2025-12-15,2025-12-28,AMS,MEX,Aeromexico,R$9298
2025-12-15,2025-12-29,AMS,MEX,Aeromexico,R$9298
2025-12-15,2025-12-29,AMS,MEX,KLM,R$9441
2025-12-15,2025-12-29,AMS,MEX,Aeromexico,R$9298
2025-12-15,2025-12-30,AMS,MEX,Aeromexico,R$9222
2025-12-15,2025-12-30,AMS,MEX,KLM,R$9333
2025-12-15,2025-12-30,AMS,MEX,Aeromexico,R$9222
2025-12-15,2025-12-31,AMS,MEX,Aeromexico,R$9258
2025-12-15,2025-12-31,AMS,MEX,KLM,R$9333
2025-12-15,2025-12-31,AMS,MEX,Aeromexico,R$9258
2025-12-15,2026-01-01,AMS,MEX,Aeromexico,R$11190
2025-12-15,2026-01-01,AMS,MEX,KLM,R$11884
2025-12-15,2026-01-01,AMS,MEX,Aeromexico,R$11190
2025-12-15,2026-01-02,AMS,MEX,KLM,R$12774
2025-12-15,2026-01-02,AMS,MEX,Aeromexico,R$13566
2025-12-15,2026-01-02,AMS,MEX,KLM,R$12774
2025-12-15,2026-01-03,AMS,MEX,Aeromexico,R$16305
2025-12-15,2026-01-03,AMS,MEX,KLM,R$17336
2025-12-15,2026-01-03,AMS,MEX,Aeromexico,R$16305
2025-12-15,2026-01-04,AMS,MEX,KLM,R$17336
2025-12-15,2026-01-04,AMS,MEX,Aeromexico,R$26237
2025-12-15,2026-01-04,AMS,MEX,KLM,R$17336
2025-12-15,2026-01-05,AMS,MEX,KLM,R$12888
2025-12-15,2026-01-05,AMS,MEX,Aeromexico,R$14202
2025-12-15,2026-01-05,AMS,MEX,KLM,R$12888
2025-12-15,2026-01-06,AMS,MEX,KLM,R$11884
2025-12-15,2026-01-06,AMS,MEX,Aeromexico,R$13566
2025-12-15,2026-01-06,AMS,MEX,KLM,R$11884
2025-12-15,2026-01-07,AMS,MEX,KLM,R$11884
2025-12-15,2026-01-07,AMS,MEX,Aeromexico,R$14202
2025-12-15,2026-01-07,AMS,MEX,KLM,R$11884
2025-12-15,2026-01-08,AMS,MEX,KLM,R$11884
2025-12-15,2026-01-08,AMS,MEX,Aeromexico,R$13566
2025-12-15,2026-01-08,AMS,MEX,KLM,R$11884
2025-12-15,2026-01-09,AMS,MEX,KLM,R$11884
2025-12-15,2026-01-09,AMS,MEX,Aeromexico,R$13566
2025-12-15,2026-01-09,AMS,MEX,KLM,R$11884
2025-12-15,2026-01-10,AMS,MEX,KLM,R$9482
2025-12-15,2026-01-10,AMS,MEX,Aeromexico,R$13566
2025-12-15,2026-01-10,AMS,MEX,KLM,R$9482
2025-12-15,2026-01-11,AMS,MEX,KLM,R$9482
2025-12-15,2026-01-11,AMS,MEX,Aeromexico,R$11266
2025-12-15,2026-01-11,AMS,MEX,KLM,R$9482
2025-12-15,2026-01-12,AMS,MEX,Aeromexico,R$9334
2025-12-15,2026-01-12,AMS,MEX,KLM,R$9482
2025-12-15,2026-01-12,AMS,MEX,Aeromexico,R$9334
2025-12-15,2026-01-13,AMS,MEX,Aeromexico,R$9258
2025-12-15,2026-01-13,AMS,MEX,KLM,R$9374
2025-12-15,2026-01-13,AMS,MEX,Aeromexico,R$9258
2025-12-15,2026-01-14,AMS,MEX,Aeromexico,R$9258
2025-12-15,2026-01-14,AMS,MEX,KLM,R$9374
2025-12-15,2026-01-14,AMS,MEX,Aeromexico,R$9258
2025-12-15,2026-01-15,AMS,MEX,Aeromexico,R$9258
2025-12-15,2026-01-15,AMS,MEX,KLM,R$9374
2025-12-15,2026-01-15,AMS,MEX,Aeromexico,R$9258
2025-12-15,2026-01-16,AMS,MEX,Aeromexico,R$9258
2025-12-15,2026-01-16,AMS,MEX,KLM,R$9374
2025-12-15,2026-01-16,AMS,MEX,Aeromexico,R$9258
2025-12-15,2026-01-17,AMS,MEX,Aeromexico,R$9334
2025-12-15,2026-01-17,AMS,MEX,KLM,R$9482
2025-12-15,2026-01-17,AMS,MEX,Aeromexico,R$9334
2025-12-15,2026-01-18,AMS,MEX,Aeromexico,R$3272
2025-12-15,2026-01-18,AMS,MEX,KLM,R$9482
2025-12-15,2026-01-18,AMS,MEX,Aeromexico,R$3272
2025-12-15,2026-01-19,AMS,MEX,Aeromexico,R$3272
2025-12-15,2026-01-19,AMS,MEX,KLM,R$9501
2025-12-15,2026-01-19,AMS,MEX,Aeromexico,R$3272
2025-12-15,2026-01-20,AMS,MEX,Aeromexico,R$2954
2025-12-15,2026-01-20,AMS,MEX,KLM,R$9374
2025-12-15,2026-01-20,AMS,MEX,Aeromexico,R$2954
2025-12-15,2026-01-21,AMS,MEX,Aeromexico,R$2954
2025-12-15,2026-01-21,AMS,MEX,KLM,R$9374
2025-12-15,2026-01-21,AMS,MEX,Aeromexico,R$2954
2025-12-15,2026-01-22,AMS,MEX,Aeromexico,R$2954
2025-12-15,2026-01-22,AMS,MEX,KLM,R$9393
2025-12-15,2026-01-22,AMS,MEX,Aeromexico,R$2954
2025-12-15,2026-01-23,AMS,MEX,Aeromexico,R$2954
2025-12-15,2026-01-23,AMS,MEX,KLM,R$9393
2025-12-15,2026-01-23,AMS,MEX,Aeromexico,R$2954
2025-12-15,2026-01-24,AMS,MEX,Aeromexico,R$3272
2025-12-15,2026-01-24,AMS,MEX,KLM,R$9501
2025-12-15,2026-01-24,AMS,MEX,Aeromexico,R$3272
2025-12-15,2026-01-25,AMS,MEX,Aeromexico,R$3272
2025-12-15,2026-01-25,AMS,MEX,KLM,R$9501
2025-12-15,2026-01-25,AMS,MEX,Aeromexico,R$3272
2025-12-15,2026-01-26,AMS,MEX,Aeromexico,R$3272
2025-12-15,2026-01-26,AMS,MEX,KLM,R$9501
2025-12-15,2026-01-26,AMS,MEX,Aeromexico,R$3272
2025-12-15,2026-01-27,AMS,MEX,Aeromexico,R$2954
2025-12-15,2026-01-27,AMS,MEX,KLM,R$9393
2025-12-15,2026-01-27,AMS,MEX,Aeromexico,R$2954
2025-12-15,2026-01-28,AMS,MEX,Aeromexico,R$3272
2025-12-15,2026-01-28,AMS,MEX,KLM,R$9393
2025-12-15,2026-01-28,AMS,MEX,Aeromexico,R$3272
2025-12-15,2026-01-29,AMS,MEX,Aeromexico,R$2954
2025-12-15,2026-01-29,AMS,MEX,KLM,R$9393
2025-12-15,2026-01-29,AMS,MEX,Aeromexico,R$2954
2025-12-15,2026-01-30,AMS,MEX,Aeromexico,R$9258
2025-12-15,2026-01-30,AMS,MEX,KLM,R$9393
2025-12-15,2026-01-30,AMS,MEX,Aeromexico,R$9258
2025-12-15,2026-01-31,AMS,MEX,Aeromexico,R$9334
2025-12-15,2026-01-31,AMS,MEX,KLM,R$9501
2025-12-15,2026-01-31,AMS,MEX,Aeromexico,R$9334
2025-12-15,2026-02-01,AMS,MEX,Aeromexico,R$9334
2025-12-15,2026-02-01,AMS,MEX,KLM,R$9501
2025-12-15,2026-02-01,AMS,MEX,Aeromexico,R$9334
2025-12-15,2026-02-02,AMS,MEX,Aeromexico,R$9334
2025-12-15,2026-02-02,AMS,MEX,KLM,R$9501
2025-12-15,2026-02-02,AMS,MEX,Aeromexico,R$9334
2025-12-15,2026-02-03,AMS,MEX,Aeromexico,R$9258
2025-12-15,2026-02-03,AMS,MEX,KLM,R$9393
2025-12-15,2026-02-03,AMS,MEX,Aeromexico,R$9258
2025-12-15,2026-02-04,AMS,MEX,Aeromexico,R$9258
2025-12-15,2026-02-04,AMS,MEX,KLM,R$9393
2025-12-15,2026-02-04,AMS,MEX,Aeromexico,R$9258
2025-12-15,2026-02-05,AMS,MEX,Aeromexico,R$9258
2025-12-15,2026-02-05,AMS,MEX,KLM,R$9393
2025-12-15,2026-02-05,AMS,MEX,Aeromexico,R$9258
2025-12-15,2026-02-06,AMS,MEX,Aeromexico,R$9258
2025-12-15,2026-02-06,AMS,MEX,KLM,R$9393
2025-12-15,2026-02-06,AMS,MEX,Aeromexico,R$9258
2025-12-15,2026-02-07,AMS,MEX,Aeromexico,R$9334
2025-12-15,2026-02-07,AMS,MEX,KLM,R$9501
2025-12-15,2026-02-07,AMS,MEX,Aeromexico,R$9334
2025-12-15,2026-02-08,AMS,MEX,Aeromexico,R$9334
2025-12-15,2026-02-08,AMS,MEX,KLM,R$9501
2025-12-15,2026-02-08,AMS,MEX,Aeromexico,R$9334
2025-12-15,2026-02-09,AMS,MEX,Aeromexico,R$9334
2025-12-15,2026-02-09,AMS,MEX,KLM,R$9501
2025-12-15,2026-02-09,AMS,MEX,Aeromexico,R$9334
2025-12-15,2026-02-10,AMS,MEX,Aeromexico,R$9258
2025-12-15,2026-02-10,AMS,MEX,KLM,R$9393
2025-12-15,2026-02-10,AMS,MEX,Aeromexico,R$9258
2025-12-15,2026-02-11,AMS,MEX,Aeromexico,R$9258
2025-12-15,2026-02-11,AMS,MEX,KLM,R$9393
2025-12-15,2026-02-11,AMS,MEX,Aeromexico,R$9258
2025-12-15,2026-02-12,AMS,MEX,Aeromexico,R$9258
2025-12-15,2026-02-12,AMS,MEX,KLM,R$9393
2025-12-15,2026-02-12,AMS,MEX,Aeromexico,R$9258
2025-12-15,2026-02-13,AMS,MEX,Aeromexico,R$9417
2025-12-15,2026-02-13,AMS,MEX,KLM,R$9615
2025-12-15,2026-02-13,AMS,MEX,Aeromexico,R$9417
2025-12-15,2026-02-14,AMS,MEX,Aeromexico,R$9493
2025-12-15,2026-02-14,AMS,MEX,KLM,R$9723
2025-12-15,2026-02-14,AMS,MEX,Aeromexico,R$9493
2025-12-15,2026-02-15,AMS,MEX,Aeromexico,R$9493
2025-12-15,2026-02-15,AMS,MEX,KLM,R$9723
2025-12-15,2026-02-15,AMS,MEX,Aeromexico,R$9493
2025-12-15,2026-02-16,AMS,MEX,Aeromexico,R$9493
2025-12-15,2026-02-16,AMS,MEX,KLM,R$9723
2025-12-15,2026-02-16,AMS,MEX,Aeromexico,R$9493
2025-12-15,2026-02-17,AMS,MEX,Aeromexico,R$9258
2025-12-15,2026-02-17,AMS,MEX,KLM,R$9393
2025-12-15,2026-02-17,AMS,MEX,Aeromexico,R$9258
2025-12-15,2026-02-18,AMS,MEX,Aeromexico,R$9258
2025-12-15,2026-02-18,AMS,MEX,KLM,R$9393
2025-12-15,2026-02-18,AMS,MEX,Aeromexico,R$9258
2025-12-15,2026-02-19,AMS,MEX,Aeromexico,R$9258
2025-12-15,2026-02-19,AMS,MEX,KLM,R$9393
2025-12-15,2026-02-19,AMS,MEX,Aeromexico,R$9258
2025-12-15,2026-02-20,AMS,MEX,Aeromexico,R$9417
2025-12-15,2026-02-20,AMS,MEX,KLM,R$9615
2025-12-15,2026-02-20,AMS,MEX,Aeromexico,R$9417
2025-12-15,2026-02-21,AMS,MEX,Aeromexico,R$9493
2025-12-15,2026-02-21,AMS,MEX,KLM,R$9723
2025-12-15,2026-02-21,AMS,MEX,Aeromexico,R$9493
2025-12-15,2026-02-22,AMS,MEX,Aeromexico,R$9493
2025-12-15,2026-02-22,AMS,MEX,KLM,R$9704
2025-12-15,2026-02-22,AMS,MEX,Aeromexico,R$9493
2025-12-15,2026-02-23,AMS,MEX,Aeromexico,R$9493
2025-12-15,2026-02-23,AMS,MEX,KLM,R$9723
2025-12-15,2026-02-23,AMS,MEX,Aeromexico,R$9493
2025-12-15,2026-02-24,AMS,MEX,Aeromexico,R$9258
2025-12-15,2026-02-24,AMS,MEX,KLM,R$9393
2025-12-15,2026-02-24,AMS,MEX,Aeromexico,R$9258
2025-12-15,2026-02-25,AMS,MEX,Aeromexico,R$9258
2025-12-15,2026-02-25,AMS,MEX,KLM,R$9393
2025-12-15,2026-02-25,AMS,MEX,Aeromexico,R$9258
2025-12-15,2026-02-26,AMS,MEX,Aeromexico,R$9258
2025-12-15,2026-02-26,AMS,MEX,KLM,R$9393
2025-12-15,2026-02-26,AMS,MEX,Aeromexico,R$9258
2025-12-15,2026-02-27,AMS,MEX,Aeromexico,R$9258
2025-12-15,2026-02-27,AMS,MEX,KLM,R$9393
2025-12-15,2026-02-27,AMS,MEX,Aeromexico,R$9258
2025-12-15,2026-02-28,AMS,MEX,Aeromexico,R$9334
2025-12-15,2026-02-28,AMS,MEX,KLM,R$9482
2025-12-15,2026-02-28,AMS,MEX,Aeromexico,R$9334
2025-12-15,2026-03-01,AMS,MEX,Aeromexico,R$9334
2025-12-15,2026-03-01,AMS,MEX,KLM,R$9482
2025-12-15,2026-03-01,AMS,MEX,Aeromexico,R$9334
2025-12-15,2026-03-02,AMS,MEX,Aeromexico,R$9334
2025-12-15,2026-03-02,AMS,MEX,KLM,R$9482
2025-12-15,2026-03-02,AMS,MEX,Aeromexico,R$9334
2025-12-15,2026-03-03,AMS,MEX,Aeromexico,R$9258
2025-12-15,2026-03-03,AMS,MEX,KLM,R$9393
2025-12-15,2026-03-03,AMS,MEX,Aeromexico,R$9258
2025-12-15,2026-03-04,AMS,MEX,Aeromexico,R$9258
2025-12-15,2026-03-04,AMS,MEX,KLM,R$9393
2025-12-15,2026-03-04,AMS,MEX,Aeromexico,R$9258
2025-12-15,2026-03-05,AMS,MEX,Aeromexico,R$9258
2025-12-15,2026-03-05,AMS,MEX,KLM,R$9393
2025-12-15,2026-03-05,AMS,MEX,Aeromexico,R$9258
2025-12-15,2026-03-06,AMS,MEX,Aeromexico,R$9258
2025-12-15,2026-03-06,AMS,MEX,KLM,R$9393
2025-12-15,2026-03-06,AMS,MEX,Aeromexico,R$9258
2025-12-15,2026-03-07,AMS,MEX,Aeromexico,R$9334
2025-12-15,2026-03-07,AMS,MEX,KLM,R$9482
2025-12-15,2026-03-07,AMS,MEX,Aeromexico,R$9334
2025-12-15,2026-03-08,AMS,MEX,Aeromexico,R$9334
2025-12-15,2026-03-08,AMS,MEX,KLM,R$9501
2025-12-15,2026-03-08,AMS,MEX,Aeromexico,R$9334
2025-12-15,2026-03-09,AMS,MEX,Aeromexico,R$9334
2025-12-15,2026-03-09,AMS,MEX,KLM,R$9501
2025-12-15,2026-03-09,AMS,MEX,Aeromexico,R$9334
2025-12-15,2026-03-10,AMS,MEX,Aeromexico,R$9258
2025-12-15,2026-03-10,AMS,MEX,KLM,R$9393
2025-12-15,2026-03-10,AMS,MEX,Aeromexico,R$9258
2025-12-15,2026-03-11,AMS,MEX,Aeromexico,R$9258
2025-12-15,2026-03-11,AMS,MEX,KLM,R$9393
2025-12-15,2026-03-11,AMS,MEX,Aeromexico,R$9258
2025-12-15,2026-03-12,AMS,MEX,Aeromexico,R$9258
2025-12-15,2026-03-12,AMS,MEX,KLM,R$9393
2025-12-15,2026-03-12,AMS,MEX,Aeromexico,R$9258
2025-12-15,2026-03-13,AMS,MEX,Aeromexico,R$9258
2025-12-15,2026-03-13,AMS,MEX,KLM,R$9393
2025-12-15,2026-03-13,AMS,MEX,Aeromexico,R$9258
2025-12-15,2026-03-14,AMS,MEX,Aeromexico,R$9334
2025-12-15,2026-03-14,AMS,MEX,KLM,R$9501
2025-12-15,2026-03-14,AMS,MEX,Aeromexico,R$9334
2025-12-15,2026-03-15,AMS,MEX,Aeromexico,R$9334
2025-12-15,2026-03-15,AMS,MEX,KLM,R$9501
2025-12-15,2026-03-15,AMS,MEX,Aeromexico,R$9334
2025-12-15,2026-03-16,AMS,MEX,Aeromexico,R$9334
2025-12-15,2026-03-16,AMS,MEX,KLM,R$9501
2025-12-15,2026-03-16,AMS,MEX,Aeromexico,R$9334
2025-12-15,2026-03-17,AMS,MEX,Aeromexico,R$9258
2025-12-15,2026-03-17,AMS,MEX,KLM,R$9393
2025-12-15,2026-03-17,AMS,MEX,Aeromexico,R$9258
2025-12-15,2026-03-18,AMS,MEX,Aeromexico,R$9258
2025-12-15,2026-03-18,AMS,MEX,KLM,R$9393
2025-12-15,2026-03-18,AMS,MEX,Aeromexico,R$9258
2025-12-15,2026-03-19,AMS,MEX,Aeromexico,R$9258
2025-12-15,2026-03-19,AMS,MEX,KLM,R$9393
2025-12-15,2026-03-19,AMS,MEX,Aeromexico,R$9258
2025-12-15,2026-03-20,AMS,MEX,Aeromexico,R$9258
2025-12-15,2026-03-20,AMS,MEX,KLM,R$9393
2025-12-15,2026-03-20,AMS,MEX,Aeromexico,R$9258
2025-12-15,2026-03-21,AMS,MEX,Aeromexico,R$9334
2025-12-15,2026-03-21,AMS,MEX,KLM,R$9501
2025-12-15,2026-03-21,AMS,MEX,Aeromexico,R$9334
2025-12-15,2026-03-22,AMS,MEX,Aeromexico,R$9334
2025-12-15,2026-03-22,AMS,MEX,KLM,R$9501
2025-12-15,2026-03-22,AMS,MEX,Aeromexico,R$9334
2025-12-15,2026-03-23,AMS,MEX,Aeromexico,R$9334
2025-12-15,2026-03-23,AMS,MEX,KLM,R$9501
2025-12-15,2026-03-23,AMS,MEX,Aeromexico,R$9334
2025-12-15,2026-03-24,AMS,MEX,Aeromexico,R$9258
2025-12-15,2026-03-24,AMS,MEX,KLM,R$9393
2025-12-15,2026-03-24,AMS,MEX,Aeromexico,R$9258
2025-12-15,2026-03-25,AMS,MEX,Aeromexico,R$9258
2025-12-15,2026-03-25,AMS,MEX,KLM,R$9393
2025-12-15,2026-03-25,AMS,MEX,Aeromexico,R$9258
2025-12-15,2026-03-26,AMS,MEX,Aeromexico,R$9258
2025-12-15,2026-03-26,AMS,MEX,KLM,R$9393
2025-12-15,2026-03-26,AMS,MEX,Aeromexico,R$9258
2025-12-15,2026-03-27,AMS,MEX,Aeromexico,R$9258
2025-12-15,2026-03-27,AMS,MEX,KLM,R$9393
2025-12-15,2026-03-27,AMS,MEX,Aeromexico,R$9258
2025-12-15,2026-03-28,AMS,MEX,Aeromexico,R$9334
2025-12-15,2026-03-28,AMS,MEX,KLM,R$9501
2025-12-15,2026-03-28,AMS,MEX,Aeromexico,R$9334
2025-12-15,2026-03-29,AMS,MEX,Aeromexico,R$9334
2025-12-15,2026-03-29,AMS,MEX,KLM,R$9501
2025-12-15,2026-03-29,AMS,MEX,Aeromexico,R$9334
2025-12-15,2026-03-30,AMS,MEX,Aeromexico,R$9334
2025-12-15,2026-03-30,AMS,MEX,KLM,R$9501
2025-12-15,2026-03-30,AMS,MEX,Aeromexico,R$9334
2025-12-15,2026-03-31,AMS,MEX,Aeromexico,R$9258
2025-12-15,2026-03-31,AMS,MEX,KLM,R$9393
2025-12-15,2026-03-31,AMS,MEX,Aeromexico,R$9258
2025-12-15,2026-04-01,AMS,MEX,Aeromexico,R$9241
2025-12-15,2026-04-01,AMS,MEX,KLM,R$9380
2025-12-15,2026-04-01,AMS,MEX,Aeromexico,R$9241
2025-12-15,2026-04-02,AMS,MEX,Aeromexico,R$9241
2025-12-15,2026-04-02,AMS,MEX,KLM,R$9380
2025-12-15,2026-04-02,AMS,MEX,Aeromexico,R$9241
2025-12-15,2026-04-03,AMS,MEX,Aeromexico,R$9241
2025-12-15,2026-04-03,AMS,MEX,KLM,R$9380
2025-12-15,2026-04-03,AMS,MEX,Aeromexico,R$9241
2025-12-15,2026-04-04,AMS,MEX,Aeromexico,R$9318
2025-12-15,2026-04-04,AMS,MEX,KLM,R$9488
2025-12-15,2026-04-04,AMS,MEX,Aeromexico,R$9318
2025-12-15,2026-04-05,AMS,MEX,Aeromexico,R$9318
2025-12-15,2026-04-05,AMS,MEX,KLM,R$9488
2025-12-15,2026-04-05,AMS,MEX,Aeromexico,R$9318
2025-12-15,2026-04-06,AMS,MEX,Aeromexico,R$9318
2025-12-15,2026-04-06,AMS,MEX,KLM,R$9488
2025-12-15,2026-04-06,AMS,MEX,Aeromexico,R$9318
2025-12-15,2026-04-07,AMS,MEX,Aeromexico,R$9241
2025-12-15,2026-04-07,AMS,MEX,KLM,R$9380
2025-12-15,2026-04-07,AMS,MEX,Aeromexico,R$9241
2025-12-15,2026-04-08,AMS,MEX,Aeromexico,R$9241
2025-12-15,2026-04-08,AMS,MEX,KLM,R$9380
2025-12-15,2026-04-08,AMS,MEX,Aeromexico,R$9241
2025-12-15,2026-04-09,AMS,MEX,Aeromexico,R$9241
2025-12-15,2026-04-09,AMS,MEX,KLM,R$9380
2025-12-15,2026-04-09,AMS,MEX,Aeromexico,R$9241
2025-12-15,2026-04-10,AMS,MEX,Aeromexico,R$9241
2025-12-15,2026-04-10,AMS,MEX,KLM,R$9380
2025-12-15,2026-04-10,AMS,MEX,Aeromexico,R$9241
2025-12-15,2026-04-11,AMS,MEX,Aeromexico,R$9318
2025-12-15,2026-04-11,AMS,MEX,KLM,R$9469
2025-12-15,2026-04-11,AMS,MEX,Aeromexico,R$9318
2025-12-15,2026-04-12,AMS,MEX,Aeromexico,R$9318
2025-12-15,2026-04-12,AMS,MEX,KLM,R$9488
2025-12-15,2026-04-12,AMS,MEX,Aeromexico,R$9318
2025-12-15,2026-04-13,AMS,MEX,Aeromexico,R$9318
2025-12-15,2026-04-13,AMS,MEX,KLM,R$9488
2025-12-15,2026-04-13,AMS,MEX,Aeromexico,R$9318
2025-12-15,2026-04-14,AMS,MEX,Aeromexico,R$9241
2025-12-15,2026-04-14,AMS,MEX,KLM,R$9380
2025-12-15,2026-04-14,AMS,MEX,Aeromexico,R$9241
2025-12-15,2026-04-15,AMS,MEX,Aeromexico,R$9241
2025-12-15,2026-04-15,AMS,MEX,KLM,R$9380
2025-12-15,2026-04-15,AMS,MEX,Aeromexico,R$9241
2025-12-15,2026-04-16,AMS,MEX,Aeromexico,R$9241
2025-12-15,2026-04-16,AMS,MEX,KLM,R$9380
2025-12-15,2026-04-16,AMS,MEX,Aeromexico,R$9241
2025-12-15,2026-04-17,AMS,MEX,Aeromexico,R$9241
2025-12-15,2026-04-17,AMS,MEX,KLM,R$9380
2025-12-15,2026-04-17,AMS,MEX,Aeromexico,R$9241
2025-12-15,2026-04-18,AMS,MEX,Aeromexico,R$9476
2025-12-15,2026-04-18,AMS,MEX,KLM,R$9710
2025-12-15,2026-04-18,AMS,MEX,Aeromexico,R$9476
2025-12-15,2026-04-19,AMS,MEX,Aeromexico,R$9476
2025-12-15,2026-04-19,AMS,MEX,KLM,R$9710
2025-12-15,2026-04-19,AMS,MEX,Aeromexico,R$9476
2025-12-15,2026-04-20,AMS,MEX,Aeromexico,R$9476
2025-12-15,2026-04-20,AMS,MEX,KLM,R$9710
2025-12-15,2026-04-20,AMS,MEX,Aeromexico,R$9476
2025-12-15,2026-04-21,AMS,MEX,Aeromexico,R$9241
2025-12-15,2026-04-21,AMS,MEX,KLM,R$9380
2025-12-15,2026-04-21,AMS,MEX,Aeromexico,R$9241
2025-12-15,2026-04-22,AMS,MEX,Aeromexico,R$9241
2025-12-15,2026-04-22,AMS,MEX,KLM,R$9380
2025-12-15,2026-04-22,AMS,MEX,Aeromexico,R$9241
2025-12-15,2026-04-23,AMS,MEX,Aeromexico,R$9241
2025-12-15,2026-04-23,AMS,MEX,KLM,R$9380
2025-12-15,2026-04-23,AMS,MEX,Aeromexico,R$9241
2025-12-15,2026-04-24,AMS,MEX,Aeromexico,R$9241
2025-12-15,2026-04-24,AMS,MEX,KLM,R$9380
2025-12-15,2026-04-24,AMS,MEX,Aeromexico,R$9241
2025-12-15,2026-04-25,AMS,MEX,Aeromexico,R$9476
2025-12-15,2026-04-25,AMS,MEX,KLM,R$9710
2025-12-15,2026-04-25,AMS,MEX,Aeromexico,R$9476
2025-12-15,2026-04-26,AMS,MEX,Aeromexico,R$9476
2025-12-15,2026-04-26,AMS,MEX,KLM,R$9710
2025-12-15,2026-04-26,AMS,MEX,Aeromexico,R$9476
2025-12-15,2026-04-27,AMS,MEX,Aeromexico,R$9476
2025-12-15,2026-04-27,AMS,MEX,KLM,R$9710
2025-12-15,2026-04-27,AMS,MEX,Aeromexico,R$9476
2025-12-15,2026-04-28,AMS,MEX,Aeromexico,R$9241
2025-12-15,2026-04-28,AMS,MEX,KLM,R$9380
2025-12-15,2026-04-28,AMS,MEX,Aeromexico,R$9241
2025-12-15,2026-04-29,AMS,MEX,Aeromexico,R$9241
2025-12-15,2026-04-29,AMS,MEX,KLM,R$9380
2025-12-15,2026-04-29,AMS,MEX,Aeromexico,R$9241
2025-12-15,2026-04-30,AMS,MEX,Aeromexico,R$9241
2025-12-15,2026-04-30,AMS,MEX,KLM,R$9380
2025-12-15,2026-04-30,AMS,MEX,Aeromexico,R$9241
2025-12-15,2026-05-01,AMS,MEX,Aeromexico,R$9241
2025-12-15,2026-05-01,AMS,MEX,KLM,R$9380
2025-12-15,2026-05-01,AMS,MEX,Aeromexico,R$9241
2025-12-15,2026-05-02,AMS,MEX,Aeromexico,R$9318
2025-12-15,2026-05-02,AMS,MEX,KLM,R$9488
2025-12-15,2026-05-02,AMS,MEX,Aeromexico,R$9318
2025-12-15,2026-05-03,AMS,MEX,Aeromexico,R$9318
2025-12-15,2026-05-03,AMS,MEX,KLM,R$9488
2025-12-15,2026-05-03,AMS,MEX,Aeromexico,R$9318
2025-12-15,2026-05-04,AMS,MEX,Aeromexico,R$9318
2025-12-15,2026-05-04,AMS,MEX,KLM,R$9488
2025-12-15,2026-05-04,AMS,MEX,Aeromexico,R$9318
2025-12-15,2026-05-05,AMS,MEX,Aeromexico,R$9241
2025-12-15,2026-05-05,AMS,MEX,KLM,R$9380
2025-12-15,2026-05-05,AMS,MEX,Aeromexico,R$9241
2025-12-15,2026-05-06,AMS,MEX,Aeromexico,R$9241
2025-12-15,2026-05-06,AMS,MEX,KLM,R$9380
2025-12-15,2026-05-06,AMS,MEX,Aeromexico,R$9241
2025-12-15,2026-05-07,AMS,MEX,Aeromexico,R$9241
2025-12-15,2026-05-07,AMS,MEX,KLM,R$9380
2025-12-15,2026-05-07,AMS,MEX,Aeromexico,R$9241
2025-12-15,2026-05-08,AMS,MEX,Aeromexico,R$9241
2025-12-15,2026-05-08,AMS,MEX,KLM,R$9380
2025-12-15,2026-05-08,AMS,MEX,Aeromexico,R$9241
2025-12-15,2026-05-09,AMS,MEX,Aeromexico,R$9318
2025-12-15,2026-05-09,AMS,MEX,KLM,R$9488
2025-12-15,2026-05-09,AMS,MEX,Aeromexico,R$9318
2025-12-15,2026-05-10,AMS,MEX,Aeromexico,R$9318
2025-12-15,2026-05-10,AMS,MEX,KLM,R$9488
2025-12-15,2026-05-10,AMS,MEX,Aeromexico,R$9318
2025-12-15,2026-05-11,AMS,MEX,Aeromexico,R$9318
2025-12-15,2026-05-11,AMS,MEX,KLM,R$9488
2025-12-15,2026-05-11,AMS,MEX,Aeromexico,R$9318
2025-12-15,2026-05-12,AMS,MEX,Aeromexico,R$9241
2025-12-15,2026-05-12,AMS,MEX,KLM,R$9380
2025-12-15,2026-05-12,AMS,MEX,Aeromexico,R$9241
2025-12-15,2026-05-13,AMS,MEX,Aeromexico,R$9241
2025-12-15,2026-05-13,AMS,MEX,KLM,R$9380
2025-12-15,2026-05-13,AMS,MEX,Aeromexico,R$9241
2025-12-15,2026-05-14,AMS,MEX,Aeromexico,R$9241
2025-12-15,2026-05-14,AMS,MEX,KLM,R$9380
2025-12-15,2026-05-14,AMS,MEX,Aeromexico,R$9241
2025-12-15,2026-05-15,AMS,MEX,Aeromexico,R$9241
2025-12-15,2026-05-15,AMS,MEX,KLM,R$9380
2025-12-15,2026-05-15,AMS,MEX,Aeromexico,R$9241
2025-12-15,2026-05-16,AMS,MEX,Aeromexico,R$9318
2025-12-15,2026-05-16,AMS,MEX,KLM,R$9488
2025-12-15,2026-05-16,AMS,MEX,Aeromexico,R$9318
2025-12-15,2026-05-17,AMS,MEX,Aeromexico,R$9318
2025-12-15,2026-05-17,AMS,MEX,KLM,R$9488
2025-12-15,2026-05-17,AMS,MEX,Aeromexico,R$9318
2025-12-15,2026-05-18,AMS,MEX,Aeromexico,R$9318
2025-12-15,2026-05-18,AMS,MEX,KLM,R$9488
2025-12-15,2026-05-18,AMS,MEX,Aeromexico,R$9318
2025-12-15,2026-05-19,AMS,MEX,Aeromexico,R$9241
2025-12-15,2026-05-19,AMS,MEX,KLM,R$9380
2025-12-15,2026-05-19,AMS,MEX,Aeromexico,R$9241
2025-12-15,2026-05-20,AMS,MEX,Aeromexico,R$9241
2025-12-15,2026-05-20,AMS,MEX,KLM,R$9380
2025-12-15,2026-05-20,AMS,MEX,Aeromexico,R$9241
2025-12-15,2026-05-21,AMS,MEX,Aeromexico,R$9241
2025-12-15,2026-05-21,AMS,MEX,KLM,R$9380
2025-12-15,2026-05-21,AMS,MEX,Aeromexico,R$9241
2025-12-15,2026-05-22,AMS,MEX,Aeromexico,R$9241
2025-12-15,2026-05-22,AMS,MEX,KLM,R$9380
2025-12-15,2026-05-22,AMS,MEX,Aeromexico,R$9241
2025-12-15,2026-05-23,AMS,MEX,Aeromexico,R$9318
2025-12-15,2026-05-23,AMS,MEX,KLM,R$9488
2025-12-15,2026-05-23,AMS,MEX,Aeromexico,R$9318
2025-12-15,2026-05-24,AMS,MEX,Aeromexico,R$9318
2025-12-15,2026-05-24,AMS,MEX,KLM,R$9488
2025-12-15,2026-05-24,AMS,MEX,Aeromexico,R$9318
2025-12-15,2026-05-25,AMS,MEX,Aeromexico,R$9318
2025-12-15,2026-05-25,AMS,MEX,KLM,R$9488
2025-12-15,2026-05-25,AMS,MEX,Aeromexico,R$9318
2025-12-15,2026-05-26,AMS,MEX,Aeromexico,R$9241
2025-12-15,2026-05-26,AMS,MEX,KLM,R$9380
2025-12-15,2026-05-26,AMS,MEX,Aeromexico,R$9241
2025-12-15,2026-05-27,AMS,MEX,Aeromexico,R$9241
2025-12-15,2026-05-27,AMS,MEX,KLM,R$9380
2025-12-15,2026-05-27,AMS,MEX,Aeromexico,R$9241
2025-12-15,2026-05-28,AMS,MEX,Aeromexico,R$9241
2025-12-15,2026-05-28,AMS,MEX,KLM,R$9380
2025-12-15,2026-05-28,AMS,MEX,Aeromexico,R$9241
2025-12-15,2026-05-29,AMS,MEX,Aeromexico,R$9241
2025-12-15,2026-05-29,AMS,MEX,KLM,R$9380
2025-12-15,2026-05-29,AMS,MEX,Aeromexico,R$9241
2025-12-15,2026-05-30,AMS,MEX,Aeromexico,R$9318
2025-12-15,2026-05-30,AMS,MEX,KLM,R$9488
2025-12-15,2026-05-30,AMS,MEX,Aeromexico,R$9318
2025-12-15,2026-05-31,AMS,MEX,Aeromexico,R$9318
2025-12-15,2026-05-31,AMS,MEX,KLM,R$9488
2025-12-15,2026-05-31,AMS,MEX,Aeromexico,R$9318
2025-12-15,2026-06-02,AMS,MEX,Aeromexico,R$9241
2025-12-15,2026-06-02,AMS,MEX,KLM,R$9380
2025-12-15,2026-06-02,AMS,MEX,Aeromexico,R$9241
2025-12-15,2026-06-03,AMS,MEX,Aeromexico,R$9241
2025-12-15,2026-06-03,AMS,MEX,KLM,R$9380
2025-12-15,2026-06-03,AMS,MEX,Aeromexico,R$9241
2025-12-15,2026-06-04,AMS,MEX,Aeromexico,R$9241
2025-12-15,2026-06-04,AMS,MEX,KLM,R$9380
2025-12-15,2026-06-04,AMS,MEX,Aeromexico,R$9241
2025-12-15,2026-06-05,AMS,MEX,Aeromexico,R$9241
2025-12-15,2026-06-05,AMS,MEX,KLM,R$9380
2025-12-15,2026-06-05,AMS,MEX,Aeromexico,R$9241
2025-12-15,2026-06-06,AMS,MEX,Aeromexico,R$9318
2025-12-15,2026-06-06,AMS,MEX,KLM,R$9488
2025-12-15,2026-06-06,AMS,MEX,Aeromexico,R$9318
2025-12-15,2026-06-07,AMS,MEX,Aeromexico,R$9318
2025-12-15,2026-06-07,AMS,MEX,KLM,R$9488
2025-12-15,2026-06-07,AMS,MEX,Aeromexico,R$9318
2025-12-15,2026-06-08,AMS,MEX,Aeromexico,R$9318
2025-12-15,2026-06-08,AMS,MEX,KLM,R$9469
2025-12-15,2026-06-08,AMS,MEX,Aeromexico,R$9318
2025-12-15,2026-06-09,AMS,MEX,Aeromexico,R$9241
2025-12-15,2026-06-09,AMS,MEX,KLM,R$9361
2025-12-15,2026-06-09,AMS,MEX,Aeromexico,R$9241
2025-12-15,2026-06-10,AMS,MEX,Aeromexico,R$9241
2025-12-15,2026-06-10,AMS,MEX,KLM,R$9361
2025-12-15,2026-06-10,AMS,MEX,Aeromexico,R$9241
2025-12-15,2026-06-11,AMS,MEX,Aeromexico,R$9241
2025-12-15,2026-06-11,AMS,MEX,KLM,R$9380
2025-12-15,2026-06-11,AMS,MEX,Aeromexico,R$9241
2025-12-15,2026-06-12,AMS,MEX,Aeromexico,R$9400
2025-12-15,2026-06-12,AMS,MEX,KLM,R$9602
2025-12-15,2026-06-12,AMS,MEX,Aeromexico,R$9400
2025-12-15,2026-06-13,AMS,MEX,Aeromexico,R$9476
2025-12-15,2026-06-13,AMS,MEX,KLM,R$9710
2025-12-15,2026-06-13,AMS,MEX,Aeromexico,R$9476
2025-12-15,2026-06-14,AMS,MEX,Aeromexico,R$9476
2025-12-15,2026-06-14,AMS,MEX,KLM,R$9710
2025-12-15,2026-06-14,AMS,MEX,Aeromexico,R$9476
2025-12-15,2025-12-15,MEX,BCN,Emirates,R$6161
2025-12-15,2025-12-16,MEX,BCN,Emirates,R$6161
2025-12-15,2025-12-17,MEX,BCN,Emirates,R$11196
2025-12-15,2025-12-18,MEX,BCN,Emirates,R$11196
2025-12-15,2025-12-19,MEX,BCN,Emirates,R$18112
2025-12-15,2025-12-20,MEX,BCN,Emirates,R$11196
2025-12-15,2025-12-21,MEX,BCN,Emirates,R$11196
2025-12-15,2025-12-22,MEX,BCN,Emirates,R$10626
2025-12-15,2025-12-23,MEX,BCN,Emirates,R$5591
2025-12-15,2025-12-24,MEX,BCN,Emirates,R$5494
2025-12-15,2025-12-25,MEX,BCN,Emirates,R$5494
2025-12-15,2025-12-26,MEX,BCN,Emirates,R$5494
2025-12-15,2025-12-27,MEX,BCN,Emirates,R$5494
2025-12-15,2025-12-28,MEX,BCN,Emirates,R$5494
2025-12-15,2025-12-29,MEX,BCN,Emirates,R$5494
2025-12-15,2025-12-30,MEX,BCN,Emirates,R$5494
2025-12-15,2025-12-31,MEX,BCN,Emirates,R$5494
2025-12-15,2026-01-01,MEX,BCN,Emirates,R$5494
2025-12-15,2026-01-02,MEX,BCN,Emirates,R$5494
2025-12-15,2026-01-03,MEX,BCN,Emirates,R$5494
2025-12-15,2026-01-04,MEX,BCN,Emirates,R$7391
2025-12-15,2026-01-05,MEX,BCN,Emirates,R$5494
2025-12-15,2026-01-06,MEX,BCN,Emirates,R$5494
2025-12-15,2026-01-07,MEX,BCN,Emirates,R$5494
2025-12-15,2026-01-08,MEX,BCN,Emirates,R$5494
2025-12-15,2026-01-09,MEX,BCN,Emirates,R$5494
2025-12-15,2026-01-10,MEX,BCN,Emirates,R$5494
2025-12-15,2026-01-12,MEX,BCN,Emirates,R$5206
2025-12-15,2026-01-13,MEX,BCN,Emirates,R$7098
2025-12-15,2026-01-14,MEX,BCN,Emirates,R$7098
2025-12-15,2026-01-15,MEX,BCN,Emirates,R$7098
2025-12-15,2026-01-16,MEX,BCN,Emirates,R$7098
2025-12-15,2026-01-17,MEX,BCN,Emirates,R$7098
2025-12-15,2026-01-18,MEX,BCN,Emirates,R$5206
2025-12-15,2026-01-19,MEX,BCN,Emirates,R$5206
2025-12-15,2026-01-20,MEX,BCN,Emirates,R$5206
2025-12-15,2026-01-21,MEX,BCN,Emirates,R$5206
2025-12-15,2026-01-22,MEX,BCN,Emirates,R$5206
2025-12-15,2026-01-23,MEX,BCN,Emirates,R$5206
2025-12-15,2026-01-24,MEX,BCN,Emirates,R$5206
2025-12-15,2026-01-25,MEX,BCN,Emirates,R$5206
2025-12-15,2026-01-26,MEX,BCN,Emirates,R$5206
2025-12-15,2026-01-27,MEX,BCN,Emirates,R$5206
2025-12-15,2026-01-28,MEX,BCN,Emirates,R$5206
2025-12-15,2026-01-29,MEX,BCN,Emirates,R$5206
2025-12-15,2026-01-30,MEX,BCN,Emirates,R$5206
2025-12-15,2026-01-31,MEX,BCN,Emirates,R$5206
2025-12-15,2026-02-01,MEX,BCN,Emirates,R$5206
2025-12-15,2026-02-02,MEX,BCN,Emirates,R$5206
2025-12-15,2026-02-03,MEX,BCN,Emirates,R$5206
2025-12-15,2026-02-04,MEX,BCN,Emirates,R$5206
2025-12-15,2026-02-05,MEX,BCN,Emirates,R$5206
2025-12-15,2026-02-06,MEX,BCN,Emirates,R$5206
2025-12-15,2026-02-07,MEX,BCN,Emirates,R$5206
2025-12-15,2026-02-08,MEX,BCN,Emirates,R$5206
2025-12-15,2026-02-09,MEX,BCN,Emirates,R$5206
2025-12-15,2026-02-10,MEX,BCN,Emirates,R$5206
2025-12-15,2026-02-11,MEX,BCN,Emirates,R$5206
2025-12-15,2026-02-12,MEX,BCN,Emirates,R$5206
2025-12-15,2026-02-13,MEX,BCN,Emirates,R$5206
2025-12-15,2026-02-14,MEX,BCN,Emirates,R$5206
2025-12-15,2026-02-15,MEX,BCN,Emirates,R$5206
2025-12-15,2026-02-16,MEX,BCN,Emirates,R$5206
2025-12-15,2026-02-17,MEX,BCN,Emirates,R$5206
2025-12-15,2026-02-18,MEX,BCN,Emirates,R$5206
2025-12-15,2026-02-19,MEX,BCN,Emirates,R$5206
2025-12-15,2026-02-20,MEX,BCN,Emirates,R$5206
2025-12-15,2026-02-21,MEX,BCN,Emirates,R$5206
2025-12-15,2026-02-22,MEX,BCN,Emirates,R$5206
2025-12-15,2026-02-23,MEX,BCN,Emirates,R$5206
2025-12-15,2026-02-24,MEX,BCN,Emirates,R$5206
2025-12-15,2026-02-25,MEX,BCN,Emirates,R$5206
2025-12-15,2026-02-26,MEX,BCN,Emirates,R$5206
2025-12-15,2026-02-27,MEX,BCN,Emirates,R$5206
2025-12-15,2026-02-28,MEX,BCN,Emirates,R$5206
2025-12-15,2026-03-01,MEX,BCN,Emirates,R$5206
2025-12-15,2026-03-02,MEX,BCN,Emirates,R$5206
2025-12-15,2026-03-03,MEX,BCN,Emirates,R$5206
2025-12-15,2026-03-04,MEX,BCN,Emirates,R$5206
2025-12-15,2026-03-05,MEX,BCN,Emirates,R$5206
2025-12-15,2026-03-06,MEX,BCN,Emirates,R$5206
2025-12-15,2026-03-07,MEX,BCN,Emirates,R$5206
2025-12-15,2026-03-08,MEX,BCN,Emirates,R$5206
2025-12-15,2026-03-09,MEX,BCN,Emirates,R$5206
2025-12-15,2026-03-10,MEX,BCN,Emirates,R$5206
2025-12-15,2026-03-11,MEX,BCN,Emirates,R$5206
2025-12-15,2026-03-12,MEX,BCN,Emirates,R$5206
2025-12-15,2026-03-13,MEX,BCN,Emirates,R$5206
2025-12-15,2026-03-14,MEX,BCN,Emirates,R$5206
2025-12-15,2026-03-15,MEX,BCN,Emirates,R$5206
2025-12-15,2026-03-16,MEX,BCN,Emirates,R$5206
2025-12-15,2026-03-17,MEX,BCN,Emirates,R$5206
2025-12-15,2026-03-18,MEX,BCN,Emirates,R$5206
2025-12-15,2026-03-19,MEX,BCN,Emirates,R$5206
2025-12-15,2026-03-20,MEX,BCN,Emirates,R$5206
2025-12-15,2026-03-21,MEX,BCN,Emirates,R$5206
2025-12-15,2026-03-22,MEX,BCN,Emirates,R$5206
2025-12-15,2026-03-23,MEX,BCN,Emirates,R$5206
2025-12-15,2026-03-24,MEX,BCN,Emirates,R$6053
2025-12-15,2026-03-25,MEX,BCN,Emirates,R$5206
2025-12-15,2026-03-26,MEX,BCN,Emirates,R$6053
2025-12-15,2026-03-26,MEX,BCN,Aeromexico,R$6522
2025-12-15,2026-03-26,MEX,BCN,Emirates,R$6053
2025-12-15,2026-03-27,MEX,BCN,Aeromexico,R$6522
2025-12-15,2026-03-27,MEX,BCN,Emirates,R$10135
2025-12-15,2026-03-27,MEX,BCN,Aeromexico,R$6522
2025-12-15,2026-03-28,MEX,BCN,Emirates,R$5206
2025-12-15,2026-03-28,MEX,BCN,Aeromexico,R$6522
2025-12-15,2026-03-28,MEX,BCN,Emirates,R$5206
2025-12-15,2026-03-29,MEX,BCN,Aeromexico,R$4857
2025-12-15,2026-03-29,MEX,BCN,Emirates,R$5206
2025-12-15,2026-03-29,MEX,BCN,Aeromexico,R$4857
2025-12-15,2026-03-30,MEX,BCN,Emirates,R$5206
2025-12-15,2026-03-30,MEX,BCN,Aeromexico,R$7600
2025-12-15,2026-03-30,MEX,BCN,Emirates,R$5206
2025-12-15,2026-03-31,MEX,BCN,Emirates,R$5206
2025-12-15,2026-04-01,MEX,BCN,Emirates,R$5206
2025-12-15,2026-04-01,MEX,BCN,Aeromexico,R$7741
2025-12-15,2026-04-01,MEX,BCN,Emirates,R$5206
2025-12-15,2026-04-02,MEX,BCN,Aeromexico,R$4252
2025-12-15,2026-04-02,MEX,BCN,Emirates,R$5206
2025-12-15,2026-04-02,MEX,BCN,Aeromexico,R$4252
2025-12-15,2026-04-03,MEX,BCN,Aeromexico,R$4252
2025-12-15,2026-04-03,MEX,BCN,Emirates,R$5206
2025-12-15,2026-04-03,MEX,BCN,Aeromexico,R$4252
2025-12-15,2026-04-04,MEX,BCN,Aeromexico,R$4252
2025-12-15,2026-04-04,MEX,BCN,Emirates,R$5206
2025-12-15,2026-04-04,MEX,BCN,Aeromexico,R$4252
2025-12-15,2026-04-05,MEX,BCN,Aeromexico,R$4038
2025-12-15,2026-04-05,MEX,BCN,Emirates,R$5206
2025-12-15,2026-04-05,MEX,BCN,Aeromexico,R$4038
2025-12-15,2026-04-06,MEX,BCN,Emirates,R$5206
2025-12-15,2026-04-06,MEX,BCN,Aeromexico,R$7651
2025-12-15,2026-04-06,MEX,BCN,Emirates,R$5206
2025-12-15,2026-04-07,MEX,BCN,Emirates,R$5206
2025-12-15,2026-04-08,MEX,BCN,Emirates,R$5206
2025-12-15,2026-04-08,MEX,BCN,Aeromexico,R$7651
2025-12-15,2026-04-08,MEX,BCN,Emirates,R$5206
2025-12-15,2026-04-09,MEX,BCN,Aeromexico,R$2971
2025-12-15,2026-04-09,MEX,BCN,Emirates,R$6053
2025-12-15,2026-04-09,MEX,BCN,Aeromexico,R$2971
2025-12-15,2026-04-10,MEX,BCN,Aeromexico,R$2971
2025-12-15,2026-04-10,MEX,BCN,Emirates,R$6053
2025-12-15,2026-04-10,MEX,BCN,Aeromexico,R$2971
2025-12-15,2026-04-11,MEX,BCN,Aeromexico,R$2971
2025-12-15,2026-04-11,MEX,BCN,Emirates,R$6053
2025-12-15,2026-04-11,MEX,BCN,Aeromexico,R$2971
2025-12-15,2026-04-12,MEX,BCN,Aeromexico,R$2689
2025-12-15,2026-04-12,MEX,BCN,Emirates,R$6053
2025-12-15,2026-04-12,MEX,BCN,Aeromexico,R$2689
2025-12-15,2026-04-13,MEX,BCN,Aeromexico,R$4038
2025-12-15,2026-04-13,MEX,BCN,Emirates,R$6053
2025-12-15,2026-04-13,MEX,BCN,Aeromexico,R$4038
2025-12-15,2026-04-14,MEX,BCN,Emirates,R$5206
2025-12-15,2026-04-15,MEX,BCN,Aeromexico,R$4038
2025-12-15,2026-04-15,MEX,BCN,Emirates,R$5206
2025-12-15,2026-04-15,MEX,BCN,Aeromexico,R$4038
2025-12-15,2026-04-16,MEX,BCN,Aeromexico,R$4252
2025-12-15,2026-04-16,MEX,BCN,Emirates,R$7098
2025-12-15,2026-04-16,MEX,BCN,Aeromexico,R$4252
2025-12-15,2026-04-17,MEX,BCN,Aeromexico,R$4252
2025-12-15,2026-04-17,MEX,BCN,Emirates,R$5206
2025-12-15,2026-04-17,MEX,BCN,Aeromexico,R$4252
2025-12-15,2026-04-18,MEX,BCN,Aeromexico,R$4252
2025-12-15,2026-04-18,MEX,BCN,Emirates,R$5206
2025-12-15,2026-04-18,MEX,BCN,Aeromexico,R$4252
2025-12-15,2026-04-19,MEX,BCN,Aeromexico,R$4038
2025-12-15,2026-04-19,MEX,BCN,Emirates,R$5206
2025-12-15,2026-04-19,MEX,BCN,Aeromexico,R$4038
2025-12-15,2026-04-20,MEX,BCN,Aeromexico,R$4038
2025-12-15,2026-04-20,MEX,BCN,Emirates,R$5206
2025-12-15,2026-04-20,MEX,BCN,Aeromexico,R$4038
2025-12-15,2026-04-21,MEX,BCN,Emirates,R$5206
2025-12-15,2026-04-22,MEX,BCN,Aeromexico,R$4038
2025-12-15,2026-04-22,MEX,BCN,Emirates,R$5206
2025-12-15,2026-04-22,MEX,BCN,Aeromexico,R$4038
2025-12-15,2026-04-23,MEX,BCN,Aeromexico,R$4252
2025-12-15,2026-04-23,MEX,BCN,Emirates,R$5206
2025-12-15,2026-04-23,MEX,BCN,Aeromexico,R$4252
2025-12-15,2026-04-24,MEX,BCN,Aeromexico,R$4252
2025-12-15,2026-04-24,MEX,BCN,Emirates,R$7098
2025-12-15,2026-04-24,MEX,BCN,Aeromexico,R$4252
2025-12-15,2026-04-25,MEX,BCN,Aeromexico,R$4252
2025-12-15,2026-04-25,MEX,BCN,Emirates,R$5206
2025-12-15,2026-04-25,MEX,BCN,Aeromexico,R$4252
2025-12-15,2026-04-26,MEX,BCN,Aeromexico,R$4038
2025-12-15,2026-04-26,MEX,BCN,Emirates,R$5206
2025-12-15,2026-04-26,MEX,BCN,Aeromexico,R$4038
2025-12-15,2026-04-27,MEX,BCN,Aeromexico,R$4038
2025-12-15,2026-04-27,MEX,BCN,Emirates,R$5206
2025-12-15,2026-04-27,MEX,BCN,Aeromexico,R$4038
2025-12-15,2026-04-28,MEX,BCN,Emirates,R$10135
2025-12-15,2026-04-29,MEX,BCN,Aeromexico,R$4038
2025-12-15,2026-04-29,MEX,BCN,Emirates,R$5206
2025-12-15,2026-04-29,MEX,BCN,Aeromexico,R$4038
2025-12-15,2026-04-30,MEX,BCN,Aeromexico,R$4252
2025-12-15,2026-04-30,MEX,BCN,Emirates,R$5206
2025-12-15,2026-04-30,MEX,BCN,Aeromexico,R$4252
2025-12-15,2026-05-01,MEX,BCN,Aeromexico,R$4252
2025-12-15,2026-05-01,MEX,BCN,Emirates,R$5206
2025-12-15,2026-05-01,MEX,BCN,Aeromexico,R$4252
2025-12-15,2026-05-02,MEX,BCN,Aeromexico,R$4252
2025-12-15,2026-05-02,MEX,BCN,Emirates,R$5206
2025-12-15,2026-05-02,MEX,BCN,Aeromexico,R$4252
2025-12-15,2026-05-03,MEX,BCN,Aeromexico,R$4038
2025-12-15,2026-05-03,MEX,BCN,Emirates,R$5206
2025-12-15,2026-05-03,MEX,BCN,Aeromexico,R$4038
2025-12-15,2026-05-04,MEX,BCN,Aeromexico,R$4038
2025-12-15,2026-05-04,MEX,BCN,Emirates,R$5206
2025-12-15,2026-05-04,MEX,BCN,Aeromexico,R$4038
2025-12-15,2026-05-05,MEX,BCN,Emirates,R$5206
2025-12-15,2026-05-06,MEX,BCN,Aeromexico,R$4038
2025-12-15,2026-05-06,MEX,BCN,Emirates,R$5206
2025-12-15,2026-05-06,MEX,BCN,Aeromexico,R$4038
2025-12-15,2026-05-07,MEX,BCN,Aeromexico,R$4252
2025-12-15,2026-05-07,MEX,BCN,Emirates,R$5206
2025-12-15,2026-05-07,MEX,BCN,Aeromexico,R$4252
2025-12-15,2026-05-08,MEX,BCN,Aeromexico,R$4252
2025-12-15,2026-05-08,MEX,BCN,Emirates,R$5206
2025-12-15,2026-05-08,MEX,BCN,Aeromexico,R$4252
2025-12-15,2026-05-09,MEX,BCN,Aeromexico,R$4252
2025-12-15,2026-05-09,MEX,BCN,Emirates,R$5206
2025-12-15,2026-05-09,MEX,BCN,Aeromexico,R$4252
2025-12-15,2026-05-10,MEX,BCN,Aeromexico,R$4038
2025-12-15,2026-05-10,MEX,BCN,Emirates,R$5206
2025-12-15,2026-05-10,MEX,BCN,Aeromexico,R$4038
2025-12-15,2026-05-11,MEX,BCN,Aeromexico,R$4038
2025-12-15,2026-05-11,MEX,BCN,Emirates,R$5206
2025-12-15,2026-05-11,MEX,BCN,Aeromexico,R$4038
2025-12-15,2026-05-12,MEX,BCN,Emirates,R$5206
2025-12-15,2026-05-13,MEX,BCN,Aeromexico,R$4038
2025-12-15,2026-05-13,MEX,BCN,Emirates,R$5206
2025-12-15,2026-05-13,MEX,BCN,Aeromexico,R$4038
2025-12-15,2026-05-14,MEX,BCN,Aeromexico,R$4252
2025-12-15,2026-05-14,MEX,BCN,Emirates,R$5206
2025-12-15,2026-05-14,MEX,BCN,Aeromexico,R$4252
2025-12-15,2026-05-15,MEX,BCN,Aeromexico,R$4252
2025-12-15,2026-05-15,MEX,BCN,Emirates,R$5206
2025-12-15,2026-05-15,MEX,BCN,Aeromexico,R$4252
2025-12-15,2026-05-16,MEX,BCN,Aeromexico,R$4252
2025-12-15,2026-05-16,MEX,BCN,Emirates,R$5206
2025-12-15,2026-05-16,MEX,BCN,Aeromexico,R$4252
2025-12-15,2026-05-17,MEX,BCN,Aeromexico,R$4038
2025-12-15,2026-05-17,MEX,BCN,Emirates,R$5206
2025-12-15,2026-05-17,MEX,BCN,Aeromexico,R$4038
2025-12-15,2026-05-18,MEX,BCN,Aeromexico,R$4038
2025-12-15,2026-05-18,MEX,BCN,Emirates,R$5206
2025-12-15,2026-05-18,MEX,BCN,Aeromexico,R$4038
2025-12-15,2026-05-19,MEX,BCN,Emirates,R$5206
2025-12-15,2026-05-20,MEX,BCN,Aeromexico,R$4038
2025-12-15,2026-05-20,MEX,BCN,Emirates,R$5206
2025-12-15,2026-05-20,MEX,BCN,Aeromexico,R$4038
2025-12-15,2026-05-21,MEX,BCN,Aeromexico,R$4252
2025-12-15,2026-05-21,MEX,BCN,Emirates,R$5206
2025-12-15,2026-05-21,MEX,BCN,Aeromexico,R$4252
2025-12-15,2026-05-22,MEX,BCN,Aeromexico,R$4252
2025-12-15,2026-05-22,MEX,BCN,Emirates,R$5206
2025-12-15,2026-05-22,MEX,BCN,Aeromexico,R$4252
2025-12-15,2026-05-23,MEX,BCN,Aeromexico,R$4252
2025-12-15,2026-05-23,MEX,BCN,Emirates,R$5206
2025-12-15,2026-05-23,MEX,BCN,Aeromexico,R$4252
2025-12-15,2026-05-24,MEX,BCN,Aeromexico,R$4038
2025-12-15,2026-05-24,MEX,BCN,Emirates,R$5206
2025-12-15,2026-05-24,MEX,BCN,Aeromexico,R$4038
2025-12-15,2026-05-25,MEX,BCN,Aeromexico,R$4038
2025-12-15,2026-05-25,MEX,BCN,Emirates,R$5206
2025-12-15,2026-05-25,MEX,BCN,Aeromexico,R$4038
2025-12-15,2026-05-26,MEX,BCN,Emirates,R$5206
2025-12-15,2026-05-27,MEX,BCN,Aeromexico,R$4038
2025-12-15,2026-05-27,MEX,BCN,Emirates,R$5206
2025-12-15,2026-05-27,MEX,BCN,Aeromexico,R$4038
2025-12-15,2026-05-28,MEX,BCN,Aeromexico,R$4252
2025-12-15,2026-05-28,MEX,BCN,Emirates,R$5206
2025-12-15,2026-05-28,MEX,BCN,Aeromexico,R$4252
2025-12-15,2026-05-29,MEX,BCN,Aeromexico,R$4252
2025-12-15,2026-05-29,MEX,BCN,Emirates,R$5206
2025-12-15,2026-05-29,MEX,BCN,Aeromexico,R$4252
2025-12-15,2026-05-30,MEX,BCN,Aeromexico,R$4252
2025-12-15,2026-05-30,MEX,BCN,Emirates,R$5206
2025-12-15,2026-05-30,MEX,BCN,Aeromexico,R$4252
2025-12-15,2026-05-31,MEX,BCN,Aeromexico,R$4038
2025-12-15,2026-05-31,MEX,BCN,Emirates,R$5206
2025-12-15,2026-05-31,MEX,BCN,Aeromexico,R$4038
2025-12-15,2026-06-01,MEX,BCN,Aeromexico,R$4743
2025-12-15,2026-06-01,MEX,BCN,Emirates,R$5206
2025-12-15,2026-06-01,MEX,BCN,Aeromexico,R$4743
2025-12-15,2026-06-02,MEX,BCN,Emirates,R$5206
2025-12-15,2026-06-03,MEX,BCN,Aeromexico,R$4743
2025-12-15,2026-06-03,MEX,BCN,Emirates,R$5206
2025-12-15,2026-06-03,MEX,BCN,Aeromexico,R$4743
2025-12-15,2026-06-04,MEX,BCN,Aeromexico,R$4958
2025-12-15,2026-06-04,MEX,BCN,Emirates,R$6053
2025-12-15,2026-06-04,MEX,BCN,Aeromexico,R$4958
2025-12-15,2026-06-05,MEX,BCN,Aeromexico,R$5918
2025-12-15,2026-06-05,MEX,BCN,Emirates,R$7098
2025-12-15,2026-06-05,MEX,BCN,Aeromexico,R$5918
2025-12-15,2026-06-06,MEX,BCN,Aeromexico,R$5918
2025-12-15,2026-06-06,MEX,BCN,Emirates,R$7098
2025-12-15,2026-06-06,MEX,BCN,Aeromexico,R$5918
2025-12-15,2026-06-07,MEX,BCN,Emirates,R$5206
2025-12-15,2026-06-07,MEX,BCN,Aeromexico,R$5703
2025-12-15,2026-06-07,MEX,BCN,Emirates,R$5206
2025-12-15,2026-06-08,MEX,BCN,Aeromexico,R$5703
2025-12-15,2026-06-08,MEX,BCN,Emirates,R$8323
2025-12-15,2026-06-08,MEX,BCN,Aeromexico,R$5703
2025-12-15,2026-06-09,MEX,BCN,Emirates,R$7098
2025-12-15,2026-06-10,MEX,BCN,Emirates,R$5206
2025-12-15,2026-06-10,MEX,BCN,Aeromexico,R$5703
2025-12-15,2026-06-10,MEX,BCN,Emirates,R$5206
2025-12-15,2026-06-11,MEX,BCN,Aeromexico,R$5918
2025-12-15,2026-06-11,MEX,BCN,Emirates,R$8622
2025-12-15,2026-06-11,MEX,BCN,Aeromexico,R$5918
2025-12-15,2026-06-12,MEX,BCN,Emirates,R$5494
2025-12-15,2026-06-12,MEX,BCN,Aeromexico,R$5918
2025-12-15,2026-06-12,MEX,BCN,Emirates,R$5494
2025-12-15,2026-06-13,MEX,BCN,Emirates,R$5494
2025-12-15,2026-06-13,MEX,BCN,Aeromexico,R$5918
2025-12-15,2026-06-13,MEX,BCN,Emirates,R$5494
2025-12-15,2026-06-14,MEX,BCN,Aeromexico,R$5703
2025-12-15,2026-06-14,MEX,BCN,Emirates,R$6341
2025-12-15,2026-06-14,MEX,BCN,Aeromexico,R$5703
2025-12-15,2025-12-16,NRT,MEX,Aeromexico,R$11600
2025-12-15,2025-12-16,NRT,MEX,ANA,R$12645
2025-12-15,2025-12-16,NRT,MEX,Aeromexico,R$11600
2025-12-15,2025-12-17,NRT,MEX,Aeromexico,R$11600
2025-12-15,2025-12-17,NRT,MEX,ANA,R$12645
2025-12-15,2025-12-17,NRT,MEX,Aeromexico,R$11600
2025-12-15,2025-12-18,NRT,MEX,Aeromexico,R$11600
2025-12-15,2025-12-18,NRT,MEX,ANA,R$12645
2025-12-15,2025-12-18,NRT,MEX,Aeromexico,R$11600
2025-12-15,2025-12-19,NRT,MEX,Aeromexico,R$11600
2025-12-15,2025-12-19,NRT,MEX,ANA,R$12645
2025-12-15,2025-12-19,NRT,MEX,Aeromexico,R$11600
2025-12-15,2025-12-20,NRT,MEX,Aeromexico,R$11951
2025-12-15,2025-12-20,NRT,MEX,ANA,R$14107
2025-12-15,2025-12-20,NRT,MEX,Aeromexico,R$11951
2025-12-15,2025-12-21,NRT,MEX,Aeromexico,R$11951
2025-12-15,2025-12-21,NRT,MEX,ANA,R$14107
2025-12-15,2025-12-21,NRT,MEX,Aeromexico,R$11951
2025-12-15,2025-12-22,NRT,MEX,Aeromexico,R$11600
2025-12-15,2025-12-22,NRT,MEX,ANA,R$14107
2025-12-15,2025-12-22,NRT,MEX,Aeromexico,R$11600
2025-12-15,2025-12-23,NRT,MEX,ANA,R$10111
2025-12-15,2025-12-23,NRT,MEX,Aeromexico,R$11600
2025-12-15,2025-12-23,NRT,MEX,ANA,R$10111
2025-12-15,2025-12-24,NRT,MEX,ANA,R$10111
2025-12-15,2025-12-24,NRT,MEX,Aeromexico,R$11600
2025-12-15,2025-12-24,NRT,MEX,ANA,R$10111
2025-12-15,2025-12-25,NRT,MEX,ANA,R$10111
2025-12-15,2025-12-25,NRT,MEX,Aeromexico,R$11600
2025-12-15,2025-12-25,NRT,MEX,ANA,R$10111
2025-12-15,2025-12-26,NRT,MEX,ANA,R$11573
2025-12-15,2025-12-26,NRT,MEX,Aeromexico,R$13113
2025-12-15,2025-12-26,NRT,MEX,ANA,R$11573
2025-12-15,2025-12-27,NRT,MEX,ANA,R$12547
2025-12-15,2025-12-27,NRT,MEX,Aeromexico,R$13113
2025-12-15,2025-12-27,NRT,MEX,ANA,R$12547
2025-12-15,2025-12-28,NRT,MEX,ANA,R$12547
2025-12-15,2025-12-28,NRT,MEX,Aeromexico,R$12578
2025-12-15,2025-12-28,NRT,MEX,ANA,R$12547
2025-12-15,2025-12-29,NRT,MEX,ANA,R$12547
2025-12-15,2025-12-29,NRT,MEX,Aeromexico,R$12578
2025-12-15,2025-12-29,NRT,MEX,ANA,R$12547
2025-12-15,2025-12-30,NRT,MEX,ANA,R$11573
2025-12-15,2025-12-30,NRT,MEX,Aeromexico,R$12578
2025-12-15,2025-12-30,NRT,MEX,ANA,R$11573
2025-12-15,2025-12-31,NRT,MEX,ANA,R$10111
2025-12-15,2025-12-31,NRT,MEX,Aeromexico,R$11600
2025-12-15,2025-12-31,NRT,MEX,ANA,R$10111
2025-12-15,2026-01-01,NRT,MEX,ANA,R$10147
2025-12-15,2026-01-01,NRT,MEX,Aeromexico,R$11635
2025-12-15,2026-01-01,NRT,MEX,ANA,R$10147
2025-12-15,2026-01-02,NRT,MEX,Aeromexico,R$15938
2025-12-15,2026-01-03,NRT,MEX,Aeromexico,R$15938
2025-12-15,2026-01-03,NRT,MEX,ANA,R$27503
2025-12-15,2026-01-03,NRT,MEX,Aeromexico,R$15938
2025-12-15,2026-01-04,NRT,MEX,Aeromexico,R$15938
2025-12-15,2026-01-04,NRT,MEX,ANA,R$18407
2025-12-15,2026-01-04,NRT,MEX,Aeromexico,R$15938
2025-12-15,2026-01-05,NRT,MEX,Aeromexico,R$15938
2025-12-15,2026-01-05,NRT,MEX,ANA,R$16580
2025-12-15,2026-01-05,NRT,MEX,Aeromexico,R$15938
2025-12-15,2026-01-06,NRT,MEX,Aeromexico,R$16468
2025-12-15,2026-01-07,NRT,MEX,Aeromexico,R$16468
2025-12-15,2026-01-07,NRT,MEX,ANA,R$26107
2025-12-15,2026-01-07,NRT,MEX,Aeromexico,R$16468
2025-12-15,2026-01-08,NRT,MEX,ANA,R$12681
2025-12-15,2026-01-08,NRT,MEX,Aeromexico,R$15938
2025-12-15,2026-01-08,NRT,MEX,ANA,R$12681
2025-12-15,2026-01-09,NRT,MEX,Aeromexico,R$15938
2025-12-15,2026-01-09,NRT,MEX,ANA,R$16945
2025-12-15,2026-01-09,NRT,MEX,Aeromexico,R$15938
2025-12-15,2026-01-10,NRT,MEX,ANA,R$11121
2025-12-15,2026-01-10,NRT,MEX,Aeromexico,R$15938
2025-12-15,2026-01-10,NRT,MEX,ANA,R$11121
2025-12-15,2026-01-11,NRT,MEX,ANA,R$14143
2025-12-15,2026-01-11,NRT,MEX,Aeromexico,R$15938
2025-12-15,2026-01-11,NRT,MEX,ANA,R$14143
2025-12-15,2026-01-12,NRT,MEX,ANA,R$11121
2025-12-15,2026-01-12,NRT,MEX,Aeromexico,R$15938
2025-12-15,2026-01-12,NRT,MEX,ANA,R$11121
2025-12-15,2026-01-13,NRT,MEX,ANA,R$10147
2025-12-15,2026-01-13,NRT,MEX,Aeromexico,R$11635
2025-12-15,2026-01-13,NRT,MEX,ANA,R$10147
2025-12-15,2026-01-14,NRT,MEX,ANA,R$10147
2025-12-15,2026-01-14,NRT,MEX,Aeromexico,R$11635
2025-12-15,2026-01-14,NRT,MEX,ANA,R$10147
2025-12-15,2026-01-15,NRT,MEX,ANA,R$10147
2025-12-15,2026-01-15,NRT,MEX,Aeromexico,R$11635
2025-12-15,2026-01-15,NRT,MEX,ANA,R$10147
2025-12-15,2026-01-16,NRT,MEX,ANA,R$10147
2025-12-15,2026-01-16,NRT,MEX,Aeromexico,R$11635
2025-12-15,2026-01-16,NRT,MEX,ANA,R$10147
2025-12-15,2026-01-17,NRT,MEX,ANA,R$11121
2025-12-15,2026-01-17,NRT,MEX,Aeromexico,R$11987
2025-12-15,2026-01-17,NRT,MEX,ANA,R$11121
2025-12-15,2026-01-18,NRT,MEX,ANA,R$11121
2025-12-15,2026-01-18,NRT,MEX,Aeromexico,R$11987
2025-12-15,2026-01-18,NRT,MEX,ANA,R$11121
2025-12-15,2026-01-19,NRT,MEX,Aeromexico,R$10584
2025-12-15,2026-01-19,NRT,MEX,ANA,R$11121
2025-12-15,2026-01-19,NRT,MEX,Aeromexico,R$10584
2025-12-15,2026-01-20,NRT,MEX,Aeromexico,R$9609
2025-12-15,2026-01-20,NRT,MEX,ANA,R$10147
2025-12-15,2026-01-20,NRT,MEX,Aeromexico,R$9609
2025-12-15,2026-01-21,NRT,MEX,ANA,R$10147
2025-12-15,2026-01-21,NRT,MEX,Aeromexico,R$11635
2025-12-15,2026-01-21,NRT,MEX,ANA,R$10147
2025-12-15,2026-01-22,NRT,MEX,ANA,R$10147
2025-12-15,2026-01-22,NRT,MEX,Aeromexico,R$11635
2025-12-15,2026-01-22,NRT,MEX,ANA,R$10147
2025-12-15,2026-01-23,NRT,MEX,Aeromexico,R$9609
2025-12-15,2026-01-23,NRT,MEX,ANA,R$10147
2025-12-15,2026-01-23,NRT,MEX,Aeromexico,R$9609
2025-12-15,2026-01-24,NRT,MEX,Aeromexico,R$10584
2025-12-15,2026-01-24,NRT,MEX,ANA,R$11121
2025-12-15,2026-01-24,NRT,MEX,Aeromexico,R$10584
2025-12-15,2026-01-25,NRT,MEX,ANA,R$11121
2025-12-15,2026-01-25,NRT,MEX,Aeromexico,R$11987
2025-12-15,2026-01-25,NRT,MEX,ANA,R$11121
2025-12-15,2026-01-26,NRT,MEX,Aeromexico,R$10584
2025-12-15,2026-01-26,NRT,MEX,ANA,R$11121
2025-12-15,2026-01-26,NRT,MEX,Aeromexico,R$10584
2025-12-15,2026-01-27,NRT,MEX,Aeromexico,R$9609
2025-12-15,2026-01-27,NRT,MEX,ANA,R$10147
2025-12-15,2026-01-27,NRT,MEX,Aeromexico,R$9609
2025-12-15,2026-01-28,NRT,MEX,Aeromexico,R$9609
2025-12-15,2026-01-28,NRT,MEX,ANA,R$10147
2025-12-15,2026-01-28,NRT,MEX,Aeromexico,R$9609
2025-12-15,2026-01-29,NRT,MEX,ANA,R$10147
2025-12-15,2026-01-29,NRT,MEX,Aeromexico,R$11635
2025-12-15,2026-01-29,NRT,MEX,ANA,R$10147
2025-12-15,2026-01-30,NRT,MEX,ANA,R$10147
2025-12-15,2026-01-30,NRT,MEX,Aeromexico,R$11635
2025-12-15,2026-01-30,NRT,MEX,ANA,R$10147
2025-12-15,2026-01-31,NRT,MEX,Aeromexico,R$10584
2025-12-15,2026-01-31,NRT,MEX,ANA,R$11121
2025-12-15,2026-01-31,NRT,MEX,Aeromexico,R$10584
2025-12-15,2026-02-01,NRT,MEX,Aeromexico,R$10584
2025-12-15,2026-02-01,NRT,MEX,ANA,R$11121
2025-12-15,2026-02-01,NRT,MEX,Aeromexico,R$10584
2025-12-15,2026-02-02,NRT,MEX,Aeromexico,R$10584
2025-12-15,2026-02-02,NRT,MEX,ANA,R$11121
2025-12-15,2026-02-02,NRT,MEX,Aeromexico,R$10584
2025-12-15,2026-02-03,NRT,MEX,Aeromexico,R$9609
2025-12-15,2026-02-03,NRT,MEX,ANA,R$10147
2025-12-15,2026-02-03,NRT,MEX,Aeromexico,R$9609
2025-12-15,2026-02-04,NRT,MEX,Aeromexico,R$9609
2025-12-15,2026-02-04,NRT,MEX,ANA,R$10147
2025-12-15,2026-02-04,NRT,MEX,Aeromexico,R$9609
2025-12-15,2026-02-05,NRT,MEX,Aeromexico,R$9609
2025-12-15,2026-02-05,NRT,MEX,ANA,R$10147
2025-12-15,2026-02-05,NRT,MEX,Aeromexico,R$9609
2025-12-15,2026-02-06,NRT,MEX,Aeromexico,R$9609
2025-12-15,2026-02-06,NRT,MEX,ANA,R$10147
2025-12-15,2026-02-06,NRT,MEX,Aeromexico,R$9609
2025-12-15,2026-02-07,NRT,MEX,Aeromexico,R$10584
2025-12-15,2026-02-07,NRT,MEX,ANA,R$11121
2025-12-15,2026-02-07,NRT,MEX,Aeromexico,R$10584
2025-12-15,2026-02-08,NRT,MEX,Aeromexico,R$10584
2025-12-15,2026-02-08,NRT,MEX,ANA,R$11121
2025-12-15,2026-02-08,NRT,MEX,Aeromexico,R$10584
2025-12-15,2026-02-09,NRT,MEX,Aeromexico,R$10584
2025-12-15,2026-02-09,NRT,MEX,ANA,R$11121
2025-12-15,2026-02-09,NRT,MEX,Aeromexico,R$10584
2025-12-15,2026-02-10,NRT,MEX,Aeromexico,R$9609
2025-12-15,2026-02-10,NRT,MEX,ANA,R$10147
2025-12-15,2026-02-10,NRT,MEX,Aeromexico,R$9609
2025-12-15,2026-02-11,NRT,MEX,Aeromexico,R$9609
2025-12-15,2026-02-11,NRT,MEX,ANA,R$10147
2025-12-15,2026-02-11,NRT,MEX,Aeromexico,R$9609
2025-12-15,2026-02-12,NRT,MEX,Aeromexico,R$9609
2025-12-15,2026-02-12,NRT,MEX,ANA,R$10147
2025-12-15,2026-02-12,NRT,MEX,Aeromexico,R$9609
2025-12-15,2026-02-13,NRT,MEX,Aeromexico,R$9609
2025-12-15,2026-02-13,NRT,MEX,ANA,R$10147
2025-12-15,2026-02-13,NRT,MEX,Aeromexico,R$9609
2025-12-15,2026-02-14,NRT,MEX,Aeromexico,R$10584
2025-12-15,2026-02-14,NRT,MEX,ANA,R$11121
2025-12-15,2026-02-14,NRT,MEX,Aeromexico,R$10584
2025-12-15,2026-02-15,NRT,MEX,Aeromexico,R$10584
2025-12-15,2026-02-15,NRT,MEX,ANA,R$11121
2025-12-15,2026-02-15,NRT,MEX,Aeromexico,R$10584
2025-12-15,2026-02-16,NRT,MEX,Aeromexico,R$10584
2025-12-15,2026-02-16,NRT,MEX,ANA,R$11121
2025-12-15,2026-02-16,NRT,MEX,Aeromexico,R$10584
2025-12-15,2026-02-17,NRT,MEX,Aeromexico,R$9609
2025-12-15,2026-02-17,NRT,MEX,ANA,R$10147
2025-12-15,2026-02-17,NRT,MEX,Aeromexico,R$9609
2025-12-15,2026-02-18,NRT,MEX,Aeromexico,R$9609
2025-12-15,2026-02-18,NRT,MEX,ANA,R$10147
2025-12-15,2026-02-18,NRT,MEX,Aeromexico,R$9609
2025-12-15,2026-02-19,NRT,MEX,Aeromexico,R$9609
2025-12-15,2026-02-19,NRT,MEX,ANA,R$10147
2025-12-15,2026-02-19,NRT,MEX,Aeromexico,R$9609
2025-12-15,2026-02-20,NRT,MEX,Aeromexico,R$9609
2025-12-15,2026-02-20,NRT,MEX,ANA,R$10147
2025-12-15,2026-02-20,NRT,MEX,Aeromexico,R$9609
2025-12-15,2026-02-21,NRT,MEX,Aeromexico,R$10584
2025-12-15,2026-02-21,NRT,MEX,ANA,R$11121
2025-12-15,2026-02-21,NRT,MEX,Aeromexico,R$10584
2025-12-15,2026-02-22,NRT,MEX,Aeromexico,R$10584
2025-12-15,2026-02-22,NRT,MEX,ANA,R$11121
2025-12-15,2026-02-22,NRT,MEX,Aeromexico,R$10584
2025-12-15,2026-02-23,NRT,MEX,Aeromexico,R$10584
2025-12-15,2026-02-23,NRT,MEX,ANA,R$11121
2025-12-15,2026-02-23,NRT,MEX,Aeromexico,R$10584
2025-12-15,2026-02-24,NRT,MEX,Aeromexico,R$9609
2025-12-15,2026-02-24,NRT,MEX,ANA,R$10147
2025-12-15,2026-02-24,NRT,MEX,Aeromexico,R$9609
2025-12-15,2026-02-25,NRT,MEX,ANA,R$10147
2025-12-15,2026-02-25,NRT,MEX,Aeromexico,R$11635
2025-12-15,2026-02-25,NRT,MEX,ANA,R$10147
2025-12-15,2026-02-26,NRT,MEX,Aeromexico,R$9609
2025-12-15,2026-02-26,NRT,MEX,ANA,R$10147
2025-12-15,2026-02-26,NRT,MEX,Aeromexico,R$9609
2025-12-15,2026-02-27,NRT,MEX,Aeromexico,R$9609
2025-12-15,2026-02-27,NRT,MEX,ANA,R$10147
2025-12-15,2026-02-27,NRT,MEX,Aeromexico,R$9609
2025-12-15,2026-02-28,NRT,MEX,ANA,R$11121
2025-12-15,2026-02-28,NRT,MEX,Aeromexico,R$11987
2025-12-15,2026-02-28,NRT,MEX,ANA,R$11121
2025-12-15,2026-03-01,NRT,MEX,Aeromexico,R$10584
2025-12-15,2026-03-01,NRT,MEX,ANA,R$11121
2025-12-15,2026-03-01,NRT,MEX,Aeromexico,R$10584
2025-12-15,2026-03-02,NRT,MEX,Aeromexico,R$10584
2025-12-15,2026-03-02,NRT,MEX,ANA,R$11121
2025-12-15,2026-03-02,NRT,MEX,Aeromexico,R$10584
2025-12-15,2026-03-03,NRT,MEX,Aeromexico,R$9609
2025-12-15,2026-03-03,NRT,MEX,ANA,R$10147
2025-12-15,2026-03-03,NRT,MEX,Aeromexico,R$9609
2025-12-15,2026-03-04,NRT,MEX,Aeromexico,R$9609
2025-12-15,2026-03-04,NRT,MEX,ANA,R$10147
2025-12-15,2026-03-04,NRT,MEX,Aeromexico,R$9609
2025-12-15,2026-03-05,NRT,MEX,Aeromexico,R$9609
2025-12-15,2026-03-05,NRT,MEX,ANA,R$10147
2025-12-15,2026-03-05,NRT,MEX,Aeromexico,R$9609
2025-12-15,2026-03-06,NRT,MEX,Aeromexico,R$9609
2025-12-15,2026-03-06,NRT,MEX,ANA,R$10147
2025-12-15,2026-03-06,NRT,MEX,Aeromexico,R$9609
2025-12-15,2026-03-07,NRT,MEX,Aeromexico,R$10584
2025-12-15,2026-03-07,NRT,MEX,ANA,R$11121
2025-12-15,2026-03-07,NRT,MEX,Aeromexico,R$10584
2025-12-15,2026-03-08,NRT,MEX,Aeromexico,R$10584
2025-12-15,2026-03-08,NRT,MEX,ANA,R$11121
2025-12-15,2026-03-08,NRT,MEX,Aeromexico,R$10584
2025-12-15,2026-03-09,NRT,MEX,Aeromexico,R$10584
2025-12-15,2026-03-09,NRT,MEX,ANA,R$11121
2025-12-15,2026-03-09,NRT,MEX,Aeromexico,R$10584
2025-12-15,2026-03-10,NRT,MEX,Aeromexico,R$9609
2025-12-15,2026-03-10,NRT,MEX,ANA,R$10147
2025-12-15,2026-03-10,NRT,MEX,Aeromexico,R$9609
2025-12-15,2026-03-11,NRT,MEX,Aeromexico,R$9609
2025-12-15,2026-03-11,NRT,MEX,ANA,R$10147
2025-12-15,2026-03-11,NRT,MEX,Aeromexico,R$9609
2025-12-15,2026-03-12,NRT,MEX,Aeromexico,R$9609
2025-12-15,2026-03-12,NRT,MEX,ANA,R$10147
2025-12-15,2026-03-12,NRT,MEX,Aeromexico,R$9609
2025-12-15,2026-03-13,NRT,MEX,Aeromexico,R$9609
2025-12-15,2026-03-13,NRT,MEX,ANA,R$10147
2025-12-15,2026-03-13,NRT,MEX,Aeromexico,R$9609
2025-12-15,2026-03-14,NRT,MEX,Aeromexico,R$10584
2025-12-15,2026-03-14,NRT,MEX,ANA,R$11121
2025-12-15,2026-03-14,NRT,MEX,Aeromexico,R$10584
2025-12-15,2026-03-15,NRT,MEX,Aeromexico,R$10584
2025-12-15,2026-03-15,NRT,MEX,ANA,R$11121
2025-12-15,2026-03-15,NRT,MEX,Aeromexico,R$10584
2025-12-15,2026-03-16,NRT,MEX,Aeromexico,R$10584
2025-12-15,2026-03-16,NRT,MEX,ANA,R$11121
2025-12-15,2026-03-16,NRT,MEX,Aeromexico,R$10584
2025-12-15,2026-03-17,NRT,MEX,Aeromexico,R$9609
2025-12-15,2026-03-17,NRT,MEX,ANA,R$10147
2025-12-15,2026-03-17,NRT,MEX,Aeromexico,R$9609
2025-12-15,2026-03-18,NRT,MEX,Aeromexico,R$9609
2025-12-15,2026-03-18,NRT,MEX,ANA,R$10147
2025-12-15,2026-03-18,NRT,MEX,Aeromexico,R$9609
2025-12-15,2026-03-19,NRT,MEX,Aeromexico,R$9609
2025-12-15,2026-03-19,NRT,MEX,ANA,R$10147
2025-12-15,2026-03-19,NRT,MEX,Aeromexico,R$9609
2025-12-15,2026-03-20,NRT,MEX,Aeromexico,R$9609
2025-12-15,2026-03-20,NRT,MEX,ANA,R$10147
2025-12-15,2026-03-20,NRT,MEX,Aeromexico,R$9609
2025-12-15,2026-03-21,NRT,MEX,Aeromexico,R$10584
2025-12-15,2026-03-21,NRT,MEX,ANA,R$11121
2025-12-15,2026-03-21,NRT,MEX,Aeromexico,R$10584
2025-12-15,2026-03-22,NRT,MEX,Aeromexico,R$10584
2025-12-15,2026-03-22,NRT,MEX,ANA,R$11121
2025-12-15,2026-03-22,NRT,MEX,Aeromexico,R$10584
2025-12-15,2026-03-23,NRT,MEX,Aeromexico,R$10584
2025-12-15,2026-03-23,NRT,MEX,ANA,R$11121
2025-12-15,2026-03-23,NRT,MEX,Aeromexico,R$10584
2025-12-15,2026-03-24,NRT,MEX,Aeromexico,R$9609
2025-12-15,2026-03-24,NRT,MEX,ANA,R$10147
2025-12-15,2026-03-24,NRT,MEX,Aeromexico,R$9609
2025-12-15,2026-03-25,NRT,MEX,ANA,R$10147
2025-12-15,2026-03-25,NRT,MEX,Aeromexico,R$11635
2025-12-15,2026-03-25,NRT,MEX,ANA,R$10147
2025-12-15,2026-03-26,NRT,MEX,Aeromexico,R$9609
2025-12-15,2026-03-26,NRT,MEX,ANA,R$10147
2025-12-15,2026-03-26,NRT,MEX,Aeromexico,R$9609
2025-12-15,2026-03-27,NRT,MEX,Aeromexico,R$9609
2025-12-15,2026-03-27,NRT,MEX,ANA,R$10147
2025-12-15,2026-03-27,NRT,MEX,Aeromexico,R$9609
2025-12-15,2026-03-28,NRT,MEX,Aeromexico,R$10584
2025-12-15,2026-03-28,NRT,MEX,ANA,R$11121
2025-12-15,2026-03-28,NRT,MEX,Aeromexico,R$10584
2025-12-15,2026-03-29,NRT,MEX,ANA,R$11121
2025-12-15,2026-03-29,NRT,MEX,Aeromexico,R$11987
2025-12-15,2026-03-29,NRT,MEX,ANA,R$11121
2025-12-15,2026-03-30,NRT,MEX,ANA,R$11121
2025-12-15,2026-03-30,NRT,MEX,Aeromexico,R$11635
2025-12-15,2026-03-30,NRT,MEX,ANA,R$11121
2025-12-15,2026-03-31,NRT,MEX,ANA,R$10147
2025-12-15,2026-03-31,NRT,MEX,Aeromexico,R$11635
2025-12-15,2026-03-31,NRT,MEX,ANA,R$10147
2025-12-15,2026-04-01,NRT,MEX,ANA,R$10147
2025-12-15,2026-04-01,NRT,MEX,Aeromexico,R$11635
2025-12-15,2026-04-01,NRT,MEX,ANA,R$10147
2025-12-15,2026-04-02,NRT,MEX,ANA,R$10147
2025-12-15,2026-04-02,NRT,MEX,Aeromexico,R$11635
2025-12-15,2026-04-02,NRT,MEX,ANA,R$10147
2025-12-15,2026-04-03,NRT,MEX,ANA,R$10147
2025-12-15,2026-04-03,NRT,MEX,Aeromexico,R$11635
2025-12-15,2026-04-03,NRT,MEX,ANA,R$10147
2025-12-15,2026-04-04,NRT,MEX,ANA,R$11121
2025-12-15,2026-04-04,NRT,MEX,Aeromexico,R$11987
2025-12-15,2026-04-04,NRT,MEX,ANA,R$11121
2025-12-15,2026-04-05,NRT,MEX,ANA,R$11121
2025-12-15,2026-04-05,NRT,MEX,Aeromexico,R$11987
2025-12-15,2026-04-05,NRT,MEX,ANA,R$11121
2025-12-15,2026-04-06,NRT,MEX,ANA,R$11121
2025-12-15,2026-04-06,NRT,MEX,Aeromexico,R$11635
2025-12-15,2026-04-06,NRT,MEX,ANA,R$11121
2025-12-15,2026-04-07,NRT,MEX,ANA,R$10147
2025-12-15,2026-04-07,NRT,MEX,Aeromexico,R$11635
2025-12-15,2026-04-07,NRT,MEX,ANA,R$10147
2025-12-15,2026-04-08,NRT,MEX,ANA,R$10147
2025-12-15,2026-04-08,NRT,MEX,Aeromexico,R$11635
2025-12-15,2026-04-08,NRT,MEX,ANA,R$10147
2025-12-15,2026-04-09,NRT,MEX,ANA,R$10147
2025-12-15,2026-04-09,NRT,MEX,Aeromexico,R$11635
2025-12-15,2026-04-09,NRT,MEX,ANA,R$10147
2025-12-15,2026-04-10,NRT,MEX,ANA,R$10147
2025-12-15,2026-04-10,NRT,MEX,Aeromexico,R$11635
2025-12-15,2026-04-10,NRT,MEX,ANA,R$10147
2025-12-15,2026-04-11,NRT,MEX,ANA,R$11121
2025-12-15,2026-04-11,NRT,MEX,Aeromexico,R$15938
2025-12-15,2026-04-11,NRT,MEX,ANA,R$11121
2025-12-15,2026-04-12,NRT,MEX,ANA,R$11121
2025-12-15,2026-04-12,NRT,MEX,Aeromexico,R$11987
2025-12-15,2026-04-12,NRT,MEX,ANA,R$11121
2025-12-15,2026-04-13,NRT,MEX,ANA,R$11121
2025-12-15,2026-04-13,NRT,MEX,Aeromexico,R$11635
2025-12-15,2026-04-13,NRT,MEX,ANA,R$11121
2025-12-15,2026-04-14,NRT,MEX,ANA,R$10147
2025-12-15,2026-04-14,NRT,MEX,Aeromexico,R$11635
2025-12-15,2026-04-14,NRT,MEX,ANA,R$10147
2025-12-15,2026-04-15,NRT,MEX,ANA,R$10147
2025-12-15,2026-04-15,NRT,MEX,Aeromexico,R$11635
2025-12-15,2026-04-15,NRT,MEX,ANA,R$10147
2025-12-15,2026-04-16,NRT,MEX,ANA,R$10147
2025-12-15,2026-04-16,NRT,MEX,Aeromexico,R$11635
2025-12-15,2026-04-16,NRT,MEX,ANA,R$10147
2025-12-15,2026-04-17,NRT,MEX,ANA,R$10147
2025-12-15,2026-04-17,NRT,MEX,Aeromexico,R$11635
2025-12-15,2026-04-17,NRT,MEX,ANA,R$10147
2025-12-15,2026-04-18,NRT,MEX,ANA,R$11121
2025-12-15,2026-04-18,NRT,MEX,Aeromexico,R$11987
2025-12-15,2026-04-18,NRT,MEX,ANA,R$11121
2025-12-15,2026-04-19,NRT,MEX,ANA,R$11121
2025-12-15,2026-04-19,NRT,MEX,Aeromexico,R$11987
2025-12-15,2026-04-19,NRT,MEX,ANA,R$11121
2025-12-15,2026-04-20,NRT,MEX,ANA,R$11121
2025-12-15,2026-04-20,NRT,MEX,Aeromexico,R$11635
2025-12-15,2026-04-20,NRT,MEX,ANA,R$11121
2025-12-15,2026-04-21,NRT,MEX,ANA,R$10147
2025-12-15,2026-04-21,NRT,MEX,Aeromexico,R$11635
2025-12-15,2026-04-21,NRT,MEX,ANA,R$10147
2025-12-15,2026-04-22,NRT,MEX,ANA,R$10147
2025-12-15,2026-04-22,NRT,MEX,Aeromexico,R$11635
2025-12-15,2026-04-22,NRT,MEX,ANA,R$10147
2025-12-15,2026-04-23,NRT,MEX,ANA,R$11609
2025-12-15,2026-04-23,NRT,MEX,Aeromexico,R$12614
2025-12-15,2026-04-23,NRT,MEX,ANA,R$11609
2025-12-15,2026-04-24,NRT,MEX,ANA,R$11609
2025-12-15,2026-04-24,NRT,MEX,Aeromexico,R$12614
2025-12-15,2026-04-24,NRT,MEX,ANA,R$11609
2025-12-15,2026-04-25,NRT,MEX,ANA,R$12583
2025-12-15,2026-04-25,NRT,MEX,Aeromexico,R$12614
2025-12-15,2026-04-25,NRT,MEX,ANA,R$12583
2025-12-15,2026-04-26,NRT,MEX,ANA,R$12583
2025-12-15,2026-04-26,NRT,MEX,Aeromexico,R$12614
2025-12-15,2026-04-26,NRT,MEX,ANA,R$12583
2025-12-15,2026-04-27,NRT,MEX,ANA,R$12583
2025-12-15,2026-04-27,NRT,MEX,Aeromexico,R$12614
2025-12-15,2026-04-27,NRT,MEX,ANA,R$12583
2025-12-15,2026-04-28,NRT,MEX,ANA,R$11609
2025-12-15,2026-04-28,NRT,MEX,Aeromexico,R$12614
2025-12-15,2026-04-28,NRT,MEX,ANA,R$11609
2025-12-15,2026-04-29,NRT,MEX,ANA,R$11609
2025-12-15,2026-04-29,NRT,MEX,Aeromexico,R$12614
2025-12-15,2026-04-29,NRT,MEX,ANA,R$11609
2025-12-15,2026-04-30,NRT,MEX,ANA,R$11609
2025-12-15,2026-04-30,NRT,MEX,Aeromexico,R$12614
2025-12-15,2026-04-30,NRT,MEX,ANA,R$11609
2025-12-15,2026-05-01,NRT,MEX,ANA,R$11609
2025-12-15,2026-05-01,NRT,MEX,Aeromexico,R$12614
2025-12-15,2026-05-01,NRT,MEX,ANA,R$11609
2025-12-15,2026-05-02,NRT,MEX,ANA,R$12583
2025-12-15,2026-05-02,NRT,MEX,Aeromexico,R$12614
2025-12-15,2026-05-02,NRT,MEX,ANA,R$12583
2025-12-15,2026-05-03,NRT,MEX,ANA,R$12583
2025-12-15,2026-05-03,NRT,MEX,Aeromexico,R$12614
2025-12-15,2026-05-03,NRT,MEX,ANA,R$12583
2025-12-15,2026-05-04,NRT,MEX,ANA,R$12583
2025-12-15,2026-05-04,NRT,MEX,Aeromexico,R$12614
2025-12-15,2026-05-04,NRT,MEX,ANA,R$12583
2025-12-15,2026-05-05,NRT,MEX,ANA,R$10147
2025-12-15,2026-05-05,NRT,MEX,Aeromexico,R$11635
2025-12-15,2026-05-05,NRT,MEX,ANA,R$10147
2025-12-15,2026-05-06,NRT,MEX,ANA,R$10147
2025-12-15,2026-05-06,NRT,MEX,Aeromexico,R$11635
2025-12-15,2026-05-06,NRT,MEX,ANA,R$10147
2025-12-15,2026-05-07,NRT,MEX,ANA,R$10147
2025-12-15,2026-05-07,NRT,MEX,Aeromexico,R$11635
2025-12-15,2026-05-07,NRT,MEX,ANA,R$10147
2025-12-15,2026-05-08,NRT,MEX,ANA,R$10147
2025-12-15,2026-05-08,NRT,MEX,Aeromexico,R$11635
2025-12-15,2026-05-08,NRT,MEX,ANA,R$10147
2025-12-15,2026-05-09,NRT,MEX,ANA,R$11121
2025-12-15,2026-05-09,NRT,MEX,Aeromexico,R$11987
2025-12-15,2026-05-09,NRT,MEX,ANA,R$11121
2025-12-15,2026-05-10,NRT,MEX,ANA,R$11121
2025-12-15,2026-05-10,NRT,MEX,Aeromexico,R$11987
2025-12-15,2026-05-10,NRT,MEX,ANA,R$11121
2025-12-15,2026-05-11,NRT,MEX,ANA,R$11121
2025-12-15,2026-05-11,NRT,MEX,Aeromexico,R$11635
2025-12-15,2026-05-11,NRT,MEX,ANA,R$11121
2025-12-15,2026-05-12,NRT,MEX,ANA,R$10147
2025-12-15,2026-05-12,NRT,MEX,Aeromexico,R$11635
2025-12-15,2026-05-12,NRT,MEX,ANA,R$10147
2025-12-15,2026-05-13,NRT,MEX,ANA,R$10147
2025-12-15,2026-05-13,NRT,MEX,Aeromexico,R$11635
2025-12-15,2026-05-13,NRT,MEX,ANA,R$10147
2025-12-15,2026-05-14,NRT,MEX,ANA,R$10147
2025-12-15,2026-05-14,NRT,MEX,Aeromexico,R$11635
2025-12-15,2026-05-14,NRT,MEX,ANA,R$10147
2025-12-15,2026-05-15,NRT,MEX,ANA,R$10147
2025-12-15,2026-05-15,NRT,MEX,Aeromexico,R$11635
2025-12-15,2026-05-15,NRT,MEX,ANA,R$10147
2025-12-15,2026-05-16,NRT,MEX,ANA,R$11121
2025-12-15,2026-05-16,NRT,MEX,Aeromexico,R$11987
2025-12-15,2026-05-16,NRT,MEX,ANA,R$11121
2025-12-15,2026-05-17,NRT,MEX,ANA,R$11121
2025-12-15,2026-05-17,NRT,MEX,Aeromexico,R$11987
2025-12-15,2026-05-17,NRT,MEX,ANA,R$11121
2025-12-15,2026-05-18,NRT,MEX,ANA,R$11121
2025-12-15,2026-05-18,NRT,MEX,Aeromexico,R$11635
2025-12-15,2026-05-18,NRT,MEX,ANA,R$11121
2025-12-15,2026-05-19,NRT,MEX,ANA,R$10147
2025-12-15,2026-05-19,NRT,MEX,Aeromexico,R$11635
2025-12-15,2026-05-19,NRT,MEX,ANA,R$10147
2025-12-15,2026-05-20,NRT,MEX,ANA,R$10147
2025-12-15,2026-05-20,NRT,MEX,Aeromexico,R$11635
2025-12-15,2026-05-20,NRT,MEX,ANA,R$10147
2025-12-15,2026-05-21,NRT,MEX,ANA,R$10147
2025-12-15,2026-05-21,NRT,MEX,Aeromexico,R$11635
2025-12-15,2026-05-21,NRT,MEX,ANA,R$10147
2025-12-15,2026-05-22,NRT,MEX,ANA,R$10147
2025-12-15,2026-05-22,NRT,MEX,Aeromexico,R$11635
2025-12-15,2026-05-22,NRT,MEX,ANA,R$10147
2025-12-15,2026-05-23,NRT,MEX,ANA,R$11121
2025-12-15,2026-05-23,NRT,MEX,Aeromexico,R$11987
2025-12-15,2026-05-23,NRT,MEX,ANA,R$11121
2025-12-15,2026-05-24,NRT,MEX,ANA,R$11121
2025-12-15,2026-05-24,NRT,MEX,Aeromexico,R$11987
2025-12-15,2026-05-24,NRT,MEX,ANA,R$11121
2025-12-15,2026-05-25,NRT,MEX,ANA,R$11121
2025-12-15,2026-05-25,NRT,MEX,Aeromexico,R$11635
2025-12-15,2026-05-25,NRT,MEX,ANA,R$11121
2025-12-15,2026-05-26,NRT,MEX,ANA,R$10147
2025-12-15,2026-05-26,NRT,MEX,Aeromexico,R$11635
2025-12-15,2026-05-26,NRT,MEX,ANA,R$10147
2025-12-15,2026-05-27,NRT,MEX,ANA,R$10147
2025-12-15,2026-05-27,NRT,MEX,Aeromexico,R$11635
2025-12-15,2026-05-27,NRT,MEX,ANA,R$10147
2025-12-15,2026-05-28,NRT,MEX,ANA,R$10147
2025-12-15,2026-05-28,NRT,MEX,Aeromexico,R$12614
2025-12-15,2026-05-28,NRT,MEX,ANA,R$10147
2025-12-15,2026-05-29,NRT,MEX,ANA,R$10147
2025-12-15,2026-05-29,NRT,MEX,Aeromexico,R$12614
2025-12-15,2026-05-29,NRT,MEX,ANA,R$10147
2025-12-15,2026-05-30,NRT,MEX,ANA,R$11121
2025-12-15,2026-05-30,NRT,MEX,Aeromexico,R$11987
2025-12-15,2026-05-30,NRT,MEX,ANA,R$11121
2025-12-15,2026-05-31,NRT,MEX,ANA,R$11121
2025-12-15,2026-05-31,NRT,MEX,Aeromexico,R$12614
2025-12-15,2026-05-31,NRT,MEX,ANA,R$11121
2025-12-15,2026-06-01,NRT,MEX,ANA,R$11121
2025-12-15,2026-06-01,NRT,MEX,Aeromexico,R$12614
2025-12-15,2026-06-01,NRT,MEX,ANA,R$11121
2025-12-15,2026-06-02,NRT,MEX,ANA,R$10147
2025-12-15,2026-06-02,NRT,MEX,Aeromexico,R$11635
2025-12-15,2026-06-02,NRT,MEX,ANA,R$10147
2025-12-15,2026-06-03,NRT,MEX,ANA,R$10147
2025-12-15,2026-06-03,NRT,MEX,Aeromexico,R$12614
2025-12-15,2026-06-03,NRT,MEX,ANA,R$10147
2025-12-15,2026-06-04,NRT,MEX,ANA,R$10147
2025-12-15,2026-06-04,NRT,MEX,Aeromexico,R$12614
2025-12-15,2026-06-04,NRT,MEX,ANA,R$10147
2025-12-15,2026-06-05,NRT,MEX,ANA,R$10147
2025-12-15,2026-06-05,NRT,MEX,Aeromexico,R$14079
2025-12-15,2026-06-05,NRT,MEX,ANA,R$10147
2025-12-15,2026-06-06,NRT,MEX,ANA,R$11121
2025-12-15,2026-06-06,NRT,MEX,Aeromexico,R$14079
2025-12-15,2026-06-06,NRT,MEX,ANA,R$11121
2025-12-15,2026-06-07,NRT,MEX,ANA,R$11121
2025-12-15,2026-06-07,NRT,MEX,Aeromexico,R$11987
2025-12-15,2026-06-07,NRT,MEX,ANA,R$11121
2025-12-15,2026-06-08,NRT,MEX,ANA,R$11121
2025-12-15,2026-06-08,NRT,MEX,Aeromexico,R$11635
2025-12-15,2026-06-08,NRT,MEX,ANA,R$11121
2025-12-15,2026-06-09,NRT,MEX,ANA,R$10147
2025-12-15,2026-06-09,NRT,MEX,Aeromexico,R$11635
2025-12-15,2026-06-09,NRT,MEX,ANA,R$10147
2025-12-15,2026-06-10,NRT,MEX,ANA,R$10147
2025-12-15,2026-06-10,NRT,MEX,Aeromexico,R$11635
2025-12-15,2026-06-10,NRT,MEX,ANA,R$10147
2025-12-15,2026-06-11,NRT,MEX,ANA,R$10147
2025-12-15,2026-06-11,NRT,MEX,Aeromexico,R$11635
2025-12-15,2026-06-11,NRT,MEX,ANA,R$10147
2025-12-15,2026-06-12,NRT,MEX,ANA,R$10147
2025-12-15,2026-06-12,NRT,MEX,Aeromexico,R$11635
2025-12-15,2026-06-12,NRT,MEX,ANA,R$10147
2025-12-15,2026-06-13,NRT,MEX,ANA,R$11121
2025-12-15,2026-06-13,NRT,MEX,Aeromexico,R$11987
2025-12-15,2026-06-13,NRT,MEX,ANA,R$11121
2025-12-15,2026-06-14,NRT,MEX,ANA,R$11121
2025-12-15,2026-06-14,NRT,MEX,Aeromexico,R$11987
2025-12-15,2026-06-14,NRT,MEX,ANA,R$11121
