snapshot_date,flight_date,origin,destination,carrier,price
2025-12-15,2026-05-10,PVR,NLU,Aeromexico,R$514
2025-12-15,2026-05-10,PVR,NLU,Viva,Price unavailable
2025-12-15,2026-05-10,PVR,NLU,Mexicana,Price unavailable
2025-12-15,2026-05-10,PVR,NLU,Aeromexico,R$514
2025-12-15,2026-05-10,PVR,NLU,Viva,Price unavailable
2025-12-15,2026-05-11,PVR,NLU,Aeromexico,R$445
2025-12-15,2026-05-11,PVR,NLU,Viva,Price unavailable
2025-12-15,2026-05-11,PVR,NLU,Mexicana,Price unavailable
2025-12-15,2026-05-11,PVR,NLU,Aeromexico,R$445
2025-12-15,2026-05-11,PVR,NLU,Viva,Price unavailable
2025-12-15,2026-05-12,PVR,NLU,Aeromexico,R$445
2025-12-15,2026-05-12,PVR,NLU,Viva,Price unavailable
2025-12-15,2026-05-12,PVR,NLU,Aeromexico,R$445
2025-12-15,2026-05-13,PVR,NLU,Aeromexico,R$445
2025-12-15,2026-05-13,PVR,NLU,Viva,Price unavailable
2025-12-15,2026-05-13,PVR,NLU,Aeromexico,R$445
2025-12-15,2026-05-14,PVR,NLU,Aeromexico,R$445
2025-12-15,2026-05-14,PVR,NLU,Viva,Price unavailable
2025-12-15,2026-05-14,PVR,NLU,Aeromexico,R$445
2025-12-15,2026-05-15,PVR,NLU,Aeromexico,R$445
2025-12-15,2026-05-15,PVR,NLU,Viva,Price unavailable
2025-12-15,2026-05-15,PVR,NLU,Mexicana,Price unavailable
2025-12-15,2026-05-15,PVR,NLU,Aeromexico,R$445
2025-12-15,2026-05-15,PVR,NLU,Viva,Price unavailable
2025-12-15,2026-05-16,PVR,NLU,Aeromexico,R$445
2025-12-15,2026-05-16,PVR,NLU,Viva,Price unavailable
2025-12-15,2026-05-16,PVR,NLU,Aeromexico,R$445
2025-12-15,2026-05-10,SFO,GDL,Aeromexico,R$927
2025-12-15,2026-05-11,SFO,GDL,Aeromexico,R$927
2025-12-15,2026-05-12,SFO,GDL,Aeromexico,R$927
2025-12-15,2026-05-13,SFO,GDL,Aeromexico,R$927
2025-12-15,2026-05-14,SFO,GDL,Aeromexico,R$927
2025-12-15,2026-05-15,SFO,GDL,Aeromexico,R$927
2025-12-15,2026-05-16,SFO,GDL,Aeromexico,R$927
2025-12-15,2026-05-10,BOG,MEX,Avianca,R$1143
2025-12-15,2026-05-10,BOG,MEX,Avianca,R$1143
2025-12-15,2026-05-10,BOG,MEX,Avianca,R$1207
2025-12-15,2026-05-10,BOG,MEX,Avianca,R$1303
2025-12-15,2026-05-10,BOG,MEX,Aeromexico,R$1625
2025-12-15,2026-05-10,BOG,MEX,Aeromexico,R$1926
2025-12-15,2026-05-10,BOG,MEX,Avianca,R$1143
2025-12-15,2026-05-10,BOG,MEX,Avianca,R$1207
2025-12-15,2026-05-10,BOG,MEX,Avianca,R$1303
2025-12-15,2026-05-10,BOG,MEX,Aeromexico,R$1625
2025-12-15,2026-05-10,BOG,MEX,Aeromexico,R$1926
2025-12-15,2026-05-11,BOG,MEX,Avianca,R$1143
2025-12-15,2026-05-11,BOG,MEX,Avianca,R$1143
2025-12-15,2026-05-11,BOG,MEX,Avianca,R$1207
2025-12-15,2026-05-11,BOG,MEX,Avianca,R$1207
2025-12-15,2026-05-11,BOG,MEX,Aeromexico,R$1625
2025-12-15,2026-05-11,BOG,MEX,Aeromexico,R$1625
2025-12-15,2026-05-11,BOG,MEX,Avianca,R$1143
2025-12-15,2026-05-11,BOG,MEX,Avianca,R$1207
2025-12-15,2026-05-11,BOG,MEX,Avianca,R$1207
2025-12-15,2026-05-11,BOG,MEX,Aeromexico,R$1625
2025-12-15,2026-05-11,BOG,MEX,Aeromexico,R$1625
2025-12-15,2026-05-12,BOG,MEX,Avianca,R$1143
2025-12-15,2026-05-12,BOG,MEX,Avianca,R$1143
2025-12-15,2026-05-12,BOG,MEX,Avianca,R$1143
2025-12-15,2026-05-12,BOG,MEX,Avianca,R$1143
2025-12-15,2026-05-12,BOG,MEX,Aeromexico,R$1625
2025-12-15,2026-05-12,BOG,MEX,Aeromexico,R$1625
2025-12-15,2026-05-12,BOG,MEX,Avianca,R$1143
2025-12-15,2026-05-12,BOG,MEX,Avianca,R$1143
2025-12-15,2026-05-12,BOG,MEX,Avianca,R$1143
2025-12-15,2026-05-12,BOG,MEX,Aeromexico,R$1625
2025-12-15,2026-05-12,BOG,MEX,Aeromexico,R$1625
2025-12-15,2026-05-13,BOG,MEX,Avianca,R$1143
2025-12-15,2026-05-13,BOG,MEX,Avianca,R$1143
2025-12-15,2026-05-13,BOG,MEX,Avianca,R$1143
2025-12-15,2026-05-13,BOG,MEX,Avianca,R$1143
2025-12-15,2026-05-13,BOG,MEX,Aeromexico,R$1625
2025-12-15,2026-05-13,BOG,MEX,Aeromexico,R$1625
2025-12-15,2026-05-13,BOG,MEX,Avianca,R$1143
2025-12-15,2026-05-13,BOG,MEX,Avianca,R$1143
2025-12-15,2026-05-13,BOG,MEX,Avianca,R$1143
2025-12-15,2026-05-13,BOG,MEX,Aeromexico,R$1625
2025-12-15,2026-05-13,BOG,MEX,Aeromexico,R$1625
2025-12-15,2026-05-14,BOG,MEX,Avianca,R$1143
2025-12-15,2026-05-14,BOG,MEX,Avianca,R$1143
2025-12-15,2026-05-14,BOG,MEX,Avianca,R$1143
2025-12-15,2026-05-14,BOG,MEX,Avianca,R$1207
2025-12-15,2026-05-14,BOG,MEX,Aeromexico,R$1625
2025-12-15,2026-05-14,BOG,MEX,Aeromexico,R$1625
2025-12-15,2026-05-14,BOG,MEX,Avianca,R$1143
2025-12-15,2026-05-14,BOG,MEX,Avianca,R$1143
2025-12-15,2026-05-14,BOG,MEX,Avianca,R$1207
2025-12-15,2026-05-14,BOG,MEX,Aeromexico,R$1625
2025-12-15,2026-05-14,BOG,MEX,Aeromexico,R$1625
2025-12-15,2026-05-15,BOG,MEX,Avianca,R$1143
2025-12-15,2026-05-15,BOG,MEX,Avianca,R$1143
2025-12-15,2026-05-15,BOG,MEX,Avianca,R$1143
2025-12-15,2026-05-15,BOG,MEX,Avianca,R$1143
2025-12-15,2026-05-15,BOG,MEX,Aeromexico,R$1625
2025-12-15,2026-05-15,BOG,MEX,Aeromexico,R$1625
2025-12-15,2026-05-15,BOG,MEX,Avianca,R$1143
2025-12-15,2026-05-15,BOG,MEX,Avianca,R$1143
2025-12-15,2026-05-15,BOG,MEX,Avianca,R$1143
2025-12-15,2026-05-15,BOG,MEX,Aeromexico,R$1625
2025-12-15,2026-05-15,BOG,MEX,Aeromexico,R$1625
2025-12-15,2026-05-16,BOG,MEX,Avianca,R$1143
2025-12-15,2026-05-16,BOG,MEX,Avianca,R$1143
2025-12-15,2026-05-16,BOG,MEX,Avianca,R$1207
2025-12-15,2026-05-16,BOG,MEX,Avianca,R$1207
2025-12-15,2026-05-16,BOG,MEX,Aeromexico,R$1625
2025-12-15,2026-05-16,BOG,MEX,Aeromexico,R$1625
2025-12-15,2026-05-16,BOG,MEX,Avianca,R$1143
2025-12-15,2026-05-16,BOG,MEX,Avianca,R$1207
2025-12-15,2026-05-16,BOG,MEX,Avianca,R$1207
2025-12-15,2026-05-16,BOG,MEX,Aeromexico,R$1625
2025-12-15,2026-05-16,BOG,MEX,Aeromexico,R$1625
2025-12-15,2026-05-10,FAT,GDL,Aeromexico,R$856
2025-12-15,2026-05-10,FAT,GDL,Volaris,Price unavailable
2025-12-15,2026-05-10,FAT,GDL,Volaris,Price unavailable
2025-12-15,2026-05-10,FAT,GDL,Aeromexico,R$856
2025-12-15,2026-05-10,FAT,GDL,Volaris,Price unavailable
2025-12-15,2026-05-11,FAT,GDL,Aeromexico,R$856
2025-12-15,2026-05-11,FAT,GDL,Volaris,Price unavailable
2025-12-15,2026-05-11,FAT,GDL,Volaris,Price unavailable
2025-12-15,2026-05-11,FAT,GDL,Aeromexico,R$856
2025-12-15,2026-05-11,FAT,GDL,Volaris,Price unavailable
2025-12-15,2026-05-12,FAT,GDL,Aeromexico,R$856
2025-12-15,2026-05-12,FAT,GDL,Volaris,Price unavailable
2025-12-15,2026-05-12,FAT,GDL,Volaris,Price unavailable
2025-12-15,2026-05-12,FAT,GDL,Aeromexico,R$856
2025-12-15,2026-05-12,FAT,GDL,Volaris,Price unavailable
2025-12-15,2026-05-13,FAT,GDL,Aeromexico,R$856
2025-12-15,2026-05-13,FAT,GDL,Volaris,Price unavailable
2025-12-15,2026-05-13,FAT,GDL,Volaris,Price unavailable
2025-12-15,2026-05-13,FAT,GDL,Aeromexico,R$856
2025-12-15,2026-05-13,FAT,GDL,Volaris,Price unavailable
2025-12-15,2026-05-14,FAT,GDL,Aeromexico,R$856
2025-12-15,2026-05-14,FAT,GDL,Volaris,Price unavailable
2025-12-15,2026-05-14,FAT,GDL,Volaris,Price unavailable
2025-12-15,2026-05-14,FAT,GDL,Aeromexico,R$856
2025-12-15,2026-05-14,FAT,GDL,Volaris,Price unavailable
2025-12-15,2026-05-15,FAT,GDL,Aeromexico,R$856
2025-12-15,2026-05-15,FAT,GDL,Volaris,Price unavailable
2025-12-15,2026-05-15,FAT,GDL,Volaris,Price unavailable
2025-12-15,2026-05-15,FAT,GDL,Aeromexico,R$856
2025-12-15,2026-05-15,FAT,GDL,Volaris,Price unavailable
2025-12-15,2026-05-16,FAT,GDL,Aeromexico,R$856
2025-12-15,2026-05-16,FAT,GDL,Volaris,Price unavailable
2025-12-15,2026-05-16,FAT,GDL,Volaris,Price unavailable
2025-12-15,2026-05-16,FAT,GDL,Aeromexico,R$856
2025-12-15,2026-05-16,FAT,GDL,Volaris,Price unavailable
2025-12-15,2026-05-10,GDL,ATL,Delta,R$1966
2025-12-15,2026-05-11,GDL,ATL,Delta,R$1786
2025-12-15,2026-05-12,GDL,ATL,Delta,R$1786
2025-12-15,2026-05-13,GDL,ATL,Delta,R$1786
2025-12-15,2026-05-14,GDL,ATL,Delta,R$1786
2025-12-15,2026-05-15,GDL,ATL,Delta,R$1786
2025-12-15,2026-05-16,GDL,ATL,Delta,R$1786
2025-12-15,2026-05-10,HAV,MEX,Aeromexico,R$1737
2025-12-15,2026-05-11,HAV,MEX,Aeromexico,R$1737
2025-12-15,2026-05-12,HAV,MEX,Aeromexico,R$1737
2025-12-15,2026-05-13,HAV,MEX,Aeromexico,R$1737
2025-12-15,2026-05-14,HAV,MEX,Aeromexico,R$1737
2025-12-15,2026-05-15,HAV,MEX,Aeromexico,R$1737
2025-12-15,2026-05-16,HAV,MEX,Aeromexico,R$1737
2025-12-15,2026-05-10,MEX,LAP,Aeromexico,R$875
2025-12-15,2026-05-10,MEX,LAP,Aeromexico,R$875
2025-12-15,2026-05-10,MEX,LAP,Volaris,Price unavailable
2025-12-15,2026-05-10,MEX,LAP,Aeromexico,R$875
2025-12-15,2026-05-10,MEX,LAP,Aeromexico,R$875
2025-12-15,2026-05-11,MEX,LAP,Aeromexico,R$875
2025-12-15,2026-05-11,MEX,LAP,Aeromexico,R$875
2025-12-15,2026-05-11,MEX,LAP,Volaris,Price unavailable
2025-12-15,2026-05-11,MEX,LAP,Aeromexico,R$875
2025-12-15,2026-05-11,MEX,LAP,Aeromexico,R$875
2025-12-15,2026-05-12,MEX,LAP,Aeromexico,R$875
2025-12-15,2026-05-12,MEX,LAP,Aeromexico,R$875
2025-12-15,2026-05-12,MEX,LAP,Volaris,Price unavailable
2025-12-15,2026-05-12,MEX,LAP,Aeromexico,R$875
2025-12-15,2026-05-12,MEX,LAP,Aeromexico,R$875
2025-12-15,2026-05-13,MEX,LAP,Aeromexico,R$910
2025-12-15,2026-05-13,MEX,LAP,Aeromexico,R$910
2025-12-15,2026-05-13,MEX,LAP,Volaris,Price unavailable
2025-12-15,2026-05-13,MEX,LAP,Aeromexico,R$910
2025-12-15,2026-05-13,MEX,LAP,Aeromexico,R$910
2025-12-15,2026-05-14,MEX,LAP,Aeromexico,R$979
2025-12-15,2026-05-14,MEX,LAP,Aeromexico,R$1084
2025-12-15,2026-05-14,MEX,LAP,Volaris,Price unavailable
2025-12-15,2026-05-14,MEX,LAP,Aeromexico,R$979
2025-12-15,2026-05-14,MEX,LAP,Aeromexico,R$1084
2025-12-15,2026-05-15,MEX,LAP,Aeromexico,R$945
2025-12-15,2026-05-15,MEX,LAP,Aeromexico,R$1014
2025-12-15,2026-05-15,MEX,LAP,Volaris,Price unavailable
2025-12-15,2026-05-15,MEX,LAP,Aeromexico,R$945
2025-12-15,2026-05-15,MEX,LAP,Aeromexico,R$1014
2025-12-15,2026-05-16,MEX,LAP,Aeromexico,R$875
2025-12-15,2026-05-16,MEX,LAP,Aeromexico,R$875
2025-12-15,2026-05-16,MEX,LAP,Volaris,Price unavailable
2025-12-15,2026-05-16,MEX,LAP,Aeromexico,R$875
2025-12-15,2026-05-16,MEX,LAP,Aeromexico,R$875
2025-12-15,2026-05-10,NLU,CLQ,Aeromexico,R$453
2025-12-15,2026-05-11,NLU,CLQ,Aeromexico,R$488
2025-12-15,2026-05-12,NLU,CLQ,Aeromexico,R$453
2025-12-15,2026-05-13,NLU,CLQ,Aeromexico,R$453
2025-12-15,2026-05-14,NLU,CLQ,Aeromexico,R$453
2025-12-15,2026-05-15,NLU,CLQ,Aeromexico,R$488
2025-12-15,2026-05-16,NLU,CLQ,Aeromexico,R$453
2025-12-15,2026-05-10,MEX,PVR,Aeromexico,R$561
2025-12-15,2026-05-10,MEX,PVR,Aeromexico,R$561
2025-12-15,2026-05-10,MEX,PVR,Aeromexico,R$561
2025-12-15,2026-05-10,MEX,PVR,Aeromexico,R$561
2025-12-15,2026-05-10,MEX,PVR,Aeromexico,R$666
2025-12-15,2026-05-10,MEX,PVR,Volaris,Price unavailable
2025-12-15,2026-05-10,MEX,PVR,Viva,Price unavailable
2025-12-15,2026-05-10,MEX,PVR,Viva,Price unavailable
2025-12-15,2026-05-10,MEX,PVR,Aeromexico,R$561
2025-12-15,2026-05-10,MEX,PVR,Aeromexico,R$561
2025-12-15,2026-05-10,MEX,PVR,Aeromexico,R$561
2025-12-15,2026-05-10,MEX,PVR,Aeromexico,R$561
2025-12-15,2026-05-10,MEX,PVR,Aeromexico,R$666
2025-12-15,2026-05-10,MEX,PVR,Volaris,Price unavailable
2025-12-15,2026-05-10,MEX,PVR,Viva,Price unavailable
2025-12-15,2026-05-11,MEX,PVR,Aeromexico,R$561
2025-12-15,2026-05-11,MEX,PVR,Aeromexico,R$561
2025-12-15,2026-05-11,MEX,PVR,Aeromexico,R$561
2025-12-15,2026-05-11,MEX,PVR,Aeromexico,R$561
2025-12-15,2026-05-11,MEX,PVR,Aeromexico,R$666
2025-12-15,2026-05-11,MEX,PVR,Volaris,Price unavailable
2025-12-15,2026-05-11,MEX,PVR,Viva,Price unavailable
2025-12-15,2026-05-11,MEX,PVR,Viva,Price unavailable
2025-12-15,2026-05-11,MEX,PVR,Aeromexico,R$561
2025-12-15,2026-05-11,MEX,PVR,Aeromexico,R$561
2025-12-15,2026-05-11,MEX,PVR,Aeromexico,R$561
2025-12-15,2026-05-11,MEX,PVR,Aeromexico,R$561
2025-12-15,2026-05-11,MEX,PVR,Aeromexico,R$666
2025-12-15,2026-05-11,MEX,PVR,Volaris,Price unavailable
2025-12-15,2026-05-11,MEX,PVR,Viva,Price unavailable
2025-12-15,2026-05-12,MEX,PVR,Aeromexico,R$561
2025-12-15,2026-05-12,MEX,PVR,Aeromexico,R$561
2025-12-15,2026-05-12,MEX,PVR,Aeromexico,R$561
2025-12-15,2026-05-12,MEX,PVR,Aeromexico,R$561
2025-12-15,2026-05-12,MEX,PVR,Aeromexico,R$561
2025-12-15,2026-05-12,MEX,PVR,Volaris,Price unavailable
2025-12-15,2026-05-12,MEX,PVR,Viva,Price unavailable
2025-12-15,2026-05-12,MEX,PVR,Viva,Price unavailable
2025-12-15,2026-05-12,MEX,PVR,Aeromexico,R$561
2025-12-15,2026-05-12,MEX,PVR,Aeromexico,R$561
2025-12-15,2026-05-12,MEX,PVR,Aeromexico,R$561
2025-12-15,2026-05-12,MEX,PVR,Aeromexico,R$561
2025-12-15,2026-05-12,MEX,PVR,Aeromexico,R$561
2025-12-15,2026-05-12,MEX,PVR,Volaris,Price unavailable
2025-12-15,2026-05-12,MEX,PVR,Viva,Price unavailable
2025-12-15,2026-05-13,MEX,PVR,Aeromexico,R$596
2025-12-15,2026-05-13,MEX,PVR,Aeromexico,R$596
2025-12-15,2026-05-13,MEX,PVR,Aeromexico,R$596
2025-12-15,2026-05-13,MEX,PVR,Aeromexico,R$596
2025-12-15,2026-05-13,MEX,PVR,Aeromexico,R$631
2025-12-15,2026-05-13,MEX,PVR,Volaris,Price unavailable
2025-12-15,2026-05-13,MEX,PVR,Viva,Price unavailable
2025-12-15,2026-05-13,MEX,PVR,Viva,Price unavailable
2025-12-15,2026-05-13,MEX,PVR,Aeromexico,R$596
2025-12-15,2026-05-13,MEX,PVR,Aeromexico,R$596
2025-12-15,2026-05-13,MEX,PVR,Aeromexico,R$596
2025-12-15,2026-05-13,MEX,PVR,Aeromexico,R$596
2025-12-15,2026-05-13,MEX,PVR,Aeromexico,R$631
2025-12-15,2026-05-13,MEX,PVR,Volaris,Price unavailable
2025-12-15,2026-05-13,MEX,PVR,Viva,Price unavailable
2025-12-15,2026-05-14,MEX,PVR,Aeromexico,R$648
2025-12-15,2026-05-14,MEX,PVR,Aeromexico,R$721
2025-12-15,2026-05-14,MEX,PVR,Aeromexico,R$721
2025-12-15,2026-05-14,MEX,PVR,Aeromexico,R$753
2025-12-15,2026-05-14,MEX,PVR,Aeromexico,R$753
2025-12-15,2026-05-14,MEX,PVR,Volaris,Price unavailable
2025-12-15,2026-05-14,MEX,PVR,Viva,Price unavailable
2025-12-15,2026-05-14,MEX,PVR,Viva,Price unavailable
2025-12-15,2026-05-14,MEX,PVR,Aeromexico,R$648
2025-12-15,2026-05-14,MEX,PVR,Aeromexico,R$721
2025-12-15,2026-05-14,MEX,PVR,Aeromexico,R$721
2025-12-15,2026-05-14,MEX,PVR,Aeromexico,R$753
2025-12-15,2026-05-14,MEX,PVR,Aeromexico,R$753
2025-12-15,2026-05-14,MEX,PVR,Volaris,Price unavailable
2025-12-15,2026-05-14,MEX,PVR,Viva,Price unavailable
2025-12-15,2026-05-15,MEX,PVR,Aeromexico,R$561
2025-12-15,2026-05-15,MEX,PVR,Aeromexico,R$561
2025-12-15,2026-05-15,MEX,PVR,Aeromexico,R$596
2025-12-15,2026-05-15,MEX,PVR,Aeromexico,R$669
2025-12-15,2026-05-15,MEX,PVR,Aeromexico,R$701
2025-12-15,2026-05-15,MEX,PVR,Volaris,Price unavailable
2025-12-15,2026-05-15,MEX,PVR,Viva,Price unavailable
2025-12-15,2026-05-15,MEX,PVR,Viva,Price unavailable
2025-12-15,2026-05-15,MEX,PVR,Aeromexico,R$561
2025-12-15,2026-05-15,MEX,PVR,Aeromexico,R$561
2025-12-15,2026-05-15,MEX,PVR,Aeromexico,R$596
2025-12-15,2026-05-15,MEX,PVR,Aeromexico,R$669
2025-12-15,2026-05-15,MEX,PVR,Aeromexico,R$701
2025-12-15,2026-05-15,MEX,PVR,Volaris,Price unavailable
2025-12-15,2026-05-15,MEX,PVR,Viva,Price unavailable
2025-12-15,2026-05-16,MEX,PVR,Aeromexico,R$561
2025-12-15,2026-05-16,MEX,PVR,Aeromexico,R$561
2025-12-15,2026-05-16,MEX,PVR,Aeromexico,R$561
2025-12-15,2026-05-16,MEX,PVR,Aeromexico,R$561
2025-12-15,2026-05-16,MEX,PVR,Aeromexico,R$561
2025-12-15,2026-05-16,MEX,PVR,Volaris,Price unavailable
2025-12-15,2026-05-16,MEX,PVR,Viva,Price unavailable
2025-12-15,2026-05-16,MEX,PVR,Viva,Price unavailable
2025-12-15,2026-05-16,MEX,PVR,Aeromexico,R$561
2025-12-15,2026-05-16,MEX,PVR,Aeromexico,R$561
2025-12-15,2026-05-16,MEX,PVR,Aeromexico,R$561
2025-12-15,2026-05-16,MEX,PVR,Aeromexico,R$561
2025-12-15,2026-05-16,MEX,PVR,Aeromexico,R$561
2025-12-15,2026-05-16,MEX,PVR,Volaris,Price unavailable
2025-12-15,2026-05-16,MEX,PVR,Viva,Price unavailable
2025-12-15,2026-05-10,MTY,NRT,Aeromexico,R$5819
2025-12-15,2026-05-11,MTY,NRT,Aeromexico,R$5424
2025-12-15,2026-05-12,MTY,NRT,Aeromexico,R$6158
2025-12-15,2026-05-13,MTY,NRT,Aeromexico,R$8727
2025-12-15,2026-05-14,MTY,NRT,Aeromexico,R$10629
2025-12-15,2026-05-15,MTY,NRT,Aeromexico,R$8953
2025-12-15,2026-05-16,MTY,NRT,Aeromexico,R$8953
2025-12-15,2026-05-10,NLU,PVR,Aeromexico,R$387
2025-12-15,2026-05-10,NLU,PVR,Viva,Price unavailable
2025-12-15,2026-05-10,NLU,PVR,Mexicana,Price unavailable
2025-12-15,2026-05-10,NLU,PVR,Aeromexico,R$387
2025-12-15,2026-05-10,NLU,PVR,Viva,Price unavailable
2025-12-15,2026-05-11,NLU,PVR,Aeromexico,R$387
2025-12-15,2026-05-11,NLU,PVR,Viva,Price unavailable
2025-12-15,2026-05-11,NLU,PVR,Mexicana,Price unavailable
2025-12-15,2026-05-11,NLU,PVR,Aeromexico,R$387
2025-12-15,2026-05-11,NLU,PVR,Viva,Price unavailable
2025-12-15,2026-05-12,NLU,PVR,Aeromexico,R$387
2025-12-15,2026-05-12,NLU,PVR,Viva,Price unavailable
2025-12-15,2026-05-12,NLU,PVR,Aeromexico,R$387
2025-12-15,2026-05-13,NLU,PVR,Aeromexico,R$387
2025-12-15,2026-05-13,NLU,PVR,Viva,Price unavailable
2025-12-15,2026-05-13,NLU,PVR,Aeromexico,R$387
2025-12-15,2026-05-14,NLU,PVR,Aeromexico,R$422
2025-12-15,2026-05-14,NLU,PVR,Viva,Price unavailable
2025-12-15,2026-05-14,NLU,PVR,Aeromexico,R$422
2025-12-15,2026-05-15,NLU,PVR,Aeromexico,R$457
2025-12-15,2026-05-15,NLU,PVR,Viva,Price unavailable
2025-12-15,2026-05-15,NLU,PVR,Mexicana,Price unavailable
2025-12-15,2026-05-15,NLU,PVR,Aeromexico,R$457
2025-12-15,2026-05-15,NLU,PVR,Viva,Price unavailable
2025-12-15,2026-05-16,NLU,PVR,Aeromexico,R$387
2025-12-15,2026-05-16,NLU,PVR,Viva,Price unavailable
2025-12-15,2026-05-16,NLU,PVR,Aeromexico,R$387
2025-12-15,2026-05-10,CUL,MEX,Aeromexico,R$843
2025-12-15,2026-05-10,CUL,MEX,Aeromexico,R$843
2025-12-15,2026-05-10,CUL,MEX,Aeromexico,R$843
2025-12-15,2026-05-10,CUL,MEX,Volaris,Price unavailable
2025-12-15,2026-05-10,CUL,MEX,Aeromexico,R$843
2025-12-15,2026-05-10,CUL,MEX,Aeromexico,R$843
2025-12-15,2026-05-10,CUL,MEX,Aeromexico,R$843
2025-12-15,2026-05-11,CUL,MEX,Aeromexico,R$843
2025-12-15,2026-05-11,CUL,MEX,Aeromexico,R$843
2025-12-15,2026-05-11,CUL,MEX,Aeromexico,R$1503
2025-12-15,2026-05-11,CUL,MEX,Volaris,Price unavailable
2025-12-15,2026-05-11,CUL,MEX,Aeromexico,R$843
2025-12-15,2026-05-11,CUL,MEX,Aeromexico,R$843
2025-12-15,2026-05-11,CUL,MEX,Aeromexico,R$1503
2025-12-15,2026-05-12,CUL,MEX,Aeromexico,R$843
2025-12-15,2026-05-12,CUL,MEX,Aeromexico,R$843
2025-12-15,2026-05-12,CUL,MEX,Aeromexico,R$1272
2025-12-15,2026-05-12,CUL,MEX,Volaris,Price unavailable
2025-12-15,2026-05-12,CUL,MEX,Aeromexico,R$843
2025-12-15,2026-05-12,CUL,MEX,Aeromexico,R$843
2025-12-15,2026-05-12,CUL,MEX,Aeromexico,R$1272
2025-12-15,2026-05-13,CUL,MEX,Aeromexico,R$843
2025-12-15,2026-05-13,CUL,MEX,Aeromexico,R$1168
2025-12-15,2026-05-13,CUL,MEX,Aeromexico,R$1203
2025-12-15,2026-05-13,CUL,MEX,Volaris,Price unavailable
2025-12-15,2026-05-13,CUL,MEX,Aeromexico,R$843
2025-12-15,2026-05-13,CUL,MEX,Aeromexico,R$1168
2025-12-15,2026-05-13,CUL,MEX,Aeromexico,R$1203
2025-12-15,2026-05-14,CUL,MEX,Aeromexico,R$843
2025-12-15,2026-05-14,CUL,MEX,Aeromexico,R$878
2025-12-15,2026-05-14,CUL,MEX,Aeromexico,R$1307
2025-12-15,2026-05-14,CUL,MEX,Volaris,Price unavailable
2025-12-15,2026-05-14,CUL,MEX,Aeromexico,R$843
2025-12-15,2026-05-14,CUL,MEX,Aeromexico,R$878
2025-12-15,2026-05-14,CUL,MEX,Aeromexico,R$1307
2025-12-15,2026-05-15,CUL,MEX,Aeromexico,R$843
2025-12-15,2026-05-15,CUL,MEX,Aeromexico,R$843
2025-12-15,2026-05-15,CUL,MEX,Aeromexico,R$1307
2025-12-15,2026-05-15,CUL,MEX,Volaris,Price unavailable
2025-12-15,2026-05-15,CUL,MEX,Aeromexico,R$843
2025-12-15,2026-05-15,CUL,MEX,Aeromexico,R$843
2025-12-15,2026-05-15,CUL,MEX,Aeromexico,R$1307
2025-12-15,2026-05-16,CUL,MEX,Aeromexico,R$843
2025-12-15,2026-05-16,CUL,MEX,Aeromexico,R$843
2025-12-15,2026-05-16,CUL,MEX,Volaris,Price unavailable
2025-12-15,2026-05-16,CUL,MEX,Aeromexico,R$843
2025-12-15,2026-05-16,CUL,MEX,Aeromexico,R$843
2025-12-15,2026-05-10,MEX,TAP,Aeromexico,R$533
2025-12-15,2026-05-10,MEX,TAP,Aeromexico,R$533
2025-12-15,2026-05-10,MEX,TAP,Aeromexico,R$658
2025-12-15,2026-05-10,MEX,TAP,Volaris,Price unavailable
2025-12-15,2026-05-10,MEX,TAP,Aeromexico,R$533
2025-12-15,2026-05-10,MEX,TAP,Aeromexico,R$533
2025-12-15,2026-05-10,MEX,TAP,Aeromexico,R$658
2025-12-15,2026-05-11,MEX,TAP,Aeromexico,R$596
2025-12-15,2026-05-11,MEX,TAP,Aeromexico,R$627
2025-12-15,2026-05-11,MEX,TAP,Aeromexico,R$627
2025-12-15,2026-05-11,MEX,TAP,Volaris,Price unavailable
2025-12-15,2026-05-11,MEX,TAP,Aeromexico,R$596
2025-12-15,2026-05-11,MEX,TAP,Aeromexico,R$627
2025-12-15,2026-05-11,MEX,TAP,Aeromexico,R$627
2025-12-15,2026-05-12,MEX,TAP,Aeromexico,R$533
2025-12-15,2026-05-12,MEX,TAP,Aeromexico,R$533
2025-12-15,2026-05-12,MEX,TAP,Aeromexico,R$565
2025-12-15,2026-05-12,MEX,TAP,Volaris,Price unavailable
2025-12-15,2026-05-12,MEX,TAP,Aeromexico,R$533
2025-12-15,2026-05-12,MEX,TAP,Aeromexico,R$533
2025-12-15,2026-05-12,MEX,TAP,Aeromexico,R$565
2025-12-15,2026-05-13,MEX,TAP,Aeromexico,R$533
2025-12-15,2026-05-13,MEX,TAP,Aeromexico,R$533
2025-12-15,2026-05-13,MEX,TAP,Aeromexico,R$533
2025-12-15,2026-05-13,MEX,TAP,Volaris,Price unavailable
2025-12-15,2026-05-13,MEX,TAP,Aeromexico,R$533
2025-12-15,2026-05-13,MEX,TAP,Aeromexico,R$533
2025-12-15,2026-05-13,MEX,TAP,Aeromexico,R$533
2025-12-15,2026-05-14,MEX,TAP,Aeromexico,R$533
2025-12-15,2026-05-14,MEX,TAP,Aeromexico,R$533
2025-12-15,2026-05-14,MEX,TAP,Aeromexico,R$533
2025-12-15,2026-05-14,MEX,TAP,Volaris,Price unavailable
2025-12-15,2026-05-14,MEX,TAP,Aeromexico,R$533
2025-12-15,2026-05-14,MEX,TAP,Aeromexico,R$533
2025-12-15,2026-05-14,MEX,TAP,Aeromexico,R$533
2025-12-15,2026-05-15,MEX,TAP,Aeromexico,R$533
2025-12-15,2026-05-15,MEX,TAP,Aeromexico,R$533
2025-12-15,2026-05-15,MEX,TAP,Aeromexico,R$533
2025-12-15,2026-05-15,MEX,TAP,Volaris,Price unavailable
2025-12-15,2026-05-15,MEX,TAP,Aeromexico,R$533
2025-12-15,2026-05-15,MEX,TAP,Aeromexico,R$533
2025-12-15,2026-05-15,MEX,TAP,Aeromexico,R$533
2025-12-15,2026-05-16,MEX,TAP,Aeromexico,R$533
2025-12-15,2026-05-16,MEX,TAP,Aeromexico,R$621
2025-12-15,2026-05-16,MEX,TAP,Volaris,Price unavailable
2025-12-15,2026-05-16,MEX,TAP,Aeromexico,R$533
2025-12-15,2026-05-16,MEX,TAP,Aeromexico,R$621
2025-12-15,2026-05-10,LAX,GDL,Aeromexico,R$910
2025-12-15,2026-05-10,LAX,GDL,Alaska,R$910
2025-12-15,2026-05-10,LAX,GDL,Viva,Price unavailable
2025-12-15,2026-05-10,LAX,GDL,Volaris,Price unavailable
2025-12-15,2026-05-10,LAX,GDL,Volaris,Price unavailable
2025-12-15,2026-05-10,LAX,GDL,Viva,Price unavailable
2025-12-15,2026-05-10,LAX,GDL,Volaris,Price unavailable
2025-12-15,2026-05-10,LAX,GDL,Aeromexico,R$910
2025-12-15,2026-05-10,LAX,GDL,Alaska,R$910
2025-12-15,2026-05-10,LAX,GDL,Viva,Price unavailable
2025-12-15,2026-05-10,LAX,GDL,Volaris,Price unavailable
2025-12-15,2026-05-10,LAX,GDL,Viva,Price unavailable
2025-12-15,2026-05-10,LAX,GDL,Volaris,Price unavailable
2025-12-15,2026-05-11,LAX,GDL,Aeromexico,R$910
2025-12-15,2026-05-11,LAX,GDL,Alaska,R$910
2025-12-15,2026-05-11,LAX,GDL,Viva,Price unavailable
2025-12-15,2026-05-11,LAX,GDL,Volaris,Price unavailable
2025-12-15,2026-05-11,LAX,GDL,Volaris,Price unavailable
2025-12-15,2026-05-11,LAX,GDL,Viva,Price unavailable
2025-12-15,2026-05-11,LAX,GDL,Volaris,Price unavailable
2025-12-15,2026-05-11,LAX,GDL,Aeromexico,R$910
2025-12-15,2026-05-11,LAX,GDL,Alaska,R$910
2025-12-15,2026-05-11,LAX,GDL,Viva,Price unavailable
2025-12-15,2026-05-11,LAX,GDL,Volaris,Price unavailable
2025-12-15,2026-05-11,LAX,GDL,Viva,Price unavailable
2025-12-15,2026-05-11,LAX,GDL,Volaris,Price unavailable
2025-12-15,2026-05-12,LAX,GDL,Aeromexico,R$910
2025-12-15,2026-05-12,LAX,GDL,Alaska,R$910
2025-12-15,2026-05-12,LAX,GDL,Viva,Price unavailable
2025-12-15,2026-05-12,LAX,GDL,Volaris,Price unavailable
2025-12-15,2026-05-12,LAX,GDL,Volaris,Price unavailable
2025-12-15,2026-05-12,LAX,GDL,Viva,Price unavailable
2025-12-15,2026-05-12,LAX,GDL,Volaris,Price unavailable
2025-12-15,2026-05-12,LAX,GDL,Aeromexico,R$910
2025-12-15,2026-05-12,LAX,GDL,Alaska,R$910
2025-12-15,2026-05-12,LAX,GDL,Viva,Price unavailable
2025-12-15,2026-05-12,LAX,GDL,Volaris,Price unavailable
2025-12-15,2026-05-12,LAX,GDL,Viva,Price unavailable
2025-12-15,2026-05-12,LAX,GDL,Volaris,Price unavailable
2025-12-15,2026-05-13,LAX,GDL,Aeromexico,R$910
2025-12-15,2026-05-13,LAX,GDL,Alaska,R$910
2025-12-15,2026-05-13,LAX,GDL,Viva,Price unavailable
2025-12-15,2026-05-13,LAX,GDL,Volaris,Price unavailable
2025-12-15,2026-05-13,LAX,GDL,Volaris,Price unavailable
2025-12-15,2026-05-13,LAX,GDL,Viva,Price unavailable
2025-12-15,2026-05-13,LAX,GDL,Volaris,Price unavailable
2025-12-15,2026-05-13,LAX,GDL,Aeromexico,R$910
2025-12-15,2026-05-13,LAX,GDL,Alaska,R$910
2025-12-15,2026-05-13,LAX,GDL,Viva,Price unavailable
2025-12-15,2026-05-13,LAX,GDL,Volaris,Price unavailable
2025-12-15,2026-05-13,LAX,GDL,Viva,Price unavailable
2025-12-15,2026-05-13,LAX,GDL,Volaris,Price unavailable
2025-12-15,2026-05-14,LAX,GDL,Alaska,R$1073
2025-12-15,2026-05-14,LAX,GDL,Aeromexico,R$1127
2025-12-15,2026-05-14,LAX,GDL,Viva,Price unavailable
2025-12-15,2026-05-14,LAX,GDL,Volaris,Price unavailable
2025-12-15,2026-05-14,LAX,GDL,Volaris,Price unavailable
2025-12-15,2026-05-14,LAX,GDL,Viva,Price unavailable
2025-12-15,2026-05-14,LAX,GDL,Volaris,Price unavailable
2025-12-15,2026-05-14,LAX,GDL,Alaska,R$1073
2025-12-15,2026-05-14,LAX,GDL,Aeromexico,R$1127
2025-12-15,2026-05-14,LAX,GDL,Viva,Price unavailable
2025-12-15,2026-05-14,LAX,GDL,Volaris,Price unavailable
2025-12-15,2026-05-14,LAX,GDL,Viva,Price unavailable
2025-12-15,2026-05-14,LAX,GDL,Volaris,Price unavailable
2025-12-15,2026-05-15,LAX,GDL,Aeromexico,R$910
2025-12-15,2026-05-15,LAX,GDL,Alaska,R$1073
2025-12-15,2026-05-15,LAX,GDL,Viva,Price unavailable
2025-12-15,2026-05-15,LAX,GDL,Volaris,Price unavailable
2025-12-15,2026-05-15,LAX,GDL,Volaris,Price unavailable
2025-12-15,2026-05-15,LAX,GDL,Viva,Price unavailable
2025-12-15,2026-05-15,LAX,GDL,Volaris,Price unavailable
2025-12-15,2026-05-15,LAX,GDL,Aeromexico,R$910
2025-12-15,2026-05-15,LAX,GDL,Alaska,R$1073
2025-12-15,2026-05-15,LAX,GDL,Viva,Price unavailable
2025-12-15,2026-05-15,LAX,GDL,Volaris,Price unavailable
2025-12-15,2026-05-15,LAX,GDL,Viva,Price unavailable
2025-12-15,2026-05-15,LAX,GDL,Volaris,Price unavailable
2025-12-15,2026-05-16,LAX,GDL,Aeromexico,R$910
2025-12-15,2026-05-16,LAX,GDL,Alaska,R$1073
2025-12-15,2026-05-16,LAX,GDL,Viva,Price unavailable
2025-12-15,2026-05-16,LAX,GDL,Volaris,Price unavailable
2025-12-15,2026-05-16,LAX,GDL,Volaris,Price unavailable
2025-12-15,2026-05-16,LAX,GDL,Viva,Price unavailable
2025-12-15,2026-05-16,LAX,GDL,Volaris,Price unavailable
2025-12-15,2026-05-16,LAX,GDL,Aeromexico,R$910
2025-12-15,2026-05-16,LAX,GDL,Alaska,R$1073
2025-12-15,2026-05-16,LAX,GDL,Viva,Price unavailable
2025-12-15,2026-05-16,LAX,GDL,Volaris,Price unavailable
2025-12-15,2026-05-16,LAX,GDL,Viva,Price unavailable
2025-12-15,2026-05-16,LAX,GDL,Volaris,Price unavailable
2025-12-15,2026-05-10,DFW,MEX,American,R$1235
2025-12-15,2026-05-10,DFW,MEX,Aeromexico,R$1235
2025-12-15,2026-05-10,DFW,MEX,American,R$1235
2025-12-15,2026-05-10,DFW,MEX,Volaris,Price unavailable
2025-12-15,2026-05-10,DFW,MEX,American,R$1235
2025-12-15,2026-05-10,DFW,MEX,American,R$1235
2025-12-15,2026-05-10,DFW,MEX,American,R$1235
2025-12-15,2026-05-10,DFW,MEX,Aeromexico,R$1235
2025-12-15,2026-05-10,DFW,MEX,American,R$1235
2025-12-15,2026-05-10,DFW,MEX,American,R$1235
2025-12-15,2026-05-10,DFW,MEX,American,R$1235
2025-12-15,2026-05-11,DFW,MEX,American,R$1235
2025-12-15,2026-05-11,DFW,MEX,American,R$1235
2025-12-15,2026-05-11,DFW,MEX,Aeromexico,R$1262
2025-12-15,2026-05-11,DFW,MEX,Volaris,Price unavailable
2025-12-15,2026-05-11,DFW,MEX,American,R$1235
2025-12-15,2026-05-11,DFW,MEX,American,R$1235
2025-12-15,2026-05-11,DFW,MEX,American,R$1235
2025-12-15,2026-05-11,DFW,MEX,American,R$1235
2025-12-15,2026-05-11,DFW,MEX,Aeromexico,R$1262
2025-12-15,2026-05-11,DFW,MEX,American,R$1235
2025-12-15,2026-05-11,DFW,MEX,American,R$1235
2025-12-15,2026-05-12,DFW,MEX,American,R$1127
2025-12-15,2026-05-12,DFW,MEX,Aeromexico,R$1127
2025-12-15,2026-05-12,DFW,MEX,Volaris,Price unavailable
2025-12-15,2026-05-12,DFW,MEX,American,R$1127
2025-12-15,2026-05-12,DFW,MEX,American,R$1127
2025-12-15,2026-05-12,DFW,MEX,American,R$1127
2025-12-15,2026-05-12,DFW,MEX,American,R$1127
2025-12-15,2026-05-12,DFW,MEX,Aeromexico,R$1127
2025-12-15,2026-05-12,DFW,MEX,American,R$1127
2025-12-15,2026-05-12,DFW,MEX,American,R$1127
2025-12-15,2026-05-12,DFW,MEX,American,R$1127
2025-12-15,2026-05-13,DFW,MEX,American,R$1127
2025-12-15,2026-05-13,DFW,MEX,Aeromexico,R$1127
2025-12-15,2026-05-13,DFW,MEX,Volaris,Price unavailable
2025-12-15,2026-05-13,DFW,MEX,American,R$1127
2025-12-15,2026-05-13,DFW,MEX,American,R$1127
2025-12-15,2026-05-13,DFW,MEX,American,R$1127
2025-12-15,2026-05-13,DFW,MEX,American,R$1127
2025-12-15,2026-05-13,DFW,MEX,Aeromexico,R$1127
2025-12-15,2026-05-13,DFW,MEX,American,R$1127
2025-12-15,2026-05-13,DFW,MEX,American,R$1127
2025-12-15,2026-05-13,DFW,MEX,American,R$1127
2025-12-15,2026-05-14,DFW,MEX,American,R$1127
2025-12-15,2026-05-14,DFW,MEX,Aeromexico,R$1127
2025-12-15,2026-05-14,DFW,MEX,American,R$1127
2025-12-15,2026-05-14,DFW,MEX,Volaris,Price unavailable
2025-12-15,2026-05-14,DFW,MEX,American,R$1267
2025-12-15,2026-05-14,DFW,MEX,American,R$1267
2025-12-15,2026-05-14,DFW,MEX,American,R$1127
2025-12-15,2026-05-14,DFW,MEX,Aeromexico,R$1127
2025-12-15,2026-05-14,DFW,MEX,American,R$1127
2025-12-15,2026-05-14,DFW,MEX,American,R$1267
2025-12-15,2026-05-14,DFW,MEX,American,R$1267
2025-12-15,2026-05-15,DFW,MEX,American,R$1127
2025-12-15,2026-05-15,DFW,MEX,American,R$1127
2025-12-15,2026-05-15,DFW,MEX,Aeromexico,R$1235
2025-12-15,2026-05-15,DFW,MEX,Volaris,Price unavailable
2025-12-15,2026-05-15,DFW,MEX,American,R$1267
2025-12-15,2026-05-15,DFW,MEX,American,R$1267
2025-12-15,2026-05-15,DFW,MEX,American,R$1127
2025-12-15,2026-05-15,DFW,MEX,American,R$1127
2025-12-15,2026-05-15,DFW,MEX,Aeromexico,R$1235
2025-12-15,2026-05-15,DFW,MEX,American,R$1267
2025-12-15,2026-05-15,DFW,MEX,American,R$1267
2025-12-15,2026-05-16,DFW,MEX,American,R$1235
2025-12-15,2026-05-16,DFW,MEX,American,R$1235
2025-12-15,2026-05-16,DFW,MEX,Aeromexico,R$1235
2025-12-15,2026-05-16,DFW,MEX,Volaris,Price unavailable
2025-12-15,2026-05-16,DFW,MEX,American,R$1235
2025-12-15,2026-05-16,DFW,MEX,American,R$1235
2025-12-15,2026-05-16,DFW,MEX,American,R$1235
2025-12-15,2026-05-16,DFW,MEX,American,R$1235
2025-12-15,2026-05-16,DFW,MEX,Aeromexico,R$1235
2025-12-15,2026-05-16,DFW,MEX,American,R$1235
2025-12-15,2026-05-16,DFW,MEX,American,R$1235
2025-12-15,2026-05-10,MEX,TPA,Aeromexico,R$1131
2025-12-15,2026-05-11,MEX,TPA,Aeromexico,R$1131
2025-12-15,2026-05-12,MEX,TPA,Aeromexico,R$1131
2025-12-15,2026-05-13,MEX,TPA,Aeromexico,R$1131
2025-12-15,2026-05-14,MEX,TPA,Aeromexico,R$1131
2025-12-15,2026-05-15,MEX,TPA,Aeromexico,R$1131
2025-12-15,2026-05-16,MEX,TPA,Aeromexico,R$1131
2025-12-15,2026-05-10,ORD,MEX,American,R$737
2025-12-15,2026-05-10,ORD,MEX,United,R$748
2025-12-15,2026-05-10,ORD,MEX,Viva,Price unavailable
2025-12-15,2026-05-10,ORD,MEX,Volaris,Price unavailable
2025-12-15,2026-05-10,ORD,MEX,Aeromexico,R$1008
2025-12-15,2026-05-10,ORD,MEX,Aeromexico,R$1008
2025-12-15,2026-05-10,ORD,MEX,American,R$737
2025-12-15,2026-05-10,ORD,MEX,United,R$748
2025-12-15,2026-05-10,ORD,MEX,Viva,Price unavailable
2025-12-15,2026-05-10,ORD,MEX,Aeromexico,R$1008
2025-12-15,2026-05-10,ORD,MEX,Aeromexico,R$1008
2025-12-15,2026-05-11,ORD,MEX,American,R$737
2025-12-15,2026-05-11,ORD,MEX,Viva,Price unavailable
2025-12-15,2026-05-11,ORD,MEX,Volaris,Price unavailable
2025-12-15,2026-05-11,ORD,MEX,Aeromexico,R$1300
2025-12-15,2026-05-11,ORD,MEX,United,R$1300
2025-12-15,2026-05-11,ORD,MEX,Aeromexico,R$1300
2025-12-15,2026-05-11,ORD,MEX,American,R$737
2025-12-15,2026-05-11,ORD,MEX,Viva,Price unavailable
2025-12-15,2026-05-11,ORD,MEX,Aeromexico,R$1300
2025-12-15,2026-05-11,ORD,MEX,United,R$1300
2025-12-15,2026-05-11,ORD,MEX,Aeromexico,R$1300
2025-12-15,2026-05-12,ORD,MEX,Aeromexico,R$737
2025-12-15,2026-05-12,ORD,MEX,American,R$737
2025-12-15,2026-05-12,ORD,MEX,United,R$748
2025-12-15,2026-05-12,ORD,MEX,Viva,Price unavailable
2025-12-15,2026-05-12,ORD,MEX,Volaris,Price unavailable
2025-12-15,2026-05-12,ORD,MEX,Aeromexico,R$1008
2025-12-15,2026-05-12,ORD,MEX,Aeromexico,R$737
2025-12-15,2026-05-12,ORD,MEX,American,R$737
2025-12-15,2026-05-12,ORD,MEX,United,R$748
2025-12-15,2026-05-12,ORD,MEX,Viva,Price unavailable
2025-12-15,2026-05-12,ORD,MEX,Aeromexico,R$1008
2025-12-15,2026-05-13,ORD,MEX,American,R$737
2025-12-15,2026-05-13,ORD,MEX,United,R$1008
2025-12-15,2026-05-13,ORD,MEX,Aeromexico,R$1300
2025-12-15,2026-05-13,ORD,MEX,Viva,Price unavailable
2025-12-15,2026-05-13,ORD,MEX,Volaris,Price unavailable
2025-12-15,2026-05-13,ORD,MEX,Aeromexico,R$1516
2025-12-15,2026-05-13,ORD,MEX,American,R$737
2025-12-15,2026-05-13,ORD,MEX,United,R$1008
2025-12-15,2026-05-13,ORD,MEX,Aeromexico,R$1300
2025-12-15,2026-05-13,ORD,MEX,Viva,Price unavailable
2025-12-15,2026-05-13,ORD,MEX,Aeromexico,R$1516
2025-12-15,2026-05-14,ORD,MEX,United,R$1202
2025-12-15,2026-05-14,ORD,MEX,American,R$1235
2025-12-15,2026-05-14,ORD,MEX,Aeromexico,R$1300
2025-12-15,2026-05-14,ORD,MEX,Viva,Price unavailable
2025-12-15,2026-05-14,ORD,MEX,Volaris,Price unavailable
2025-12-15,2026-05-14,ORD,MEX,Aeromexico,R$1516
2025-12-15,2026-05-14,ORD,MEX,United,R$1202
2025-12-15,2026-05-14,ORD,MEX,American,R$1235
2025-12-15,2026-05-14,ORD,MEX,Aeromexico,R$1300
2025-12-15,2026-05-14,ORD,MEX,Viva,Price unavailable
2025-12-15,2026-05-14,ORD,MEX,Aeromexico,R$1516
2025-12-15,2026-05-15,ORD,MEX,Aeromexico,R$737
2025-12-15,2026-05-15,ORD,MEX,Viva,Price unavailable
2025-12-15,2026-05-15,ORD,MEX,Volaris,Price unavailable
2025-12-15,2026-05-15,ORD,MEX,Aeromexico,R$1008
2025-12-15,2026-05-15,ORD,MEX,United,R$1170
2025-12-15,2026-05-15,ORD,MEX,American,R$1235
2025-12-15,2026-05-15,ORD,MEX,Aeromexico,R$737
2025-12-15,2026-05-15,ORD,MEX,Viva,Price unavailable
2025-12-15,2026-05-15,ORD,MEX,Aeromexico,R$1008
2025-12-15,2026-05-15,ORD,MEX,United,R$1170
2025-12-15,2026-05-15,ORD,MEX,American,R$1235
2025-12-15,2026-05-16,ORD,MEX,American,R$737
2025-12-15,2026-05-16,ORD,MEX,United,R$1170
2025-12-15,2026-05-16,ORD,MEX,Aeromexico,R$1300
2025-12-15,2026-05-16,ORD,MEX,Viva,Price unavailable
2025-12-15,2026-05-16,ORD,MEX,Volaris,Price unavailable
2025-12-15,2026-05-16,ORD,MEX,Aeromexico,R$1516
2025-12-15,2026-05-16,ORD,MEX,American,R$737
2025-12-15,2026-05-16,ORD,MEX,United,R$1170
2025-12-15,2026-05-16,ORD,MEX,Aeromexico,R$1300
2025-12-15,2026-05-16,ORD,MEX,Viva,Price unavailable
2025-12-15,2026-05-16,ORD,MEX,Aeromexico,R$1516
2025-12-15,2026-05-10,AMS,MEX,Aeromexico,R$9318
2025-12-15,2026-05-10,AMS,MEX,KLM,R$9488
2025-12-15,2026-05-10,AMS,MEX,Aeromexico,R$9318
2025-12-15,2026-05-11,AMS,MEX,Aeromexico,R$9318
2025-12-15,2026-05-11,AMS,MEX,KLM,R$9488
2025-12-15,2026-05-11,AMS,MEX,Aeromexico,R$9318
2025-12-15,2026-05-12,AMS,MEX,Aeromexico,R$9241
2025-12-15,2026-05-12,AMS,MEX,KLM,R$9380
2025-12-15,2026-05-12,AMS,MEX,Aeromexico,R$9241
2025-12-15,2026-05-13,AMS,MEX,Aeromexico,R$9241
2025-12-15,2026-05-13,AMS,MEX,KLM,R$9380
2025-12-15,2026-05-13,AMS,MEX,Aeromexico,R$9241
2025-12-15,2026-05-14,AMS,MEX,Aeromexico,R$9241
2025-12-15,2026-05-14,AMS,MEX,KLM,R$9380
2025-12-15,2026-05-14,AMS,MEX,Aeromexico,R$9241
2025-12-15,2026-05-15,AMS,MEX,Aeromexico,R$9241
2025-12-15,2026-05-15,AMS,MEX,KLM,R$9380
2025-12-15,2026-05-15,AMS,MEX,Aeromexico,R$9241
2025-12-15,2026-05-16,AMS,MEX,Aeromexico,R$9318
2025-12-15,2026-05-16,AMS,MEX,KLM,R$9488
2025-12-15,2026-05-16,AMS,MEX,Aeromexico,R$9318
2025-12-15,2026-05-11,DTW,QRO,Aeromexico,R$3083
2025-12-15,2026-05-12,DTW,QRO,Aeromexico,R$3083
2025-12-15,2026-05-14,DTW,QRO,Aeromexico,R$2197
2025-12-15,2026-05-15,DTW,QRO,Aeromexico,R$2197
2025-12-15,2026-05-16,DTW,QRO,Aeromexico,R$2197
2025-12-15,2026-05-10,MEX,LAX,Aeromexico,R$1687
2025-12-15,2026-05-10,MEX,LAX,Delta,R$1687
2025-12-15,2026-05-10,MEX,LAX,American,R$1733
2025-12-15,2026-05-10,MEX,LAX,Volaris,Price unavailable
2025-12-15,2026-05-10,MEX,LAX,Viva,Price unavailable
2025-12-15,2026-05-10,MEX,LAX,Aeromexico,R$1687
2025-12-15,2026-05-10,MEX,LAX,Aeromexico,R$1935
2025-12-15,2026-05-10,MEX,LAX,Aeromexico,R$1935
2025-12-15,2026-05-10,MEX,LAX,Aeromexico,R$1687
2025-12-15,2026-05-10,MEX,LAX,Delta,R$1687
2025-12-15,2026-05-10,MEX,LAX,American,R$1733
2025-12-15,2026-05-10,MEX,LAX,Volaris,Price unavailable
2025-12-15,2026-05-10,MEX,LAX,Aeromexico,R$1687
2025-12-15,2026-05-10,MEX,LAX,Aeromexico,R$1935
2025-12-15,2026-05-10,MEX,LAX,Aeromexico,R$1935
2025-12-15,2026-05-11,MEX,LAX,Aeromexico,R$1575
2025-12-15,2026-05-11,MEX,LAX,Aeromexico,R$1575
2025-12-15,2026-05-11,MEX,LAX,Delta,R$1575
2025-12-15,2026-05-11,MEX,LAX,Aeromexico,R$1575
2025-12-15,2026-05-11,MEX,LAX,American,R$1704
2025-12-15,2026-05-11,MEX,LAX,Volaris,Price unavailable
2025-12-15,2026-05-11,MEX,LAX,Viva,Price unavailable
2025-12-15,2026-05-11,MEX,LAX,Aeromexico,R$1794
2025-12-15,2026-05-11,MEX,LAX,Aeromexico,R$1575
2025-12-15,2026-05-11,MEX,LAX,Aeromexico,R$1575
2025-12-15,2026-05-11,MEX,LAX,Delta,R$1575
2025-12-15,2026-05-11,MEX,LAX,Aeromexico,R$1575
2025-12-15,2026-05-11,MEX,LAX,American,R$1704
2025-12-15,2026-05-11,MEX,LAX,Volaris,Price unavailable
2025-12-15,2026-05-11,MEX,LAX,Aeromexico,R$1794
2025-12-15,2026-05-12,MEX,LAX,Aeromexico,R$1575
2025-12-15,2026-05-12,MEX,LAX,Delta,R$1575
2025-12-15,2026-05-12,MEX,LAX,American,R$1591
2025-12-15,2026-05-12,MEX,LAX,Volaris,Price unavailable
2025-12-15,2026-05-12,MEX,LAX,Viva,Price unavailable
2025-12-15,2026-05-12,MEX,LAX,Aeromexico,R$1575
2025-12-15,2026-05-12,MEX,LAX,Aeromexico,R$1575
2025-12-15,2026-05-12,MEX,LAX,Aeromexico,R$1794
2025-12-15,2026-05-12,MEX,LAX,Aeromexico,R$1575
2025-12-15,2026-05-12,MEX,LAX,Delta,R$1575
2025-12-15,2026-05-12,MEX,LAX,American,R$1591
2025-12-15,2026-05-12,MEX,LAX,Volaris,Price unavailable
2025-12-15,2026-05-12,MEX,LAX,Aeromexico,R$1575
2025-12-15,2026-05-12,MEX,LAX,Aeromexico,R$1575
2025-12-15,2026-05-12,MEX,LAX,Aeromexico,R$1794
2025-12-15,2026-05-13,MEX,LAX,Aeromexico,R$1575
2025-12-15,2026-05-13,MEX,LAX,Delta,R$1575
2025-12-15,2026-05-13,MEX,LAX,American,R$1591
2025-12-15,2026-05-13,MEX,LAX,Volaris,Price unavailable
2025-12-15,2026-05-13,MEX,LAX,Viva,Price unavailable
2025-12-15,2026-05-13,MEX,LAX,Aeromexico,R$1575
2025-12-15,2026-05-13,MEX,LAX,Aeromexico,R$1794
2025-12-15,2026-05-13,MEX,LAX,Aeromexico,R$1794
2025-12-15,2026-05-13,MEX,LAX,Aeromexico,R$1575
2025-12-15,2026-05-13,MEX,LAX,Delta,R$1575
2025-12-15,2026-05-13,MEX,LAX,American,R$1591
2025-12-15,2026-05-13,MEX,LAX,Volaris,Price unavailable
2025-12-15,2026-05-13,MEX,LAX,Aeromexico,R$1575
2025-12-15,2026-05-13,MEX,LAX,Aeromexico,R$1794
2025-12-15,2026-05-13,MEX,LAX,Aeromexico,R$1794
2025-12-15,2026-05-14,MEX,LAX,Aeromexico,R$1575
2025-12-15,2026-05-14,MEX,LAX,Delta,R$1575
2025-12-15,2026-05-14,MEX,LAX,American,R$1591
2025-12-15,2026-05-14,MEX,LAX,Volaris,Price unavailable
2025-12-15,2026-05-14,MEX,LAX,Viva,Price unavailable
2025-12-15,2026-05-14,MEX,LAX,Aeromexico,R$1794
2025-12-15,2026-05-14,MEX,LAX,Aeromexico,R$1794
2025-12-15,2026-05-14,MEX,LAX,Aeromexico,R$1794
2025-12-15,2026-05-14,MEX,LAX,Aeromexico,R$1575
2025-12-15,2026-05-14,MEX,LAX,Delta,R$1575
2025-12-15,2026-05-14,MEX,LAX,American,R$1591
2025-12-15,2026-05-14,MEX,LAX,Volaris,Price unavailable
2025-12-15,2026-05-14,MEX,LAX,Aeromexico,R$1794
2025-12-15,2026-05-14,MEX,LAX,Aeromexico,R$1794
2025-12-15,2026-05-14,MEX,LAX,Aeromexico,R$1794
2025-12-15,2026-05-15,MEX,LAX,American,R$1591
2025-12-15,2026-05-15,MEX,LAX,Aeromexico,R$1687
2025-12-15,2026-05-15,MEX,LAX,Delta,R$1687
2025-12-15,2026-05-15,MEX,LAX,Volaris,Price unavailable
2025-12-15,2026-05-15,MEX,LAX,Viva,Price unavailable
2025-12-15,2026-05-15,MEX,LAX,Aeromexico,R$1687
2025-12-15,2026-05-15,MEX,LAX,Aeromexico,R$1687
2025-12-15,2026-05-15,MEX,LAX,Aeromexico,R$1687
2025-12-15,2026-05-15,MEX,LAX,American,R$1591
2025-12-15,2026-05-15,MEX,LAX,Aeromexico,R$1687
2025-12-15,2026-05-15,MEX,LAX,Delta,R$1687
2025-12-15,2026-05-15,MEX,LAX,Volaris,Price unavailable
2025-12-15,2026-05-15,MEX,LAX,Aeromexico,R$1687
2025-12-15,2026-05-15,MEX,LAX,Aeromexico,R$1687
2025-12-15,2026-05-15,MEX,LAX,Aeromexico,R$1687
2025-12-15,2026-05-16,MEX,LAX,Aeromexico,R$1687
2025-12-15,2026-05-16,MEX,LAX,Aeromexico,R$1687
2025-12-15,2026-05-16,MEX,LAX,Delta,R$1687
2025-12-15,2026-05-16,MEX,LAX,Volaris,Price unavailable
2025-12-15,2026-05-16,MEX,LAX,Viva,Price unavailable
2025-12-15,2026-05-16,MEX,LAX,Aeromexico,R$1687
2025-12-15,2026-05-16,MEX,LAX,Aeromexico,R$1687
2025-12-15,2026-05-16,MEX,LAX,American,R$1704
2025-12-15,2026-05-16,MEX,LAX,Aeromexico,R$1687
2025-12-15,2026-05-16,MEX,LAX,Aeromexico,R$1687
2025-12-15,2026-05-16,MEX,LAX,Delta,R$1687
2025-12-15,2026-05-16,MEX,LAX,Volaris,Price unavailable
2025-12-15,2026-05-16,MEX,LAX,Aeromexico,R$1687
2025-12-15,2026-05-16,MEX,LAX,Aeromexico,R$1687
2025-12-15,2026-05-16,MEX,LAX,American,R$1704
2025-12-15,2026-05-10,OAX,MEX,Aeromexico,R$776
2025-12-15,2026-05-10,OAX,MEX,Viva,Price unavailable
2025-12-15,2026-05-10,OAX,MEX,Volaris,Price unavailable
2025-12-15,2026-05-10,OAX,MEX,Aeromexico,R$741
2025-12-15,2026-05-10,OAX,MEX,Aeromexico,R$741
2025-12-15,2026-05-10,OAX,MEX,Aeromexico,R$776
2025-12-15,2026-05-10,OAX,MEX,Aeromexico,R$776
2025-12-15,2026-05-10,OAX,MEX,Viva,Price unavailable
2025-12-15,2026-05-10,OAX,MEX,Aeromexico,R$741
2025-12-15,2026-05-10,OAX,MEX,Aeromexico,R$741
2025-12-15,2026-05-10,OAX,MEX,Aeromexico,R$776
2025-12-15,2026-05-11,OAX,MEX,Aeromexico,R$672
2025-12-15,2026-05-11,OAX,MEX,Aeromexico,R$672
2025-12-15,2026-05-11,OAX,MEX,Aeromexico,R$672
2025-12-15,2026-05-11,OAX,MEX,Viva,Price unavailable
2025-12-15,2026-05-11,OAX,MEX,Volaris,Price unavailable
2025-12-15,2026-05-11,OAX,MEX,Aeromexico,R$811
2025-12-15,2026-05-11,OAX,MEX,Aeromexico,R$672
2025-12-15,2026-05-11,OAX,MEX,Aeromexico,R$672
2025-12-15,2026-05-11,OAX,MEX,Aeromexico,R$672
2025-12-15,2026-05-11,OAX,MEX,Viva,Price unavailable
2025-12-15,2026-05-11,OAX,MEX,Aeromexico,R$811
2025-12-15,2026-05-12,OAX,MEX,Aeromexico,R$672
2025-12-15,2026-05-12,OAX,MEX,Viva,Price unavailable
2025-12-15,2026-05-12,OAX,MEX,Volaris,Price unavailable
2025-12-15,2026-05-12,OAX,MEX,Aeromexico,R$672
2025-12-15,2026-05-12,OAX,MEX,Aeromexico,R$672
2025-12-15,2026-05-12,OAX,MEX,Aeromexico,R$672
2025-12-15,2026-05-12,OAX,MEX,Aeromexico,R$672
2025-12-15,2026-05-12,OAX,MEX,Viva,Price unavailable
2025-12-15,2026-05-12,OAX,MEX,Aeromexico,R$672
2025-12-15,2026-05-12,OAX,MEX,Aeromexico,R$672
2025-12-15,2026-05-12,OAX,MEX,Aeromexico,R$672
2025-12-15,2026-05-13,OAX,MEX,Aeromexico,R$672
2025-12-15,2026-05-13,OAX,MEX,Viva,Price unavailable
2025-12-15,2026-05-13,OAX,MEX,Volaris,Price unavailable
2025-12-15,2026-05-13,OAX,MEX,Aeromexico,R$672
2025-12-15,2026-05-13,OAX,MEX,Aeromexico,R$672
2025-12-15,2026-05-13,OAX,MEX,Aeromexico,R$706
2025-12-15,2026-05-13,OAX,MEX,Aeromexico,R$672
2025-12-15,2026-05-13,OAX,MEX,Viva,Price unavailable
2025-12-15,2026-05-13,OAX,MEX,Aeromexico,R$672
2025-12-15,2026-05-13,OAX,MEX,Aeromexico,R$672
2025-12-15,2026-05-13,OAX,MEX,Aeromexico,R$706
2025-12-15,2026-05-14,OAX,MEX,Aeromexico,R$672
2025-12-15,2026-05-14,OAX,MEX,Viva,Price unavailable
2025-12-15,2026-05-14,OAX,MEX,Volaris,Price unavailable
2025-12-15,2026-05-14,OAX,MEX,Aeromexico,R$672
2025-12-15,2026-05-14,OAX,MEX,Aeromexico,R$672
2025-12-15,2026-05-14,OAX,MEX,Aeromexico,R$672
2025-12-15,2026-05-14,OAX,MEX,Aeromexico,R$672
2025-12-15,2026-05-14,OAX,MEX,Viva,Price unavailable
2025-12-15,2026-05-14,OAX,MEX,Aeromexico,R$672
2025-12-15,2026-05-14,OAX,MEX,Aeromexico,R$672
2025-12-15,2026-05-14,OAX,MEX,Aeromexico,R$672
2025-12-15,2026-05-15,OAX,MEX,Aeromexico,R$706
2025-12-15,2026-05-15,OAX,MEX,Viva,Price unavailable
2025-12-15,2026-05-15,OAX,MEX,Volaris,Price unavailable
2025-12-15,2026-05-15,OAX,MEX,Aeromexico,R$706
2025-12-15,2026-05-15,OAX,MEX,Aeromexico,R$706
2025-12-15,2026-05-15,OAX,MEX,Aeromexico,R$706
2025-12-15,2026-05-15,OAX,MEX,Aeromexico,R$706
2025-12-15,2026-05-15,OAX,MEX,Viva,Price unavailable
2025-12-15,2026-05-15,OAX,MEX,Aeromexico,R$706
2025-12-15,2026-05-15,OAX,MEX,Aeromexico,R$706
2025-12-15,2026-05-15,OAX,MEX,Aeromexico,R$706
2025-12-15,2026-05-16,OAX,MEX,Aeromexico,R$672
2025-12-15,2026-05-16,OAX,MEX,Aeromexico,R$672
2025-12-15,2026-05-16,OAX,MEX,Aeromexico,R$706
2025-12-15,2026-05-16,OAX,MEX,Viva,Price unavailable
2025-12-15,2026-05-16,OAX,MEX,Volaris,Price unavailable
2025-12-15,2026-05-16,OAX,MEX,Aeromexico,R$672
2025-12-15,2026-05-16,OAX,MEX,Aeromexico,R$672
2025-12-15,2026-05-16,OAX,MEX,Aeromexico,R$706
2025-12-15,2026-05-16,OAX,MEX,Viva,Price unavailable
2025-12-15,2026-05-10,MEX,SLP,Aeromexico,R$893
2025-12-15,2026-05-10,MEX,SLP,Aeromexico,R$928
2025-12-15,2026-05-10,MEX,SLP,Aeromexico,R$928
2025-12-15,2026-05-10,MEX,SLP,Aeromexico,R$1032
2025-12-15,2026-05-10,MEX,SLP,Aeromexico,R$893
2025-12-15,2026-05-10,MEX,SLP,Aeromexico,R$928
2025-12-15,2026-05-10,MEX,SLP,Aeromexico,R$928
2025-12-15,2026-05-11,MEX,SLP,Aeromexico,R$1032
2025-12-15,2026-05-11,MEX,SLP,Aeromexico,R$1067
2025-12-15,2026-05-11,MEX,SLP,Aeromexico,R$963
2025-12-15,2026-05-11,MEX,SLP,Aeromexico,R$997
2025-12-15,2026-05-11,MEX,SLP,Aeromexico,R$1032
2025-12-15,2026-05-11,MEX,SLP,Aeromexico,R$963
2025-12-15,2026-05-11,MEX,SLP,Aeromexico,R$997
2025-12-15,2026-05-12,MEX,SLP,Aeromexico,R$893
2025-12-15,2026-05-12,MEX,SLP,Aeromexico,R$893
2025-12-15,2026-05-12,MEX,SLP,Aeromexico,R$893
2025-12-15,2026-05-12,MEX,SLP,Aeromexico,R$928
2025-12-15,2026-05-12,MEX,SLP,Aeromexico,R$893
2025-12-15,2026-05-12,MEX,SLP,Aeromexico,R$893
2025-12-15,2026-05-12,MEX,SLP,Aeromexico,R$928
2025-12-15,2026-05-13,MEX,SLP,Aeromexico,R$893
2025-12-15,2026-05-13,MEX,SLP,Aeromexico,R$893
2025-12-15,2026-05-13,MEX,SLP,Aeromexico,R$893
2025-12-15,2026-05-13,MEX,SLP,Aeromexico,R$893
2025-12-15,2026-05-13,MEX,SLP,Aeromexico,R$893
2025-12-15,2026-05-13,MEX,SLP,Aeromexico,R$893
2025-12-15,2026-05-13,MEX,SLP,Aeromexico,R$893
2025-12-15,2026-05-14,MEX,SLP,Aeromexico,R$893
2025-12-15,2026-05-14,MEX,SLP,Aeromexico,R$893
2025-12-15,2026-05-14,MEX,SLP,Aeromexico,R$893
2025-12-15,2026-05-14,MEX,SLP,Aeromexico,R$893
2025-12-15,2026-05-14,MEX,SLP,Aeromexico,R$893
2025-12-15,2026-05-14,MEX,SLP,Aeromexico,R$893
2025-12-15,2026-05-14,MEX,SLP,Aeromexico,R$893
2025-12-15,2026-05-15,MEX,SLP,Aeromexico,R$893
2025-12-15,2026-05-15,MEX,SLP,Aeromexico,R$893
2025-12-15,2026-05-15,MEX,SLP,Aeromexico,R$928
2025-12-15,2026-05-15,MEX,SLP,Aeromexico,R$928
2025-12-15,2026-05-15,MEX,SLP,Aeromexico,R$893
2025-12-15,2026-05-15,MEX,SLP,Aeromexico,R$893
2025-12-15,2026-05-15,MEX,SLP,Aeromexico,R$928
2025-12-15,2026-05-16,MEX,SLP,Aeromexico,R$893
2025-12-15,2026-05-16,MEX,SLP,Aeromexico,R$893
2025-12-15,2026-05-16,MEX,SLP,Aeromexico,R$893
2025-12-15,2026-05-16,MEX,SLP,Aeromexico,R$893
2025-12-15,2026-05-16,MEX,SLP,Aeromexico,R$893
2025-12-15,2026-05-16,MEX,SLP,Aeromexico,R$893
2025-12-15,2026-05-16,MEX,SLP,Aeromexico,R$893
2025-12-15,2026-05-10,MTT,MEX,Aeromexico,R$951
2025-12-15,2026-05-10,MTT,MEX,Aeromexico,R$951
2025-12-15,2026-05-10,MTT,MEX,Aeromexico,R$951
2025-12-15,2026-05-11,MTT,MEX,Aeromexico,R$951
2025-12-15,2026-05-11,MTT,MEX,Aeromexico,R$951
2025-12-15,2026-05-11,MTT,MEX,Aeromexico,R$951
2025-12-15,2026-05-11,MTT,MEX,Aeromexico,R$951
2025-12-15,2026-05-11,MTT,MEX,Aeromexico,R$951
2025-12-15,2026-05-12,MTT,MEX,Aeromexico,R$951
2025-12-15,2026-05-12,MTT,MEX,Aeromexico,R$951
2025-12-15,2026-05-12,MTT,MEX,Aeromexico,R$951
2025-12-15,2026-05-12,MTT,MEX,Aeromexico,R$951
2025-12-15,2026-05-12,MTT,MEX,Aeromexico,R$951
2025-12-15,2026-05-13,MTT,MEX,Aeromexico,R$951
2025-12-15,2026-05-13,MTT,MEX,Aeromexico,R$951
2025-12-15,2026-05-13,MTT,MEX,Aeromexico,R$951
2025-12-15,2026-05-13,MTT,MEX,Aeromexico,R$951
2025-12-15,2026-05-13,MTT,MEX,Aeromexico,R$951
2025-12-15,2026-05-14,MTT,MEX,Aeromexico,R$986
2025-12-15,2026-05-14,MTT,MEX,Aeromexico,R$1021
2025-12-15,2026-05-14,MTT,MEX,Aeromexico,R$1126
2025-12-15,2026-05-14,MTT,MEX,Aeromexico,R$986
2025-12-15,2026-05-14,MTT,MEX,Aeromexico,R$1021
2025-12-15,2026-05-15,MTT,MEX,Aeromexico,R$1021
2025-12-15,2026-05-15,MTT,MEX,Aeromexico,R$1056
2025-12-15,2026-05-15,MTT,MEX,Aeromexico,R$1160
2025-12-15,2026-05-15,MTT,MEX,Aeromexico,R$1021
2025-12-15,2026-05-15,MTT,MEX,Aeromexico,R$1056
2025-12-15,2026-05-16,MTT,MEX,Aeromexico,R$951
2025-12-15,2026-05-16,MTT,MEX,Aeromexico,R$951
2025-12-15,2026-05-16,MTT,MEX,Aeromexico,R$951
2025-12-15,2026-05-10,MEX,CDG,Air France,R$5545
2025-12-15,2026-05-10,MEX,CDG,Air France,R$5545
2025-12-15,2026-05-10,MEX,CDG,Aeromexico,R$5606
2025-12-15,2026-05-10,MEX,CDG,Air France,R$5545
2025-12-15,2026-05-10,MEX,CDG,Air France,R$5545
2025-12-15,2026-05-11,MEX,CDG,Air France,R$5545
2025-12-15,2026-05-11,MEX,CDG,Air France,R$5545
2025-12-15,2026-05-11,MEX,CDG,Aeromexico,R$5606
2025-12-15,2026-05-11,MEX,CDG,Air France,R$5545
2025-12-15,2026-05-11,MEX,CDG,Air France,R$5545
2025-12-15,2026-05-12,MEX,CDG,Air France,R$5545
2025-12-15,2026-05-12,MEX,CDG,Aeromexico,R$5606
2025-12-15,2026-05-12,MEX,CDG,Air France,R$5545
2025-12-15,2026-05-13,MEX,CDG,Air France,R$5545
2025-12-15,2026-05-13,MEX,CDG,Air France,R$5545
2025-12-15,2026-05-13,MEX,CDG,Aeromexico,R$5606
2025-12-15,2026-05-13,MEX,CDG,Air France,R$5545
2025-12-15,2026-05-13,MEX,CDG,Air France,R$5545
2025-12-15,2026-05-14,MEX,CDG,Air France,R$5545
2025-12-15,2026-05-14,MEX,CDG,Aeromexico,R$5606
2025-12-15,2026-05-14,MEX,CDG,Air France,R$5545
2025-12-15,2026-05-15,MEX,CDG,Aeromexico,R$5888
2025-12-15,2026-05-15,MEX,CDG,Air France,R$5940
2025-12-15,2026-05-15,MEX,CDG,Air France,R$5940
2025-12-15,2026-05-15,MEX,CDG,Aeromexico,R$5888
2025-12-15,2026-05-15,MEX,CDG,Air France,R$5940
2025-12-15,2026-05-16,MEX,CDG,Aeromexico,R$5888
2025-12-15,2026-05-16,MEX,CDG,Air France,R$5940
2025-12-15,2026-05-16,MEX,CDG,Air France,R$6646
2025-12-15,2026-05-16,MEX,CDG,Aeromexico,R$5888
2025-12-15,2026-05-16,MEX,CDG,Air France,R$5940
2025-12-15,2026-05-10,ATL,GDL,Delta,R$1527
2025-12-15,2026-05-11,ATL,GDL,Delta,R$1527
2025-12-15,2026-05-12,ATL,GDL,Delta,R$1527
2025-12-15,2026-05-13,ATL,GDL,Delta,R$1527
2025-12-15,2026-05-14,ATL,GDL,Delta,R$1527
2025-12-15,2026-05-15,ATL,GDL,Delta,R$1527
2025-12-15,2026-05-16,ATL,GDL,Delta,R$1527
2025-12-15,2026-05-10,CEN,MEX,Aeromexico,R$814
2025-12-15,2026-05-11,CEN,MEX,Aeromexico,R$814
2025-12-15,2026-05-11,CEN,MEX,Aeromexico,R$849
2025-12-15,2026-05-11,CEN,MEX,Aeromexico,R$814
2025-12-15,2026-05-12,CEN,MEX,Aeromexico,R$814
2025-12-15,2026-05-12,CEN,MEX,Aeromexico,R$814
2025-12-15,2026-05-12,CEN,MEX,Aeromexico,R$814
2025-12-15,2026-05-13,CEN,MEX,Aeromexico,R$814
2025-12-15,2026-05-13,CEN,MEX,Aeromexico,R$814
2025-12-15,2026-05-13,CEN,MEX,Aeromexico,R$814
2025-12-15,2026-05-14,CEN,MEX,Aeromexico,R$814
2025-12-15,2026-05-14,CEN,MEX,Aeromexico,R$849
2025-12-15,2026-05-14,CEN,MEX,Aeromexico,R$814
2025-12-15,2026-05-15,CEN,MEX,Aeromexico,R$971
2025-12-15,2026-05-15,CEN,MEX,Aeromexico,R$1006
2025-12-15,2026-05-15,CEN,MEX,Aeromexico,R$971
2025-12-15,2026-05-16,CEN,MEX,Aeromexico,R$866
2025-12-15,2026-05-10,MEX,EZE,Aeromexico,R$5149
2025-12-15,2026-05-11,MEX,EZE,Aeromexico,R$5149
2025-12-15,2026-05-12,MEX,EZE,Aeromexico,R$5149
2025-12-15,2026-05-13,MEX,EZE,Aeromexico,R$5149
2025-12-15,2026-05-14,MEX,EZE,Aeromexico,R$5149
2025-12-15,2026-05-15,MEX,EZE,Aeromexico,R$5149
2025-12-15,2026-05-16,MEX,EZE,Aeromexico,R$5149
2025-12-15,2026-05-10,EZE,MEX,Aeromexico,R$6212
2025-12-15,2026-05-11,EZE,MEX,Aeromexico,R$6212
2025-12-15,2026-05-12,EZE,MEX,Aeromexico,R$6212
2025-12-15,2026-05-13,EZE,MEX,Aeromexico,R$6212
2025-12-15,2026-05-14,EZE,MEX,Aeromexico,R$6212
2025-12-15,2026-05-15,EZE,MEX,Aeromexico,R$6212
2025-12-15,2026-05-16,EZE,MEX,Aeromexico,R$6212
2025-12-15,2026-05-10,MEX,CUN,Aeromexico,R$689
2025-12-15,2026-05-10,MEX,CUN,Aeromexico,R$689
2025-12-15,2026-05-10,MEX,CUN,Aeromexico,R$689
2025-12-15,2026-05-10,MEX,CUN,Viva,Price unavailable
2025-12-15,2026-05-10,MEX,CUN,Volaris,Price unavailable
2025-12-15,2026-05-10,MEX,CUN,Aeromexico,R$689
2025-12-15,2026-05-10,MEX,CUN,Aeromexico,R$689
2025-12-15,2026-05-10,MEX,CUN,Aeromexico,R$689
2025-12-15,2026-05-10,MEX,CUN,Aeromexico,R$689
2025-12-15,2026-05-10,MEX,CUN,Aeromexico,R$689
2025-12-15,2026-05-10,MEX,CUN,Aeromexico,R$689
2025-12-15,2026-05-10,MEX,CUN,Aeromexico,R$689
2025-12-15,2026-05-10,MEX,CUN,Aeromexico,R$689
2025-12-15,2026-05-10,MEX,CUN,Aeromexico,R$689
2025-12-15,2026-05-10,MEX,CUN,Aeromexico,R$689
2025-12-15,2026-05-10,MEX,CUN,Aeromexico,R$689
2025-12-15,2026-05-10,MEX,CUN,Aeromexico,R$837
2025-12-15,2026-05-10,MEX,CUN,Viva,Price unavailable
2025-12-15,2026-05-10,MEX,CUN,Volaris,Price unavailable
2025-12-15,2026-05-10,MEX,CUN,Viva,Price unavailable
2025-12-15,2026-05-10,MEX,CUN,Viva,Price unavailable
2025-12-15,2026-05-10,MEX,CUN,Volaris,Price unavailable
2025-12-15,2026-05-10,MEX,CUN,Volaris,Price unavailable
2025-12-15,2026-05-10,MEX,CUN,Viva,Price unavailable
2025-12-15,2026-05-10,MEX,CUN,Aeromexico,R$689
2025-12-15,2026-05-10,MEX,CUN,Aeromexico,R$689
2025-12-15,2026-05-10,MEX,CUN,Aeromexico,R$689
2025-12-15,2026-05-10,MEX,CUN,Viva,Price unavailable
2025-12-15,2026-05-10,MEX,CUN,Aeromexico,R$689
2025-12-15,2026-05-10,MEX,CUN,Aeromexico,R$689
2025-12-15,2026-05-10,MEX,CUN,Aeromexico,R$689
2025-12-15,2026-05-10,MEX,CUN,Aeromexico,R$689
2025-12-15,2026-05-10,MEX,CUN,Aeromexico,R$689
2025-12-15,2026-05-10,MEX,CUN,Aeromexico,R$689
2025-12-15,2026-05-10,MEX,CUN,Aeromexico,R$689
2025-12-15,2026-05-10,MEX,CUN,Aeromexico,R$689
2025-12-15,2026-05-10,MEX,CUN,Aeromexico,R$689
2025-12-15,2026-05-10,MEX,CUN,Aeromexico,R$689
2025-12-15,2026-05-10,MEX,CUN,Aeromexico,R$689
2025-12-15,2026-05-10,MEX,CUN,Aeromexico,R$837
2025-12-15,2026-05-10,MEX,CUN,Viva,Price unavailable
2025-12-15,2026-05-10,MEX,CUN,Volaris,Price unavailable
2025-12-15,2026-05-10,MEX,CUN,Viva,Price unavailable
2025-12-15,2026-05-10,MEX,CUN,Viva,Price unavailable
2025-12-15,2026-05-10,MEX,CUN,Volaris,Price unavailable
2025-12-15,2026-05-10,MEX,CUN,Volaris,Price unavailable
2025-12-15,2026-05-10,MEX,CUN,Viva,Price unavailable
2025-12-15,2026-05-11,MEX,CUN,Aeromexico,R$724
2025-12-15,2026-05-11,MEX,CUN,Aeromexico,R$724
2025-12-15,2026-05-11,MEX,CUN,Aeromexico,R$724
2025-12-15,2026-05-11,MEX,CUN,Viva,Price unavailable
2025-12-15,2026-05-11,MEX,CUN,Volaris,Price unavailable
2025-12-15,2026-05-11,MEX,CUN,Aeromexico,R$724
2025-12-15,2026-05-11,MEX,CUN,Aeromexico,R$724
2025-12-15,2026-05-11,MEX,CUN,Aeromexico,R$724
2025-12-15,2026-05-11,MEX,CUN,Aeromexico,R$724
2025-12-15,2026-05-11,MEX,CUN,Aeromexico,R$724
2025-12-15,2026-05-11,MEX,CUN,Aeromexico,R$829
2025-12-15,2026-05-11,MEX,CUN,Aeromexico,R$864
2025-12-15,2026-05-11,MEX,CUN,Aeromexico,R$864
2025-12-15,2026-05-11,MEX,CUN,Aeromexico,R$864
2025-12-15,2026-05-11,MEX,CUN,Aeromexico,R$864
2025-12-15,2026-05-11,MEX,CUN,Aeromexico,R$976
2025-12-15,2026-05-11,MEX,CUN,Aeromexico,R$1011
2025-12-15,2026-05-11,MEX,CUN,Viva,Price unavailable
2025-12-15,2026-05-11,MEX,CUN,Volaris,Price unavailable
2025-12-15,2026-05-11,MEX,CUN,Viva,Price unavailable
2025-12-15,2026-05-11,MEX,CUN,Viva,Price unavailable
2025-12-15,2026-05-11,MEX,CUN,Volaris,Price unavailable
2025-12-15,2026-05-11,MEX,CUN,Volaris,Price unavailable
2025-12-15,2026-05-11,MEX,CUN,Viva,Price unavailable
2025-12-15,2026-05-11,MEX,CUN,Aeromexico,R$724
2025-12-15,2026-05-11,MEX,CUN,Aeromexico,R$724
2025-12-15,2026-05-11,MEX,CUN,Aeromexico,R$724
2025-12-15,2026-05-11,MEX,CUN,Viva,Price unavailable
2025-12-15,2026-05-11,MEX,CUN,Aeromexico,R$724
2025-12-15,2026-05-11,MEX,CUN,Aeromexico,R$724
2025-12-15,2026-05-11,MEX,CUN,Aeromexico,R$724
2025-12-15,2026-05-11,MEX,CUN,Aeromexico,R$724
2025-12-15,2026-05-11,MEX,CUN,Aeromexico,R$724
2025-12-15,2026-05-11,MEX,CUN,Aeromexico,R$829
2025-12-15,2026-05-11,MEX,CUN,Aeromexico,R$864
2025-12-15,2026-05-11,MEX,CUN,Aeromexico,R$864
2025-12-15,2026-05-11,MEX,CUN,Aeromexico,R$864
2025-12-15,2026-05-11,MEX,CUN,Aeromexico,R$864
2025-12-15,2026-05-11,MEX,CUN,Aeromexico,R$976
2025-12-15,2026-05-11,MEX,CUN,Aeromexico,R$1011
2025-12-15,2026-05-11,MEX,CUN,Viva,Price unavailable
2025-12-15,2026-05-11,MEX,CUN,Volaris,Price unavailable
2025-12-15,2026-05-11,MEX,CUN,Viva,Price unavailable
2025-12-15,2026-05-11,MEX,CUN,Viva,Price unavailable
2025-12-15,2026-05-11,MEX,CUN,Volaris,Price unavailable
2025-12-15,2026-05-11,MEX,CUN,Volaris,Price unavailable
2025-12-15,2026-05-11,MEX,CUN,Viva,Price unavailable
2025-12-15,2026-05-12,MEX,CUN,Aeromexico,R$689
2025-12-15,2026-05-12,MEX,CUN,Aeromexico,R$689
2025-12-15,2026-05-12,MEX,CUN,Aeromexico,R$689
2025-12-15,2026-05-12,MEX,CUN,Viva,Price unavailable
2025-12-15,2026-05-12,MEX,CUN,Volaris,Price unavailable
2025-12-15,2026-05-12,MEX,CUN,Aeromexico,R$689
2025-12-15,2026-05-12,MEX,CUN,Aeromexico,R$689
2025-12-15,2026-05-12,MEX,CUN,Aeromexico,R$689
2025-12-15,2026-05-12,MEX,CUN,Aeromexico,R$689
2025-12-15,2026-05-12,MEX,CUN,Aeromexico,R$689
2025-12-15,2026-05-12,MEX,CUN,Aeromexico,R$724
2025-12-15,2026-05-12,MEX,CUN,Aeromexico,R$724
2025-12-15,2026-05-12,MEX,CUN,Aeromexico,R$724
2025-12-15,2026-05-12,MEX,CUN,Aeromexico,R$724
2025-12-15,2026-05-12,MEX,CUN,Aeromexico,R$872
2025-12-15,2026-05-12,MEX,CUN,Aeromexico,R$872
2025-12-15,2026-05-12,MEX,CUN,Aeromexico,R$1440
2025-12-15,2026-05-12,MEX,CUN,Viva,Price unavailable
2025-12-15,2026-05-12,MEX,CUN,Volaris,Price unavailable
2025-12-15,2026-05-12,MEX,CUN,Viva,Price unavailable
2025-12-15,2026-05-12,MEX,CUN,Viva,Price unavailable
2025-12-15,2026-05-12,MEX,CUN,Volaris,Price unavailable
2025-12-15,2026-05-12,MEX,CUN,Volaris,Price unavailable
2025-12-15,2026-05-12,MEX,CUN,Viva,Price unavailable
2025-12-15,2026-05-12,MEX,CUN,Aeromexico,R$689
2025-12-15,2026-05-12,MEX,CUN,Aeromexico,R$689
2025-12-15,2026-05-12,MEX,CUN,Aeromexico,R$689
2025-12-15,2026-05-12,MEX,CUN,Viva,Price unavailable
2025-12-15,2026-05-12,MEX,CUN,Aeromexico,R$689
2025-12-15,2026-05-12,MEX,CUN,Aeromexico,R$689
2025-12-15,2026-05-12,MEX,CUN,Aeromexico,R$689
2025-12-15,2026-05-12,MEX,CUN,Aeromexico,R$689
2025-12-15,2026-05-12,MEX,CUN,Aeromexico,R$689
2025-12-15,2026-05-12,MEX,CUN,Aeromexico,R$724
2025-12-15,2026-05-12,MEX,CUN,Aeromexico,R$724
2025-12-15,2026-05-12,MEX,CUN,Aeromexico,R$724
2025-12-15,2026-05-12,MEX,CUN,Aeromexico,R$724
2025-12-15,2026-05-12,MEX,CUN,Aeromexico,R$872
2025-12-15,2026-05-12,MEX,CUN,Aeromexico,R$872
2025-12-15,2026-05-12,MEX,CUN,Aeromexico,R$1440
2025-12-15,2026-05-12,MEX,CUN,Viva,Price unavailable
2025-12-15,2026-05-12,MEX,CUN,Volaris,Price unavailable
2025-12-15,2026-05-12,MEX,CUN,Viva,Price unavailable
2025-12-15,2026-05-12,MEX,CUN,Viva,Price unavailable
2025-12-15,2026-05-12,MEX,CUN,Volaris,Price unavailable
2025-12-15,2026-05-12,MEX,CUN,Volaris,Price unavailable
2025-12-15,2026-05-12,MEX,CUN,Viva,Price unavailable
2025-12-15,2026-05-13,MEX,CUN,Aeromexico,R$689
2025-12-15,2026-05-13,MEX,CUN,Aeromexico,R$689
2025-12-15,2026-05-13,MEX,CUN,Aeromexico,R$689
2025-12-15,2026-05-13,MEX,CUN,Aeromexico,R$689
2025-12-15,2026-05-13,MEX,CUN,Viva,Price unavailable
2025-12-15,2026-05-13,MEX,CUN,Volaris,Price unavailable
2025-12-15,2026-05-13,MEX,CUN,Aeromexico,R$689
2025-12-15,2026-05-13,MEX,CUN,Aeromexico,R$689
2025-12-15,2026-05-13,MEX,CUN,Aeromexico,R$724
2025-12-15,2026-05-13,MEX,CUN,Aeromexico,R$759
2025-12-15,2026-05-13,MEX,CUN,Aeromexico,R$759
2025-12-15,2026-05-13,MEX,CUN,Aeromexico,R$872
2025-12-15,2026-05-13,MEX,CUN,Aeromexico,R$906
2025-12-15,2026-05-13,MEX,CUN,Aeromexico,R$990
2025-12-15,2026-05-13,MEX,CUN,Aeromexico,R$1405
2025-12-15,2026-05-13,MEX,CUN,Aeromexico,R$1405
2025-12-15,2026-05-13,MEX,CUN,Aeromexico,R$1475
2025-12-15,2026-05-13,MEX,CUN,Viva,Price unavailable
2025-12-15,2026-05-13,MEX,CUN,Volaris,Price unavailable
2025-12-15,2026-05-13,MEX,CUN,Viva,Price unavailable
2025-12-15,2026-05-13,MEX,CUN,Viva,Price unavailable
2025-12-15,2026-05-13,MEX,CUN,Volaris,Price unavailable
2025-12-15,2026-05-13,MEX,CUN,Volaris,Price unavailable
2025-12-15,2026-05-13,MEX,CUN,Viva,Price unavailable
2025-12-15,2026-05-13,MEX,CUN,Aeromexico,R$689
2025-12-15,2026-05-13,MEX,CUN,Aeromexico,R$689
2025-12-15,2026-05-13,MEX,CUN,Aeromexico,R$689
2025-12-15,2026-05-13,MEX,CUN,Aeromexico,R$689
2025-12-15,2026-05-13,MEX,CUN,Viva,Price unavailable
2025-12-15,2026-05-13,MEX,CUN,Aeromexico,R$689
2025-12-15,2026-05-13,MEX,CUN,Aeromexico,R$689
2025-12-15,2026-05-13,MEX,CUN,Aeromexico,R$724
2025-12-15,2026-05-13,MEX,CUN,Aeromexico,R$759
2025-12-15,2026-05-13,MEX,CUN,Aeromexico,R$759
2025-12-15,2026-05-13,MEX,CUN,Aeromexico,R$872
2025-12-15,2026-05-13,MEX,CUN,Aeromexico,R$906
2025-12-15,2026-05-13,MEX,CUN,Aeromexico,R$990
2025-12-15,2026-05-13,MEX,CUN,Aeromexico,R$1405
2025-12-15,2026-05-13,MEX,CUN,Aeromexico,R$1405
2025-12-15,2026-05-13,MEX,CUN,Aeromexico,R$1475
2025-12-15,2026-05-13,MEX,CUN,Viva,Price unavailable
2025-12-15,2026-05-13,MEX,CUN,Volaris,Price unavailable
2025-12-15,2026-05-13,MEX,CUN,Viva,Price unavailable
2025-12-15,2026-05-13,MEX,CUN,Viva,Price unavailable
2025-12-15,2026-05-13,MEX,CUN,Volaris,Price unavailable
2025-12-15,2026-05-13,MEX,CUN,Volaris,Price unavailable
2025-12-15,2026-05-13,MEX,CUN,Viva,Price unavailable
2025-12-15,2026-05-14,MEX,CUN,Aeromexico,R$759
2025-12-15,2026-05-14,MEX,CUN,Aeromexico,R$759
2025-12-15,2026-05-14,MEX,CUN,Aeromexico,R$759
2025-12-15,2026-05-14,MEX,CUN,Viva,Price unavailable
2025-12-15,2026-05-14,MEX,CUN,Volaris,Price unavailable
2025-12-15,2026-05-14,MEX,CUN,Aeromexico,R$759
2025-12-15,2026-05-14,MEX,CUN,Aeromexico,R$899
2025-12-15,2026-05-14,MEX,CUN,Aeromexico,R$899
2025-12-15,2026-05-14,MEX,CUN,Aeromexico,R$906
2025-12-15,2026-05-14,MEX,CUN,Aeromexico,R$906
2025-12-15,2026-05-14,MEX,CUN,Aeromexico,R$906
2025-12-15,2026-05-14,MEX,CUN,Aeromexico,R$906
2025-12-15,2026-05-14,MEX,CUN,Aeromexico,R$1046
2025-12-15,2026-05-14,MEX,CUN,Aeromexico,R$1046
2025-12-15,2026-05-14,MEX,CUN,Aeromexico,R$1046
2025-12-15,2026-05-14,MEX,CUN,Aeromexico,R$1046
2025-12-15,2026-05-14,MEX,CUN,Aeromexico,R$1129
2025-12-15,2026-05-14,MEX,CUN,Viva,Price unavailable
2025-12-15,2026-05-14,MEX,CUN,Volaris,Price unavailable
2025-12-15,2026-05-14,MEX,CUN,Viva,Price unavailable
2025-12-15,2026-05-14,MEX,CUN,Viva,Price unavailable
2025-12-15,2026-05-14,MEX,CUN,Volaris,Price unavailable
2025-12-15,2026-05-14,MEX,CUN,Volaris,Price unavailable
2025-12-15,2026-05-14,MEX,CUN,Viva,Price unavailable
2025-12-15,2026-05-14,MEX,CUN,Aeromexico,R$759
2025-12-15,2026-05-14,MEX,CUN,Aeromexico,R$759
2025-12-15,2026-05-14,MEX,CUN,Aeromexico,R$759
2025-12-15,2026-05-14,MEX,CUN,Viva,Price unavailable
2025-12-15,2026-05-14,MEX,CUN,Aeromexico,R$759
2025-12-15,2026-05-14,MEX,CUN,Aeromexico,R$899
2025-12-15,2026-05-14,MEX,CUN,Aeromexico,R$899
2025-12-15,2026-05-14,MEX,CUN,Aeromexico,R$906
2025-12-15,2026-05-14,MEX,CUN,Aeromexico,R$906
2025-12-15,2026-05-14,MEX,CUN,Aeromexico,R$906
2025-12-15,2026-05-14,MEX,CUN,Aeromexico,R$906
2025-12-15,2026-05-14,MEX,CUN,Aeromexico,R$1046
2025-12-15,2026-05-14,MEX,CUN,Aeromexico,R$1046
2025-12-15,2026-05-14,MEX,CUN,Aeromexico,R$1046
2025-12-15,2026-05-14,MEX,CUN,Aeromexico,R$1046
2025-12-15,2026-05-14,MEX,CUN,Aeromexico,R$1129
2025-12-15,2026-05-14,MEX,CUN,Viva,Price unavailable
2025-12-15,2026-05-14,MEX,CUN,Volaris,Price unavailable
2025-12-15,2026-05-14,MEX,CUN,Viva,Price unavailable
2025-12-15,2026-05-14,MEX,CUN,Viva,Price unavailable
2025-12-15,2026-05-14,MEX,CUN,Volaris,Price unavailable
2025-12-15,2026-05-14,MEX,CUN,Volaris,Price unavailable
2025-12-15,2026-05-14,MEX,CUN,Viva,Price unavailable
2025-12-15,2026-05-15,MEX,CUN,Aeromexico,R$689
2025-12-15,2026-05-15,MEX,CUN,Aeromexico,R$689
2025-12-15,2026-05-15,MEX,CUN,Aeromexico,R$689
2025-12-15,2026-05-15,MEX,CUN,Viva,Price unavailable
2025-12-15,2026-05-15,MEX,CUN,Volaris,Price unavailable
2025-12-15,2026-05-15,MEX,CUN,Aeromexico,R$689
2025-12-15,2026-05-15,MEX,CUN,Aeromexico,R$689
2025-12-15,2026-05-15,MEX,CUN,Aeromexico,R$689
2025-12-15,2026-05-15,MEX,CUN,Aeromexico,R$689
2025-12-15,2026-05-15,MEX,CUN,Aeromexico,R$689
2025-12-15,2026-05-15,MEX,CUN,Aeromexico,R$794
2025-12-15,2026-05-15,MEX,CUN,Aeromexico,R$829
2025-12-15,2026-05-15,MEX,CUN,Aeromexico,R$941
2025-12-15,2026-05-15,MEX,CUN,Aeromexico,R$941
2025-12-15,2026-05-15,MEX,CUN,Aeromexico,R$941
2025-12-15,2026-05-15,MEX,CUN,Aeromexico,R$976
2025-12-15,2026-05-15,MEX,CUN,Aeromexico,R$1025
2025-12-15,2026-05-15,MEX,CUN,Viva,Price unavailable
2025-12-15,2026-05-15,MEX,CUN,Volaris,Price unavailable
2025-12-15,2026-05-15,MEX,CUN,Viva,Price unavailable
2025-12-15,2026-05-15,MEX,CUN,Viva,Price unavailable
2025-12-15,2026-05-15,MEX,CUN,Volaris,Price unavailable
2025-12-15,2026-05-15,MEX,CUN,Volaris,Price unavailable
2025-12-15,2026-05-15,MEX,CUN,Viva,Price unavailable
2025-12-15,2026-05-15,MEX,CUN,Aeromexico,R$689
2025-12-15,2026-05-15,MEX,CUN,Aeromexico,R$689
2025-12-15,2026-05-15,MEX,CUN,Aeromexico,R$689
2025-12-15,2026-05-15,MEX,CUN,Viva,Price unavailable
2025-12-15,2026-05-15,MEX,CUN,Aeromexico,R$689
2025-12-15,2026-05-15,MEX,CUN,Aeromexico,R$689
2025-12-15,2026-05-15,MEX,CUN,Aeromexico,R$689
2025-12-15,2026-05-15,MEX,CUN,Aeromexico,R$689
2025-12-15,2026-05-15,MEX,CUN,Aeromexico,R$689
2025-12-15,2026-05-15,MEX,CUN,Aeromexico,R$794
2025-12-15,2026-05-15,MEX,CUN,Aeromexico,R$829
2025-12-15,2026-05-15,MEX,CUN,Aeromexico,R$941
2025-12-15,2026-05-15,MEX,CUN,Aeromexico,R$941
2025-12-15,2026-05-15,MEX,CUN,Aeromexico,R$941
2025-12-15,2026-05-15,MEX,CUN,Aeromexico,R$976
2025-12-15,2026-05-15,MEX,CUN,Aeromexico,R$1025
2025-12-15,2026-05-15,MEX,CUN,Viva,Price unavailable
2025-12-15,2026-05-15,MEX,CUN,Volaris,Price unavailable
2025-12-15,2026-05-15,MEX,CUN,Viva,Price unavailable
2025-12-15,2026-05-15,MEX,CUN,Viva,Price unavailable
2025-12-15,2026-05-15,MEX,CUN,Volaris,Price unavailable
2025-12-15,2026-05-15,MEX,CUN,Volaris,Price unavailable
2025-12-15,2026-05-15,MEX,CUN,Viva,Price unavailable
2025-12-15,2026-05-16,MEX,CUN,Aeromexico,R$689
2025-12-15,2026-05-16,MEX,CUN,Aeromexico,R$689
2025-12-15,2026-05-16,MEX,CUN,Aeromexico,R$689
2025-12-15,2026-05-16,MEX,CUN,Viva,Price unavailable
2025-12-15,2026-05-16,MEX,CUN,Volaris,Price unavailable
2025-12-15,2026-05-16,MEX,CUN,Aeromexico,R$689
2025-12-15,2026-05-16,MEX,CUN,Aeromexico,R$689
2025-12-15,2026-05-16,MEX,CUN,Aeromexico,R$689
2025-12-15,2026-05-16,MEX,CUN,Aeromexico,R$689
2025-12-15,2026-05-16,MEX,CUN,Aeromexico,R$689
2025-12-15,2026-05-16,MEX,CUN,Aeromexico,R$837
2025-12-15,2026-05-16,MEX,CUN,Aeromexico,R$920
2025-12-15,2026-05-16,MEX,CUN,Aeromexico,R$1405
2025-12-15,2026-05-16,MEX,CUN,Aeromexico,R$1405
2025-12-15,2026-05-16,MEX,CUN,Aeromexico,R$1405
2025-12-15,2026-05-16,MEX,CUN,Viva,Price unavailable
2025-12-15,2026-05-16,MEX,CUN,Volaris,Price unavailable
2025-12-15,2026-05-16,MEX,CUN,Viva,Price unavailable
2025-12-15,2026-05-16,MEX,CUN,Viva,Price unavailable
2025-12-15,2026-05-16,MEX,CUN,Volaris,Price unavailable
2025-12-15,2026-05-16,MEX,CUN,Volaris,Price unavailable
2025-12-15,2026-05-16,MEX,CUN,Viva,Price unavailable
2025-12-15,2026-05-16,MEX,CUN,Aeromexico,R$689
2025-12-15,2026-05-16,MEX,CUN,Aeromexico,R$689
2025-12-15,2026-05-16,MEX,CUN,Aeromexico,R$689
2025-12-15,2026-05-16,MEX,CUN,Viva,Price unavailable
2025-12-15,2026-05-16,MEX,CUN,Aeromexico,R$689
2025-12-15,2026-05-16,MEX,CUN,Aeromexico,R$689
2025-12-15,2026-05-16,MEX,CUN,Aeromexico,R$689
2025-12-15,2026-05-16,MEX,CUN,Aeromexico,R$689
2025-12-15,2026-05-16,MEX,CUN,Aeromexico,R$689
2025-12-15,2026-05-16,MEX,CUN,Aeromexico,R$837
2025-12-15,2026-05-16,MEX,CUN,Aeromexico,R$920
2025-12-15,2026-05-16,MEX,CUN,Aeromexico,R$1405
2025-12-15,2026-05-16,MEX,CUN,Aeromexico,R$1405
2025-12-15,2026-05-16,MEX,CUN,Aeromexico,R$1405
2025-12-15,2026-05-16,MEX,CUN,Viva,Price unavailable
2025-12-15,2026-05-16,MEX,CUN,Volaris,Price unavailable
2025-12-15,2026-05-16,MEX,CUN,Viva,Price unavailable
2025-12-15,2026-05-16,MEX,CUN,Viva,Price unavailable
2025-12-15,2026-05-16,MEX,CUN,Volaris,Price unavailable
2025-12-15,2026-05-16,MEX,CUN,Volaris,Price unavailable
2025-12-15,2026-05-16,MEX,CUN,Viva,Price unavailable
2025-12-15,2026-05-10,MEX,MDE,Aeromexico,R$1556
2025-12-15,2026-05-10,MEX,MDE,Avianca,R$2103
2025-12-15,2026-05-10,MEX,MDE,Aeromexico,R$1556
2025-12-15,2026-05-11,MEX,MDE,Avianca,R$1046
2025-12-15,2026-05-11,MEX,MDE,Aeromexico,R$2008
2025-12-15,2026-05-11,MEX,MDE,Avianca,R$1046
2025-12-15,2026-05-12,MEX,MDE,Avianca,R$1046
2025-12-15,2026-05-12,MEX,MDE,Aeromexico,R$1556
2025-12-15,2026-05-12,MEX,MDE,Avianca,R$1046
2025-12-15,2026-05-13,MEX,MDE,Avianca,R$1046
2025-12-15,2026-05-13,MEX,MDE,Aeromexico,R$1556
2025-12-15,2026-05-13,MEX,MDE,Avianca,R$1046
2025-12-15,2026-05-14,MEX,MDE,Aeromexico,R$1556
2025-12-15,2026-05-14,MEX,MDE,Avianca,R$2103
2025-12-15,2026-05-14,MEX,MDE,Aeromexico,R$1556
2025-12-15,2026-05-15,MEX,MDE,Aeromexico,R$1556
2025-12-15,2026-05-15,MEX,MDE,Avianca,R$2878
2025-12-15,2026-05-15,MEX,MDE,Aeromexico,R$1556
2025-12-15,2026-05-16,MEX,MDE,Aeromexico,R$1556
2025-12-15,2026-05-16,MEX,MDE,Avianca,R$2878
2025-12-15,2026-05-16,MEX,MDE,Aeromexico,R$1556
2025-12-15,2026-05-10,MEX,RDU,Aeromexico,R$1879
2025-12-15,2026-05-11,MEX,RDU,Aeromexico,R$1766
2025-12-15,2026-05-12,MEX,RDU,Aeromexico,R$1766
2025-12-15,2026-05-13,MEX,RDU,Aeromexico,R$1766
2025-12-15,2026-05-14,MEX,RDU,Aeromexico,R$1766
2025-12-15,2026-05-15,MEX,RDU,Aeromexico,R$1879
2025-12-15,2026-05-16,MEX,RDU,Aeromexico,R$1879
2025-12-15,2026-05-10,MTY,DTW,Aeromexico,R$2264
2025-12-15,2026-05-11,MTY,DTW,Aeromexico,R$2264
2025-12-15,2026-05-12,MTY,DTW,Aeromexico,R$2264
2025-12-15,2026-05-13,MTY,DTW,Aeromexico,R$2264
2025-12-15,2026-05-14,MTY,DTW,Aeromexico,R$3248
2025-12-15,2026-05-15,MTY,DTW,Aeromexico,R$3248
2025-12-15,2026-05-16,MTY,DTW,Aeromexico,R$2854
2025-12-15,2026-05-10,MEX,CLO,Aeromexico,R$1415
2025-12-15,2026-05-14,MEX,CLO,Aeromexico,R$1415
2025-12-15,2026-05-15,MEX,CLO,Aeromexico,R$1415
2025-12-15,2026-05-16,MEX,CLO,Aeromexico,R$1415
2025-12-15,2026-05-10,MEX,LHR,Aeromexico,R$3298
2025-12-15,2026-05-10,MEX,LHR,British Airways,R$5158
2025-12-15,2026-05-10,MEX,LHR,Aeromexico,R$3298
2025-12-15,2026-05-11,MEX,LHR,Aeromexico,R$3298
2025-12-15,2026-05-11,MEX,LHR,British Airways,R$5878
2025-12-15,2026-05-11,MEX,LHR,Aeromexico,R$3298
2025-12-15,2026-05-12,MEX,LHR,Aeromexico,R$4698
2025-12-15,2026-05-12,MEX,LHR,British Airways,R$5878
2025-12-15,2026-05-12,MEX,LHR,Aeromexico,R$4698
2025-12-15,2026-05-13,MEX,LHR,Aeromexico,R$4258
2025-12-15,2026-05-13,MEX,LHR,British Airways,R$4444
2025-12-15,2026-05-13,MEX,LHR,Aeromexico,R$4258
2025-12-15,2026-05-14,MEX,LHR,Aeromexico,R$4111
2025-12-15,2026-05-14,MEX,LHR,British Airways,R$4799
2025-12-15,2026-05-14,MEX,LHR,Aeromexico,R$4111
2025-12-15,2026-05-15,MEX,LHR,Aeromexico,R$4907
2025-12-15,2026-05-15,MEX,LHR,British Airways,R$6233
2025-12-15,2026-05-15,MEX,LHR,Aeromexico,R$4907
2025-12-15,2026-05-16,MEX,LHR,Aeromexico,R$4111
2025-12-15,2026-05-16,MEX,LHR,British Airways,R$5518
2025-12-15,2026-05-16,MEX,LHR,Aeromexico,R$4111
2025-12-15,2026-05-10,LAP,MEX,Aeromexico,R$1102
2025-12-15,2026-05-10,LAP,MEX,Aeromexico,R$1102
2025-12-15,2026-05-10,LAP,MEX,Volaris,Price unavailable
2025-12-15,2026-05-10,LAP,MEX,Aeromexico,R$1102
2025-12-15,2026-05-10,LAP,MEX,Aeromexico,R$1102
2025-12-15,2026-05-11,LAP,MEX,Aeromexico,R$945
2025-12-15,2026-05-11,LAP,MEX,Aeromexico,R$1050
2025-12-15,2026-05-11,LAP,MEX,Volaris,Price unavailable
2025-12-15,2026-05-11,LAP,MEX,Aeromexico,R$945
2025-12-15,2026-05-11,LAP,MEX,Aeromexico,R$1050
2025-12-15,2026-05-12,LAP,MEX,Aeromexico,R$893
2025-12-15,2026-05-12,LAP,MEX,Aeromexico,R$928
2025-12-15,2026-05-12,LAP,MEX,Volaris,Price unavailable
2025-12-15,2026-05-12,LAP,MEX,Aeromexico,R$893
2025-12-15,2026-05-12,LAP,MEX,Aeromexico,R$928
2025-12-15,2026-05-13,LAP,MEX,Aeromexico,R$893
2025-12-15,2026-05-13,LAP,MEX,Aeromexico,R$893
2025-12-15,2026-05-13,LAP,MEX,Volaris,Price unavailable
2025-12-15,2026-05-13,LAP,MEX,Aeromexico,R$893
2025-12-15,2026-05-13,LAP,MEX,Aeromexico,R$893
2025-12-15,2026-05-14,LAP,MEX,Aeromexico,R$893
2025-12-15,2026-05-14,LAP,MEX,Aeromexico,R$893
2025-12-15,2026-05-14,LAP,MEX,Volaris,Price unavailable
2025-12-15,2026-05-14,LAP,MEX,Aeromexico,R$893
2025-12-15,2026-05-14,LAP,MEX,Aeromexico,R$893
2025-12-15,2026-05-15,LAP,MEX,Aeromexico,R$893
2025-12-15,2026-05-15,LAP,MEX,Aeromexico,R$893
2025-12-15,2026-05-15,LAP,MEX,Volaris,Price unavailable
2025-12-15,2026-05-15,LAP,MEX,Aeromexico,R$893
2025-12-15,2026-05-15,LAP,MEX,Aeromexico,R$893
2025-12-15,2026-05-16,LAP,MEX,Aeromexico,R$893
2025-12-15,2026-05-16,LAP,MEX,Aeromexico,R$893
2025-12-15,2026-05-16,LAP,MEX,Volaris,Price unavailable
2025-12-15,2026-05-16,LAP,MEX,Aeromexico,R$893
2025-12-15,2026-05-16,LAP,MEX,Aeromexico,R$893
2025-12-15,2026-05-10,MAD,MTY,Aeromexico,R$4446
2025-12-15,2026-05-11,MAD,MTY,Aeromexico,R$4923
2025-12-15,2026-05-13,MAD,MTY,Aeromexico,R$3715
2025-12-15,2026-05-14,MAD,MTY,Aeromexico,R$3715
2025-12-15,2026-05-15,MAD,MTY,Aeromexico,R$5240
2025-12-15,2026-05-16,MAD,MTY,Aeromexico,R$5240
2025-12-15,2026-05-12,MTY,DEN,Viva,Price unavailable
2025-12-15,2026-05-16,MTY,DEN,Viva,Price unavailable
2025-12-15,2026-05-10,MAD,MEX,Iberia,R$2956
2025-12-15,2026-05-10,MAD,MEX,Aeromexico,R$3408
2025-12-15,2026-05-10,MAD,MEX,Iberia,R$2956
2025-12-15,2026-05-10,MAD,MEX,Iberia,R$2956
2025-12-15,2026-05-10,MAD,MEX,Aeromexico,R$3408
2025-12-15,2026-05-10,MAD,MEX,Iberia,R$2956
2025-12-15,2026-05-10,MAD,MEX,Iberia,R$2956
2025-12-15,2026-05-10,MAD,MEX,Iberia,R$2956
2025-12-15,2026-05-10,MAD,MEX,Aeromexico,R$3408
2025-12-15,2026-05-11,MAD,MEX,Iberia,R$2819
2025-12-15,2026-05-11,MAD,MEX,Iberia,R$2819
2025-12-15,2026-05-11,MAD,MEX,Iberia,R$2819
2025-12-15,2026-05-11,MAD,MEX,Aeromexico,R$4402
2025-12-15,2026-05-11,MAD,MEX,Iberia,R$2819
2025-12-15,2026-05-11,MAD,MEX,Iberia,R$2819
2025-12-15,2026-05-11,MAD,MEX,Aeromexico,R$4402
2025-12-15,2026-05-12,MAD,MEX,Iberia,R$2819
2025-12-15,2026-05-12,MAD,MEX,Aeromexico,R$3309
2025-12-15,2026-05-12,MAD,MEX,Iberia,R$2819
2025-12-15,2026-05-12,MAD,MEX,Iberia,R$2819
2025-12-15,2026-05-12,MAD,MEX,Aeromexico,R$3309
2025-12-15,2026-05-12,MAD,MEX,Iberia,R$2819
2025-12-15,2026-05-12,MAD,MEX,Iberia,R$2819
2025-12-15,2026-05-12,MAD,MEX,Iberia,R$2819
2025-12-15,2026-05-12,MAD,MEX,Aeromexico,R$3309
2025-12-15,2026-05-13,MAD,MEX,Iberia,R$2822
2025-12-15,2026-05-13,MAD,MEX,Aeromexico,R$3312
2025-12-15,2026-05-13,MAD,MEX,Iberia,R$2822
2025-12-15,2026-05-13,MAD,MEX,Iberia,R$2822
2025-12-15,2026-05-13,MAD,MEX,Aeromexico,R$3312
2025-12-15,2026-05-13,MAD,MEX,Iberia,R$2822
2025-12-15,2026-05-13,MAD,MEX,Iberia,R$2822
2025-12-15,2026-05-13,MAD,MEX,Iberia,R$2822
2025-12-15,2026-05-13,MAD,MEX,Aeromexico,R$3312
2025-12-15,2026-05-14,MAD,MEX,Iberia,R$2819
2025-12-15,2026-05-14,MAD,MEX,Iberia,R$2819
2025-12-15,2026-05-14,MAD,MEX,Iberia,R$2819
2025-12-15,2026-05-14,MAD,MEX,Aeromexico,R$4402
2025-12-15,2026-05-14,MAD,MEX,Iberia,R$2819
2025-12-15,2026-05-14,MAD,MEX,Iberia,R$2819
2025-12-15,2026-05-14,MAD,MEX,Aeromexico,R$4402
2025-12-15,2026-05-15,MAD,MEX,Iberia,R$2953
2025-12-15,2026-05-15,MAD,MEX,Iberia,R$3131
2025-12-15,2026-05-15,MAD,MEX,Iberia,R$3531
2025-12-15,2026-05-15,MAD,MEX,Aeromexico,R$6234
2025-12-15,2026-05-15,MAD,MEX,Iberia,R$2953
2025-12-15,2026-05-15,MAD,MEX,Iberia,R$3131
2025-12-15,2026-05-15,MAD,MEX,Aeromexico,R$6234
2025-12-15,2026-05-16,MAD,MEX,Iberia,R$3134
2025-12-15,2026-05-16,MAD,MEX,Iberia,R$3535
2025-12-15,2026-05-16,MAD,MEX,Iberia,R$3535
2025-12-15,2026-05-16,MAD,MEX,Aeromexico,R$4502
2025-12-15,2026-05-16,MAD,MEX,Aeromexico,R$4502
2025-12-15,2026-05-16,MAD,MEX,Iberia,R$3535
2025-12-15,2026-05-16,MAD,MEX,Iberia,R$3535
2025-12-15,2026-05-16,MAD,MEX,Aeromexico,R$4502
2025-12-15,2026-05-16,MAD,MEX,Aeromexico,R$4502
2025-12-15,2026-05-10,MEX,ZIH,Aeromexico,R$562
2025-12-15,2026-05-10,MEX,ZIH,Aeromexico,R$562
2025-12-15,2026-05-10,MEX,ZIH,Volaris,Price unavailable
2025-12-15,2026-05-10,MEX,ZIH,Aeromexico,R$562
2025-12-15,2026-05-10,MEX,ZIH,Aeromexico,R$562
2025-12-15,2026-05-11,MEX,ZIH,Aeromexico,R$596
2025-12-15,2026-05-11,MEX,ZIH,Aeromexico,R$596
2025-12-15,2026-05-11,MEX,ZIH,Volaris,Price unavailable
2025-12-15,2026-05-11,MEX,ZIH,Aeromexico,R$596
2025-12-15,2026-05-11,MEX,ZIH,Aeromexico,R$596
2025-12-15,2026-05-12,MEX,ZIH,Aeromexico,R$562
2025-12-15,2026-05-12,MEX,ZIH,Aeromexico,R$562
2025-12-15,2026-05-12,MEX,ZIH,Volaris,Price unavailable
2025-12-15,2026-05-12,MEX,ZIH,Aeromexico,R$562
2025-12-15,2026-05-12,MEX,ZIH,Aeromexico,R$562
2025-12-15,2026-05-13,MEX,ZIH,Aeromexico,R$562
2025-12-15,2026-05-13,MEX,ZIH,Aeromexico,R$562
2025-12-15,2026-05-13,MEX,ZIH,Volaris,Price unavailable
2025-12-15,2026-05-13,MEX,ZIH,Aeromexico,R$562
2025-12-15,2026-05-13,MEX,ZIH,Aeromexico,R$562
2025-12-15,2026-05-14,MEX,ZIH,Aeromexico,R$615
2025-12-15,2026-05-14,MEX,ZIH,Aeromexico,R$754
2025-12-15,2026-05-14,MEX,ZIH,Volaris,Price unavailable
2025-12-15,2026-05-14,MEX,ZIH,Aeromexico,R$615
2025-12-15,2026-05-14,MEX,ZIH,Aeromexico,R$754
2025-12-15,2026-05-15,MEX,ZIH,Aeromexico,R$597
2025-12-15,2026-05-15,MEX,ZIH,Aeromexico,R$667
2025-12-15,2026-05-15,MEX,ZIH,Volaris,Price unavailable
2025-12-15,2026-05-15,MEX,ZIH,Aeromexico,R$597
2025-12-15,2026-05-15,MEX,ZIH,Aeromexico,R$667
2025-12-15,2026-05-16,MEX,ZIH,Aeromexico,R$562
2025-12-15,2026-05-16,MEX,ZIH,Aeromexico,R$562
2025-12-15,2026-05-16,MEX,ZIH,Volaris,Price unavailable
2025-12-15,2026-05-16,MEX,ZIH,Aeromexico,R$562
2025-12-15,2026-05-16,MEX,ZIH,Aeromexico,R$562
2025-12-15,2026-05-10,MEX,SAP,Aeromexico,R$2075
2025-12-15,2026-05-12,MEX,SAP,Aeromexico,R$2075
2025-12-15,2026-05-14,MEX,SAP,Aeromexico,R$2216
2025-12-15,2026-05-16,MEX,SAP,Aeromexico,R$2075
2025-12-15,2026-05-10,MEX,ACA,Aeromexico,R$579
2025-12-15,2026-05-10,MEX,ACA,Aeromexico,R$579
2025-12-15,2026-05-10,MEX,ACA,Volaris,Price unavailable
2025-12-15,2026-05-10,MEX,ACA,Aeromexico,R$579
2025-12-15,2026-05-10,MEX,ACA,Aeromexico,R$579
2025-12-15,2026-05-11,MEX,ACA,Aeromexico,R$579
2025-12-15,2026-05-11,MEX,ACA,Aeromexico,R$579
2025-12-15,2026-05-11,MEX,ACA,Volaris,Price unavailable
2025-12-15,2026-05-11,MEX,ACA,Aeromexico,R$579
2025-12-15,2026-05-11,MEX,ACA,Aeromexico,R$579
2025-12-15,2026-05-12,MEX,ACA,Aeromexico,R$579
2025-12-15,2026-05-12,MEX,ACA,Aeromexico,R$691
2025-12-15,2026-05-12,MEX,ACA,Volaris,Price unavailable
2025-12-15,2026-05-12,MEX,ACA,Aeromexico,R$579
2025-12-15,2026-05-12,MEX,ACA,Aeromexico,R$691
2025-12-15,2026-05-13,MEX,ACA,Aeromexico,R$579
2025-12-15,2026-05-13,MEX,ACA,Aeromexico,R$691
2025-12-15,2026-05-13,MEX,ACA,Volaris,Price unavailable
2025-12-15,2026-05-13,MEX,ACA,Aeromexico,R$579
2025-12-15,2026-05-13,MEX,ACA,Aeromexico,R$691
2025-12-15,2026-05-14,MEX,ACA,Aeromexico,R$702
2025-12-15,2026-05-14,MEX,ACA,Aeromexico,R$1043
2025-12-15,2026-05-14,MEX,ACA,Volaris,Price unavailable
2025-12-15,2026-05-14,MEX,ACA,Aeromexico,R$702
2025-12-15,2026-05-14,MEX,ACA,Aeromexico,R$1043
2025-12-15,2026-05-15,MEX,ACA,Aeromexico,R$649
2025-12-15,2026-05-15,MEX,ACA,Aeromexico,R$866
2025-12-15,2026-05-15,MEX,ACA,Volaris,Price unavailable
2025-12-15,2026-05-15,MEX,ACA,Aeromexico,R$649
2025-12-15,2026-05-15,MEX,ACA,Aeromexico,R$866
2025-12-15,2026-05-16,MEX,ACA,Aeromexico,R$579
2025-12-15,2026-05-16,MEX,ACA,Aeromexico,R$614
2025-12-15,2026-05-16,MEX,ACA,Volaris,Price unavailable
2025-12-15,2026-05-16,MEX,ACA,Aeromexico,R$579
2025-12-15,2026-05-16,MEX,ACA,Aeromexico,R$614
2025-12-15,2026-05-10,GDL,SEA,Volaris,Price unavailable
2025-12-15,2026-05-11,GDL,SEA,Volaris,Price unavailable
2025-12-15,2026-05-12,GDL,SEA,Volaris,Price unavailable
2025-12-15,2026-05-13,GDL,SEA,Volaris,Price unavailable
2025-12-15,2026-05-14,GDL,SEA,Volaris,Price unavailable
2025-12-15,2026-05-15,GDL,SEA,Volaris,Price unavailable
2025-12-15,2026-05-16,GDL,SEA,Volaris,Price unavailable
2025-12-15,2026-05-10,MEX,SDQ,Aeromexico,R$2315
2025-12-15,2026-05-12,MEX,SDQ,Aeromexico,R$2315
2025-12-15,2026-05-13,MEX,SDQ,Aeromexico,R$2315
2025-12-15,2026-05-14,MEX,SDQ,Aeromexico,R$2315
2025-12-15,2026-05-15,MEX,SDQ,Aeromexico,R$2315
2025-12-15,2026-05-16,MEX,SDQ,Aeromexico,R$2315
2025-12-15,2026-05-10,VER,NLU,Aeromexico,R$263
2025-12-15,2026-05-10,VER,NLU,Viva,Price unavailable
2025-12-15,2026-05-10,VER,NLU,Aeromexico,R$263
2025-12-15,2026-05-11,VER,NLU,Aeromexico,R$263
2025-12-15,2026-05-11,VER,NLU,Viva,Price unavailable
2025-12-15,2026-05-11,VER,NLU,Aeromexico,R$263
2025-12-15,2026-05-12,VER,NLU,Aeromexico,R$263
2025-12-15,2026-05-12,VER,NLU,Viva,Price unavailable
2025-12-15,2026-05-12,VER,NLU,Aeromexico,R$263
2025-12-15,2026-05-13,VER,NLU,Aeromexico,R$263
2025-12-15,2026-05-13,VER,NLU,Viva,Price unavailable
2025-12-15,2026-05-13,VER,NLU,Aeromexico,R$263
2025-12-15,2026-05-14,VER,NLU,Aeromexico,R$263
2025-12-15,2026-05-14,VER,NLU,Viva,Price unavailable
2025-12-15,2026-05-14,VER,NLU,Aeromexico,R$263
2025-12-15,2026-05-15,VER,NLU,Aeromexico,R$263
2025-12-15,2026-05-15,VER,NLU,Viva,Price unavailable
2025-12-15,2026-05-15,VER,NLU,Aeromexico,R$263
2025-12-15,2026-05-16,VER,NLU,Aeromexico,R$263
2025-12-15,2026-05-16,VER,NLU,Viva,Price unavailable
2025-12-15,2026-05-16,VER,NLU,Aeromexico,R$263
2025-12-15,2026-05-10,CUN,NLU,Aeromexico,R$624
2025-12-15,2026-05-10,CUN,NLU,Viva,Price unavailable
2025-12-15,2026-05-10,CUN,NLU,Volaris,Price unavailable
2025-12-15,2026-05-10,CUN,NLU,Viva,Price unavailable
2025-12-15,2026-05-10,CUN,NLU,Viva,Price unavailable
2025-12-15,2026-05-10,CUN,NLU,Viva,Price unavailable
2025-12-15,2026-05-10,CUN,NLU,Viva,Price unavailable
2025-12-15,2026-05-10,CUN,NLU,Aeromexico,R$624
2025-12-15,2026-05-10,CUN,NLU,Viva,Price unavailable
2025-12-15,2026-05-10,CUN,NLU,Viva,Price unavailable
2025-12-15,2026-05-10,CUN,NLU,Viva,Price unavailable
2025-12-15,2026-05-10,CUN,NLU,Viva,Price unavailable
2025-12-15,2026-05-10,CUN,NLU,Viva,Price unavailable
2025-12-15,2026-05-11,CUN,NLU,Aeromexico,R$774
2025-12-15,2026-05-11,CUN,NLU,Viva,Price unavailable
2025-12-15,2026-05-11,CUN,NLU,Volaris,Price unavailable
2025-12-15,2026-05-11,CUN,NLU,Viva,Price unavailable
2025-12-15,2026-05-11,CUN,NLU,Viva,Price unavailable
2025-12-15,2026-05-11,CUN,NLU,Viva,Price unavailable
2025-12-15,2026-05-11,CUN,NLU,Viva,Price unavailable
2025-12-15,2026-05-11,CUN,NLU,Aeromexico,R$774
2025-12-15,2026-05-11,CUN,NLU,Viva,Price unavailable
2025-12-15,2026-05-11,CUN,NLU,Viva,Price unavailable
2025-12-15,2026-05-11,CUN,NLU,Viva,Price unavailable
2025-12-15,2026-05-11,CUN,NLU,Viva,Price unavailable
2025-12-15,2026-05-11,CUN,NLU,Viva,Price unavailable
2025-12-15,2026-05-12,CUN,NLU,Aeromexico,R$501
2025-12-15,2026-05-12,CUN,NLU,Viva,Price unavailable
2025-12-15,2026-05-12,CUN,NLU,Volaris,Price unavailable
2025-12-15,2026-05-12,CUN,NLU,Viva,Price unavailable
2025-12-15,2026-05-12,CUN,NLU,Viva,Price unavailable
2025-12-15,2026-05-12,CUN,NLU,Viva,Price unavailable
2025-12-15,2026-05-12,CUN,NLU,Viva,Price unavailable
2025-12-15,2026-05-12,CUN,NLU,Aeromexico,R$501
2025-12-15,2026-05-12,CUN,NLU,Viva,Price unavailable
2025-12-15,2026-05-12,CUN,NLU,Viva,Price unavailable
2025-12-15,2026-05-12,CUN,NLU,Viva,Price unavailable
2025-12-15,2026-05-12,CUN,NLU,Viva,Price unavailable
2025-12-15,2026-05-12,CUN,NLU,Viva,Price unavailable
2025-12-15,2026-05-13,CUN,NLU,Aeromexico,R$721
2025-12-15,2026-05-13,CUN,NLU,Viva,Price unavailable
2025-12-15,2026-05-13,CUN,NLU,Volaris,Price unavailable
2025-12-15,2026-05-13,CUN,NLU,Viva,Price unavailable
2025-12-15,2026-05-13,CUN,NLU,Viva,Price unavailable
2025-12-15,2026-05-13,CUN,NLU,Viva,Price unavailable
2025-12-15,2026-05-13,CUN,NLU,Viva,Price unavailable
2025-12-15,2026-05-13,CUN,NLU,Aeromexico,R$721
2025-12-15,2026-05-13,CUN,NLU,Viva,Price unavailable
2025-12-15,2026-05-13,CUN,NLU,Viva,Price unavailable
2025-12-15,2026-05-13,CUN,NLU,Viva,Price unavailable
2025-12-15,2026-05-13,CUN,NLU,Viva,Price unavailable
2025-12-15,2026-05-13,CUN,NLU,Viva,Price unavailable
2025-12-15,2026-05-14,CUN,NLU,Aeromexico,R$501
2025-12-15,2026-05-14,CUN,NLU,Viva,Price unavailable
2025-12-15,2026-05-14,CUN,NLU,Volaris,Price unavailable
2025-12-15,2026-05-14,CUN,NLU,Viva,Price unavailable
2025-12-15,2026-05-14,CUN,NLU,Viva,Price unavailable
2025-12-15,2026-05-14,CUN,NLU,Viva,Price unavailable
2025-12-15,2026-05-14,CUN,NLU,Viva,Price unavailable
2025-12-15,2026-05-14,CUN,NLU,Aeromexico,R$501
2025-12-15,2026-05-14,CUN,NLU,Viva,Price unavailable
2025-12-15,2026-05-14,CUN,NLU,Viva,Price unavailable
2025-12-15,2026-05-14,CUN,NLU,Viva,Price unavailable
2025-12-15,2026-05-14,CUN,NLU,Viva,Price unavailable
2025-12-15,2026-05-14,CUN,NLU,Viva,Price unavailable
2025-12-15,2026-05-15,CUN,NLU,Aeromexico,R$614
2025-12-15,2026-05-15,CUN,NLU,Viva,Price unavailable
2025-12-15,2026-05-15,CUN,NLU,Volaris,Price unavailable
2025-12-15,2026-05-15,CUN,NLU,Viva,Price unavailable
2025-12-15,2026-05-15,CUN,NLU,Viva,Price unavailable
2025-12-15,2026-05-15,CUN,NLU,Viva,Price unavailable
2025-12-15,2026-05-15,CUN,NLU,Viva,Price unavailable
2025-12-15,2026-05-15,CUN,NLU,Aeromexico,R$614
2025-12-15,2026-05-15,CUN,NLU,Viva,Price unavailable
2025-12-15,2026-05-15,CUN,NLU,Viva,Price unavailable
2025-12-15,2026-05-15,CUN,NLU,Viva,Price unavailable
2025-12-15,2026-05-15,CUN,NLU,Viva,Price unavailable
2025-12-15,2026-05-15,CUN,NLU,Viva,Price unavailable
2025-12-15,2026-05-16,CUN,NLU,Aeromexico,R$721
2025-12-15,2026-05-16,CUN,NLU,Viva,Price unavailable
2025-12-15,2026-05-16,CUN,NLU,Volaris,Price unavailable
2025-12-15,2026-05-16,CUN,NLU,Viva,Price unavailable
2025-12-15,2026-05-16,CUN,NLU,Viva,Price unavailable
2025-12-15,2026-05-16,CUN,NLU,Viva,Price unavailable
2025-12-15,2026-05-16,CUN,NLU,Viva,Price unavailable
2025-12-15,2026-05-16,CUN,NLU,Aeromexico,R$721
2025-12-15,2026-05-16,CUN,NLU,Viva,Price unavailable
2025-12-15,2026-05-16,CUN,NLU,Viva,Price unavailable
2025-12-15,2026-05-16,CUN,NLU,Viva,Price unavailable
2025-12-15,2026-05-16,CUN,NLU,Viva,Price unavailable
2025-12-15,2026-05-16,CUN,NLU,Viva,Price unavailable
2025-12-15,2026-05-10,MEX,MTT,Aeromexico,R$976
2025-12-15,2026-05-10,MEX,MTT,Aeromexico,R$976
2025-12-15,2026-05-10,MEX,MTT,Aeromexico,R$976
2025-12-15,2026-05-11,MEX,MTT,Aeromexico,R$1010
2025-12-15,2026-05-11,MEX,MTT,Aeromexico,R$1010
2025-12-15,2026-05-11,MEX,MTT,Aeromexico,R$1150
2025-12-15,2026-05-11,MEX,MTT,Aeromexico,R$1010
2025-12-15,2026-05-11,MEX,MTT,Aeromexico,R$1010
2025-12-15,2026-05-12,MEX,MTT,Aeromexico,R$941
2025-12-15,2026-05-12,MEX,MTT,Aeromexico,R$976
2025-12-15,2026-05-12,MEX,MTT,Aeromexico,R$1080
2025-12-15,2026-05-12,MEX,MTT,Aeromexico,R$941
2025-12-15,2026-05-12,MEX,MTT,Aeromexico,R$976
2025-12-15,2026-05-13,MEX,MTT,Aeromexico,R$941
2025-12-15,2026-05-13,MEX,MTT,Aeromexico,R$941
2025-12-15,2026-05-13,MEX,MTT,Aeromexico,R$976
2025-12-15,2026-05-13,MEX,MTT,Aeromexico,R$941
2025-12-15,2026-05-13,MEX,MTT,Aeromexico,R$941
2025-12-15,2026-05-14,MEX,MTT,Aeromexico,R$941
2025-12-15,2026-05-14,MEX,MTT,Aeromexico,R$941
2025-12-15,2026-05-14,MEX,MTT,Aeromexico,R$941
2025-12-15,2026-05-14,MEX,MTT,Aeromexico,R$941
2025-12-15,2026-05-14,MEX,MTT,Aeromexico,R$941
2025-12-15,2026-05-15,MEX,MTT,Aeromexico,R$941
2025-12-15,2026-05-15,MEX,MTT,Aeromexico,R$941
2025-12-15,2026-05-15,MEX,MTT,Aeromexico,R$941
2025-12-15,2026-05-15,MEX,MTT,Aeromexico,R$941
2025-12-15,2026-05-15,MEX,MTT,Aeromexico,R$941
2025-12-15,2026-05-16,MEX,MTT,Aeromexico,R$941
2025-12-15,2026-05-16,MEX,MTT,Aeromexico,R$941
2025-12-15,2026-05-16,MEX,MTT,Aeromexico,R$941
2025-12-15,2026-05-10,MTY,QRO,Volaris,Price unavailable
2025-12-15,2026-05-10,MTY,QRO,Viva,Price unavailable
2025-12-15,2026-05-10,MTY,QRO,Viva,Price unavailable
2025-12-15,2026-05-10,MTY,QRO,Viva,Price unavailable
2025-12-15,2026-05-10,MTY,QRO,Volaris,Price unavailable
2025-12-15,2026-05-10,MTY,QRO,Viva,Price unavailable
2025-12-15,2026-05-10,MTY,QRO,Volaris,Price unavailable
2025-12-15,2026-05-10,MTY,QRO,Viva,Price unavailable
2025-12-15,2026-05-10,MTY,QRO,Viva,Price unavailable
2025-12-15,2026-05-10,MTY,QRO,Viva,Price unavailable
2025-12-15,2026-05-10,MTY,QRO,Volaris,Price unavailable
2025-12-15,2026-05-11,MTY,QRO,Volaris,Price unavailable
2025-12-15,2026-05-11,MTY,QRO,Viva,Price unavailable
2025-12-15,2026-05-11,MTY,QRO,Viva,Price unavailable
2025-12-15,2026-05-11,MTY,QRO,Viva,Price unavailable
2025-12-15,2026-05-11,MTY,QRO,Viva,Price unavailable
2025-12-15,2026-05-11,MTY,QRO,Volaris,Price unavailable
2025-12-15,2026-05-11,MTY,QRO,Viva,Price unavailable
2025-12-15,2026-05-11,MTY,QRO,Volaris,Price unavailable
2025-12-15,2026-05-11,MTY,QRO,Viva,Price unavailable
2025-12-15,2026-05-11,MTY,QRO,Viva,Price unavailable
2025-12-15,2026-05-11,MTY,QRO,Viva,Price unavailable
2025-12-15,2026-05-11,MTY,QRO,Viva,Price unavailable
2025-12-15,2026-05-11,MTY,QRO,Volaris,Price unavailable
2025-12-15,2026-05-12,MTY,QRO,Volaris,Price unavailable
2025-12-15,2026-05-12,MTY,QRO,Viva,Price unavailable
2025-12-15,2026-05-12,MTY,QRO,Viva,Price unavailable
2025-12-15,2026-05-12,MTY,QRO,Viva,Price unavailable
2025-12-15,2026-05-12,MTY,QRO,Viva,Price unavailable
2025-12-15,2026-05-12,MTY,QRO,Volaris,Price unavailable
2025-12-15,2026-05-12,MTY,QRO,Viva,Price unavailable
2025-12-15,2026-05-12,MTY,QRO,Volaris,Price unavailable
2025-12-15,2026-05-12,MTY,QRO,Viva,Price unavailable
2025-12-15,2026-05-12,MTY,QRO,Viva,Price unavailable
2025-12-15,2026-05-12,MTY,QRO,Viva,Price unavailable
2025-12-15,2026-05-12,MTY,QRO,Viva,Price unavailable
2025-12-15,2026-05-12,MTY,QRO,Volaris,Price unavailable
2025-12-15,2026-05-13,MTY,QRO,Volaris,Price unavailable
2025-12-15,2026-05-13,MTY,QRO,Viva,Price unavailable
2025-12-15,2026-05-13,MTY,QRO,Viva,Price unavailable
2025-12-15,2026-05-13,MTY,QRO,Viva,Price unavailable
2025-12-15,2026-05-13,MTY,QRO,Viva,Price unavailable
2025-12-15,2026-05-13,MTY,QRO,Volaris,Price unavailable
2025-12-15,2026-05-13,MTY,QRO,Viva,Price unavailable
2025-12-15,2026-05-13,MTY,QRO,Volaris,Price unavailable
2025-12-15,2026-05-13,MTY,QRO,Viva,Price unavailable
2025-12-15,2026-05-13,MTY,QRO,Viva,Price unavailable
2025-12-15,2026-05-13,MTY,QRO,Viva,Price unavailable
2025-12-15,2026-05-13,MTY,QRO,Viva,Price unavailable
2025-12-15,2026-05-13,MTY,QRO,Volaris,Price unavailable
2025-12-15,2026-05-14,MTY,QRO,Volaris,Price unavailable
2025-12-15,2026-05-14,MTY,QRO,Viva,Price unavailable
2025-12-15,2026-05-14,MTY,QRO,Viva,Price unavailable
2025-12-15,2026-05-14,MTY,QRO,Viva,Price unavailable
2025-12-15,2026-05-14,MTY,QRO,Viva,Price unavailable
2025-12-15,2026-05-14,MTY,QRO,Volaris,Price unavailable
2025-12-15,2026-05-14,MTY,QRO,Viva,Price unavailable
2025-12-15,2026-05-14,MTY,QRO,Volaris,Price unavailable
2025-12-15,2026-05-14,MTY,QRO,Viva,Price unavailable
2025-12-15,2026-05-14,MTY,QRO,Viva,Price unavailable
2025-12-15,2026-05-14,MTY,QRO,Viva,Price unavailable
2025-12-15,2026-05-14,MTY,QRO,Viva,Price unavailable
2025-12-15,2026-05-14,MTY,QRO,Volaris,Price unavailable
2025-12-15,2026-05-15,MTY,QRO,Volaris,Price unavailable
2025-12-15,2026-05-15,MTY,QRO,Viva,Price unavailable
2025-12-15,2026-05-15,MTY,QRO,Viva,Price unavailable
2025-12-15,2026-05-15,MTY,QRO,Viva,Price unavailable
2025-12-15,2026-05-15,MTY,QRO,Viva,Price unavailable
2025-12-15,2026-05-15,MTY,QRO,Volaris,Price unavailable
2025-12-15,2026-05-15,MTY,QRO,Viva,Price unavailable
2025-12-15,2026-05-15,MTY,QRO,Volaris,Price unavailable
2025-12-15,2026-05-15,MTY,QRO,Viva,Price unavailable
2025-12-15,2026-05-15,MTY,QRO,Viva,Price unavailable
2025-12-15,2026-05-15,MTY,QRO,Viva,Price unavailable
2025-12-15,2026-05-15,MTY,QRO,Viva,Price unavailable
2025-12-15,2026-05-15,MTY,QRO,Volaris,Price unavailable
2025-12-15,2026-05-16,MTY,QRO,Volaris,Price unavailable
2025-12-15,2026-05-16,MTY,QRO,Viva,Price unavailable
2025-12-15,2026-05-16,MTY,QRO,Viva,Price unavailable
2025-12-15,2026-05-16,MTY,QRO,Viva,Price unavailable
2025-12-15,2026-05-16,MTY,QRO,Volaris,Price unavailable
2025-12-15,2026-05-16,MTY,QRO,Viva,Price unavailable
2025-12-15,2026-05-16,MTY,QRO,Volaris,Price unavailable
2025-12-15,2026-05-16,MTY,QRO,Viva,Price unavailable
2025-12-15,2026-05-16,MTY,QRO,Viva,Price unavailable
2025-12-15,2026-05-16,MTY,QRO,Viva,Price unavailable
2025-12-15,2026-05-16,MTY,QRO,Volaris,Price unavailable
2025-12-15,2026-05-12,MAM,MEX,Aeromexico,R$611
2025-12-15,2026-05-14,MAM,MEX,Aeromexico,R$611
2025-12-15,2026-05-16,MAM,MEX,Aeromexico,R$611
2025-12-15,2026-05-10,GDL,SMF,Aeromexico,R$1080
2025-12-15,2026-05-10,GDL,SMF,Volaris,Price unavailable
2025-12-15,2026-05-10,GDL,SMF,Volaris,Price unavailable
2025-12-15,2026-05-10,GDL,SMF,Aeromexico,R$1080
2025-12-15,2026-05-10,GDL,SMF,Volaris,Price unavailable
2025-12-15,2026-05-11,GDL,SMF,Aeromexico,R$1080
2025-12-15,2026-05-11,GDL,SMF,Volaris,Price unavailable
2025-12-15,2026-05-11,GDL,SMF,Volaris,Price unavailable
2025-12-15,2026-05-11,GDL,SMF,Aeromexico,R$1080
2025-12-15,2026-05-11,GDL,SMF,Volaris,Price unavailable
2025-12-15,2026-05-12,GDL,SMF,Aeromexico,R$1080
2025-12-15,2026-05-12,GDL,SMF,Volaris,Price unavailable
2025-12-15,2026-05-12,GDL,SMF,Aeromexico,R$1080
2025-12-15,2026-05-13,GDL,SMF,Aeromexico,R$1080
2025-12-15,2026-05-13,GDL,SMF,Volaris,Price unavailable
2025-12-15,2026-05-13,GDL,SMF,Volaris,Price unavailable
2025-12-15,2026-05-13,GDL,SMF,Aeromexico,R$1080
2025-12-15,2026-05-13,GDL,SMF,Volaris,Price unavailable
2025-12-15,2026-05-14,GDL,SMF,Aeromexico,R$1080
2025-12-15,2026-05-14,GDL,SMF,Volaris,Price unavailable
2025-12-15,2026-05-14,GDL,SMF,Aeromexico,R$1080
2025-12-15,2026-05-15,GDL,SMF,Aeromexico,R$1080
2025-12-15,2026-05-15,GDL,SMF,Volaris,Price unavailable
2025-12-15,2026-05-15,GDL,SMF,Volaris,Price unavailable
2025-12-15,2026-05-15,GDL,SMF,Aeromexico,R$1080
2025-12-15,2026-05-15,GDL,SMF,Volaris,Price unavailable
2025-12-15,2026-05-16,GDL,SMF,Aeromexico,R$1080
2025-12-15,2026-05-16,GDL,SMF,Volaris,Price unavailable
2025-12-15,2026-05-16,GDL,SMF,Aeromexico,R$1080
2025-12-15,2026-05-10,MEX,JFK,Aeromexico,R$1983
2025-12-15,2026-05-10,MEX,JFK,Viva,Price unavailable
2025-12-15,2026-05-10,MEX,JFK,Aeromexico,R$1983
2025-12-15,2026-05-10,MEX,JFK,Aeromexico,R$1983
2025-12-15,2026-05-10,MEX,JFK,American,R$2029
2025-12-15,2026-05-10,MEX,JFK,Aeromexico,R$1983
2025-12-15,2026-05-10,MEX,JFK,Aeromexico,R$1983
2025-12-15,2026-05-10,MEX,JFK,Aeromexico,R$1983
2025-12-15,2026-05-10,MEX,JFK,American,R$2029
2025-12-15,2026-05-11,MEX,JFK,Aeromexico,R$1871
2025-12-15,2026-05-11,MEX,JFK,Viva,Price unavailable
2025-12-15,2026-05-11,MEX,JFK,Aeromexico,R$1871
2025-12-15,2026-05-11,MEX,JFK,American,R$2000
2025-12-15,2026-05-11,MEX,JFK,Delta,R$2051
2025-12-15,2026-05-11,MEX,JFK,Aeromexico,R$1871
2025-12-15,2026-05-11,MEX,JFK,Aeromexico,R$1871
2025-12-15,2026-05-11,MEX,JFK,American,R$2000
2025-12-15,2026-05-11,MEX,JFK,Delta,R$2051
2025-12-15,2026-05-12,MEX,JFK,Aeromexico,R$1871
2025-12-15,2026-05-12,MEX,JFK,Aeromexico,R$1871
2025-12-15,2026-05-12,MEX,JFK,Delta,R$1871
2025-12-15,2026-05-12,MEX,JFK,Viva,Price unavailable
2025-12-15,2026-05-12,MEX,JFK,Aeromexico,R$1871
2025-12-15,2026-05-12,MEX,JFK,Aeromexico,R$1871
2025-12-15,2026-05-12,MEX,JFK,Aeromexico,R$1871
2025-12-15,2026-05-12,MEX,JFK,Delta,R$1871
2025-12-15,2026-05-12,MEX,JFK,Aeromexico,R$1871
2025-12-15,2026-05-13,MEX,JFK,Aeromexico,R$1871
2025-12-15,2026-05-13,MEX,JFK,Viva,Price unavailable
2025-12-15,2026-05-13,MEX,JFK,Aeromexico,R$1871
2025-12-15,2026-05-13,MEX,JFK,Delta,R$1871
2025-12-15,2026-05-13,MEX,JFK,Aeromexico,R$1871
2025-12-15,2026-05-13,MEX,JFK,Aeromexico,R$1871
2025-12-15,2026-05-13,MEX,JFK,Aeromexico,R$1871
2025-12-15,2026-05-13,MEX,JFK,Delta,R$1871
2025-12-15,2026-05-13,MEX,JFK,Aeromexico,R$1871
2025-12-15,2026-05-14,MEX,JFK,Aeromexico,R$1871
2025-12-15,2026-05-14,MEX,JFK,Aeromexico,R$1871
2025-12-15,2026-05-14,MEX,JFK,Delta,R$1871
2025-12-15,2026-05-14,MEX,JFK,Viva,Price unavailable
2025-12-15,2026-05-14,MEX,JFK,Aeromexico,R$1871
2025-12-15,2026-05-14,MEX,JFK,Aeromexico,R$1871
2025-12-15,2026-05-14,MEX,JFK,Aeromexico,R$1871
2025-12-15,2026-05-14,MEX,JFK,Delta,R$1871
2025-12-15,2026-05-14,MEX,JFK,Aeromexico,R$1871
2025-12-15,2026-05-15,MEX,JFK,American,R$1887
2025-12-15,2026-05-15,MEX,JFK,Aeromexico,R$1983
2025-12-15,2026-05-15,MEX,JFK,Viva,Price unavailable
2025-12-15,2026-05-15,MEX,JFK,Aeromexico,R$1983
2025-12-15,2026-05-15,MEX,JFK,Delta,R$1983
2025-12-15,2026-05-15,MEX,JFK,American,R$1887
2025-12-15,2026-05-15,MEX,JFK,Aeromexico,R$1983
2025-12-15,2026-05-15,MEX,JFK,Aeromexico,R$1983
2025-12-15,2026-05-15,MEX,JFK,Delta,R$1983
2025-12-15,2026-05-16,MEX,JFK,Aeromexico,R$1983
2025-12-15,2026-05-16,MEX,JFK,Viva,Price unavailable
2025-12-15,2026-05-16,MEX,JFK,Aeromexico,R$1983
2025-12-15,2026-05-16,MEX,JFK,Delta,R$1983
2025-12-15,2026-05-16,MEX,JFK,Aeromexico,R$1983
2025-12-15,2026-05-16,MEX,JFK,Aeromexico,R$1983
2025-12-15,2026-05-16,MEX,JFK,Aeromexico,R$1983
2025-12-15,2026-05-16,MEX,JFK,Delta,R$1983
2025-12-15,2026-05-16,MEX,JFK,Aeromexico,R$1983
2025-12-15,2026-05-10,MXL,MEX,Aeromexico,R$933
2025-12-15,2026-05-10,MXL,MEX,Aeromexico,R$1003
2025-12-15,2026-05-10,MXL,MEX,Volaris,Price unavailable
2025-12-15,2026-05-10,MXL,MEX,Aeromexico,R$933
2025-12-15,2026-05-10,MXL,MEX,Aeromexico,R$1003
2025-12-15,2026-05-11,MXL,MEX,Aeromexico,R$933
2025-12-15,2026-05-11,MXL,MEX,Aeromexico,R$933
2025-12-15,2026-05-11,MXL,MEX,Volaris,Price unavailable
2025-12-15,2026-05-11,MXL,MEX,Aeromexico,R$933
2025-12-15,2026-05-11,MXL,MEX,Aeromexico,R$933
2025-12-15,2026-05-12,MXL,MEX,Aeromexico,R$933
2025-12-15,2026-05-12,MXL,MEX,Aeromexico,R$933
2025-12-15,2026-05-12,MXL,MEX,Volaris,Price unavailable
2025-12-15,2026-05-12,MXL,MEX,Aeromexico,R$933
2025-12-15,2026-05-12,MXL,MEX,Aeromexico,R$933
2025-12-15,2026-05-13,MXL,MEX,Aeromexico,R$933
2025-12-15,2026-05-13,MXL,MEX,Aeromexico,R$1003
2025-12-15,2026-05-13,MXL,MEX,Volaris,Price unavailable
2025-12-15,2026-05-13,MXL,MEX,Aeromexico,R$933
2025-12-15,2026-05-13,MXL,MEX,Aeromexico,R$1003
2025-12-15,2026-05-14,MXL,MEX,Aeromexico,R$968
2025-12-15,2026-05-14,MXL,MEX,Aeromexico,R$1108
2025-12-15,2026-05-14,MXL,MEX,Volaris,Price unavailable
2025-12-15,2026-05-14,MXL,MEX,Aeromexico,R$968
2025-12-15,2026-05-14,MXL,MEX,Aeromexico,R$1108
2025-12-15,2026-05-15,MXL,MEX,Aeromexico,R$1003
2025-12-15,2026-05-15,MXL,MEX,Aeromexico,R$1143
2025-12-15,2026-05-15,MXL,MEX,Volaris,Price unavailable
2025-12-15,2026-05-15,MXL,MEX,Aeromexico,R$1003
2025-12-15,2026-05-15,MXL,MEX,Aeromexico,R$1143
2025-12-15,2026-05-16,MXL,MEX,Aeromexico,R$933
2025-12-15,2026-05-16,MXL,MEX,Aeromexico,R$933
2025-12-15,2026-05-16,MXL,MEX,Volaris,Price unavailable
2025-12-15,2026-05-16,MXL,MEX,Aeromexico,R$933
2025-12-15,2026-05-16,MXL,MEX,Aeromexico,R$933
2025-12-15,2026-05-10,BJX,ATL,Aeromexico,R$2012
2025-12-15,2026-05-11,BJX,ATL,Aeromexico,R$2012
2025-12-15,2026-05-12,BJX,ATL,Aeromexico,R$2012
2025-12-15,2026-05-13,BJX,ATL,Aeromexico,R$2012
2025-12-15,2026-05-14,BJX,ATL,Aeromexico,R$2012
2025-12-15,2026-05-15,BJX,ATL,Aeromexico,R$2012
2025-12-15,2026-05-16,BJX,ATL,Aeromexico,R$2012
2025-12-15,2026-05-10,MTY,ICN,Aeromexico,R$7121
2025-12-15,2026-05-11,MTY,ICN,Aeromexico,R$6838
2025-12-15,2026-05-12,MTY,ICN,Aeromexico,R$6838
2025-12-15,2026-05-13,MTY,ICN,Aeromexico,R$6838
2025-12-15,2026-05-14,MTY,ICN,Aeromexico,R$6838
2025-12-15,2026-05-15,MTY,ICN,Aeromexico,R$7545
2025-12-15,2026-05-16,MTY,ICN,Aeromexico,R$7545
2025-12-15,2026-05-10,SEA,GDL,Volaris,Price unavailable
2025-12-15,2026-05-11,SEA,GDL,Volaris,Price unavailable
2025-12-15,2026-05-12,SEA,GDL,Volaris,Price unavailable
2025-12-15,2026-05-13,SEA,GDL,Volaris,Price unavailable
2025-12-15,2026-05-14,SEA,GDL,Volaris,Price unavailable
2025-12-15,2026-05-15,SEA,GDL,Volaris,Price unavailable
2025-12-15,2026-05-16,SEA,GDL,Volaris,Price unavailable
2025-12-15,2026-05-10,CLQ,NLU,Aeromexico,R$508
2025-12-15,2026-05-11,CLQ,NLU,Aeromexico,R$508
2025-12-15,2026-05-12,CLQ,NLU,Aeromexico,R$508
2025-12-15,2026-05-13,CLQ,NLU,Aeromexico,R$508
2025-12-15,2026-05-14,CLQ,NLU,Aeromexico,R$508
2025-12-15,2026-05-15,CLQ,NLU,Aeromexico,R$578
2025-12-15,2026-05-16,CLQ,NLU,Aeromexico,R$508
2025-12-15,2026-05-10,MID,NLU,Aeromexico,R$601
2025-12-15,2026-05-10,MID,NLU,Viva,Price unavailable
2025-12-15,2026-05-10,MID,NLU,Mexicana,Price unavailable
2025-12-15,2026-05-10,MID,NLU,Viva,Price unavailable
2025-12-15,2026-05-10,MID,NLU,Volaris,Price unavailable
2025-12-15,2026-05-10,MID,NLU,Aeromexico,R$601
2025-12-15,2026-05-10,MID,NLU,Viva,Price unavailable
2025-12-15,2026-05-10,MID,NLU,Mexicana,Price unavailable
2025-12-15,2026-05-10,MID,NLU,Viva,Price unavailable
2025-12-15,2026-05-11,MID,NLU,Aeromexico,R$435
2025-12-15,2026-05-11,MID,NLU,Viva,Price unavailable
2025-12-15,2026-05-11,MID,NLU,Viva,Price unavailable
2025-12-15,2026-05-11,MID,NLU,Mexicana,Price unavailable
2025-12-15,2026-05-11,MID,NLU,Mexicana,Price unavailable
2025-12-15,2026-05-11,MID,NLU,Viva,Price unavailable
2025-12-15,2026-05-11,MID,NLU,Volaris,Price unavailable
2025-12-15,2026-05-11,MID,NLU,Aeromexico,R$435
2025-12-15,2026-05-11,MID,NLU,Viva,Price unavailable
2025-12-15,2026-05-11,MID,NLU,Viva,Price unavailable
2025-12-15,2026-05-11,MID,NLU,Mexicana,Price unavailable
2025-12-15,2026-05-11,MID,NLU,Mexicana,Price unavailable
2025-12-15,2026-05-11,MID,NLU,Viva,Price unavailable
2025-12-15,2026-05-12,MID,NLU,Aeromexico,R$435
2025-12-15,2026-05-12,MID,NLU,Viva,Price unavailable
2025-12-15,2026-05-12,MID,NLU,Volaris,Price unavailable
2025-12-15,2026-05-12,MID,NLU,Viva,Price unavailable
2025-12-15,2026-05-12,MID,NLU,Mexicana,Price unavailable
2025-12-15,2026-05-12,MID,NLU,Aeromexico,R$435
2025-12-15,2026-05-12,MID,NLU,Viva,Price unavailable
2025-12-15,2026-05-12,MID,NLU,Volaris,Price unavailable
2025-12-15,2026-05-12,MID,NLU,Viva,Price unavailable
2025-12-15,2026-05-13,MID,NLU,Aeromexico,R$617
2025-12-15,2026-05-13,MID,NLU,Viva,Price unavailable
2025-12-15,2026-05-13,MID,NLU,Mexicana,Price unavailable
2025-12-15,2026-05-13,MID,NLU,Viva,Price unavailable
2025-12-15,2026-05-13,MID,NLU,Viva,Price unavailable
2025-12-15,2026-05-13,MID,NLU,Volaris,Price unavailable
2025-12-15,2026-05-13,MID,NLU,Aeromexico,R$617
2025-12-15,2026-05-13,MID,NLU,Viva,Price unavailable
2025-12-15,2026-05-13,MID,NLU,Mexicana,Price unavailable
2025-12-15,2026-05-13,MID,NLU,Viva,Price unavailable
2025-12-15,2026-05-13,MID,NLU,Viva,Price unavailable
2025-12-15,2026-05-14,MID,NLU,Aeromexico,R$617
2025-12-15,2026-05-14,MID,NLU,Viva,Price unavailable
2025-12-15,2026-05-14,MID,NLU,Volaris,Price unavailable
2025-12-15,2026-05-14,MID,NLU,Viva,Price unavailable
2025-12-15,2026-05-14,MID,NLU,Mexicana,Price unavailable
2025-12-15,2026-05-14,MID,NLU,Aeromexico,R$617
2025-12-15,2026-05-14,MID,NLU,Viva,Price unavailable
2025-12-15,2026-05-14,MID,NLU,Volaris,Price unavailable
2025-12-15,2026-05-14,MID,NLU,Viva,Price unavailable
2025-12-15,2026-05-15,MID,NLU,Aeromexico,R$687
2025-12-15,2026-05-15,MID,NLU,Viva,Price unavailable
2025-12-15,2026-05-15,MID,NLU,Viva,Price unavailable
2025-12-15,2026-05-15,MID,NLU,Mexicana,Price unavailable
2025-12-15,2026-05-15,MID,NLU,Viva,Price unavailable
2025-12-15,2026-05-15,MID,NLU,Volaris,Price unavailable
2025-12-15,2026-05-15,MID,NLU,Mexicana,Price unavailable
2025-12-15,2026-05-15,MID,NLU,Aeromexico,R$687
2025-12-15,2026-05-15,MID,NLU,Viva,Price unavailable
2025-12-15,2026-05-15,MID,NLU,Viva,Price unavailable
2025-12-15,2026-05-15,MID,NLU,Mexicana,Price unavailable
2025-12-15,2026-05-15,MID,NLU,Viva,Price unavailable
2025-12-15,2026-05-15,MID,NLU,Volaris,Price unavailable
2025-12-15,2026-05-16,MID,NLU,Aeromexico,R$531
2025-12-15,2026-05-16,MID,NLU,Viva,Price unavailable
2025-12-15,2026-05-16,MID,NLU,Volaris,Price unavailable
2025-12-15,2026-05-16,MID,NLU,Viva,Price unavailable
2025-12-15,2026-05-16,MID,NLU,Mexicana,Price unavailable
2025-12-15,2026-05-16,MID,NLU,Aeromexico,R$531
2025-12-15,2026-05-16,MID,NLU,Viva,Price unavailable
2025-12-15,2026-05-16,MID,NLU,Volaris,Price unavailable
2025-12-15,2026-05-16,MID,NLU,Viva,Price unavailable
2025-12-15,2026-05-10,ZLO,MEX,Aeromexico,R$1027
2025-12-15,2026-05-10,ZLO,MEX,Aeromexico,R$1167
2025-12-15,2026-05-10,ZLO,MEX,Aeromexico,R$1027
2025-12-15,2026-05-11,ZLO,MEX,Aeromexico,R$975
2025-12-15,2026-05-11,ZLO,MEX,Aeromexico,R$975
2025-12-15,2026-05-11,ZLO,MEX,Aeromexico,R$975
2025-12-15,2026-05-12,ZLO,MEX,Aeromexico,R$975
2025-12-15,2026-05-12,ZLO,MEX,Aeromexico,R$975
2025-12-15,2026-05-12,ZLO,MEX,Aeromexico,R$975
2025-12-15,2026-05-13,ZLO,MEX,Aeromexico,R$975
2025-12-15,2026-05-13,ZLO,MEX,Aeromexico,R$975
2025-12-15,2026-05-13,ZLO,MEX,Aeromexico,R$975
2025-12-15,2026-05-14,ZLO,MEX,Aeromexico,R$975
2025-12-15,2026-05-14,ZLO,MEX,Aeromexico,R$975
2025-12-15,2026-05-14,ZLO,MEX,Aeromexico,R$975
2025-12-15,2026-05-15,ZLO,MEX,Aeromexico,R$1044
2025-12-15,2026-05-15,ZLO,MEX,Aeromexico,R$1044
2025-12-15,2026-05-15,ZLO,MEX,Aeromexico,R$1044
2025-12-15,2026-05-16,ZLO,MEX,Aeromexico,R$975
2025-12-15,2026-05-16,ZLO,MEX,Aeromexico,R$975
2025-12-15,2026-05-16,ZLO,MEX,Aeromexico,R$975
2025-12-15,2026-05-11,MEX,MGA,Aeromexico,R$1876
2025-12-15,2026-05-13,MEX,MGA,Aeromexico,R$1876
2025-12-15,2026-05-15,MEX,MGA,Aeromexico,R$1876
2025-12-15,2026-05-10,MTY,MIA,American,R$1828
2025-12-15,2026-05-10,MTY,MIA,Viva,Price unavailable
2025-12-15,2026-05-10,MTY,MIA,American,R$1828
2025-12-15,2026-05-11,MTY,MIA,American,R$1800
2025-12-15,2026-05-11,MTY,MIA,Viva,Price unavailable
2025-12-15,2026-05-11,MTY,MIA,American,R$1800
2025-12-15,2026-05-12,MTY,MIA,American,R$1890
2025-12-15,2026-05-13,MTY,MIA,American,R$1687
2025-12-15,2026-05-14,MTY,MIA,American,R$1687
2025-12-15,2026-05-14,MTY,MIA,Viva,Price unavailable
2025-12-15,2026-05-14,MTY,MIA,American,R$1687
2025-12-15,2026-05-15,MTY,MIA,American,R$2349
2025-12-15,2026-05-15,MTY,MIA,Viva,Price unavailable
2025-12-15,2026-05-15,MTY,MIA,American,R$2349
2025-12-15,2026-05-16,MTY,MIA,American,R$1800
2025-12-15,2026-05-10,MEX,PUJ,Aeromexico,R$2258
2025-12-15,2026-05-11,MEX,PUJ,Aeromexico,R$2258
2025-12-15,2026-05-12,MEX,PUJ,Aeromexico,R$2258
2025-12-15,2026-05-13,MEX,PUJ,Aeromexico,R$2258
2025-12-15,2026-05-14,MEX,PUJ,Aeromexico,R$2258
2025-12-15,2026-05-15,MEX,PUJ,Aeromexico,R$2258
2025-12-15,2026-05-16,MEX,PUJ,Aeromexico,R$2258
2025-12-15,2026-05-10,MEX,BJX,Aeromexico,R$1246
2025-12-15,2026-05-10,MEX,BJX,Aeromexico,R$1246
2025-12-15,2026-05-10,MEX,BJX,Aeromexico,R$1246
2025-12-15,2026-05-10,MEX,BJX,Aeromexico,R$1246
2025-12-15,2026-05-10,MEX,BJX,Aeromexico,R$1246
2025-12-15,2026-05-10,MEX,BJX,Aeromexico,R$1246
2025-12-15,2026-05-10,MEX,BJX,Aeromexico,R$1246
2025-12-15,2026-05-10,MEX,BJX,Aeromexico,R$1246
2025-12-15,2026-05-10,MEX,BJX,Aeromexico,R$1246
2025-12-15,2026-05-11,MEX,BJX,Aeromexico,R$1246
2025-12-15,2026-05-11,MEX,BJX,Aeromexico,R$1246
2025-12-15,2026-05-11,MEX,BJX,Aeromexico,R$1246
2025-12-15,2026-05-11,MEX,BJX,Aeromexico,R$1246
2025-12-15,2026-05-11,MEX,BJX,Aeromexico,R$1280
2025-12-15,2026-05-11,MEX,BJX,Aeromexico,R$1246
2025-12-15,2026-05-11,MEX,BJX,Aeromexico,R$1246
2025-12-15,2026-05-11,MEX,BJX,Aeromexico,R$1246
2025-12-15,2026-05-11,MEX,BJX,Aeromexico,R$1280
2025-12-15,2026-05-12,MEX,BJX,Aeromexico,R$1246
2025-12-15,2026-05-12,MEX,BJX,Aeromexico,R$1246
2025-12-15,2026-05-12,MEX,BJX,Aeromexico,R$1246
2025-12-15,2026-05-12,MEX,BJX,Aeromexico,R$1246
2025-12-15,2026-05-12,MEX,BJX,Aeromexico,R$1246
2025-12-15,2026-05-12,MEX,BJX,Aeromexico,R$1246
2025-12-15,2026-05-12,MEX,BJX,Aeromexico,R$1246
2025-12-15,2026-05-12,MEX,BJX,Aeromexico,R$1246
2025-12-15,2026-05-12,MEX,BJX,Aeromexico,R$1246
2025-12-15,2026-05-13,MEX,BJX,Aeromexico,R$1280
2025-12-15,2026-05-13,MEX,BJX,Aeromexico,R$1280
2025-12-15,2026-05-13,MEX,BJX,Aeromexico,R$1280
2025-12-15,2026-05-13,MEX,BJX,Aeromexico,R$1280
2025-12-15,2026-05-13,MEX,BJX,Aeromexico,R$1280
2025-12-15,2026-05-13,MEX,BJX,Aeromexico,R$1280
2025-12-15,2026-05-13,MEX,BJX,Aeromexico,R$1280
2025-12-15,2026-05-13,MEX,BJX,Aeromexico,R$1280
2025-12-15,2026-05-13,MEX,BJX,Aeromexico,R$1280
2025-12-15,2026-05-14,MEX,BJX,Aeromexico,R$1280
2025-12-15,2026-05-14,MEX,BJX,Aeromexico,R$1280
2025-12-15,2026-05-14,MEX,BJX,Aeromexico,R$1280
2025-12-15,2026-05-14,MEX,BJX,Aeromexico,R$1280
2025-12-15,2026-05-14,MEX,BJX,Aeromexico,R$1315
2025-12-15,2026-05-14,MEX,BJX,Aeromexico,R$1280
2025-12-15,2026-05-14,MEX,BJX,Aeromexico,R$1280
2025-12-15,2026-05-14,MEX,BJX,Aeromexico,R$1280
2025-12-15,2026-05-14,MEX,BJX,Aeromexico,R$1315
2025-12-15,2026-05-15,MEX,BJX,Aeromexico,R$1246
2025-12-15,2026-05-15,MEX,BJX,Aeromexico,R$1246
2025-12-15,2026-05-15,MEX,BJX,Aeromexico,R$1246
2025-12-15,2026-05-15,MEX,BJX,Aeromexico,R$1246
2025-12-15,2026-05-15,MEX,BJX,Aeromexico,R$1246
2025-12-15,2026-05-15,MEX,BJX,Aeromexico,R$1246
2025-12-15,2026-05-15,MEX,BJX,Aeromexico,R$1246
2025-12-15,2026-05-15,MEX,BJX,Aeromexico,R$1246
2025-12-15,2026-05-15,MEX,BJX,Aeromexico,R$1246
2025-12-15,2026-05-16,MEX,BJX,Aeromexico,R$1246
2025-12-15,2026-05-16,MEX,BJX,Aeromexico,R$1246
2025-12-15,2026-05-16,MEX,BJX,Aeromexico,R$1246
2025-12-15,2026-05-16,MEX,BJX,Aeromexico,R$1246
2025-12-15,2026-05-16,MEX,BJX,Aeromexico,R$1246
2025-12-15,2026-05-16,MEX,BJX,Aeromexico,R$1246
2025-12-15,2026-05-16,MEX,BJX,Aeromexico,R$1246
2025-12-15,2026-05-10,AGU,MEX,Aeromexico,R$719
2025-12-15,2026-05-10,AGU,MEX,Aeromexico,R$719
2025-12-15,2026-05-10,AGU,MEX,Aeromexico,R$719
2025-12-15,2026-05-10,AGU,MEX,Aeromexico,R$754
2025-12-15,2026-05-10,AGU,MEX,Aeromexico,R$719
2025-12-15,2026-05-10,AGU,MEX,Aeromexico,R$719
2025-12-15,2026-05-10,AGU,MEX,Aeromexico,R$754
2025-12-15,2026-05-11,AGU,MEX,Aeromexico,R$719
2025-12-15,2026-05-11,AGU,MEX,Aeromexico,R$719
2025-12-15,2026-05-11,AGU,MEX,Aeromexico,R$719
2025-12-15,2026-05-11,AGU,MEX,Aeromexico,R$719
2025-12-15,2026-05-11,AGU,MEX,Aeromexico,R$754
2025-12-15,2026-05-11,AGU,MEX,Aeromexico,R$719
2025-12-15,2026-05-11,AGU,MEX,Aeromexico,R$719
2025-12-15,2026-05-11,AGU,MEX,Aeromexico,R$719
2025-12-15,2026-05-11,AGU,MEX,Aeromexico,R$754
2025-12-15,2026-05-12,AGU,MEX,Aeromexico,R$719
2025-12-15,2026-05-12,AGU,MEX,Aeromexico,R$719
2025-12-15,2026-05-12,AGU,MEX,Aeromexico,R$719
2025-12-15,2026-05-12,AGU,MEX,Aeromexico,R$719
2025-12-15,2026-05-12,AGU,MEX,Aeromexico,R$719
2025-12-15,2026-05-12,AGU,MEX,Aeromexico,R$719
2025-12-15,2026-05-12,AGU,MEX,Aeromexico,R$719
2025-12-15,2026-05-12,AGU,MEX,Aeromexico,R$719
2025-12-15,2026-05-12,AGU,MEX,Aeromexico,R$719
2025-12-15,2026-05-13,AGU,MEX,Aeromexico,R$719
2025-12-15,2026-05-13,AGU,MEX,Aeromexico,R$719
2025-12-15,2026-05-13,AGU,MEX,Aeromexico,R$719
2025-12-15,2026-05-13,AGU,MEX,Aeromexico,R$719
2025-12-15,2026-05-13,AGU,MEX,Aeromexico,R$859
2025-12-15,2026-05-13,AGU,MEX,Aeromexico,R$719
2025-12-15,2026-05-13,AGU,MEX,Aeromexico,R$719
2025-12-15,2026-05-13,AGU,MEX,Aeromexico,R$719
2025-12-15,2026-05-13,AGU,MEX,Aeromexico,R$859
2025-12-15,2026-05-14,AGU,MEX,Aeromexico,R$754
2025-12-15,2026-05-14,AGU,MEX,Aeromexico,R$754
2025-12-15,2026-05-14,AGU,MEX,Aeromexico,R$754
2025-12-15,2026-05-14,AGU,MEX,Aeromexico,R$789
2025-12-15,2026-05-14,AGU,MEX,Aeromexico,R$894
2025-12-15,2026-05-14,AGU,MEX,Aeromexico,R$754
2025-12-15,2026-05-14,AGU,MEX,Aeromexico,R$754
2025-12-15,2026-05-14,AGU,MEX,Aeromexico,R$789
2025-12-15,2026-05-14,AGU,MEX,Aeromexico,R$894
2025-12-15,2026-05-15,AGU,MEX,Aeromexico,R$789
2025-12-15,2026-05-15,AGU,MEX,Aeromexico,R$789
2025-12-15,2026-05-15,AGU,MEX,Aeromexico,R$789
2025-12-15,2026-05-15,AGU,MEX,Aeromexico,R$894
2025-12-15,2026-05-15,AGU,MEX,Aeromexico,R$929
2025-12-15,2026-05-15,AGU,MEX,Aeromexico,R$789
2025-12-15,2026-05-15,AGU,MEX,Aeromexico,R$789
2025-12-15,2026-05-15,AGU,MEX,Aeromexico,R$894
2025-12-15,2026-05-15,AGU,MEX,Aeromexico,R$929
2025-12-15,2026-05-16,AGU,MEX,Aeromexico,R$719
2025-12-15,2026-05-16,AGU,MEX,Aeromexico,R$719
2025-12-15,2026-05-16,AGU,MEX,Aeromexico,R$719
2025-12-15,2026-05-16,AGU,MEX,Aeromexico,R$719
2025-12-15,2026-05-16,AGU,MEX,Aeromexico,R$719
2025-12-15,2026-05-16,AGU,MEX,Aeromexico,R$719
2025-12-15,2026-05-16,AGU,MEX,Aeromexico,R$719
2025-12-15,2026-05-10,MEX,MAD,Aeromexico,R$2217
2025-12-15,2026-05-10,MEX,MAD,Iberia,R$2794
2025-12-15,2026-05-10,MEX,MAD,Aeromexico,R$3167
2025-12-15,2026-05-10,MEX,MAD,Iberia,R$3370
2025-12-15,2026-05-10,MEX,MAD,Iberia,R$3370
2025-12-15,2026-05-10,MEX,MAD,Iberia,R$2794
2025-12-15,2026-05-10,MEX,MAD,Aeromexico,R$3167
2025-12-15,2026-05-10,MEX,MAD,Iberia,R$3370
2025-12-15,2026-05-10,MEX,MAD,Iberia,R$3370
2025-12-15,2026-05-11,MEX,MAD,Iberia,R$2652
2025-12-15,2026-05-11,MEX,MAD,Iberia,R$2652
2025-12-15,2026-05-11,MEX,MAD,Aeromexico,R$3167
2025-12-15,2026-05-11,MEX,MAD,Aeromexico,R$3167
2025-12-15,2026-05-11,MEX,MAD,Aeromexico,R$3167
2025-12-15,2026-05-11,MEX,MAD,Iberia,R$2652
2025-12-15,2026-05-11,MEX,MAD,Iberia,R$2652
2025-12-15,2026-05-11,MEX,MAD,Aeromexico,R$3167
2025-12-15,2026-05-11,MEX,MAD,Aeromexico,R$3167
2025-12-15,2026-05-12,MEX,MAD,Aeromexico,R$2217
2025-12-15,2026-05-12,MEX,MAD,Iberia,R$2652
2025-12-15,2026-05-12,MEX,MAD,Iberia,R$2652
2025-12-15,2026-05-12,MEX,MAD,Iberia,R$2794
2025-12-15,2026-05-12,MEX,MAD,Aeromexico,R$3167
2025-12-15,2026-05-12,MEX,MAD,Iberia,R$2652
2025-12-15,2026-05-12,MEX,MAD,Iberia,R$2652
2025-12-15,2026-05-12,MEX,MAD,Iberia,R$2794
2025-12-15,2026-05-12,MEX,MAD,Aeromexico,R$3167
2025-12-15,2026-05-13,MEX,MAD,Iberia,R$2652
2025-12-15,2026-05-13,MEX,MAD,Iberia,R$2652
2025-12-15,2026-05-13,MEX,MAD,Iberia,R$2652
2025-12-15,2026-05-13,MEX,MAD,Aeromexico,R$3167
2025-12-15,2026-05-13,MEX,MAD,Iberia,R$2652
2025-12-15,2026-05-13,MEX,MAD,Iberia,R$2652
2025-12-15,2026-05-13,MEX,MAD,Aeromexico,R$3167
2025-12-15,2026-05-14,MEX,MAD,Iberia,R$2324
2025-12-15,2026-05-14,MEX,MAD,Iberia,R$2324
2025-12-15,2026-05-14,MEX,MAD,Iberia,R$2324
2025-12-15,2026-05-14,MEX,MAD,Aeromexico,R$3229
2025-12-15,2026-05-14,MEX,MAD,Iberia,R$2324
2025-12-15,2026-05-14,MEX,MAD,Iberia,R$2324
2025-12-15,2026-05-14,MEX,MAD,Aeromexico,R$3229
2025-12-15,2026-05-15,MEX,MAD,Iberia,R$3009
2025-12-15,2026-05-15,MEX,MAD,Iberia,R$3150
2025-12-15,2026-05-15,MEX,MAD,Aeromexico,R$3381
2025-12-15,2026-05-15,MEX,MAD,Iberia,R$3727
2025-12-15,2026-05-15,MEX,MAD,Iberia,R$3009
2025-12-15,2026-05-15,MEX,MAD,Iberia,R$3150
2025-12-15,2026-05-15,MEX,MAD,Iberia,R$3727
2025-12-15,2026-05-16,MEX,MAD,Iberia,R$2324
2025-12-15,2026-05-16,MEX,MAD,Aeromexico,R$2997
2025-12-15,2026-05-16,MEX,MAD,Iberia,R$3150
2025-12-15,2026-05-16,MEX,MAD,Aeromexico,R$3229
2025-12-15,2026-05-16,MEX,MAD,Aeromexico,R$5275
2025-12-15,2026-05-16,MEX,MAD,Iberia,R$2324
2025-12-15,2026-05-16,MEX,MAD,Iberia,R$3150
2025-12-15,2026-05-16,MEX,MAD,Aeromexico,R$3229
2025-12-15,2026-05-16,MEX,MAD,Aeromexico,R$5275
2025-12-15,2026-05-10,MEX,GUA,Aeromexico,R$1001
2025-12-15,2026-05-10,MEX,GUA,Aeromexico,R$1001
2025-12-15,2026-05-10,MEX,GUA,Volaris,Price unavailable
2025-12-15,2026-05-10,MEX,GUA,Volaris Costa Rica,Price unavailable
2025-12-15,2026-05-10,MEX,GUA,Aeromexico,R$1001
2025-12-15,2026-05-10,MEX,GUA,Aeromexico,R$1001
2025-12-15,2026-05-10,MEX,GUA,Volaris,Price unavailable
2025-12-15,2026-05-11,MEX,GUA,Aeromexico,R$1001
2025-12-15,2026-05-11,MEX,GUA,Aeromexico,R$1001
2025-12-15,2026-05-11,MEX,GUA,Volaris,Price unavailable
2025-12-15,2026-05-11,MEX,GUA,Volaris Costa Rica,Price unavailable
2025-12-15,2026-05-11,MEX,GUA,Aeromexico,R$1001
2025-12-15,2026-05-11,MEX,GUA,Aeromexico,R$1001
2025-12-15,2026-05-11,MEX,GUA,Volaris,Price unavailable
2025-12-15,2026-05-12,MEX,GUA,Aeromexico,R$1001
2025-12-15,2026-05-12,MEX,GUA,Aeromexico,R$1001
2025-12-15,2026-05-12,MEX,GUA,Volaris,Price unavailable
2025-12-15,2026-05-12,MEX,GUA,Volaris Costa Rica,Price unavailable
2025-12-15,2026-05-12,MEX,GUA,Aeromexico,R$1001
2025-12-15,2026-05-12,MEX,GUA,Aeromexico,R$1001
2025-12-15,2026-05-12,MEX,GUA,Volaris,Price unavailable
2025-12-15,2026-05-13,MEX,GUA,Aeromexico,R$1001
2025-12-15,2026-05-13,MEX,GUA,Aeromexico,R$1001
2025-12-15,2026-05-13,MEX,GUA,Volaris,Price unavailable
2025-12-15,2026-05-13,MEX,GUA,Volaris Costa Rica,Price unavailable
2025-12-15,2026-05-13,MEX,GUA,Aeromexico,R$1001
2025-12-15,2026-05-13,MEX,GUA,Aeromexico,R$1001
2025-12-15,2026-05-13,MEX,GUA,Volaris,Price unavailable
2025-12-15,2026-05-14,MEX,GUA,Aeromexico,R$1001
2025-12-15,2026-05-14,MEX,GUA,Aeromexico,R$1001
2025-12-15,2026-05-14,MEX,GUA,Volaris,Price unavailable
2025-12-15,2026-05-14,MEX,GUA,Volaris Costa Rica,Price unavailable
2025-12-15,2026-05-14,MEX,GUA,Aeromexico,R$1001
2025-12-15,2026-05-14,MEX,GUA,Aeromexico,R$1001
2025-12-15,2026-05-14,MEX,GUA,Volaris,Price unavailable
2025-12-15,2026-05-15,MEX,GUA,Aeromexico,R$1001
2025-12-15,2026-05-15,MEX,GUA,Aeromexico,R$1001
2025-12-15,2026-05-15,MEX,GUA,Volaris,Price unavailable
2025-12-15,2026-05-15,MEX,GUA,Volaris Costa Rica,Price unavailable
2025-12-15,2026-05-15,MEX,GUA,Aeromexico,R$1001
2025-12-15,2026-05-15,MEX,GUA,Aeromexico,R$1001
2025-12-15,2026-05-15,MEX,GUA,Volaris,Price unavailable
2025-12-15,2026-05-16,MEX,GUA,Aeromexico,R$1001
2025-12-15,2026-05-16,MEX,GUA,Aeromexico,R$1001
2025-12-15,2026-05-16,MEX,GUA,Volaris,Price unavailable
2025-12-15,2026-05-16,MEX,GUA,Aeromexico,R$1001
2025-12-15,2026-05-16,MEX,GUA,Aeromexico,R$1001
2025-12-15,2026-05-10,SAP,MEX,Aeromexico,R$2670
2025-12-15,2026-05-12,SAP,MEX,Aeromexico,R$2515
2025-12-15,2026-05-14,SAP,MEX,Aeromexico,R$2515
2025-12-15,2026-05-16,SAP,MEX,Aeromexico,R$2515
2025-12-15,2026-05-10,NLU,TQO,Aeromexico,R$653
2025-12-15,2026-05-10,NLU,TQO,Viva,Price unavailable
2025-12-15,2026-05-10,NLU,TQO,Viva,Price unavailable
2025-12-15,2026-05-10,NLU,TQO,Mexicana,Price unavailable
2025-12-15,2026-05-10,NLU,TQO,Aeromexico,R$653
2025-12-15,2026-05-10,NLU,TQO,Viva,Price unavailable
2025-12-15,2026-05-10,NLU,TQO,Viva,Price unavailable
2025-12-15,2026-05-11,NLU,TQO,Aeromexico,R$402
2025-12-15,2026-05-11,NLU,TQO,Mexicana,Price unavailable
2025-12-15,2026-05-11,NLU,TQO,Viva,Price unavailable
2025-12-15,2026-05-11,NLU,TQO,Aeromexico,R$402
2025-12-15,2026-05-11,NLU,TQO,Mexicana,Price unavailable
2025-12-15,2026-05-12,NLU,TQO,Aeromexico,R$402
2025-12-15,2026-05-12,NLU,TQO,Viva,Price unavailable
2025-12-15,2026-05-12,NLU,TQO,Mexicana,Price unavailable
2025-12-15,2026-05-12,NLU,TQO,Viva,Price unavailable
2025-12-15,2026-05-12,NLU,TQO,Aeromexico,R$402
2025-12-15,2026-05-12,NLU,TQO,Viva,Price unavailable
2025-12-15,2026-05-12,NLU,TQO,Mexicana,Price unavailable
2025-12-15,2026-05-13,NLU,TQO,Aeromexico,R$402
2025-12-15,2026-05-13,NLU,TQO,Mexicana,Price unavailable
2025-12-15,2026-05-13,NLU,TQO,Viva,Price unavailable
2025-12-15,2026-05-13,NLU,TQO,Aeromexico,R$402
2025-12-15,2026-05-13,NLU,TQO,Mexicana,Price unavailable
2025-12-15,2026-05-14,NLU,TQO,Aeromexico,R$472
2025-12-15,2026-05-14,NLU,TQO,Viva,Price unavailable
2025-12-15,2026-05-14,NLU,TQO,Mexicana,Price unavailable
2025-12-15,2026-05-14,NLU,TQO,Viva,Price unavailable
2025-12-15,2026-05-14,NLU,TQO,Aeromexico,R$472
2025-12-15,2026-05-14,NLU,TQO,Viva,Price unavailable
2025-12-15,2026-05-14,NLU,TQO,Mexicana,Price unavailable
2025-12-15,2026-05-15,NLU,TQO,Aeromexico,R$437
2025-12-15,2026-05-15,NLU,TQO,Mexicana,Price unavailable
2025-12-15,2026-05-15,NLU,TQO,Viva,Price unavailable
2025-12-15,2026-05-15,NLU,TQO,Aeromexico,R$437
2025-12-15,2026-05-15,NLU,TQO,Mexicana,Price unavailable
2025-12-15,2026-05-16,NLU,TQO,Aeromexico,R$489
2025-12-15,2026-05-16,NLU,TQO,Viva,Price unavailable
2025-12-15,2026-05-16,NLU,TQO,Mexicana,Price unavailable
2025-12-15,2026-05-16,NLU,TQO,Viva,Price unavailable
2025-12-15,2026-05-16,NLU,TQO,Aeromexico,R$489
2025-12-15,2026-05-16,NLU,TQO,Viva,Price unavailable
2025-12-15,2026-05-16,NLU,TQO,Mexicana,Price unavailable
2025-12-15,2026-05-10,SAL,MEX,Avianca,R$930
2025-12-15,2026-05-10,SAL,MEX,Aeromexico,R$1144
2025-12-15,2026-05-10,SAL,MEX,Avianca,R$930
2025-12-15,2026-05-11,SAL,MEX,Avianca,R$991
2025-12-15,2026-05-11,SAL,MEX,Aeromexico,R$1144
2025-12-15,2026-05-11,SAL,MEX,Avianca,R$991
2025-12-15,2026-05-12,SAL,MEX,Avianca,R$930
2025-12-15,2026-05-12,SAL,MEX,Aeromexico,R$1144
2025-12-15,2026-05-12,SAL,MEX,Volaris El Salvador,Price unavailable
2025-12-15,2026-05-12,SAL,MEX,Avianca,R$930
2025-12-15,2026-05-12,SAL,MEX,Aeromexico,R$1144
2025-12-15,2026-05-13,SAL,MEX,Avianca,R$930
2025-12-15,2026-05-13,SAL,MEX,Aeromexico,R$1144
2025-12-15,2026-05-13,SAL,MEX,Avianca,R$930
2025-12-15,2026-05-14,SAL,MEX,Avianca,R$991
2025-12-15,2026-05-14,SAL,MEX,Aeromexico,R$1144
2025-12-15,2026-05-14,SAL,MEX,Avianca,R$991
2025-12-15,2026-05-15,SAL,MEX,Avianca,R$930
2025-12-15,2026-05-15,SAL,MEX,Aeromexico,R$1144
2025-12-15,2026-05-15,SAL,MEX,Avianca,R$930
2025-12-15,2026-05-16,SAL,MEX,Avianca,R$930
2025-12-15,2026-05-16,SAL,MEX,Aeromexico,R$1144
2025-12-15,2026-05-16,SAL,MEX,Avianca,R$930
2025-12-15,2026-05-10,HUX,MEX,Aeromexico,R$893
2025-12-15,2026-05-10,HUX,MEX,Aeromexico,R$893
2025-12-15,2026-05-10,HUX,MEX,Volaris,Price unavailable
2025-12-15,2026-05-10,HUX,MEX,Viva,Price unavailable
2025-12-15,2026-05-10,HUX,MEX,Aeromexico,R$893
2025-12-15,2026-05-10,HUX,MEX,Aeromexico,R$893
2025-12-15,2026-05-10,HUX,MEX,Volaris,Price unavailable
2025-12-15,2026-05-11,HUX,MEX,Aeromexico,R$686
2025-12-15,2026-05-11,HUX,MEX,Aeromexico,R$823
2025-12-15,2026-05-11,HUX,MEX,Volaris,Price unavailable
2025-12-15,2026-05-11,HUX,MEX,Viva,Price unavailable
2025-12-15,2026-05-11,HUX,MEX,Aeromexico,R$686
2025-12-15,2026-05-11,HUX,MEX,Aeromexico,R$823
2025-12-15,2026-05-11,HUX,MEX,Volaris,Price unavailable
2025-12-15,2026-05-12,HUX,MEX,Aeromexico,R$686
2025-12-15,2026-05-12,HUX,MEX,Aeromexico,R$686
2025-12-15,2026-05-12,HUX,MEX,Volaris,Price unavailable
2025-12-15,2026-05-12,HUX,MEX,Viva,Price unavailable
2025-12-15,2026-05-12,HUX,MEX,Aeromexico,R$686
2025-12-15,2026-05-12,HUX,MEX,Aeromexico,R$686
2025-12-15,2026-05-12,HUX,MEX,Volaris,Price unavailable
2025-12-15,2026-05-13,HUX,MEX,Aeromexico,R$686
2025-12-15,2026-05-13,HUX,MEX,Aeromexico,R$686
2025-12-15,2026-05-13,HUX,MEX,Volaris,Price unavailable
2025-12-15,2026-05-13,HUX,MEX,Viva,Price unavailable
2025-12-15,2026-05-13,HUX,MEX,Aeromexico,R$686
2025-12-15,2026-05-13,HUX,MEX,Aeromexico,R$686
2025-12-15,2026-05-13,HUX,MEX,Volaris,Price unavailable
2025-12-15,2026-05-14,HUX,MEX,Aeromexico,R$686
2025-12-15,2026-05-14,HUX,MEX,Aeromexico,R$686
2025-12-15,2026-05-14,HUX,MEX,Volaris,Price unavailable
2025-12-15,2026-05-14,HUX,MEX,Viva,Price unavailable
2025-12-15,2026-05-14,HUX,MEX,Aeromexico,R$686
2025-12-15,2026-05-14,HUX,MEX,Aeromexico,R$686
2025-12-15,2026-05-14,HUX,MEX,Volaris,Price unavailable
2025-12-15,2026-05-15,HUX,MEX,Aeromexico,R$686
2025-12-15,2026-05-15,HUX,MEX,Aeromexico,R$823
2025-12-15,2026-05-15,HUX,MEX,Volaris,Price unavailable
2025-12-15,2026-05-15,HUX,MEX,Viva,Price unavailable
2025-12-15,2026-05-15,HUX,MEX,Aeromexico,R$686
2025-12-15,2026-05-15,HUX,MEX,Aeromexico,R$823
2025-12-15,2026-05-15,HUX,MEX,Volaris,Price unavailable
2025-12-15,2026-05-16,HUX,MEX,Aeromexico,R$686
2025-12-15,2026-05-16,HUX,MEX,Aeromexico,R$686
2025-12-15,2026-05-16,HUX,MEX,Volaris,Price unavailable
2025-12-15,2026-05-16,HUX,MEX,Viva,Price unavailable
2025-12-15,2026-05-16,HUX,MEX,Aeromexico,R$686
2025-12-15,2026-05-16,HUX,MEX,Aeromexico,R$686
2025-12-15,2026-05-16,HUX,MEX,Volaris,Price unavailable
2025-12-15,2026-05-10,MEX,PXM,Aeromexico,R$404
2025-12-15,2026-05-10,MEX,PXM,Volaris,Price unavailable
2025-12-15,2026-05-10,MEX,PXM,Viva,Price unavailable
2025-12-15,2026-05-10,MEX,PXM,Viva,Price unavailable
2025-12-15,2026-05-10,MEX,PXM,Aeromexico,R$404
2025-12-15,2026-05-10,MEX,PXM,Volaris,Price unavailable
2025-12-15,2026-05-10,MEX,PXM,Viva,Price unavailable
2025-12-15,2026-05-11,MEX,PXM,Aeromexico,R$404
2025-12-15,2026-05-11,MEX,PXM,Volaris,Price unavailable
2025-12-15,2026-05-11,MEX,PXM,Viva,Price unavailable
2025-12-15,2026-05-11,MEX,PXM,Viva,Price unavailable
2025-12-15,2026-05-11,MEX,PXM,Aeromexico,R$404
2025-12-15,2026-05-11,MEX,PXM,Volaris,Price unavailable
2025-12-15,2026-05-11,MEX,PXM,Viva,Price unavailable
2025-12-15,2026-05-12,MEX,PXM,Aeromexico,R$404
2025-12-15,2026-05-12,MEX,PXM,Volaris,Price unavailable
2025-12-15,2026-05-12,MEX,PXM,Viva,Price unavailable
2025-12-15,2026-05-12,MEX,PXM,Viva,Price unavailable
2025-12-15,2026-05-12,MEX,PXM,Aeromexico,R$404
2025-12-15,2026-05-12,MEX,PXM,Volaris,Price unavailable
2025-12-15,2026-05-12,MEX,PXM,Viva,Price unavailable
2025-12-15,2026-05-13,MEX,PXM,Aeromexico,R$404
2025-12-15,2026-05-13,MEX,PXM,Volaris,Price unavailable
2025-12-15,2026-05-13,MEX,PXM,Viva,Price unavailable
2025-12-15,2026-05-13,MEX,PXM,Viva,Price unavailable
2025-12-15,2026-05-13,MEX,PXM,Aeromexico,R$404
2025-12-15,2026-05-13,MEX,PXM,Volaris,Price unavailable
2025-12-15,2026-05-13,MEX,PXM,Viva,Price unavailable
2025-12-15,2026-05-14,MEX,PXM,Aeromexico,R$614
2025-12-15,2026-05-14,MEX,PXM,Volaris,Price unavailable
2025-12-15,2026-05-14,MEX,PXM,Viva,Price unavailable
2025-12-15,2026-05-14,MEX,PXM,Viva,Price unavailable
2025-12-15,2026-05-14,MEX,PXM,Aeromexico,R$614
2025-12-15,2026-05-14,MEX,PXM,Volaris,Price unavailable
2025-12-15,2026-05-14,MEX,PXM,Viva,Price unavailable
2025-12-15,2026-05-15,MEX,PXM,Aeromexico,R$579
2025-12-15,2026-05-15,MEX,PXM,Volaris,Price unavailable
2025-12-15,2026-05-15,MEX,PXM,Viva,Price unavailable
2025-12-15,2026-05-15,MEX,PXM,Viva,Price unavailable
2025-12-15,2026-05-15,MEX,PXM,Aeromexico,R$579
2025-12-15,2026-05-15,MEX,PXM,Volaris,Price unavailable
2025-12-15,2026-05-15,MEX,PXM,Viva,Price unavailable
2025-12-15,2026-05-16,MEX,PXM,Aeromexico,R$404
2025-12-15,2026-05-16,MEX,PXM,Volaris,Price unavailable
2025-12-15,2026-05-16,MEX,PXM,Viva,Price unavailable
2025-12-15,2026-05-16,MEX,PXM,Viva,Price unavailable
2025-12-15,2026-05-16,MEX,PXM,Aeromexico,R$404
2025-12-15,2026-05-16,MEX,PXM,Volaris,Price unavailable
2025-12-15,2026-05-16,MEX,PXM,Viva,Price unavailable
2025-12-15,2026-05-10,SDQ,MEX,Aeromexico,R$2048
2025-12-15,2026-05-11,SDQ,MEX,Aeromexico,R$2048
2025-12-15,2026-05-12,SDQ,MEX,Aeromexico,R$2053
2025-12-15,2026-05-13,SDQ,MEX,Aeromexico,R$2048
2025-12-15,2026-05-14,SDQ,MEX,Aeromexico,R$2048
2025-12-15,2026-05-15,SDQ,MEX,Aeromexico,R$3358
2025-12-15,2026-05-16,SDQ,MEX,Aeromexico,R$2048
2025-12-15,2026-05-10,TIJ,MEX,Aeromexico,R$955
2025-12-15,2026-05-10,TIJ,MEX,Aeromexico,R$955
2025-12-15,2026-05-10,TIJ,MEX,Aeromexico,R$990
2025-12-15,2026-05-10,TIJ,MEX,Aeromexico,R$990
2025-12-15,2026-05-10,TIJ,MEX,Volaris,Price unavailable
2025-12-15,2026-05-10,TIJ,MEX,Viva,Price unavailable
2025-12-15,2026-05-10,TIJ,MEX,Aeromexico,R$1094
2025-12-15,2026-05-10,TIJ,MEX,Aeromexico,R$1094
2025-12-15,2026-05-10,TIJ,MEX,Aeromexico,R$1094
2025-12-15,2026-05-10,TIJ,MEX,Viva,Price unavailable
2025-12-15,2026-05-10,TIJ,MEX,Volaris,Price unavailable
2025-12-15,2026-05-10,TIJ,MEX,Volaris,Price unavailable
2025-12-15,2026-05-10,TIJ,MEX,Viva,Price unavailable
2025-12-15,2026-05-10,TIJ,MEX,Aeromexico,R$955
2025-12-15,2026-05-10,TIJ,MEX,Aeromexico,R$955
2025-12-15,2026-05-10,TIJ,MEX,Aeromexico,R$990
2025-12-15,2026-05-10,TIJ,MEX,Aeromexico,R$990
2025-12-15,2026-05-10,TIJ,MEX,Volaris,Price unavailable
2025-12-15,2026-05-10,TIJ,MEX,Aeromexico,R$1094
2025-12-15,2026-05-10,TIJ,MEX,Aeromexico,R$1094
2025-12-15,2026-05-10,TIJ,MEX,Aeromexico,R$1094
2025-12-15,2026-05-10,TIJ,MEX,Viva,Price unavailable
2025-12-15,2026-05-10,TIJ,MEX,Volaris,Price unavailable
2025-12-15,2026-05-10,TIJ,MEX,Volaris,Price unavailable
2025-12-15,2026-05-10,TIJ,MEX,Viva,Price unavailable
2025-12-15,2026-05-11,TIJ,MEX,Aeromexico,R$955
2025-12-15,2026-05-11,TIJ,MEX,Aeromexico,R$955
2025-12-15,2026-05-11,TIJ,MEX,Aeromexico,R$990
2025-12-15,2026-05-11,TIJ,MEX,Aeromexico,R$990
2025-12-15,2026-05-11,TIJ,MEX,Volaris,Price unavailable
2025-12-15,2026-05-11,TIJ,MEX,Viva,Price unavailable
2025-12-15,2026-05-11,TIJ,MEX,Aeromexico,R$955
2025-12-15,2026-05-11,TIJ,MEX,Aeromexico,R$955
2025-12-15,2026-05-11,TIJ,MEX,Aeromexico,R$955
2025-12-15,2026-05-11,TIJ,MEX,Aeromexico,R$990
2025-12-15,2026-05-11,TIJ,MEX,Viva,Price unavailable
2025-12-15,2026-05-11,TIJ,MEX,Volaris,Price unavailable
2025-12-15,2026-05-11,TIJ,MEX,Volaris,Price unavailable
2025-12-15,2026-05-11,TIJ,MEX,Viva,Price unavailable
2025-12-15,2026-05-11,TIJ,MEX,Aeromexico,R$955
2025-12-15,2026-05-11,TIJ,MEX,Aeromexico,R$955
2025-12-15,2026-05-11,TIJ,MEX,Aeromexico,R$990
2025-12-15,2026-05-11,TIJ,MEX,Aeromexico,R$990
2025-12-15,2026-05-11,TIJ,MEX,Volaris,Price unavailable
2025-12-15,2026-05-11,TIJ,MEX,Aeromexico,R$955
2025-12-15,2026-05-11,TIJ,MEX,Aeromexico,R$955
2025-12-15,2026-05-11,TIJ,MEX,Aeromexico,R$955
2025-12-15,2026-05-11,TIJ,MEX,Aeromexico,R$990
2025-12-15,2026-05-11,TIJ,MEX,Viva,Price unavailable
2025-12-15,2026-05-11,TIJ,MEX,Volaris,Price unavailable
2025-12-15,2026-05-11,TIJ,MEX,Volaris,Price unavailable
2025-12-15,2026-05-11,TIJ,MEX,Viva,Price unavailable
2025-12-15,2026-05-12,TIJ,MEX,Aeromexico,R$955
2025-12-15,2026-05-12,TIJ,MEX,Aeromexico,R$955
2025-12-15,2026-05-12,TIJ,MEX,Aeromexico,R$955
2025-12-15,2026-05-12,TIJ,MEX,Aeromexico,R$955
2025-12-15,2026-05-12,TIJ,MEX,Aeromexico,R$955
2025-12-15,2026-05-12,TIJ,MEX,Volaris,Price unavailable
2025-12-15,2026-05-12,TIJ,MEX,Viva,Price unavailable
2025-12-15,2026-05-12,TIJ,MEX,Aeromexico,R$955
2025-12-15,2026-05-12,TIJ,MEX,Aeromexico,R$955
2025-12-15,2026-05-12,TIJ,MEX,Aeromexico,R$955
2025-12-15,2026-05-12,TIJ,MEX,Viva,Price unavailable
2025-12-15,2026-05-12,TIJ,MEX,Volaris,Price unavailable
2025-12-15,2026-05-12,TIJ,MEX,Volaris,Price unavailable
2025-12-15,2026-05-12,TIJ,MEX,Viva,Price unavailable
2025-12-15,2026-05-12,TIJ,MEX,Aeromexico,R$955
2025-12-15,2026-05-12,TIJ,MEX,Aeromexico,R$955
2025-12-15,2026-05-12,TIJ,MEX,Aeromexico,R$955
2025-12-15,2026-05-12,TIJ,MEX,Aeromexico,R$955
2025-12-15,2026-05-12,TIJ,MEX,Aeromexico,R$955
2025-12-15,2026-05-12,TIJ,MEX,Volaris,Price unavailable
2025-12-15,2026-05-12,TIJ,MEX,Aeromexico,R$955
2025-12-15,2026-05-12,TIJ,MEX,Aeromexico,R$955
2025-12-15,2026-05-12,TIJ,MEX,Aeromexico,R$955
2025-12-15,2026-05-12,TIJ,MEX,Viva,Price unavailable
2025-12-15,2026-05-12,TIJ,MEX,Volaris,Price unavailable
2025-12-15,2026-05-12,TIJ,MEX,Volaris,Price unavailable
2025-12-15,2026-05-12,TIJ,MEX,Viva,Price unavailable
2025-12-15,2026-05-13,TIJ,MEX,Aeromexico,R$955
2025-12-15,2026-05-13,TIJ,MEX,Aeromexico,R$955
2025-12-15,2026-05-13,TIJ,MEX,Aeromexico,R$955
2025-12-15,2026-05-13,TIJ,MEX,Aeromexico,R$955
2025-12-15,2026-05-13,TIJ,MEX,Aeromexico,R$955
2025-12-15,2026-05-13,TIJ,MEX,Volaris,Price unavailable
2025-12-15,2026-05-13,TIJ,MEX,Viva,Price unavailable
2025-12-15,2026-05-13,TIJ,MEX,Aeromexico,R$955
2025-12-15,2026-05-13,TIJ,MEX,Aeromexico,R$990
2025-12-15,2026-05-13,TIJ,MEX,Aeromexico,R$990
2025-12-15,2026-05-13,TIJ,MEX,Viva,Price unavailable
2025-12-15,2026-05-13,TIJ,MEX,Volaris,Price unavailable
2025-12-15,2026-05-13,TIJ,MEX,Volaris,Price unavailable
2025-12-15,2026-05-13,TIJ,MEX,Viva,Price unavailable
2025-12-15,2026-05-13,TIJ,MEX,Aeromexico,R$955
2025-12-15,2026-05-13,TIJ,MEX,Aeromexico,R$955
2025-12-15,2026-05-13,TIJ,MEX,Aeromexico,R$955
2025-12-15,2026-05-13,TIJ,MEX,Aeromexico,R$955
2025-12-15,2026-05-13,TIJ,MEX,Aeromexico,R$955
2025-12-15,2026-05-13,TIJ,MEX,Volaris,Price unavailable
2025-12-15,2026-05-13,TIJ,MEX,Aeromexico,R$955
2025-12-15,2026-05-13,TIJ,MEX,Aeromexico,R$990
2025-12-15,2026-05-13,TIJ,MEX,Aeromexico,R$990
2025-12-15,2026-05-13,TIJ,MEX,Viva,Price unavailable
2025-12-15,2026-05-13,TIJ,MEX,Volaris,Price unavailable
2025-12-15,2026-05-13,TIJ,MEX,Volaris,Price unavailable
2025-12-15,2026-05-13,TIJ,MEX,Viva,Price unavailable
2025-12-15,2026-05-14,TIJ,MEX,Aeromexico,R$990
2025-12-15,2026-05-14,TIJ,MEX,Aeromexico,R$1025
2025-12-15,2026-05-14,TIJ,MEX,Aeromexico,R$1025
2025-12-15,2026-05-14,TIJ,MEX,Volaris,Price unavailable
2025-12-15,2026-05-14,TIJ,MEX,Viva,Price unavailable
2025-12-15,2026-05-14,TIJ,MEX,Aeromexico,R$990
2025-12-15,2026-05-14,TIJ,MEX,Aeromexico,R$990
2025-12-15,2026-05-14,TIJ,MEX,Aeromexico,R$1025
2025-12-15,2026-05-14,TIJ,MEX,Aeromexico,R$1060
2025-12-15,2026-05-14,TIJ,MEX,Aeromexico,R$1060
2025-12-15,2026-05-14,TIJ,MEX,Viva,Price unavailable
2025-12-15,2026-05-14,TIJ,MEX,Volaris,Price unavailable
2025-12-15,2026-05-14,TIJ,MEX,Volaris,Price unavailable
2025-12-15,2026-05-14,TIJ,MEX,Viva,Price unavailable
2025-12-15,2026-05-14,TIJ,MEX,Aeromexico,R$990
2025-12-15,2026-05-14,TIJ,MEX,Aeromexico,R$1025
2025-12-15,2026-05-14,TIJ,MEX,Aeromexico,R$1025
2025-12-15,2026-05-14,TIJ,MEX,Volaris,Price unavailable
2025-12-15,2026-05-14,TIJ,MEX,Aeromexico,R$990
2025-12-15,2026-05-14,TIJ,MEX,Aeromexico,R$990
2025-12-15,2026-05-14,TIJ,MEX,Aeromexico,R$1025
2025-12-15,2026-05-14,TIJ,MEX,Aeromexico,R$1060
2025-12-15,2026-05-14,TIJ,MEX,Aeromexico,R$1060
2025-12-15,2026-05-14,TIJ,MEX,Viva,Price unavailable
2025-12-15,2026-05-14,TIJ,MEX,Volaris,Price unavailable
2025-12-15,2026-05-14,TIJ,MEX,Volaris,Price unavailable
2025-12-15,2026-05-14,TIJ,MEX,Viva,Price unavailable
2025-12-15,2026-05-15,TIJ,MEX,Aeromexico,R$1007
2025-12-15,2026-05-15,TIJ,MEX,Aeromexico,R$1007
2025-12-15,2026-05-15,TIJ,MEX,Aeromexico,R$1007
2025-12-15,2026-05-15,TIJ,MEX,Aeromexico,R$1077
2025-12-15,2026-05-15,TIJ,MEX,Aeromexico,R$1077
2025-12-15,2026-05-15,TIJ,MEX,Volaris,Price unavailable
2025-12-15,2026-05-15,TIJ,MEX,Viva,Price unavailable
2025-12-15,2026-05-15,TIJ,MEX,Aeromexico,R$1147
2025-12-15,2026-05-15,TIJ,MEX,Aeromexico,R$1147
2025-12-15,2026-05-15,TIJ,MEX,Aeromexico,R$1147
2025-12-15,2026-05-15,TIJ,MEX,Viva,Price unavailable
2025-12-15,2026-05-15,TIJ,MEX,Volaris,Price unavailable
2025-12-15,2026-05-15,TIJ,MEX,Volaris,Price unavailable
2025-12-15,2026-05-15,TIJ,MEX,Viva,Price unavailable
2025-12-15,2026-05-15,TIJ,MEX,Aeromexico,R$1007
2025-12-15,2026-05-15,TIJ,MEX,Aeromexico,R$1007
2025-12-15,2026-05-15,TIJ,MEX,Aeromexico,R$1007
2025-12-15,2026-05-15,TIJ,MEX,Aeromexico,R$1077
2025-12-15,2026-05-15,TIJ,MEX,Aeromexico,R$1077
2025-12-15,2026-05-15,TIJ,MEX,Volaris,Price unavailable
2025-12-15,2026-05-15,TIJ,MEX,Aeromexico,R$1147
2025-12-15,2026-05-15,TIJ,MEX,Aeromexico,R$1147
2025-12-15,2026-05-15,TIJ,MEX,Aeromexico,R$1147
2025-12-15,2026-05-15,TIJ,MEX,Viva,Price unavailable
2025-12-15,2026-05-15,TIJ,MEX,Volaris,Price unavailable
2025-12-15,2026-05-15,TIJ,MEX,Volaris,Price unavailable
2025-12-15,2026-05-15,TIJ,MEX,Viva,Price unavailable
2025-12-15,2026-05-16,TIJ,MEX,Aeromexico,R$955
2025-12-15,2026-05-16,TIJ,MEX,Aeromexico,R$955
2025-12-15,2026-05-16,TIJ,MEX,Aeromexico,R$955
2025-12-15,2026-05-16,TIJ,MEX,Aeromexico,R$955
2025-12-15,2026-05-16,TIJ,MEX,Aeromexico,R$955
2025-12-15,2026-05-16,TIJ,MEX,Volaris,Price unavailable
2025-12-15,2026-05-16,TIJ,MEX,Viva,Price unavailable
2025-12-15,2026-05-16,TIJ,MEX,Aeromexico,R$955
2025-12-15,2026-05-16,TIJ,MEX,Aeromexico,R$990
2025-12-15,2026-05-16,TIJ,MEX,Viva,Price unavailable
2025-12-15,2026-05-16,TIJ,MEX,Volaris,Price unavailable
2025-12-15,2026-05-16,TIJ,MEX,Volaris,Price unavailable
2025-12-15,2026-05-16,TIJ,MEX,Viva,Price unavailable
2025-12-15,2026-05-16,TIJ,MEX,Aeromexico,R$955
2025-12-15,2026-05-16,TIJ,MEX,Aeromexico,R$955
2025-12-15,2026-05-16,TIJ,MEX,Aeromexico,R$955
2025-12-15,2026-05-16,TIJ,MEX,Aeromexico,R$955
2025-12-15,2026-05-16,TIJ,MEX,Aeromexico,R$955
2025-12-15,2026-05-16,TIJ,MEX,Volaris,Price unavailable
2025-12-15,2026-05-16,TIJ,MEX,Aeromexico,R$955
2025-12-15,2026-05-16,TIJ,MEX,Aeromexico,R$990
2025-12-15,2026-05-16,TIJ,MEX,Viva,Price unavailable
2025-12-15,2026-05-16,TIJ,MEX,Volaris,Price unavailable
2025-12-15,2026-05-16,TIJ,MEX,Volaris,Price unavailable
2025-12-15,2026-05-16,TIJ,MEX,Viva,Price unavailable
2025-12-15,2026-05-10,PVR,MEX,Aeromexico,R$703
2025-12-15,2026-05-10,PVR,MEX,Aeromexico,R$822
2025-12-15,2026-05-10,PVR,MEX,Aeromexico,R$1079
2025-12-15,2026-05-10,PVR,MEX,Aeromexico,R$1219
2025-12-15,2026-05-10,PVR,MEX,Aeromexico,R$1219
2025-12-15,2026-05-10,PVR,MEX,Viva,Price unavailable
2025-12-15,2026-05-10,PVR,MEX,Volaris,Price unavailable
2025-12-15,2026-05-10,PVR,MEX,Viva,Price unavailable
2025-12-15,2026-05-10,PVR,MEX,Aeromexico,R$703
2025-12-15,2026-05-10,PVR,MEX,Aeromexico,R$822
2025-12-15,2026-05-10,PVR,MEX,Aeromexico,R$1079
2025-12-15,2026-05-10,PVR,MEX,Aeromexico,R$1219
2025-12-15,2026-05-10,PVR,MEX,Aeromexico,R$1219
2025-12-15,2026-05-10,PVR,MEX,Viva,Price unavailable
2025-12-15,2026-05-10,PVR,MEX,Viva,Price unavailable
2025-12-15,2026-05-11,PVR,MEX,Aeromexico,R$633
2025-12-15,2026-05-11,PVR,MEX,Aeromexico,R$633
2025-12-15,2026-05-11,PVR,MEX,Aeromexico,R$633
2025-12-15,2026-05-11,PVR,MEX,Aeromexico,R$787
2025-12-15,2026-05-11,PVR,MEX,Aeromexico,R$822
2025-12-15,2026-05-11,PVR,MEX,Viva,Price unavailable
2025-12-15,2026-05-11,PVR,MEX,Volaris,Price unavailable
2025-12-15,2026-05-11,PVR,MEX,Viva,Price unavailable
2025-12-15,2026-05-11,PVR,MEX,Aeromexico,R$633
2025-12-15,2026-05-11,PVR,MEX,Aeromexico,R$633
2025-12-15,2026-05-11,PVR,MEX,Aeromexico,R$633
2025-12-15,2026-05-11,PVR,MEX,Aeromexico,R$787
2025-12-15,2026-05-11,PVR,MEX,Aeromexico,R$822
2025-12-15,2026-05-11,PVR,MEX,Viva,Price unavailable
2025-12-15,2026-05-11,PVR,MEX,Viva,Price unavailable
2025-12-15,2026-05-12,PVR,MEX,Aeromexico,R$633
2025-12-15,2026-05-12,PVR,MEX,Aeromexico,R$633
2025-12-15,2026-05-12,PVR,MEX,Aeromexico,R$633
2025-12-15,2026-05-12,PVR,MEX,Aeromexico,R$633
2025-12-15,2026-05-12,PVR,MEX,Aeromexico,R$633
2025-12-15,2026-05-12,PVR,MEX,Viva,Price unavailable
2025-12-15,2026-05-12,PVR,MEX,Volaris,Price unavailable
2025-12-15,2026-05-12,PVR,MEX,Viva,Price unavailable
2025-12-15,2026-05-12,PVR,MEX,Aeromexico,R$633
2025-12-15,2026-05-12,PVR,MEX,Aeromexico,R$633
2025-12-15,2026-05-12,PVR,MEX,Aeromexico,R$633
2025-12-15,2026-05-12,PVR,MEX,Aeromexico,R$633
2025-12-15,2026-05-12,PVR,MEX,Aeromexico,R$633
2025-12-15,2026-05-12,PVR,MEX,Viva,Price unavailable
2025-12-15,2026-05-12,PVR,MEX,Viva,Price unavailable
2025-12-15,2026-05-13,PVR,MEX,Aeromexico,R$633
2025-12-15,2026-05-13,PVR,MEX,Aeromexico,R$633
2025-12-15,2026-05-13,PVR,MEX,Aeromexico,R$633
2025-12-15,2026-05-13,PVR,MEX,Aeromexico,R$633
2025-12-15,2026-05-13,PVR,MEX,Aeromexico,R$633
2025-12-15,2026-05-13,PVR,MEX,Viva,Price unavailable
2025-12-15,2026-05-13,PVR,MEX,Volaris,Price unavailable
2025-12-15,2026-05-13,PVR,MEX,Viva,Price unavailable
2025-12-15,2026-05-13,PVR,MEX,Aeromexico,R$633
2025-12-15,2026-05-13,PVR,MEX,Aeromexico,R$633
2025-12-15,2026-05-13,PVR,MEX,Aeromexico,R$633
2025-12-15,2026-05-13,PVR,MEX,Aeromexico,R$633
2025-12-15,2026-05-13,PVR,MEX,Aeromexico,R$633
2025-12-15,2026-05-13,PVR,MEX,Viva,Price unavailable
2025-12-15,2026-05-13,PVR,MEX,Viva,Price unavailable
2025-12-15,2026-05-14,PVR,MEX,Aeromexico,R$633
2025-12-15,2026-05-14,PVR,MEX,Aeromexico,R$633
2025-12-15,2026-05-14,PVR,MEX,Aeromexico,R$633
2025-12-15,2026-05-14,PVR,MEX,Aeromexico,R$633
2025-12-15,2026-05-14,PVR,MEX,Aeromexico,R$668
2025-12-15,2026-05-14,PVR,MEX,Viva,Price unavailable
2025-12-15,2026-05-14,PVR,MEX,Volaris,Price unavailable
2025-12-15,2026-05-14,PVR,MEX,Viva,Price unavailable
2025-12-15,2026-05-14,PVR,MEX,Aeromexico,R$633
2025-12-15,2026-05-14,PVR,MEX,Aeromexico,R$633
2025-12-15,2026-05-14,PVR,MEX,Aeromexico,R$633
2025-12-15,2026-05-14,PVR,MEX,Aeromexico,R$633
2025-12-15,2026-05-14,PVR,MEX,Aeromexico,R$668
2025-12-15,2026-05-14,PVR,MEX,Viva,Price unavailable
2025-12-15,2026-05-14,PVR,MEX,Viva,Price unavailable
2025-12-15,2026-05-15,PVR,MEX,Aeromexico,R$633
2025-12-15,2026-05-15,PVR,MEX,Aeromexico,R$633
2025-12-15,2026-05-15,PVR,MEX,Aeromexico,R$633
2025-12-15,2026-05-15,PVR,MEX,Aeromexico,R$668
2025-12-15,2026-05-15,PVR,MEX,Aeromexico,R$1010
2025-12-15,2026-05-15,PVR,MEX,Viva,Price unavailable
2025-12-15,2026-05-15,PVR,MEX,Volaris,Price unavailable
2025-12-15,2026-05-15,PVR,MEX,Viva,Price unavailable
2025-12-15,2026-05-15,PVR,MEX,Aeromexico,R$633
2025-12-15,2026-05-15,PVR,MEX,Aeromexico,R$633
2025-12-15,2026-05-15,PVR,MEX,Aeromexico,R$633
2025-12-15,2026-05-15,PVR,MEX,Aeromexico,R$668
2025-12-15,2026-05-15,PVR,MEX,Aeromexico,R$1010
2025-12-15,2026-05-15,PVR,MEX,Viva,Price unavailable
2025-12-15,2026-05-15,PVR,MEX,Viva,Price unavailable
2025-12-15,2026-05-16,PVR,MEX,Aeromexico,R$633
2025-12-15,2026-05-16,PVR,MEX,Aeromexico,R$633
2025-12-15,2026-05-16,PVR,MEX,Aeromexico,R$668
2025-12-15,2026-05-16,PVR,MEX,Aeromexico,R$773
2025-12-15,2026-05-16,PVR,MEX,Aeromexico,R$773
2025-12-15,2026-05-16,PVR,MEX,Viva,Price unavailable
2025-12-15,2026-05-16,PVR,MEX,Volaris,Price unavailable
2025-12-15,2026-05-16,PVR,MEX,Viva,Price unavailable
2025-12-15,2026-05-16,PVR,MEX,Aeromexico,R$633
2025-12-15,2026-05-16,PVR,MEX,Aeromexico,R$633
2025-12-15,2026-05-16,PVR,MEX,Aeromexico,R$668
2025-12-15,2026-05-16,PVR,MEX,Aeromexico,R$773
2025-12-15,2026-05-16,PVR,MEX,Aeromexico,R$773
2025-12-15,2026-05-16,PVR,MEX,Viva,Price unavailable
2025-12-15,2026-05-16,PVR,MEX,Viva,Price unavailable
2025-12-15,2026-05-10,MEX,IAD,Aeromexico,R$2152
2025-12-15,2026-05-10,MEX,IAD,United,R$2152
2025-12-15,2026-05-10,MEX,IAD,Aeromexico,R$2152
2025-12-15,2026-05-11,MEX,IAD,Aeromexico,R$2040
2025-12-15,2026-05-11,MEX,IAD,United,R$2040
2025-12-15,2026-05-11,MEX,IAD,Aeromexico,R$2040
2025-12-15,2026-05-12,MEX,IAD,Aeromexico,R$2040
2025-12-15,2026-05-12,MEX,IAD,United,R$2040
2025-12-15,2026-05-12,MEX,IAD,Aeromexico,R$2040
2025-12-15,2026-05-13,MEX,IAD,Aeromexico,R$2040
2025-12-15,2026-05-13,MEX,IAD,United,R$2040
2025-12-15,2026-05-13,MEX,IAD,Aeromexico,R$2040
2025-12-15,2026-05-14,MEX,IAD,Aeromexico,R$2040
2025-12-15,2026-05-14,MEX,IAD,United,R$2040
2025-12-15,2026-05-14,MEX,IAD,Aeromexico,R$2040
2025-12-15,2026-05-15,MEX,IAD,Aeromexico,R$2152
2025-12-15,2026-05-15,MEX,IAD,United,R$2152
2025-12-15,2026-05-15,MEX,IAD,Aeromexico,R$2152
2025-12-15,2026-05-16,MEX,IAD,Aeromexico,R$2152
2025-12-15,2026-05-16,MEX,IAD,United,R$2152
2025-12-15,2026-05-16,MEX,IAD,Aeromexico,R$2152
2025-12-15,2026-05-11,ZLO,LAX,Alaska,R$1464
2025-12-15,2026-05-12,ZLO,LAX,Alaska,R$1278
2025-12-15,2026-05-14,ZLO,LAX,Alaska,R$1464
2025-12-15,2026-05-16,ZLO,LAX,Alaska,R$1684
2025-12-15,2026-05-10,MTY,MCO,Viva,Price unavailable
2025-12-15,2026-05-12,MTY,MCO,Viva,Price unavailable
2025-12-15,2026-05-14,MTY,MCO,Viva,Price unavailable
2025-12-15,2026-05-16,MTY,MCO,Viva,Price unavailable
2025-12-15,2026-05-10,SEA,MEX,Aeromexico,R$2553
2025-12-15,2026-05-11,SEA,MEX,Aeromexico,R$2445
2025-12-15,2026-05-12,SEA,MEX,Aeromexico,R$2445
2025-12-15,2026-05-13,SEA,MEX,Aeromexico,R$2445
2025-12-15,2026-05-14,SEA,MEX,Aeromexico,R$2445
2025-12-15,2026-05-15,SEA,MEX,Aeromexico,R$2553
2025-12-15,2026-05-16,SEA,MEX,Aeromexico,R$2553
2025-12-15,2026-05-10,MAD,GDL,Aeromexico,R$5341
2025-12-15,2026-05-11,MAD,GDL,Aeromexico,R$5023
2025-12-15,2026-05-12,MAD,GDL,Aeromexico,R$5023
2025-12-15,2026-05-13,MAD,GDL,Aeromexico,R$5023
2025-12-15,2026-05-14,MAD,GDL,Aeromexico,R$5023
2025-12-15,2026-05-15,MAD,GDL,Aeromexico,R$5341
2025-12-15,2026-05-10,NLU,VER,Aeromexico,R$289
2025-12-15,2026-05-10,NLU,VER,Viva,Price unavailable
2025-12-15,2026-05-10,NLU,VER,Aeromexico,R$289
2025-12-15,2026-05-11,NLU,VER,Aeromexico,R$289
2025-12-15,2026-05-11,NLU,VER,Viva,Price unavailable
2025-12-15,2026-05-11,NLU,VER,Aeromexico,R$289
2025-12-15,2026-05-12,NLU,VER,Aeromexico,R$289
2025-12-15,2026-05-12,NLU,VER,Viva,Price unavailable
2025-12-15,2026-05-12,NLU,VER,Aeromexico,R$289
2025-12-15,2026-05-13,NLU,VER,Aeromexico,R$289
2025-12-15,2026-05-13,NLU,VER,Viva,Price unavailable
2025-12-15,2026-05-13,NLU,VER,Aeromexico,R$289
2025-12-15,2026-05-14,NLU,VER,Aeromexico,R$289
2025-12-15,2026-05-14,NLU,VER,Viva,Price unavailable
2025-12-15,2026-05-14,NLU,VER,Aeromexico,R$289
2025-12-15,2026-05-15,NLU,VER,Aeromexico,R$289
2025-12-15,2026-05-15,NLU,VER,Viva,Price unavailable
2025-12-15,2026-05-15,NLU,VER,Aeromexico,R$289
2025-12-15,2026-05-16,NLU,VER,Aeromexico,R$289
2025-12-15,2026-05-16,NLU,VER,Viva,Price unavailable
2025-12-15,2026-05-16,NLU,VER,Aeromexico,R$289
2025-12-15,2026-05-10,PTY,MEX,Aeromexico,R$2832
2025-12-15,2026-05-10,PTY,MEX,COPA,R$2849
2025-12-15,2026-05-10,PTY,MEX,COPA,R$2849
2025-12-15,2026-05-10,PTY,MEX,COPA,R$2849
2025-12-15,2026-05-10,PTY,MEX,COPA,R$2849
2025-12-15,2026-05-10,PTY,MEX,COPA,R$2849
2025-12-15,2026-05-10,PTY,MEX,COPA,R$2849
2025-12-15,2026-05-10,PTY,MEX,COPA,R$2849
2025-12-15,2026-05-10,PTY,MEX,COPA,R$2849
2025-12-15,2026-05-11,PTY,MEX,Aeromexico,R$2832
2025-12-15,2026-05-11,PTY,MEX,COPA,R$2849
2025-12-15,2026-05-11,PTY,MEX,COPA,R$2849
2025-12-15,2026-05-11,PTY,MEX,COPA,R$2849
2025-12-15,2026-05-11,PTY,MEX,COPA,R$2849
2025-12-15,2026-05-11,PTY,MEX,COPA,R$2849
2025-12-15,2026-05-11,PTY,MEX,Aeromexico,R$2832
2025-12-15,2026-05-11,PTY,MEX,COPA,R$2849
2025-12-15,2026-05-11,PTY,MEX,COPA,R$2849
2025-12-15,2026-05-11,PTY,MEX,COPA,R$2849
2025-12-15,2026-05-11,PTY,MEX,COPA,R$2849
2025-12-15,2026-05-12,PTY,MEX,Aeromexico,R$2832
2025-12-15,2026-05-12,PTY,MEX,COPA,R$2849
2025-12-15,2026-05-12,PTY,MEX,COPA,R$2849
2025-12-15,2026-05-12,PTY,MEX,COPA,R$2849
2025-12-15,2026-05-12,PTY,MEX,COPA,R$2849
2025-12-15,2026-05-12,PTY,MEX,Aeromexico,R$2832
2025-12-15,2026-05-12,PTY,MEX,COPA,R$2849
2025-12-15,2026-05-12,PTY,MEX,COPA,R$2849
2025-12-15,2026-05-12,PTY,MEX,COPA,R$2849
2025-12-15,2026-05-13,PTY,MEX,Aeromexico,R$2832
2025-12-15,2026-05-13,PTY,MEX,COPA,R$2849
2025-12-15,2026-05-13,PTY,MEX,COPA,R$2849
2025-12-15,2026-05-13,PTY,MEX,COPA,R$2849
2025-12-15,2026-05-13,PTY,MEX,COPA,R$2849
2025-12-15,2026-05-13,PTY,MEX,Aeromexico,R$2832
2025-12-15,2026-05-13,PTY,MEX,COPA,R$2849
2025-12-15,2026-05-13,PTY,MEX,COPA,R$2849
2025-12-15,2026-05-13,PTY,MEX,COPA,R$2849
2025-12-15,2026-05-14,PTY,MEX,Aeromexico,R$2832
2025-12-15,2026-05-14,PTY,MEX,COPA,R$2849
2025-12-15,2026-05-14,PTY,MEX,COPA,R$2849
2025-12-15,2026-05-14,PTY,MEX,COPA,R$2849
2025-12-15,2026-05-14,PTY,MEX,COPA,R$2849
2025-12-15,2026-05-14,PTY,MEX,Aeromexico,R$2832
2025-12-15,2026-05-14,PTY,MEX,COPA,R$2849
2025-12-15,2026-05-14,PTY,MEX,COPA,R$2849
2025-12-15,2026-05-14,PTY,MEX,COPA,R$2849
2025-12-15,2026-05-15,PTY,MEX,Aeromexico,R$2832
2025-12-15,2026-05-15,PTY,MEX,COPA,R$2849
2025-12-15,2026-05-15,PTY,MEX,COPA,R$2849
2025-12-15,2026-05-15,PTY,MEX,COPA,R$2849
2025-12-15,2026-05-15,PTY,MEX,COPA,R$2849
2025-12-15,2026-05-15,PTY,MEX,Aeromexico,R$2832
2025-12-15,2026-05-15,PTY,MEX,COPA,R$2849
2025-12-15,2026-05-15,PTY,MEX,COPA,R$2849
2025-12-15,2026-05-15,PTY,MEX,COPA,R$2849
2025-12-15,2026-05-16,PTY,MEX,COPA,R$2849
2025-12-15,2026-05-16,PTY,MEX,COPA,R$2849
2025-12-15,2026-05-16,PTY,MEX,COPA,R$2849
2025-12-15,2026-05-16,PTY,MEX,COPA,R$2849
2025-12-15,2026-05-16,PTY,MEX,COPA,R$2849
2025-12-15,2026-05-16,PTY,MEX,COPA,R$2849
2025-12-15,2026-05-16,PTY,MEX,COPA,R$2849
2025-12-15,2026-05-16,PTY,MEX,COPA,R$2849
2025-12-15,2026-05-16,PTY,MEX,COPA,R$2849
2025-12-15,2026-05-16,PTY,MEX,COPA,R$2849
2025-12-15,2026-05-16,PTY,MEX,COPA,R$2849
2025-12-15,2026-05-16,PTY,MEX,COPA,R$2849
2025-12-15,2026-05-16,PTY,MEX,COPA,R$2849
2025-12-15,2026-05-10,PXM,MEX,Aeromexico,R$1009
2025-12-15,2026-05-10,PXM,MEX,Volaris,Price unavailable
2025-12-15,2026-05-10,PXM,MEX,Viva,Price unavailable
2025-12-15,2026-05-10,PXM,MEX,Viva,Price unavailable
2025-12-15,2026-05-10,PXM,MEX,Aeromexico,R$1009
2025-12-15,2026-05-10,PXM,MEX,Volaris,Price unavailable
2025-12-15,2026-05-10,PXM,MEX,Viva,Price unavailable
2025-12-15,2026-05-11,PXM,MEX,Aeromexico,R$596
2025-12-15,2026-05-11,PXM,MEX,Volaris,Price unavailable
2025-12-15,2026-05-11,PXM,MEX,Viva,Price unavailable
2025-12-15,2026-05-11,PXM,MEX,Viva,Price unavailable
2025-12-15,2026-05-11,PXM,MEX,Aeromexico,R$596
2025-12-15,2026-05-11,PXM,MEX,Volaris,Price unavailable
2025-12-15,2026-05-11,PXM,MEX,Viva,Price unavailable
2025-12-15,2026-05-12,PXM,MEX,Aeromexico,R$561
2025-12-15,2026-05-12,PXM,MEX,Volaris,Price unavailable
2025-12-15,2026-05-12,PXM,MEX,Viva,Price unavailable
2025-12-15,2026-05-12,PXM,MEX,Viva,Price unavailable
2025-12-15,2026-05-12,PXM,MEX,Aeromexico,R$561
2025-12-15,2026-05-12,PXM,MEX,Volaris,Price unavailable
2025-12-15,2026-05-12,PXM,MEX,Viva,Price unavailable
2025-12-15,2026-05-13,PXM,MEX,Aeromexico,R$561
2025-12-15,2026-05-13,PXM,MEX,Volaris,Price unavailable
2025-12-15,2026-05-13,PXM,MEX,Viva,Price unavailable
2025-12-15,2026-05-13,PXM,MEX,Viva,Price unavailable
2025-12-15,2026-05-13,PXM,MEX,Aeromexico,R$561
2025-12-15,2026-05-13,PXM,MEX,Volaris,Price unavailable
2025-12-15,2026-05-13,PXM,MEX,Viva,Price unavailable
2025-12-15,2026-05-14,PXM,MEX,Aeromexico,R$561
2025-12-15,2026-05-14,PXM,MEX,Volaris,Price unavailable
2025-12-15,2026-05-14,PXM,MEX,Viva,Price unavailable
2025-12-15,2026-05-14,PXM,MEX,Viva,Price unavailable
2025-12-15,2026-05-14,PXM,MEX,Aeromexico,R$561
2025-12-15,2026-05-14,PXM,MEX,Volaris,Price unavailable
2025-12-15,2026-05-14,PXM,MEX,Viva,Price unavailable
2025-12-15,2026-05-15,PXM,MEX,Aeromexico,R$561
2025-12-15,2026-05-15,PXM,MEX,Volaris,Price unavailable
2025-12-15,2026-05-15,PXM,MEX,Viva,Price unavailable
2025-12-15,2026-05-15,PXM,MEX,Viva,Price unavailable
2025-12-15,2026-05-15,PXM,MEX,Aeromexico,R$561
2025-12-15,2026-05-15,PXM,MEX,Volaris,Price unavailable
2025-12-15,2026-05-15,PXM,MEX,Viva,Price unavailable
2025-12-15,2026-05-16,PXM,MEX,Aeromexico,R$561
2025-12-15,2026-05-16,PXM,MEX,Volaris,Price unavailable
2025-12-15,2026-05-16,PXM,MEX,Viva,Price unavailable
2025-12-15,2026-05-16,PXM,MEX,Viva,Price unavailable
2025-12-15,2026-05-16,PXM,MEX,Aeromexico,R$561
2025-12-15,2026-05-16,PXM,MEX,Volaris,Price unavailable
2025-12-15,2026-05-16,PXM,MEX,Viva,Price unavailable
2025-12-15,2026-05-10,ACA,MEX,Aeromexico,R$1111
2025-12-15,2026-05-10,ACA,MEX,Aeromexico,R$1241
2025-12-15,2026-05-10,ACA,MEX,Volaris,Price unavailable
2025-12-15,2026-05-10,ACA,MEX,Aeromexico,R$1111
2025-12-15,2026-05-10,ACA,MEX,Aeromexico,R$1241
2025-12-15,2026-05-11,ACA,MEX,Aeromexico,R$503
2025-12-15,2026-05-11,ACA,MEX,Aeromexico,R$607
2025-12-15,2026-05-11,ACA,MEX,Volaris,Price unavailable
2025-12-15,2026-05-11,ACA,MEX,Aeromexico,R$503
2025-12-15,2026-05-11,ACA,MEX,Aeromexico,R$607
2025-12-15,2026-05-12,ACA,MEX,Aeromexico,R$468
2025-12-15,2026-05-12,ACA,MEX,Aeromexico,R$607
2025-12-15,2026-05-12,ACA,MEX,Volaris,Price unavailable
2025-12-15,2026-05-12,ACA,MEX,Aeromexico,R$468
2025-12-15,2026-05-12,ACA,MEX,Aeromexico,R$607
2025-12-15,2026-05-13,ACA,MEX,Aeromexico,R$468
2025-12-15,2026-05-13,ACA,MEX,Aeromexico,R$503
2025-12-15,2026-05-13,ACA,MEX,Volaris,Price unavailable
2025-12-15,2026-05-13,ACA,MEX,Aeromexico,R$468
2025-12-15,2026-05-13,ACA,MEX,Aeromexico,R$503
2025-12-15,2026-05-14,ACA,MEX,Aeromexico,R$468
2025-12-15,2026-05-14,ACA,MEX,Aeromexico,R$572
2025-12-15,2026-05-14,ACA,MEX,Volaris,Price unavailable
2025-12-15,2026-05-14,ACA,MEX,Aeromexico,R$468
2025-12-15,2026-05-14,ACA,MEX,Aeromexico,R$572
2025-12-15,2026-05-15,ACA,MEX,Aeromexico,R$468
2025-12-15,2026-05-15,ACA,MEX,Aeromexico,R$503
2025-12-15,2026-05-15,ACA,MEX,Volaris,Price unavailable
2025-12-15,2026-05-15,ACA,MEX,Aeromexico,R$468
2025-12-15,2026-05-15,ACA,MEX,Aeromexico,R$503
2025-12-15,2026-05-16,ACA,MEX,Aeromexico,R$468
2025-12-15,2026-05-16,ACA,MEX,Aeromexico,R$468
2025-12-15,2026-05-16,ACA,MEX,Volaris,Price unavailable
2025-12-15,2026-05-16,ACA,MEX,Aeromexico,R$468
2025-12-15,2026-05-16,ACA,MEX,Aeromexico,R$468
2025-12-15,2026-05-10,MCO,GDL,Volaris,Price unavailable
2025-12-15,2026-05-11,MCO,GDL,Volaris,Price unavailable
2025-12-15,2026-05-14,MCO,GDL,Volaris,Price unavailable
2025-12-15,2026-05-15,MCO,GDL,Volaris,Price unavailable
2025-12-15,2026-05-16,MCO,GDL,Volaris,Price unavailable
2025-12-15,2026-05-10,NRT,MEX,ANA,R$11141
2025-12-15,2026-05-10,NRT,MEX,Aeromexico,R$12009
2025-12-15,2026-05-10,NRT,MEX,ANA,R$11141
2025-12-15,2026-05-11,NRT,MEX,ANA,R$11141
2025-12-15,2026-05-11,NRT,MEX,Aeromexico,R$11657
2025-12-15,2026-05-11,NRT,MEX,ANA,R$11141
2025-12-15,2026-05-12,NRT,MEX,ANA,R$10165
2025-12-15,2026-05-12,NRT,MEX,Aeromexico,R$11657
2025-12-15,2026-05-12,NRT,MEX,ANA,R$10165
2025-12-15,2026-05-13,NRT,MEX,ANA,R$10165
2025-12-15,2026-05-13,NRT,MEX,Aeromexico,R$11657
2025-12-15,2026-05-13,NRT,MEX,ANA,R$10165
2025-12-15,2026-05-14,NRT,MEX,ANA,R$10165
2025-12-15,2026-05-14,NRT,MEX,Aeromexico,R$11657
2025-12-15,2026-05-14,NRT,MEX,ANA,R$10165
2025-12-15,2026-05-15,NRT,MEX,ANA,R$10165
2025-12-15,2026-05-15,NRT,MEX,Aeromexico,R$11657
2025-12-15,2026-05-15,NRT,MEX,ANA,R$10165
2025-12-15,2026-05-16,NRT,MEX,ANA,R$11141
2025-12-15,2026-05-16,NRT,MEX,Aeromexico,R$12009
2025-12-15,2026-05-16,NRT,MEX,ANA,R$11141
2025-12-15,2026-05-10,MEX,FCO,Aeromexico,R$9395
2025-12-15,2026-05-11,MEX,FCO,Aeromexico,R$9395
2025-12-15,2026-05-12,MEX,FCO,Aeromexico,R$9395
2025-12-15,2026-05-13,MEX,FCO,Aeromexico,R$8830
2025-12-15,2026-05-14,MEX,FCO,Aeromexico,R$8971
2025-12-15,2026-05-15,MEX,FCO,Aeromexico,R$8971
2025-12-15,2026-05-16,MEX,FCO,Aeromexico,R$8971
2025-12-15,2026-05-10,LIM,MEX,Aeromexico,R$2485
2025-12-15,2026-05-10,LIM,MEX,LATAM,R$2568
2025-12-15,2026-05-10,LIM,MEX,Volaris,Price unavailable
2025-12-15,2026-05-10,LIM,MEX,Aeromexico,R$2485
2025-12-15,2026-05-10,LIM,MEX,LATAM,R$2568
2025-12-15,2026-05-11,LIM,MEX,Aeromexico,R$2485
2025-12-15,2026-05-11,LIM,MEX,LATAM,R$2568
2025-12-15,2026-05-11,LIM,MEX,Volaris,Price unavailable
2025-12-15,2026-05-11,LIM,MEX,Aeromexico,R$2485
2025-12-15,2026-05-11,LIM,MEX,LATAM,R$2568
2025-12-15,2026-05-12,LIM,MEX,Aeromexico,R$2485
2025-12-15,2026-05-12,LIM,MEX,LATAM,R$2485
2025-12-15,2026-05-12,LIM,MEX,Volaris,Price unavailable
2025-12-15,2026-05-12,LIM,MEX,Aeromexico,R$2485
2025-12-15,2026-05-12,LIM,MEX,LATAM,R$2485
2025-12-15,2026-05-13,LIM,MEX,Aeromexico,R$2485
2025-12-15,2026-05-13,LIM,MEX,LATAM,R$2485
2025-12-15,2026-05-13,LIM,MEX,Volaris,Price unavailable
2025-12-15,2026-05-13,LIM,MEX,Aeromexico,R$2485
2025-12-15,2026-05-13,LIM,MEX,LATAM,R$2485
2025-12-15,2026-05-14,LIM,MEX,Aeromexico,R$2485
2025-12-15,2026-05-14,LIM,MEX,LATAM,R$2485
2025-12-15,2026-05-14,LIM,MEX,Volaris,Price unavailable
2025-12-15,2026-05-14,LIM,MEX,Aeromexico,R$2485
2025-12-15,2026-05-14,LIM,MEX,LATAM,R$2485
2025-12-15,2026-05-15,LIM,MEX,LATAM,R$2485
2025-12-15,2026-05-15,LIM,MEX,Aeromexico,R$3316
2025-12-15,2026-05-15,LIM,MEX,Volaris,Price unavailable
2025-12-15,2026-05-15,LIM,MEX,LATAM,R$2485
2025-12-15,2026-05-15,LIM,MEX,Aeromexico,R$3316
2025-12-15,2026-05-16,LIM,MEX,LATAM,R$2485
2025-12-15,2026-05-16,LIM,MEX,Aeromexico,R$3316
2025-12-15,2026-05-16,LIM,MEX,Volaris,Price unavailable
2025-12-15,2026-05-16,LIM,MEX,LATAM,R$2485
2025-12-15,2026-05-16,LIM,MEX,Aeromexico,R$3316
2025-12-15,2026-05-10,SLP,MEX,Aeromexico,R$912
2025-12-15,2026-05-10,SLP,MEX,Aeromexico,R$912
2025-12-15,2026-05-10,SLP,MEX,Aeromexico,R$912
2025-12-15,2026-05-10,SLP,MEX,Aeromexico,R$912
2025-12-15,2026-05-10,SLP,MEX,Aeromexico,R$912
2025-12-15,2026-05-10,SLP,MEX,Aeromexico,R$912
2025-12-15,2026-05-10,SLP,MEX,Aeromexico,R$912
2025-12-15,2026-05-11,SLP,MEX,Aeromexico,R$912
2025-12-15,2026-05-11,SLP,MEX,Aeromexico,R$912
2025-12-15,2026-05-11,SLP,MEX,Aeromexico,R$912
2025-12-15,2026-05-11,SLP,MEX,Aeromexico,R$912
2025-12-15,2026-05-11,SLP,MEX,Aeromexico,R$912
2025-12-15,2026-05-11,SLP,MEX,Aeromexico,R$912
2025-12-15,2026-05-11,SLP,MEX,Aeromexico,R$912
2025-12-15,2026-05-12,SLP,MEX,Aeromexico,R$912
2025-12-15,2026-05-12,SLP,MEX,Aeromexico,R$912
2025-12-15,2026-05-12,SLP,MEX,Aeromexico,R$912
2025-12-15,2026-05-12,SLP,MEX,Aeromexico,R$912
2025-12-15,2026-05-12,SLP,MEX,Aeromexico,R$912
2025-12-15,2026-05-12,SLP,MEX,Aeromexico,R$912
2025-12-15,2026-05-12,SLP,MEX,Aeromexico,R$912
2025-12-15,2026-05-13,SLP,MEX,Aeromexico,R$912
2025-12-15,2026-05-13,SLP,MEX,Aeromexico,R$912
2025-12-15,2026-05-13,SLP,MEX,Aeromexico,R$912
2025-12-15,2026-05-13,SLP,MEX,Aeromexico,R$947
2025-12-15,2026-05-13,SLP,MEX,Aeromexico,R$912
2025-12-15,2026-05-13,SLP,MEX,Aeromexico,R$912
2025-12-15,2026-05-13,SLP,MEX,Aeromexico,R$947
2025-12-15,2026-05-14,SLP,MEX,Aeromexico,R$947
2025-12-15,2026-05-14,SLP,MEX,Aeromexico,R$947
2025-12-15,2026-05-14,SLP,MEX,Aeromexico,R$947
2025-12-15,2026-05-14,SLP,MEX,Aeromexico,R$1087
2025-12-15,2026-05-14,SLP,MEX,Aeromexico,R$947
2025-12-15,2026-05-14,SLP,MEX,Aeromexico,R$947
2025-12-15,2026-05-14,SLP,MEX,Aeromexico,R$1087
2025-12-15,2026-05-15,SLP,MEX,Aeromexico,R$965
2025-12-15,2026-05-15,SLP,MEX,Aeromexico,R$1000
2025-12-15,2026-05-15,SLP,MEX,Aeromexico,R$1069
2025-12-15,2026-05-15,SLP,MEX,Aeromexico,R$1104
2025-12-15,2026-05-15,SLP,MEX,Aeromexico,R$965
2025-12-15,2026-05-15,SLP,MEX,Aeromexico,R$1069
2025-12-15,2026-05-15,SLP,MEX,Aeromexico,R$1104
2025-12-15,2026-05-16,SLP,MEX,Aeromexico,R$912
2025-12-15,2026-05-16,SLP,MEX,Aeromexico,R$912
2025-12-15,2026-05-16,SLP,MEX,Aeromexico,R$912
2025-12-15,2026-05-16,SLP,MEX,Aeromexico,R$912
2025-12-15,2026-05-16,SLP,MEX,Aeromexico,R$912
2025-12-15,2026-05-16,SLP,MEX,Aeromexico,R$912
2025-12-15,2026-05-16,SLP,MEX,Aeromexico,R$912
2025-12-15,2026-05-10,MEX,PHL,Aeromexico,R$2192
2025-12-15,2026-05-11,MEX,PHL,Aeromexico,R$2079
2025-12-15,2026-05-12,MEX,PHL,Aeromexico,R$2079
2025-12-15,2026-05-13,MEX,PHL,Aeromexico,R$2079
2025-12-15,2026-05-14,MEX,PHL,Aeromexico,R$2079
2025-12-15,2026-05-15,MEX,PHL,Aeromexico,R$2191
2025-12-15,2026-05-16,MEX,PHL,Aeromexico,R$2192
2025-12-15,2026-05-10,LAS,GDL,Volaris,Price unavailable
2025-12-15,2026-05-10,LAS,GDL,Viva,Price unavailable
2025-12-15,2026-05-10,LAS,GDL,Volaris,Price unavailable
2025-12-15,2026-05-10,LAS,GDL,Volaris,Price unavailable
2025-12-15,2026-05-10,LAS,GDL,Viva,Price unavailable
2025-12-15,2026-05-11,LAS,GDL,Volaris,Price unavailable
2025-12-15,2026-05-11,LAS,GDL,Viva,Price unavailable
2025-12-15,2026-05-11,LAS,GDL,Volaris,Price unavailable
2025-12-15,2026-05-11,LAS,GDL,Volaris,Price unavailable
2025-12-15,2026-05-11,LAS,GDL,Viva,Price unavailable
2025-12-15,2026-05-12,LAS,GDL,Volaris,Price unavailable
2025-12-15,2026-05-12,LAS,GDL,Volaris,Price unavailable
2025-12-15,2026-05-12,LAS,GDL,Volaris,Price unavailable
2025-12-15,2026-05-13,LAS,GDL,Volaris,Price unavailable
2025-12-15,2026-05-13,LAS,GDL,Volaris,Price unavailable
2025-12-15,2026-05-13,LAS,GDL,Volaris,Price unavailable
2025-12-15,2026-05-14,LAS,GDL,Volaris,Price unavailable
2025-12-15,2026-05-14,LAS,GDL,Viva,Price unavailable
2025-12-15,2026-05-14,LAS,GDL,Volaris,Price unavailable
2025-12-15,2026-05-14,LAS,GDL,Volaris,Price unavailable
2025-12-15,2026-05-14,LAS,GDL,Viva,Price unavailable
2025-12-15,2026-05-15,LAS,GDL,Volaris,Price unavailable
2025-12-15,2026-05-15,LAS,GDL,Viva,Price unavailable
2025-12-15,2026-05-15,LAS,GDL,Volaris,Price unavailable
2025-12-15,2026-05-15,LAS,GDL,Volaris,Price unavailable
2025-12-15,2026-05-15,LAS,GDL,Viva,Price unavailable
2025-12-15,2026-05-16,LAS,GDL,Volaris,Price unavailable
2025-12-15,2026-05-16,LAS,GDL,Volaris,Price unavailable
2025-12-15,2026-05-16,LAS,GDL,Volaris,Price unavailable
2025-12-15,2026-05-10,MEX,SLC,Delta,R$2445
2025-12-15,2026-05-11,MEX,SLC,Delta,R$2333
2025-12-15,2026-05-12,MEX,SLC,Delta,R$2333
2025-12-15,2026-05-13,MEX,SLC,Delta,R$2333
2025-12-15,2026-05-14,MEX,SLC,Delta,R$2333
2025-12-15,2026-05-15,MEX,SLC,Delta,R$2445
2025-12-15,2026-05-16,MEX,SLC,Delta,R$2445
2025-12-15,2026-05-10,CUN,MEX,Aeromexico,R$760
2025-12-15,2026-05-10,CUN,MEX,Aeromexico,R$760
2025-12-15,2026-05-10,CUN,MEX,Aeromexico,R$760
2025-12-15,2026-05-10,CUN,MEX,Viva,Price unavailable
2025-12-15,2026-05-10,CUN,MEX,Volaris,Price unavailable
2025-12-15,2026-05-10,CUN,MEX,Aeromexico,R$925
2025-12-15,2026-05-10,CUN,MEX,Aeromexico,R$925
2025-12-15,2026-05-10,CUN,MEX,Aeromexico,R$1064
2025-12-15,2026-05-10,CUN,MEX,Aeromexico,R$1064
2025-12-15,2026-05-10,CUN,MEX,Aeromexico,R$1064
2025-12-15,2026-05-10,CUN,MEX,Aeromexico,R$1064
2025-12-15,2026-05-10,CUN,MEX,Aeromexico,R$1064
2025-12-15,2026-05-10,CUN,MEX,Aeromexico,R$1064
2025-12-15,2026-05-10,CUN,MEX,Aeromexico,R$1152
2025-12-15,2026-05-10,CUN,MEX,Aeromexico,R$1152
2025-12-15,2026-05-10,CUN,MEX,Aeromexico,R$1658
2025-12-15,2026-05-10,CUN,MEX,Viva,Price unavailable
2025-12-15,2026-05-10,CUN,MEX,Volaris,Price unavailable
2025-12-15,2026-05-10,CUN,MEX,Viva,Price unavailable
2025-12-15,2026-05-10,CUN,MEX,Viva,Price unavailable
2025-12-15,2026-05-10,CUN,MEX,Volaris,Price unavailable
2025-12-15,2026-05-10,CUN,MEX,Viva,Price unavailable
2025-12-15,2026-05-10,CUN,MEX,Viva,Price unavailable
2025-12-15,2026-05-10,CUN,MEX,Aeromexico,R$760
2025-12-15,2026-05-10,CUN,MEX,Aeromexico,R$760
2025-12-15,2026-05-10,CUN,MEX,Aeromexico,R$760
2025-12-15,2026-05-10,CUN,MEX,Viva,Price unavailable
2025-12-15,2026-05-10,CUN,MEX,Aeromexico,R$925
2025-12-15,2026-05-10,CUN,MEX,Aeromexico,R$925
2025-12-15,2026-05-10,CUN,MEX,Aeromexico,R$1064
2025-12-15,2026-05-10,CUN,MEX,Aeromexico,R$1064
2025-12-15,2026-05-10,CUN,MEX,Aeromexico,R$1064
2025-12-15,2026-05-10,CUN,MEX,Aeromexico,R$1064
2025-12-15,2026-05-10,CUN,MEX,Aeromexico,R$1064
2025-12-15,2026-05-10,CUN,MEX,Aeromexico,R$1064
2025-12-15,2026-05-10,CUN,MEX,Aeromexico,R$1152
2025-12-15,2026-05-10,CUN,MEX,Aeromexico,R$1152
2025-12-15,2026-05-10,CUN,MEX,Aeromexico,R$1658
2025-12-15,2026-05-10,CUN,MEX,Viva,Price unavailable
2025-12-15,2026-05-10,CUN,MEX,Volaris,Price unavailable
2025-12-15,2026-05-10,CUN,MEX,Viva,Price unavailable
2025-12-15,2026-05-10,CUN,MEX,Viva,Price unavailable
2025-12-15,2026-05-10,CUN,MEX,Volaris,Price unavailable
2025-12-15,2026-05-10,CUN,MEX,Viva,Price unavailable
2025-12-15,2026-05-10,CUN,MEX,Viva,Price unavailable
2025-12-15,2026-05-11,CUN,MEX,Aeromexico,R$690
2025-12-15,2026-05-11,CUN,MEX,Aeromexico,R$690
2025-12-15,2026-05-11,CUN,MEX,Aeromexico,R$690
2025-12-15,2026-05-11,CUN,MEX,Aeromexico,R$690
2025-12-15,2026-05-11,CUN,MEX,Viva,Price unavailable
2025-12-15,2026-05-11,CUN,MEX,Volaris,Price unavailable
2025-12-15,2026-05-11,CUN,MEX,Aeromexico,R$690
2025-12-15,2026-05-11,CUN,MEX,Aeromexico,R$690
2025-12-15,2026-05-11,CUN,MEX,Aeromexico,R$890
2025-12-15,2026-05-11,CUN,MEX,Aeromexico,R$890
2025-12-15,2026-05-11,CUN,MEX,Aeromexico,R$890
2025-12-15,2026-05-11,CUN,MEX,Aeromexico,R$890
2025-12-15,2026-05-11,CUN,MEX,Aeromexico,R$890
2025-12-15,2026-05-11,CUN,MEX,Aeromexico,R$995
2025-12-15,2026-05-11,CUN,MEX,Aeromexico,R$995
2025-12-15,2026-05-11,CUN,MEX,Aeromexico,R$995
2025-12-15,2026-05-11,CUN,MEX,Aeromexico,R$1082
2025-12-15,2026-05-11,CUN,MEX,Viva,Price unavailable
2025-12-15,2026-05-11,CUN,MEX,Volaris,Price unavailable
2025-12-15,2026-05-11,CUN,MEX,Viva,Price unavailable
2025-12-15,2026-05-11,CUN,MEX,Viva,Price unavailable
2025-12-15,2026-05-11,CUN,MEX,Volaris,Price unavailable
2025-12-15,2026-05-11,CUN,MEX,Viva,Price unavailable
2025-12-15,2026-05-11,CUN,MEX,Viva,Price unavailable
2025-12-15,2026-05-11,CUN,MEX,Aeromexico,R$690
2025-12-15,2026-05-11,CUN,MEX,Aeromexico,R$690
2025-12-15,2026-05-11,CUN,MEX,Aeromexico,R$690
2025-12-15,2026-05-11,CUN,MEX,Aeromexico,R$690
2025-12-15,2026-05-11,CUN,MEX,Viva,Price unavailable
2025-12-15,2026-05-11,CUN,MEX,Aeromexico,R$690
2025-12-15,2026-05-11,CUN,MEX,Aeromexico,R$690
2025-12-15,2026-05-11,CUN,MEX,Aeromexico,R$890
2025-12-15,2026-05-11,CUN,MEX,Aeromexico,R$890
2025-12-15,2026-05-11,CUN,MEX,Aeromexico,R$890
2025-12-15,2026-05-11,CUN,MEX,Aeromexico,R$890
2025-12-15,2026-05-11,CUN,MEX,Aeromexico,R$890
2025-12-15,2026-05-11,CUN,MEX,Aeromexico,R$995
2025-12-15,2026-05-11,CUN,MEX,Aeromexico,R$995
2025-12-15,2026-05-11,CUN,MEX,Aeromexico,R$995
2025-12-15,2026-05-11,CUN,MEX,Aeromexico,R$1082
2025-12-15,2026-05-11,CUN,MEX,Viva,Price unavailable
2025-12-15,2026-05-11,CUN,MEX,Volaris,Price unavailable
2025-12-15,2026-05-11,CUN,MEX,Viva,Price unavailable
2025-12-15,2026-05-11,CUN,MEX,Viva,Price unavailable
2025-12-15,2026-05-11,CUN,MEX,Volaris,Price unavailable
2025-12-15,2026-05-11,CUN,MEX,Viva,Price unavailable
2025-12-15,2026-05-11,CUN,MEX,Viva,Price unavailable
2025-12-15,2026-05-12,CUN,MEX,Aeromexico,R$690
2025-12-15,2026-05-12,CUN,MEX,Aeromexico,R$690
2025-12-15,2026-05-12,CUN,MEX,Aeromexico,R$690
2025-12-15,2026-05-12,CUN,MEX,Aeromexico,R$690
2025-12-15,2026-05-12,CUN,MEX,Aeromexico,R$690
2025-12-15,2026-05-12,CUN,MEX,Viva,Price unavailable
2025-12-15,2026-05-12,CUN,MEX,Volaris,Price unavailable
2025-12-15,2026-05-12,CUN,MEX,Aeromexico,R$690
2025-12-15,2026-05-12,CUN,MEX,Aeromexico,R$690
2025-12-15,2026-05-12,CUN,MEX,Aeromexico,R$690
2025-12-15,2026-05-12,CUN,MEX,Aeromexico,R$690
2025-12-15,2026-05-12,CUN,MEX,Aeromexico,R$690
2025-12-15,2026-05-12,CUN,MEX,Aeromexico,R$690
2025-12-15,2026-05-12,CUN,MEX,Aeromexico,R$690
2025-12-15,2026-05-12,CUN,MEX,Aeromexico,R$855
2025-12-15,2026-05-12,CUN,MEX,Aeromexico,R$855
2025-12-15,2026-05-12,CUN,MEX,Aeromexico,R$855
2025-12-15,2026-05-12,CUN,MEX,Viva,Price unavailable
2025-12-15,2026-05-12,CUN,MEX,Volaris,Price unavailable
2025-12-15,2026-05-12,CUN,MEX,Viva,Price unavailable
2025-12-15,2026-05-12,CUN,MEX,Viva,Price unavailable
2025-12-15,2026-05-12,CUN,MEX,Volaris,Price unavailable
2025-12-15,2026-05-12,CUN,MEX,Viva,Price unavailable
2025-12-15,2026-05-12,CUN,MEX,Viva,Price unavailable
2025-12-15,2026-05-12,CUN,MEX,Aeromexico,R$690
2025-12-15,2026-05-12,CUN,MEX,Aeromexico,R$690
2025-12-15,2026-05-12,CUN,MEX,Aeromexico,R$690
2025-12-15,2026-05-12,CUN,MEX,Aeromexico,R$690
2025-12-15,2026-05-12,CUN,MEX,Aeromexico,R$690
2025-12-15,2026-05-12,CUN,MEX,Viva,Price unavailable
2025-12-15,2026-05-12,CUN,MEX,Aeromexico,R$690
2025-12-15,2026-05-12,CUN,MEX,Aeromexico,R$690
2025-12-15,2026-05-12,CUN,MEX,Aeromexico,R$690
2025-12-15,2026-05-12,CUN,MEX,Aeromexico,R$690
2025-12-15,2026-05-12,CUN,MEX,Aeromexico,R$690
2025-12-15,2026-05-12,CUN,MEX,Aeromexico,R$690
2025-12-15,2026-05-12,CUN,MEX,Aeromexico,R$690
2025-12-15,2026-05-12,CUN,MEX,Aeromexico,R$855
2025-12-15,2026-05-12,CUN,MEX,Aeromexico,R$855
2025-12-15,2026-05-12,CUN,MEX,Aeromexico,R$855
2025-12-15,2026-05-12,CUN,MEX,Viva,Price unavailable
2025-12-15,2026-05-12,CUN,MEX,Volaris,Price unavailable
2025-12-15,2026-05-12,CUN,MEX,Viva,Price unavailable
2025-12-15,2026-05-12,CUN,MEX,Viva,Price unavailable
2025-12-15,2026-05-12,CUN,MEX,Volaris,Price unavailable
2025-12-15,2026-05-12,CUN,MEX,Viva,Price unavailable
2025-12-15,2026-05-12,CUN,MEX,Viva,Price unavailable
2025-12-15,2026-05-13,CUN,MEX,Aeromexico,R$690
2025-12-15,2026-05-13,CUN,MEX,Aeromexico,R$690
2025-12-15,2026-05-13,CUN,MEX,Aeromexico,R$690
2025-12-15,2026-05-13,CUN,MEX,Aeromexico,R$690
2025-12-15,2026-05-13,CUN,MEX,Aeromexico,R$690
2025-12-15,2026-05-13,CUN,MEX,Viva,Price unavailable
2025-12-15,2026-05-13,CUN,MEX,Volaris,Price unavailable
2025-12-15,2026-05-13,CUN,MEX,Aeromexico,R$690
2025-12-15,2026-05-13,CUN,MEX,Aeromexico,R$690
2025-12-15,2026-05-13,CUN,MEX,Aeromexico,R$690
2025-12-15,2026-05-13,CUN,MEX,Aeromexico,R$690
2025-12-15,2026-05-13,CUN,MEX,Aeromexico,R$690
2025-12-15,2026-05-13,CUN,MEX,Aeromexico,R$690
2025-12-15,2026-05-13,CUN,MEX,Aeromexico,R$690
2025-12-15,2026-05-13,CUN,MEX,Aeromexico,R$690
2025-12-15,2026-05-13,CUN,MEX,Aeromexico,R$855
2025-12-15,2026-05-13,CUN,MEX,Aeromexico,R$1448
2025-12-15,2026-05-13,CUN,MEX,Viva,Price unavailable
2025-12-15,2026-05-13,CUN,MEX,Volaris,Price unavailable
2025-12-15,2026-05-13,CUN,MEX,Viva,Price unavailable
2025-12-15,2026-05-13,CUN,MEX,Viva,Price unavailable
2025-12-15,2026-05-13,CUN,MEX,Volaris,Price unavailable
2025-12-15,2026-05-13,CUN,MEX,Viva,Price unavailable
2025-12-15,2026-05-13,CUN,MEX,Viva,Price unavailable
2025-12-15,2026-05-13,CUN,MEX,Aeromexico,R$690
2025-12-15,2026-05-13,CUN,MEX,Aeromexico,R$690
2025-12-15,2026-05-13,CUN,MEX,Aeromexico,R$690
2025-12-15,2026-05-13,CUN,MEX,Aeromexico,R$690
2025-12-15,2026-05-13,CUN,MEX,Aeromexico,R$690
2025-12-15,2026-05-13,CUN,MEX,Viva,Price unavailable
2025-12-15,2026-05-13,CUN,MEX,Aeromexico,R$690
2025-12-15,2026-05-13,CUN,MEX,Aeromexico,R$690
2025-12-15,2026-05-13,CUN,MEX,Aeromexico,R$690
2025-12-15,2026-05-13,CUN,MEX,Aeromexico,R$690
2025-12-15,2026-05-13,CUN,MEX,Aeromexico,R$690
2025-12-15,2026-05-13,CUN,MEX,Aeromexico,R$690
2025-12-15,2026-05-13,CUN,MEX,Aeromexico,R$690
2025-12-15,2026-05-13,CUN,MEX,Aeromexico,R$690
2025-12-15,2026-05-13,CUN,MEX,Aeromexico,R$855
2025-12-15,2026-05-13,CUN,MEX,Aeromexico,R$1448
2025-12-15,2026-05-13,CUN,MEX,Viva,Price unavailable
2025-12-15,2026-05-13,CUN,MEX,Volaris,Price unavailable
2025-12-15,2026-05-13,CUN,MEX,Viva,Price unavailable
2025-12-15,2026-05-13,CUN,MEX,Viva,Price unavailable
2025-12-15,2026-05-13,CUN,MEX,Volaris,Price unavailable
2025-12-15,2026-05-13,CUN,MEX,Viva,Price unavailable
2025-12-15,2026-05-13,CUN,MEX,Viva,Price unavailable
2025-12-15,2026-05-14,CUN,MEX,Aeromexico,R$690
2025-12-15,2026-05-14,CUN,MEX,Aeromexico,R$690
2025-12-15,2026-05-14,CUN,MEX,Aeromexico,R$690
2025-12-15,2026-05-14,CUN,MEX,Aeromexico,R$690
2025-12-15,2026-05-14,CUN,MEX,Aeromexico,R$690
2025-12-15,2026-05-14,CUN,MEX,Viva,Price unavailable
2025-12-15,2026-05-14,CUN,MEX,Volaris,Price unavailable
2025-12-15,2026-05-14,CUN,MEX,Aeromexico,R$690
2025-12-15,2026-05-14,CUN,MEX,Aeromexico,R$690
2025-12-15,2026-05-14,CUN,MEX,Aeromexico,R$690
2025-12-15,2026-05-14,CUN,MEX,Aeromexico,R$690
2025-12-15,2026-05-14,CUN,MEX,Aeromexico,R$690
2025-12-15,2026-05-14,CUN,MEX,Aeromexico,R$690
2025-12-15,2026-05-14,CUN,MEX,Aeromexico,R$725
2025-12-15,2026-05-14,CUN,MEX,Aeromexico,R$725
2025-12-15,2026-05-14,CUN,MEX,Aeromexico,R$725
2025-12-15,2026-05-14,CUN,MEX,Aeromexico,R$890
2025-12-15,2026-05-14,CUN,MEX,Viva,Price unavailable
2025-12-15,2026-05-14,CUN,MEX,Volaris,Price unavailable
2025-12-15,2026-05-14,CUN,MEX,Viva,Price unavailable
2025-12-15,2026-05-14,CUN,MEX,Viva,Price unavailable
2025-12-15,2026-05-14,CUN,MEX,Volaris,Price unavailable
2025-12-15,2026-05-14,CUN,MEX,Viva,Price unavailable
2025-12-15,2026-05-14,CUN,MEX,Viva,Price unavailable
2025-12-15,2026-05-14,CUN,MEX,Aeromexico,R$690
2025-12-15,2026-05-14,CUN,MEX,Aeromexico,R$690
2025-12-15,2026-05-14,CUN,MEX,Aeromexico,R$690
2025-12-15,2026-05-14,CUN,MEX,Aeromexico,R$690
2025-12-15,2026-05-14,CUN,MEX,Aeromexico,R$690
2025-12-15,2026-05-14,CUN,MEX,Viva,Price unavailable
2025-12-15,2026-05-14,CUN,MEX,Aeromexico,R$690
2025-12-15,2026-05-14,CUN,MEX,Aeromexico,R$690
2025-12-15,2026-05-14,CUN,MEX,Aeromexico,R$690
2025-12-15,2026-05-14,CUN,MEX,Aeromexico,R$690
2025-12-15,2026-05-14,CUN,MEX,Aeromexico,R$690
2025-12-15,2026-05-14,CUN,MEX,Aeromexico,R$690
2025-12-15,2026-05-14,CUN,MEX,Aeromexico,R$725
2025-12-15,2026-05-14,CUN,MEX,Aeromexico,R$725
2025-12-15,2026-05-14,CUN,MEX,Aeromexico,R$725
2025-12-15,2026-05-14,CUN,MEX,Aeromexico,R$890
2025-12-15,2026-05-14,CUN,MEX,Viva,Price unavailable
2025-12-15,2026-05-14,CUN,MEX,Volaris,Price unavailable
2025-12-15,2026-05-14,CUN,MEX,Viva,Price unavailable
2025-12-15,2026-05-14,CUN,MEX,Viva,Price unavailable
2025-12-15,2026-05-14,CUN,MEX,Volaris,Price unavailable
2025-12-15,2026-05-14,CUN,MEX,Viva,Price unavailable
2025-12-15,2026-05-14,CUN,MEX,Viva,Price unavailable
2025-12-15,2026-05-15,CUN,MEX,Aeromexico,R$690
2025-12-15,2026-05-15,CUN,MEX,Aeromexico,R$690
2025-12-15,2026-05-15,CUN,MEX,Aeromexico,R$690
2025-12-15,2026-05-15,CUN,MEX,Aeromexico,R$690
2025-12-15,2026-05-15,CUN,MEX,Viva,Price unavailable
2025-12-15,2026-05-15,CUN,MEX,Volaris,Price unavailable
2025-12-15,2026-05-15,CUN,MEX,Aeromexico,R$690
2025-12-15,2026-05-15,CUN,MEX,Aeromexico,R$690
2025-12-15,2026-05-15,CUN,MEX,Aeromexico,R$760
2025-12-15,2026-05-15,CUN,MEX,Aeromexico,R$760
2025-12-15,2026-05-15,CUN,MEX,Aeromexico,R$795
2025-12-15,2026-05-15,CUN,MEX,Aeromexico,R$795
2025-12-15,2026-05-15,CUN,MEX,Aeromexico,R$830
2025-12-15,2026-05-15,CUN,MEX,Aeromexico,R$830
2025-12-15,2026-05-15,CUN,MEX,Aeromexico,R$960
2025-12-15,2026-05-15,CUN,MEX,Aeromexico,R$995
2025-12-15,2026-05-15,CUN,MEX,Aeromexico,R$995
2025-12-15,2026-05-15,CUN,MEX,Viva,Price unavailable
2025-12-15,2026-05-15,CUN,MEX,Volaris,Price unavailable
2025-12-15,2026-05-15,CUN,MEX,Viva,Price unavailable
2025-12-15,2026-05-15,CUN,MEX,Viva,Price unavailable
2025-12-15,2026-05-15,CUN,MEX,Volaris,Price unavailable
2025-12-15,2026-05-15,CUN,MEX,Viva,Price unavailable
2025-12-15,2026-05-15,CUN,MEX,Viva,Price unavailable
2025-12-15,2026-05-15,CUN,MEX,Aeromexico,R$690
2025-12-15,2026-05-15,CUN,MEX,Aeromexico,R$690
2025-12-15,2026-05-15,CUN,MEX,Aeromexico,R$690
2025-12-15,2026-05-15,CUN,MEX,Aeromexico,R$690
2025-12-15,2026-05-15,CUN,MEX,Viva,Price unavailable
2025-12-15,2026-05-15,CUN,MEX,Aeromexico,R$690
2025-12-15,2026-05-15,CUN,MEX,Aeromexico,R$690
2025-12-15,2026-05-15,CUN,MEX,Aeromexico,R$760
2025-12-15,2026-05-15,CUN,MEX,Aeromexico,R$760
2025-12-15,2026-05-15,CUN,MEX,Aeromexico,R$795
2025-12-15,2026-05-15,CUN,MEX,Aeromexico,R$795
2025-12-15,2026-05-15,CUN,MEX,Aeromexico,R$830
2025-12-15,2026-05-15,CUN,MEX,Aeromexico,R$830
2025-12-15,2026-05-15,CUN,MEX,Aeromexico,R$960
2025-12-15,2026-05-15,CUN,MEX,Aeromexico,R$995
2025-12-15,2026-05-15,CUN,MEX,Aeromexico,R$995
2025-12-15,2026-05-15,CUN,MEX,Viva,Price unavailable
2025-12-15,2026-05-15,CUN,MEX,Volaris,Price unavailable
2025-12-15,2026-05-15,CUN,MEX,Viva,Price unavailable
2025-12-15,2026-05-15,CUN,MEX,Viva,Price unavailable
2025-12-15,2026-05-15,CUN,MEX,Volaris,Price unavailable
2025-12-15,2026-05-15,CUN,MEX,Viva,Price unavailable
2025-12-15,2026-05-15,CUN,MEX,Viva,Price unavailable
2025-12-15,2026-05-16,CUN,MEX,Aeromexico,R$690
2025-12-15,2026-05-16,CUN,MEX,Aeromexico,R$690
2025-12-15,2026-05-16,CUN,MEX,Aeromexico,R$690
2025-12-15,2026-05-16,CUN,MEX,Aeromexico,R$690
2025-12-15,2026-05-16,CUN,MEX,Viva,Price unavailable
2025-12-15,2026-05-16,CUN,MEX,Volaris,Price unavailable
2025-12-15,2026-05-16,CUN,MEX,Aeromexico,R$690
2025-12-15,2026-05-16,CUN,MEX,Aeromexico,R$690
2025-12-15,2026-05-16,CUN,MEX,Aeromexico,R$855
2025-12-15,2026-05-16,CUN,MEX,Aeromexico,R$855
2025-12-15,2026-05-16,CUN,MEX,Aeromexico,R$855
2025-12-15,2026-05-16,CUN,MEX,Aeromexico,R$855
2025-12-15,2026-05-16,CUN,MEX,Aeromexico,R$855
2025-12-15,2026-05-16,CUN,MEX,Aeromexico,R$855
2025-12-15,2026-05-16,CUN,MEX,Aeromexico,R$977
2025-12-15,2026-05-16,CUN,MEX,Aeromexico,R$977
2025-12-15,2026-05-16,CUN,MEX,Viva,Price unavailable
2025-12-15,2026-05-16,CUN,MEX,Volaris,Price unavailable
2025-12-15,2026-05-16,CUN,MEX,Viva,Price unavailable
2025-12-15,2026-05-16,CUN,MEX,Viva,Price unavailable
2025-12-15,2026-05-16,CUN,MEX,Volaris,Price unavailable
2025-12-15,2026-05-16,CUN,MEX,Viva,Price unavailable
2025-12-15,2026-05-16,CUN,MEX,Viva,Price unavailable
2025-12-15,2026-05-16,CUN,MEX,Aeromexico,R$690
2025-12-15,2026-05-16,CUN,MEX,Aeromexico,R$690
2025-12-15,2026-05-16,CUN,MEX,Aeromexico,R$690
2025-12-15,2026-05-16,CUN,MEX,Aeromexico,R$690
2025-12-15,2026-05-16,CUN,MEX,Viva,Price unavailable
2025-12-15,2026-05-16,CUN,MEX,Aeromexico,R$690
2025-12-15,2026-05-16,CUN,MEX,Aeromexico,R$690
2025-12-15,2026-05-16,CUN,MEX,Aeromexico,R$855
2025-12-15,2026-05-16,CUN,MEX,Aeromexico,R$855
2025-12-15,2026-05-16,CUN,MEX,Aeromexico,R$855
2025-12-15,2026-05-16,CUN,MEX,Aeromexico,R$855
2025-12-15,2026-05-16,CUN,MEX,Aeromexico,R$855
2025-12-15,2026-05-16,CUN,MEX,Aeromexico,R$855
2025-12-15,2026-05-16,CUN,MEX,Aeromexico,R$977
2025-12-15,2026-05-16,CUN,MEX,Aeromexico,R$977
2025-12-15,2026-05-16,CUN,MEX,Viva,Price unavailable
2025-12-15,2026-05-16,CUN,MEX,Volaris,Price unavailable
2025-12-15,2026-05-16,CUN,MEX,Viva,Price unavailable
2025-12-15,2026-05-16,CUN,MEX,Viva,Price unavailable
2025-12-15,2026-05-16,CUN,MEX,Volaris,Price unavailable
2025-12-15,2026-05-16,CUN,MEX,Viva,Price unavailable
2025-12-15,2026-05-16,CUN,MEX,Viva,Price unavailable
2025-12-15,2026-05-10,TPA,MEX,Aeromexico,R$928
2025-12-15,2026-05-11,TPA,MEX,Aeromexico,R$928
2025-12-15,2026-05-12,TPA,MEX,Aeromexico,R$928
2025-12-15,2026-05-13,TPA,MEX,Aeromexico,R$928
2025-12-15,2026-05-14,TPA,MEX,Aeromexico,R$928
2025-12-15,2026-05-15,TPA,MEX,Aeromexico,R$928
2025-12-15,2026-05-16,TPA,MEX,Aeromexico,R$928
2025-12-15,2026-05-10,ATL,MTY,Delta,R$1618
2025-12-15,2026-05-10,ATL,MTY,Aeromexico,R$1618
2025-12-15,2026-05-10,ATL,MTY,Delta,R$1618
2025-12-15,2026-05-11,ATL,MTY,Aeromexico,R$1793
2025-12-15,2026-05-11,ATL,MTY,Delta,R$2014
2025-12-15,2026-05-11,ATL,MTY,Aeromexico,R$1793
2025-12-15,2026-05-12,ATL,MTY,Delta,R$1618
2025-12-15,2026-05-12,ATL,MTY,Aeromexico,R$1618
2025-12-15,2026-05-12,ATL,MTY,Delta,R$1618
2025-12-15,2026-05-13,ATL,MTY,Delta,R$1618
2025-12-15,2026-05-13,ATL,MTY,Aeromexico,R$1618
2025-12-15,2026-05-13,ATL,MTY,Delta,R$1618
2025-12-15,2026-05-14,ATL,MTY,Delta,R$1618
2025-12-15,2026-05-14,ATL,MTY,Aeromexico,R$1618
2025-12-15,2026-05-14,ATL,MTY,Delta,R$1618
2025-12-15,2026-05-15,ATL,MTY,Delta,R$1618
2025-12-15,2026-05-15,ATL,MTY,Aeromexico,R$1618
2025-12-15,2026-05-15,ATL,MTY,Delta,R$1618
2025-12-15,2026-05-16,ATL,MTY,Delta,R$1618
2025-12-15,2026-05-16,ATL,MTY,Aeromexico,R$1618
2025-12-15,2026-05-16,ATL,MTY,Delta,R$1618
2025-12-15,2026-05-10,QRO,MEX,Aeromexico,R$970
2025-12-15,2026-05-10,QRO,MEX,Aeromexico,R$970
2025-12-15,2026-05-10,QRO,MEX,Aeromexico,R$1075
2025-12-15,2026-05-10,QRO,MEX,Aeromexico,R$970
2025-12-15,2026-05-10,QRO,MEX,Aeromexico,R$970
2025-12-15,2026-05-11,QRO,MEX,Aeromexico,R$970
2025-12-15,2026-05-11,QRO,MEX,Aeromexico,R$970
2025-12-15,2026-05-11,QRO,MEX,Aeromexico,R$1075
2025-12-15,2026-05-11,QRO,MEX,Aeromexico,R$970
2025-12-15,2026-05-11,QRO,MEX,Aeromexico,R$970
2025-12-15,2026-05-12,QRO,MEX,Aeromexico,R$970
2025-12-15,2026-05-12,QRO,MEX,Aeromexico,R$970
2025-12-15,2026-05-12,QRO,MEX,Aeromexico,R$970
2025-12-15,2026-05-12,QRO,MEX,Aeromexico,R$970
2025-12-15,2026-05-12,QRO,MEX,Aeromexico,R$970
2025-12-15,2026-05-13,QRO,MEX,Aeromexico,R$970
2025-12-15,2026-05-13,QRO,MEX,Aeromexico,R$970
2025-12-15,2026-05-13,QRO,MEX,Aeromexico,R$970
2025-12-15,2026-05-13,QRO,MEX,Aeromexico,R$970
2025-12-15,2026-05-13,QRO,MEX,Aeromexico,R$970
2025-12-15,2026-05-14,QRO,MEX,Aeromexico,R$970
2025-12-15,2026-05-14,QRO,MEX,Aeromexico,R$970
2025-12-15,2026-05-14,QRO,MEX,Aeromexico,R$1110
2025-12-15,2026-05-14,QRO,MEX,Aeromexico,R$970
2025-12-15,2026-05-14,QRO,MEX,Aeromexico,R$970
2025-12-15,2026-05-15,QRO,MEX,Aeromexico,R$970
2025-12-15,2026-05-15,QRO,MEX,Aeromexico,R$970
2025-12-15,2026-05-15,QRO,MEX,Aeromexico,R$1110
2025-12-15,2026-05-15,QRO,MEX,Aeromexico,R$970
2025-12-15,2026-05-15,QRO,MEX,Aeromexico,R$970
2025-12-15,2026-05-16,QRO,MEX,Aeromexico,R$970
2025-12-15,2026-05-16,QRO,MEX,Aeromexico,R$1040
2025-12-15,2026-05-16,QRO,MEX,Aeromexico,R$970
2025-12-15,2026-05-10,TQO,NLU,Aeromexico,R$501
2025-12-15,2026-05-10,TQO,NLU,Viva,Price unavailable
2025-12-15,2026-05-10,TQO,NLU,Viva,Price unavailable
2025-12-15,2026-05-10,TQO,NLU,Mexicana,Price unavailable
2025-12-15,2026-05-10,TQO,NLU,Aeromexico,R$501
2025-12-15,2026-05-10,TQO,NLU,Viva,Price unavailable
2025-12-15,2026-05-10,TQO,NLU,Viva,Price unavailable
2025-12-15,2026-05-11,TQO,NLU,Aeromexico,R$466
2025-12-15,2026-05-11,TQO,NLU,Mexicana,Price unavailable
2025-12-15,2026-05-11,TQO,NLU,Viva,Price unavailable
2025-12-15,2026-05-11,TQO,NLU,Aeromexico,R$466
2025-12-15,2026-05-11,TQO,NLU,Mexicana,Price unavailable
2025-12-15,2026-05-12,TQO,NLU,Aeromexico,R$696
2025-12-15,2026-05-12,TQO,NLU,Viva,Price unavailable
2025-12-15,2026-05-12,TQO,NLU,Mexicana,Price unavailable
2025-12-15,2026-05-12,TQO,NLU,Viva,Price unavailable
2025-12-15,2026-05-12,TQO,NLU,Aeromexico,R$696
2025-12-15,2026-05-12,TQO,NLU,Viva,Price unavailable
2025-12-15,2026-05-12,TQO,NLU,Mexicana,Price unavailable
2025-12-15,2026-05-13,TQO,NLU,Aeromexico,R$431
2025-12-15,2026-05-13,TQO,NLU,Mexicana,Price unavailable
2025-12-15,2026-05-13,TQO,NLU,Viva,Price unavailable
2025-12-15,2026-05-13,TQO,NLU,Aeromexico,R$431
2025-12-15,2026-05-13,TQO,NLU,Mexicana,Price unavailable
2025-12-15,2026-05-14,TQO,NLU,Aeromexico,R$696
2025-12-15,2026-05-14,TQO,NLU,Viva,Price unavailable
2025-12-15,2026-05-14,TQO,NLU,Mexicana,Price unavailable
2025-12-15,2026-05-14,TQO,NLU,Viva,Price unavailable
2025-12-15,2026-05-14,TQO,NLU,Aeromexico,R$696
2025-12-15,2026-05-14,TQO,NLU,Viva,Price unavailable
2025-12-15,2026-05-14,TQO,NLU,Mexicana,Price unavailable
2025-12-15,2026-05-15,TQO,NLU,Aeromexico,R$431
2025-12-15,2026-05-15,TQO,NLU,Mexicana,Price unavailable
2025-12-15,2026-05-15,TQO,NLU,Viva,Price unavailable
2025-12-15,2026-05-15,TQO,NLU,Aeromexico,R$431
2025-12-15,2026-05-15,TQO,NLU,Mexicana,Price unavailable
2025-12-15,2026-05-16,TQO,NLU,Aeromexico,R$517
2025-12-15,2026-05-16,TQO,NLU,Viva,Price unavailable
2025-12-15,2026-05-16,TQO,NLU,Mexicana,Price unavailable
2025-12-15,2026-05-16,TQO,NLU,Viva,Price unavailable
2025-12-15,2026-05-16,TQO,NLU,Aeromexico,R$517
2025-12-15,2026-05-16,TQO,NLU,Viva,Price unavailable
2025-12-15,2026-05-16,TQO,NLU,Mexicana,Price unavailable
2025-12-15,2026-05-10,QRO,ATL,Aeromexico,R$1860
2025-12-15,2026-05-11,QRO,ATL,Aeromexico,R$1860
2025-12-15,2026-05-12,QRO,ATL,Aeromexico,R$1860
2025-12-15,2026-05-13,QRO,ATL,Aeromexico,R$1860
2025-12-15,2026-05-14,QRO,ATL,Aeromexico,R$1860
2025-12-15,2026-05-15,QRO,ATL,Aeromexico,R$1860
2025-12-15,2026-05-16,QRO,ATL,Aeromexico,R$1860
2025-12-15,2026-05-10,YYZ,MEX,Air Canada,R$2106
2025-12-15,2026-05-10,YYZ,MEX,Aeromexico,R$2106
2025-12-15,2026-05-10,YYZ,MEX,Air Canada,R$2106
2025-12-15,2026-05-10,YYZ,MEX,Air Canada,R$2106
2025-12-15,2026-05-10,YYZ,MEX,Aeromexico,R$2106
2025-12-15,2026-05-11,YYZ,MEX,Air Canada,R$2106
2025-12-15,2026-05-11,YYZ,MEX,Aeromexico,R$2106
2025-12-15,2026-05-11,YYZ,MEX,Air Canada,R$2106
2025-12-15,2026-05-11,YYZ,MEX,Air Canada,R$2106
2025-12-15,2026-05-11,YYZ,MEX,Aeromexico,R$2106
2025-12-15,2026-05-12,YYZ,MEX,Flair Airlines,R$1244
2025-12-15,2026-05-12,YYZ,MEX,Air Canada,R$2106
2025-12-15,2026-05-12,YYZ,MEX,Aeromexico,R$2106
2025-12-15,2026-05-12,YYZ,MEX,Air Canada,R$2106
2025-12-15,2026-05-12,YYZ,MEX,Flair Airlines,R$1244
2025-12-15,2026-05-12,YYZ,MEX,Air Canada,R$2106
2025-12-15,2026-05-12,YYZ,MEX,Aeromexico,R$2106
2025-12-15,2026-05-13,YYZ,MEX,Air Canada,R$2106
2025-12-15,2026-05-13,YYZ,MEX,Aeromexico,R$2106
2025-12-15,2026-05-13,YYZ,MEX,Air Canada,R$2106
2025-12-15,2026-05-13,YYZ,MEX,Air Canada,R$2106
2025-12-15,2026-05-13,YYZ,MEX,Aeromexico,R$2106
2025-12-15,2026-05-14,YYZ,MEX,Flair Airlines,R$1048
2025-12-15,2026-05-14,YYZ,MEX,Air Canada,R$2106
2025-12-15,2026-05-14,YYZ,MEX,Air Canada,R$2342
2025-12-15,2026-05-14,YYZ,MEX,Aeromexico,R$3650
2025-12-15,2026-05-14,YYZ,MEX,Flair Airlines,R$1048
2025-12-15,2026-05-14,YYZ,MEX,Air Canada,R$2106
2025-12-15,2026-05-14,YYZ,MEX,Air Canada,R$2342
2025-12-15,2026-05-15,YYZ,MEX,Aeromexico,R$2106
2025-12-15,2026-05-15,YYZ,MEX,Air Canada,R$2106
2025-12-15,2026-05-15,YYZ,MEX,Air Canada,R$2342
2025-12-15,2026-05-15,YYZ,MEX,Aeromexico,R$2106
2025-12-15,2026-05-15,YYZ,MEX,Air Canada,R$2106
2025-12-15,2026-05-16,YYZ,MEX,Flair Airlines,R$1244
2025-12-15,2026-05-16,YYZ,MEX,Aeromexico,R$2106
2025-12-15,2026-05-16,YYZ,MEX,Air Canada,R$2106
2025-12-15,2026-05-16,YYZ,MEX,Air Canada,R$2342
2025-12-15,2026-05-16,YYZ,MEX,Flair Airlines,R$1244
2025-12-15,2026-05-16,YYZ,MEX,Aeromexico,R$2106
2025-12-15,2026-05-16,YYZ,MEX,Air Canada,R$2106
2025-12-15,2026-05-10,MTY,MEX,Aeromexico,R$784
2025-12-15,2026-05-10,MTY,MEX,Aeromexico,R$784
2025-12-15,2026-05-10,MTY,MEX,Aeromexico,R$784
2025-12-15,2026-05-10,MTY,MEX,Viva,Price unavailable
2025-12-15,2026-05-10,MTY,MEX,Volaris,Price unavailable
2025-12-15,2026-05-10,MTY,MEX,Aeromexico,R$784
2025-12-15,2026-05-10,MTY,MEX,Aeromexico,R$784
2025-12-15,2026-05-10,MTY,MEX,Aeromexico,R$784
2025-12-15,2026-05-10,MTY,MEX,Aeromexico,R$784
2025-12-15,2026-05-10,MTY,MEX,Aeromexico,R$784
2025-12-15,2026-05-10,MTY,MEX,Aeromexico,R$784
2025-12-15,2026-05-10,MTY,MEX,Aeromexico,R$784
2025-12-15,2026-05-10,MTY,MEX,Aeromexico,R$784
2025-12-15,2026-05-10,MTY,MEX,Aeromexico,R$784
2025-12-15,2026-05-10,MTY,MEX,Aeromexico,R$784
2025-12-15,2026-05-10,MTY,MEX,Aeromexico,R$784
2025-12-15,2026-05-10,MTY,MEX,Viva,Price unavailable
2025-12-15,2026-05-10,MTY,MEX,Volaris,Price unavailable
2025-12-15,2026-05-10,MTY,MEX,Viva,Price unavailable
2025-12-15,2026-05-10,MTY,MEX,Viva,Price unavailable
2025-12-15,2026-05-10,MTY,MEX,Viva,Price unavailable
2025-12-15,2026-05-10,MTY,MEX,Volaris,Price unavailable
2025-12-15,2026-05-10,MTY,MEX,Viva,Price unavailable
2025-12-15,2026-05-10,MTY,MEX,Volaris,Price unavailable
2025-12-15,2026-05-10,MTY,MEX,Viva,Price unavailable
2025-12-15,2026-05-10,MTY,MEX,Volaris,Price unavailable
2025-12-15,2026-05-10,MTY,MEX,Viva,Price unavailable
2025-12-15,2026-05-10,MTY,MEX,Aeromexico,R$784
2025-12-15,2026-05-10,MTY,MEX,Aeromexico,R$784
2025-12-15,2026-05-10,MTY,MEX,Aeromexico,R$784
2025-12-15,2026-05-10,MTY,MEX,Viva,Price unavailable
2025-12-15,2026-05-10,MTY,MEX,Aeromexico,R$784
2025-12-15,2026-05-10,MTY,MEX,Aeromexico,R$784
2025-12-15,2026-05-10,MTY,MEX,Aeromexico,R$784
2025-12-15,2026-05-10,MTY,MEX,Aeromexico,R$784
2025-12-15,2026-05-10,MTY,MEX,Aeromexico,R$784
2025-12-15,2026-05-10,MTY,MEX,Aeromexico,R$784
2025-12-15,2026-05-10,MTY,MEX,Aeromexico,R$784
2025-12-15,2026-05-10,MTY,MEX,Aeromexico,R$784
2025-12-15,2026-05-10,MTY,MEX,Aeromexico,R$784
2025-12-15,2026-05-10,MTY,MEX,Aeromexico,R$784
2025-12-15,2026-05-10,MTY,MEX,Aeromexico,R$784
2025-12-15,2026-05-10,MTY,MEX,Viva,Price unavailable
2025-12-15,2026-05-10,MTY,MEX,Volaris,Price unavailable
2025-12-15,2026-05-10,MTY,MEX,Viva,Price unavailable
2025-12-15,2026-05-10,MTY,MEX,Viva,Price unavailable
2025-12-15,2026-05-10,MTY,MEX,Viva,Price unavailable
2025-12-15,2026-05-10,MTY,MEX,Volaris,Price unavailable
2025-12-15,2026-05-10,MTY,MEX,Viva,Price unavailable
2025-12-15,2026-05-10,MTY,MEX,Volaris,Price unavailable
2025-12-15,2026-05-10,MTY,MEX,Viva,Price unavailable
2025-12-15,2026-05-10,MTY,MEX,Volaris,Price unavailable
2025-12-15,2026-05-10,MTY,MEX,Viva,Price unavailable
2025-12-15,2026-05-11,MTY,MEX,Aeromexico,R$784
2025-12-15,2026-05-11,MTY,MEX,Aeromexico,R$784
2025-12-15,2026-05-11,MTY,MEX,Aeromexico,R$784
2025-12-15,2026-05-11,MTY,MEX,Aeromexico,R$784
2025-12-15,2026-05-11,MTY,MEX,Aeromexico,R$784
2025-12-15,2026-05-11,MTY,MEX,Viva,Price unavailable
2025-12-15,2026-05-11,MTY,MEX,Volaris,Price unavailable
2025-12-15,2026-05-11,MTY,MEX,Aeromexico,R$784
2025-12-15,2026-05-11,MTY,MEX,Aeromexico,R$784
2025-12-15,2026-05-11,MTY,MEX,Aeromexico,R$784
2025-12-15,2026-05-11,MTY,MEX,Aeromexico,R$784
2025-12-15,2026-05-11,MTY,MEX,Aeromexico,R$784
2025-12-15,2026-05-11,MTY,MEX,Aeromexico,R$784
2025-12-15,2026-05-11,MTY,MEX,Aeromexico,R$784
2025-12-15,2026-05-11,MTY,MEX,Aeromexico,R$784
2025-12-15,2026-05-11,MTY,MEX,Aeromexico,R$784
2025-12-15,2026-05-11,MTY,MEX,Viva,Price unavailable
2025-12-15,2026-05-11,MTY,MEX,Volaris,Price unavailable
2025-12-15,2026-05-11,MTY,MEX,Viva,Price unavailable
2025-12-15,2026-05-11,MTY,MEX,Viva,Price unavailable
2025-12-15,2026-05-11,MTY,MEX,Viva,Price unavailable
2025-12-15,2026-05-11,MTY,MEX,Volaris,Price unavailable
2025-12-15,2026-05-11,MTY,MEX,Viva,Price unavailable
2025-12-15,2026-05-11,MTY,MEX,Volaris,Price unavailable
2025-12-15,2026-05-11,MTY,MEX,Viva,Price unavailable
2025-12-15,2026-05-11,MTY,MEX,Volaris,Price unavailable
2025-12-15,2026-05-11,MTY,MEX,Viva,Price unavailable
2025-12-15,2026-05-11,MTY,MEX,Aeromexico,R$784
2025-12-15,2026-05-11,MTY,MEX,Aeromexico,R$784
2025-12-15,2026-05-11,MTY,MEX,Aeromexico,R$784
2025-12-15,2026-05-11,MTY,MEX,Aeromexico,R$784
2025-12-15,2026-05-11,MTY,MEX,Aeromexico,R$784
2025-12-15,2026-05-11,MTY,MEX,Viva,Price unavailable
2025-12-15,2026-05-11,MTY,MEX,Aeromexico,R$784
2025-12-15,2026-05-11,MTY,MEX,Aeromexico,R$784
2025-12-15,2026-05-11,MTY,MEX,Aeromexico,R$784
2025-12-15,2026-05-11,MTY,MEX,Aeromexico,R$784
2025-12-15,2026-05-11,MTY,MEX,Aeromexico,R$784
2025-12-15,2026-05-11,MTY,MEX,Aeromexico,R$784
2025-12-15,2026-05-11,MTY,MEX,Aeromexico,R$784
2025-12-15,2026-05-11,MTY,MEX,Aeromexico,R$784
2025-12-15,2026-05-11,MTY,MEX,Aeromexico,R$784
2025-12-15,2026-05-11,MTY,MEX,Viva,Price unavailable
2025-12-15,2026-05-11,MTY,MEX,Volaris,Price unavailable
2025-12-15,2026-05-11,MTY,MEX,Viva,Price unavailable
2025-12-15,2026-05-11,MTY,MEX,Viva,Price unavailable
2025-12-15,2026-05-11,MTY,MEX,Viva,Price unavailable
2025-12-15,2026-05-11,MTY,MEX,Volaris,Price unavailable
2025-12-15,2026-05-11,MTY,MEX,Viva,Price unavailable
2025-12-15,2026-05-11,MTY,MEX,Volaris,Price unavailable
2025-12-15,2026-05-11,MTY,MEX,Viva,Price unavailable
2025-12-15,2026-05-11,MTY,MEX,Volaris,Price unavailable
2025-12-15,2026-05-11,MTY,MEX,Viva,Price unavailable
2025-12-15,2026-05-12,MTY,MEX,Aeromexico,R$784
2025-12-15,2026-05-12,MTY,MEX,Aeromexico,R$784
2025-12-15,2026-05-12,MTY,MEX,Aeromexico,R$784
2025-12-15,2026-05-12,MTY,MEX,Aeromexico,R$784
2025-12-15,2026-05-12,MTY,MEX,Aeromexico,R$784
2025-12-15,2026-05-12,MTY,MEX,Viva,Price unavailable
2025-12-15,2026-05-12,MTY,MEX,Volaris,Price unavailable
2025-12-15,2026-05-12,MTY,MEX,Aeromexico,R$784
2025-12-15,2026-05-12,MTY,MEX,Aeromexico,R$784
2025-12-15,2026-05-12,MTY,MEX,Aeromexico,R$784
2025-12-15,2026-05-12,MTY,MEX,Aeromexico,R$784
2025-12-15,2026-05-12,MTY,MEX,Aeromexico,R$784
2025-12-15,2026-05-12,MTY,MEX,Aeromexico,R$784
2025-12-15,2026-05-12,MTY,MEX,Aeromexico,R$784
2025-12-15,2026-05-12,MTY,MEX,Aeromexico,R$784
2025-12-15,2026-05-12,MTY,MEX,Aeromexico,R$819
2025-12-15,2026-05-12,MTY,MEX,Aeromexico,R$819
2025-12-15,2026-05-12,MTY,MEX,Viva,Price unavailable
2025-12-15,2026-05-12,MTY,MEX,Volaris,Price unavailable
2025-12-15,2026-05-12,MTY,MEX,Viva,Price unavailable
2025-12-15,2026-05-12,MTY,MEX,Viva,Price unavailable
2025-12-15,2026-05-12,MTY,MEX,Viva,Price unavailable
2025-12-15,2026-05-12,MTY,MEX,Volaris,Price unavailable
2025-12-15,2026-05-12,MTY,MEX,Viva,Price unavailable
2025-12-15,2026-05-12,MTY,MEX,Volaris,Price unavailable
2025-12-15,2026-05-12,MTY,MEX,Viva,Price unavailable
2025-12-15,2026-05-12,MTY,MEX,Volaris,Price unavailable
2025-12-15,2026-05-12,MTY,MEX,Viva,Price unavailable
2025-12-15,2026-05-12,MTY,MEX,Aeromexico,R$784
2025-12-15,2026-05-12,MTY,MEX,Aeromexico,R$784
2025-12-15,2026-05-12,MTY,MEX,Aeromexico,R$784
2025-12-15,2026-05-12,MTY,MEX,Aeromexico,R$784
2025-12-15,2026-05-12,MTY,MEX,Aeromexico,R$784
2025-12-15,2026-05-12,MTY,MEX,Viva,Price unavailable
2025-12-15,2026-05-12,MTY,MEX,Aeromexico,R$784
2025-12-15,2026-05-12,MTY,MEX,Aeromexico,R$784
2025-12-15,2026-05-12,MTY,MEX,Aeromexico,R$784
2025-12-15,2026-05-12,MTY,MEX,Aeromexico,R$784
2025-12-15,2026-05-12,MTY,MEX,Aeromexico,R$784
2025-12-15,2026-05-12,MTY,MEX,Aeromexico,R$784
2025-12-15,2026-05-12,MTY,MEX,Aeromexico,R$784
2025-12-15,2026-05-12,MTY,MEX,Aeromexico,R$784
2025-12-15,2026-05-12,MTY,MEX,Aeromexico,R$819
2025-12-15,2026-05-12,MTY,MEX,Aeromexico,R$819
2025-12-15,2026-05-12,MTY,MEX,Viva,Price unavailable
2025-12-15,2026-05-12,MTY,MEX,Volaris,Price unavailable
2025-12-15,2026-05-12,MTY,MEX,Viva,Price unavailable
2025-12-15,2026-05-12,MTY,MEX,Viva,Price unavailable
2025-12-15,2026-05-12,MTY,MEX,Viva,Price unavailable
2025-12-15,2026-05-12,MTY,MEX,Volaris,Price unavailable
2025-12-15,2026-05-12,MTY,MEX,Viva,Price unavailable
2025-12-15,2026-05-12,MTY,MEX,Volaris,Price unavailable
2025-12-15,2026-05-12,MTY,MEX,Viva,Price unavailable
2025-12-15,2026-05-12,MTY,MEX,Volaris,Price unavailable
2025-12-15,2026-05-12,MTY,MEX,Viva,Price unavailable
2025-12-15,2026-05-13,MTY,MEX,Aeromexico,R$819
2025-12-15,2026-05-13,MTY,MEX,Aeromexico,R$819
2025-12-15,2026-05-13,MTY,MEX,Aeromexico,R$819
2025-12-15,2026-05-13,MTY,MEX,Aeromexico,R$819
2025-12-15,2026-05-13,MTY,MEX,Aeromexico,R$819
2025-12-15,2026-05-13,MTY,MEX,Viva,Price unavailable
2025-12-15,2026-05-13,MTY,MEX,Volaris,Price unavailable
2025-12-15,2026-05-13,MTY,MEX,Aeromexico,R$819
2025-12-15,2026-05-13,MTY,MEX,Aeromexico,R$819
2025-12-15,2026-05-13,MTY,MEX,Aeromexico,R$819
2025-12-15,2026-05-13,MTY,MEX,Aeromexico,R$819
2025-12-15,2026-05-13,MTY,MEX,Aeromexico,R$819
2025-12-15,2026-05-13,MTY,MEX,Aeromexico,R$819
2025-12-15,2026-05-13,MTY,MEX,Aeromexico,R$819
2025-12-15,2026-05-13,MTY,MEX,Aeromexico,R$854
2025-12-15,2026-05-13,MTY,MEX,Aeromexico,R$924
2025-12-15,2026-05-13,MTY,MEX,Aeromexico,R$924
2025-12-15,2026-05-13,MTY,MEX,Viva,Price unavailable
2025-12-15,2026-05-13,MTY,MEX,Volaris,Price unavailable
2025-12-15,2026-05-13,MTY,MEX,Viva,Price unavailable
2025-12-15,2026-05-13,MTY,MEX,Viva,Price unavailable
2025-12-15,2026-05-13,MTY,MEX,Viva,Price unavailable
2025-12-15,2026-05-13,MTY,MEX,Volaris,Price unavailable
2025-12-15,2026-05-13,MTY,MEX,Viva,Price unavailable
2025-12-15,2026-05-13,MTY,MEX,Volaris,Price unavailable
2025-12-15,2026-05-13,MTY,MEX,Viva,Price unavailable
2025-12-15,2026-05-13,MTY,MEX,Volaris,Price unavailable
2025-12-15,2026-05-13,MTY,MEX,Viva,Price unavailable
2025-12-15,2026-05-13,MTY,MEX,Aeromexico,R$819
2025-12-15,2026-05-13,MTY,MEX,Aeromexico,R$819
2025-12-15,2026-05-13,MTY,MEX,Aeromexico,R$819
2025-12-15,2026-05-13,MTY,MEX,Aeromexico,R$819
2025-12-15,2026-05-13,MTY,MEX,Aeromexico,R$819
2025-12-15,2026-05-13,MTY,MEX,Viva,Price unavailable
2025-12-15,2026-05-13,MTY,MEX,Aeromexico,R$819
2025-12-15,2026-05-13,MTY,MEX,Aeromexico,R$819
2025-12-15,2026-05-13,MTY,MEX,Aeromexico,R$819
2025-12-15,2026-05-13,MTY,MEX,Aeromexico,R$819
2025-12-15,2026-05-13,MTY,MEX,Aeromexico,R$819
2025-12-15,2026-05-13,MTY,MEX,Aeromexico,R$819
2025-12-15,2026-05-13,MTY,MEX,Aeromexico,R$819
2025-12-15,2026-05-13,MTY,MEX,Aeromexico,R$854
2025-12-15,2026-05-13,MTY,MEX,Aeromexico,R$924
2025-12-15,2026-05-13,MTY,MEX,Aeromexico,R$924
2025-12-15,2026-05-13,MTY,MEX,Viva,Price unavailable
2025-12-15,2026-05-13,MTY,MEX,Volaris,Price unavailable
2025-12-15,2026-05-13,MTY,MEX,Viva,Price unavailable
2025-12-15,2026-05-13,MTY,MEX,Viva,Price unavailable
2025-12-15,2026-05-13,MTY,MEX,Viva,Price unavailable
2025-12-15,2026-05-13,MTY,MEX,Volaris,Price unavailable
2025-12-15,2026-05-13,MTY,MEX,Viva,Price unavailable
2025-12-15,2026-05-13,MTY,MEX,Volaris,Price unavailable
2025-12-15,2026-05-13,MTY,MEX,Viva,Price unavailable
2025-12-15,2026-05-13,MTY,MEX,Volaris,Price unavailable
2025-12-15,2026-05-13,MTY,MEX,Viva,Price unavailable
2025-12-15,2026-05-14,MTY,MEX,Aeromexico,R$819
2025-12-15,2026-05-14,MTY,MEX,Aeromexico,R$819
2025-12-15,2026-05-14,MTY,MEX,Aeromexico,R$819
2025-12-15,2026-05-14,MTY,MEX,Viva,Price unavailable
2025-12-15,2026-05-14,MTY,MEX,Volaris,Price unavailable
2025-12-15,2026-05-14,MTY,MEX,Aeromexico,R$819
2025-12-15,2026-05-14,MTY,MEX,Aeromexico,R$819
2025-12-15,2026-05-14,MTY,MEX,Aeromexico,R$819
2025-12-15,2026-05-14,MTY,MEX,Aeromexico,R$819
2025-12-15,2026-05-14,MTY,MEX,Aeromexico,R$819
2025-12-15,2026-05-14,MTY,MEX,Aeromexico,R$854
2025-12-15,2026-05-14,MTY,MEX,Aeromexico,R$889
2025-12-15,2026-05-14,MTY,MEX,Aeromexico,R$889
2025-12-15,2026-05-14,MTY,MEX,Aeromexico,R$959
2025-12-15,2026-05-14,MTY,MEX,Aeromexico,R$959
2025-12-15,2026-05-14,MTY,MEX,Aeromexico,R$959
2025-12-15,2026-05-14,MTY,MEX,Viva,Price unavailable
2025-12-15,2026-05-14,MTY,MEX,Volaris,Price unavailable
2025-12-15,2026-05-14,MTY,MEX,Viva,Price unavailable
2025-12-15,2026-05-14,MTY,MEX,Viva,Price unavailable
2025-12-15,2026-05-14,MTY,MEX,Viva,Price unavailable
2025-12-15,2026-05-14,MTY,MEX,Volaris,Price unavailable
2025-12-15,2026-05-14,MTY,MEX,Viva,Price unavailable
2025-12-15,2026-05-14,MTY,MEX,Volaris,Price unavailable
2025-12-15,2026-05-14,MTY,MEX,Viva,Price unavailable
2025-12-15,2026-05-14,MTY,MEX,Volaris,Price unavailable
2025-12-15,2026-05-14,MTY,MEX,Viva,Price unavailable
2025-12-15,2026-05-14,MTY,MEX,Aeromexico,R$819
2025-12-15,2026-05-14,MTY,MEX,Aeromexico,R$819
2025-12-15,2026-05-14,MTY,MEX,Aeromexico,R$819
2025-12-15,2026-05-14,MTY,MEX,Viva,Price unavailable
2025-12-15,2026-05-14,MTY,MEX,Aeromexico,R$819
2025-12-15,2026-05-14,MTY,MEX,Aeromexico,R$819
2025-12-15,2026-05-14,MTY,MEX,Aeromexico,R$819
2025-12-15,2026-05-14,MTY,MEX,Aeromexico,R$819
2025-12-15,2026-05-14,MTY,MEX,Aeromexico,R$819
2025-12-15,2026-05-14,MTY,MEX,Aeromexico,R$854
2025-12-15,2026-05-14,MTY,MEX,Aeromexico,R$889
2025-12-15,2026-05-14,MTY,MEX,Aeromexico,R$889
2025-12-15,2026-05-14,MTY,MEX,Aeromexico,R$959
2025-12-15,2026-05-14,MTY,MEX,Aeromexico,R$959
2025-12-15,2026-05-14,MTY,MEX,Aeromexico,R$959
2025-12-15,2026-05-14,MTY,MEX,Viva,Price unavailable
2025-12-15,2026-05-14,MTY,MEX,Volaris,Price unavailable
2025-12-15,2026-05-14,MTY,MEX,Viva,Price unavailable
2025-12-15,2026-05-14,MTY,MEX,Viva,Price unavailable
2025-12-15,2026-05-14,MTY,MEX,Viva,Price unavailable
2025-12-15,2026-05-14,MTY,MEX,Volaris,Price unavailable
2025-12-15,2026-05-14,MTY,MEX,Viva,Price unavailable
2025-12-15,2026-05-14,MTY,MEX,Volaris,Price unavailable
2025-12-15,2026-05-14,MTY,MEX,Viva,Price unavailable
2025-12-15,2026-05-14,MTY,MEX,Volaris,Price unavailable
2025-12-15,2026-05-14,MTY,MEX,Viva,Price unavailable
2025-12-15,2026-05-15,MTY,MEX,Aeromexico,R$819
2025-12-15,2026-05-15,MTY,MEX,Aeromexico,R$819
2025-12-15,2026-05-15,MTY,MEX,Aeromexico,R$819
2025-12-15,2026-05-15,MTY,MEX,Viva,Price unavailable
2025-12-15,2026-05-15,MTY,MEX,Volaris,Price unavailable
2025-12-15,2026-05-15,MTY,MEX,Aeromexico,R$819
2025-12-15,2026-05-15,MTY,MEX,Aeromexico,R$819
2025-12-15,2026-05-15,MTY,MEX,Aeromexico,R$819
2025-12-15,2026-05-15,MTY,MEX,Aeromexico,R$819
2025-12-15,2026-05-15,MTY,MEX,Aeromexico,R$924
2025-12-15,2026-05-15,MTY,MEX,Aeromexico,R$924
2025-12-15,2026-05-15,MTY,MEX,Aeromexico,R$959
2025-12-15,2026-05-15,MTY,MEX,Aeromexico,R$959
2025-12-15,2026-05-15,MTY,MEX,Aeromexico,R$959
2025-12-15,2026-05-15,MTY,MEX,Aeromexico,R$959
2025-12-15,2026-05-15,MTY,MEX,Aeromexico,R$959
2025-12-15,2026-05-15,MTY,MEX,Aeromexico,R$959
2025-12-15,2026-05-15,MTY,MEX,Aeromexico,R$959
2025-12-15,2026-05-15,MTY,MEX,Viva,Price unavailable
2025-12-15,2026-05-15,MTY,MEX,Volaris,Price unavailable
2025-12-15,2026-05-15,MTY,MEX,Viva,Price unavailable
2025-12-15,2026-05-15,MTY,MEX,Viva,Price unavailable
2025-12-15,2026-05-15,MTY,MEX,Viva,Price unavailable
2025-12-15,2026-05-15,MTY,MEX,Volaris,Price unavailable
2025-12-15,2026-05-15,MTY,MEX,Viva,Price unavailable
2025-12-15,2026-05-15,MTY,MEX,Volaris,Price unavailable
2025-12-15,2026-05-15,MTY,MEX,Viva,Price unavailable
2025-12-15,2026-05-15,MTY,MEX,Volaris,Price unavailable
2025-12-15,2026-05-15,MTY,MEX,Viva,Price unavailable
2025-12-15,2026-05-15,MTY,MEX,Aeromexico,R$819
2025-12-15,2026-05-15,MTY,MEX,Aeromexico,R$819
2025-12-15,2026-05-15,MTY,MEX,Aeromexico,R$819
2025-12-15,2026-05-15,MTY,MEX,Viva,Price unavailable
2025-12-15,2026-05-15,MTY,MEX,Aeromexico,R$819
2025-12-15,2026-05-15,MTY,MEX,Aeromexico,R$819
2025-12-15,2026-05-15,MTY,MEX,Aeromexico,R$819
2025-12-15,2026-05-15,MTY,MEX,Aeromexico,R$819
2025-12-15,2026-05-15,MTY,MEX,Aeromexico,R$924
2025-12-15,2026-05-15,MTY,MEX,Aeromexico,R$924
2025-12-15,2026-05-15,MTY,MEX,Aeromexico,R$959
2025-12-15,2026-05-15,MTY,MEX,Aeromexico,R$959
2025-12-15,2026-05-15,MTY,MEX,Aeromexico,R$959
2025-12-15,2026-05-15,MTY,MEX,Aeromexico,R$959
2025-12-15,2026-05-15,MTY,MEX,Aeromexico,R$959
2025-12-15,2026-05-15,MTY,MEX,Aeromexico,R$959
2025-12-15,2026-05-15,MTY,MEX,Aeromexico,R$959
2025-12-15,2026-05-15,MTY,MEX,Viva,Price unavailable
2025-12-15,2026-05-15,MTY,MEX,Volaris,Price unavailable
2025-12-15,2026-05-15,MTY,MEX,Viva,Price unavailable
2025-12-15,2026-05-15,MTY,MEX,Viva,Price unavailable
2025-12-15,2026-05-15,MTY,MEX,Viva,Price unavailable
2025-12-15,2026-05-15,MTY,MEX,Volaris,Price unavailable
2025-12-15,2026-05-15,MTY,MEX,Viva,Price unavailable
2025-12-15,2026-05-15,MTY,MEX,Volaris,Price unavailable
2025-12-15,2026-05-15,MTY,MEX,Viva,Price unavailable
2025-12-15,2026-05-15,MTY,MEX,Volaris,Price unavailable
2025-12-15,2026-05-15,MTY,MEX,Viva,Price unavailable
2025-12-15,2026-05-16,MTY,MEX,Aeromexico,R$784
2025-12-15,2026-05-16,MTY,MEX,Aeromexico,R$784
2025-12-15,2026-05-16,MTY,MEX,Aeromexico,R$784
2025-12-15,2026-05-16,MTY,MEX,Aeromexico,R$784
2025-12-15,2026-05-16,MTY,MEX,Viva,Price unavailable
2025-12-15,2026-05-16,MTY,MEX,Volaris,Price unavailable
2025-12-15,2026-05-16,MTY,MEX,Aeromexico,R$784
2025-12-15,2026-05-16,MTY,MEX,Aeromexico,R$784
2025-12-15,2026-05-16,MTY,MEX,Aeromexico,R$784
2025-12-15,2026-05-16,MTY,MEX,Aeromexico,R$784
2025-12-15,2026-05-16,MTY,MEX,Aeromexico,R$784
2025-12-15,2026-05-16,MTY,MEX,Viva,Price unavailable
2025-12-15,2026-05-16,MTY,MEX,Volaris,Price unavailable
2025-12-15,2026-05-16,MTY,MEX,Viva,Price unavailable
2025-12-15,2026-05-16,MTY,MEX,Viva,Price unavailable
2025-12-15,2026-05-16,MTY,MEX,Viva,Price unavailable
2025-12-15,2026-05-16,MTY,MEX,Volaris,Price unavailable
2025-12-15,2026-05-16,MTY,MEX,Viva,Price unavailable
2025-12-15,2026-05-16,MTY,MEX,Volaris,Price unavailable
2025-12-15,2026-05-16,MTY,MEX,Viva,Price unavailable
2025-12-15,2026-05-16,MTY,MEX,Volaris,Price unavailable
2025-12-15,2026-05-16,MTY,MEX,Viva,Price unavailable
2025-12-15,2026-05-16,MTY,MEX,Aeromexico,R$784
2025-12-15,2026-05-16,MTY,MEX,Aeromexico,R$784
2025-12-15,2026-05-16,MTY,MEX,Aeromexico,R$784
2025-12-15,2026-05-16,MTY,MEX,Aeromexico,R$784
2025-12-15,2026-05-16,MTY,MEX,Viva,Price unavailable
2025-12-15,2026-05-16,MTY,MEX,Aeromexico,R$784
2025-12-15,2026-05-16,MTY,MEX,Aeromexico,R$784
2025-12-15,2026-05-16,MTY,MEX,Aeromexico,R$784
2025-12-15,2026-05-16,MTY,MEX,Aeromexico,R$784
2025-12-15,2026-05-16,MTY,MEX,Aeromexico,R$784
2025-12-15,2026-05-16,MTY,MEX,Viva,Price unavailable
2025-12-15,2026-05-16,MTY,MEX,Volaris,Price unavailable
2025-12-15,2026-05-16,MTY,MEX,Viva,Price unavailable
2025-12-15,2026-05-16,MTY,MEX,Viva,Price unavailable
2025-12-15,2026-05-16,MTY,MEX,Viva,Price unavailable
2025-12-15,2026-05-16,MTY,MEX,Volaris,Price unavailable
2025-12-15,2026-05-16,MTY,MEX,Viva,Price unavailable
2025-12-15,2026-05-16,MTY,MEX,Volaris,Price unavailable
2025-12-15,2026-05-16,MTY,MEX,Viva,Price unavailable
2025-12-15,2026-05-16,MTY,MEX,Volaris,Price unavailable
2025-12-15,2026-05-16,MTY,MEX,Viva,Price unavailable
2025-12-15,2026-05-10,MLM,MEX,Aeromexico,R$890
2025-12-15,2026-05-11,MLM,MEX,Aeromexico,R$786
2025-12-15,2026-05-12,MLM,MEX,Aeromexico,R$786
2025-12-15,2026-05-13,MLM,MEX,Aeromexico,R$786
2025-12-15,2026-05-14,MLM,MEX,Aeromexico,R$786
2025-12-15,2026-05-15,MLM,MEX,Aeromexico,R$786
2025-12-15,2026-05-16,MLM,MEX,Aeromexico,R$786
2025-12-15,2026-05-10,MEX,VSA,Aeromexico,R$945
2025-12-15,2026-05-10,MEX,VSA,Aeromexico,R$979
2025-12-15,2026-05-10,MEX,VSA,Aeromexico,R$979
2025-12-15,2026-05-10,MEX,VSA,Volaris,Price unavailable
2025-12-15,2026-05-10,MEX,VSA,Viva,Price unavailable
2025-12-15,2026-05-10,MEX,VSA,Aeromexico,R$945
2025-12-15,2026-05-10,MEX,VSA,Aeromexico,R$979
2025-12-15,2026-05-10,MEX,VSA,Aeromexico,R$945
2025-12-15,2026-05-10,MEX,VSA,Aeromexico,R$979
2025-12-15,2026-05-10,MEX,VSA,Aeromexico,R$979
2025-12-15,2026-05-10,MEX,VSA,Volaris,Price unavailable
2025-12-15,2026-05-10,MEX,VSA,Aeromexico,R$945
2025-12-15,2026-05-10,MEX,VSA,Aeromexico,R$979
2025-12-15,2026-05-11,MEX,VSA,Aeromexico,R$997
2025-12-15,2026-05-11,MEX,VSA,Aeromexico,R$1102
2025-12-15,2026-05-11,MEX,VSA,Aeromexico,R$1137
2025-12-15,2026-05-11,MEX,VSA,Aeromexico,R$1137
2025-12-15,2026-05-11,MEX,VSA,Aeromexico,R$1137
2025-12-15,2026-05-11,MEX,VSA,Volaris,Price unavailable
2025-12-15,2026-05-11,MEX,VSA,Viva,Price unavailable
2025-12-15,2026-05-11,MEX,VSA,Aeromexico,R$997
2025-12-15,2026-05-11,MEX,VSA,Aeromexico,R$1102
2025-12-15,2026-05-11,MEX,VSA,Aeromexico,R$1137
2025-12-15,2026-05-11,MEX,VSA,Aeromexico,R$1137
2025-12-15,2026-05-11,MEX,VSA,Aeromexico,R$1137
2025-12-15,2026-05-11,MEX,VSA,Volaris,Price unavailable
2025-12-15,2026-05-12,MEX,VSA,Aeromexico,R$945
2025-12-15,2026-05-12,MEX,VSA,Aeromexico,R$979
2025-12-15,2026-05-12,MEX,VSA,Aeromexico,R$1014
2025-12-15,2026-05-12,MEX,VSA,Aeromexico,R$1049
2025-12-15,2026-05-12,MEX,VSA,Aeromexico,R$1049
2025-12-15,2026-05-12,MEX,VSA,Volaris,Price unavailable
2025-12-15,2026-05-12,MEX,VSA,Viva,Price unavailable
2025-12-15,2026-05-12,MEX,VSA,Aeromexico,R$945
2025-12-15,2026-05-12,MEX,VSA,Aeromexico,R$979
2025-12-15,2026-05-12,MEX,VSA,Aeromexico,R$1014
2025-12-15,2026-05-12,MEX,VSA,Aeromexico,R$1049
2025-12-15,2026-05-12,MEX,VSA,Aeromexico,R$1049
2025-12-15,2026-05-12,MEX,VSA,Volaris,Price unavailable
2025-12-15,2026-05-13,MEX,VSA,Aeromexico,R$945
2025-12-15,2026-05-13,MEX,VSA,Aeromexico,R$945
2025-12-15,2026-05-13,MEX,VSA,Aeromexico,R$945
2025-12-15,2026-05-13,MEX,VSA,Volaris,Price unavailable
2025-12-15,2026-05-13,MEX,VSA,Viva,Price unavailable
2025-12-15,2026-05-13,MEX,VSA,Aeromexico,R$945
2025-12-15,2026-05-13,MEX,VSA,Aeromexico,R$979
2025-12-15,2026-05-13,MEX,VSA,Aeromexico,R$945
2025-12-15,2026-05-13,MEX,VSA,Aeromexico,R$945
2025-12-15,2026-05-13,MEX,VSA,Aeromexico,R$945
2025-12-15,2026-05-13,MEX,VSA,Volaris,Price unavailable
2025-12-15,2026-05-13,MEX,VSA,Aeromexico,R$945
2025-12-15,2026-05-13,MEX,VSA,Aeromexico,R$979
2025-12-15,2026-05-14,MEX,VSA,Aeromexico,R$945
2025-12-15,2026-05-14,MEX,VSA,Aeromexico,R$945
2025-12-15,2026-05-14,MEX,VSA,Aeromexico,R$945
2025-12-15,2026-05-14,MEX,VSA,Aeromexico,R$945
2025-12-15,2026-05-14,MEX,VSA,Volaris,Price unavailable
2025-12-15,2026-05-14,MEX,VSA,Viva,Price unavailable
2025-12-15,2026-05-14,MEX,VSA,Aeromexico,R$945
2025-12-15,2026-05-14,MEX,VSA,Aeromexico,R$945
2025-12-15,2026-05-14,MEX,VSA,Aeromexico,R$945
2025-12-15,2026-05-14,MEX,VSA,Aeromexico,R$945
2025-12-15,2026-05-14,MEX,VSA,Aeromexico,R$945
2025-12-15,2026-05-14,MEX,VSA,Volaris,Price unavailable
2025-12-15,2026-05-14,MEX,VSA,Aeromexico,R$945
2025-12-15,2026-05-15,MEX,VSA,Aeromexico,R$945
2025-12-15,2026-05-15,MEX,VSA,Aeromexico,R$945
2025-12-15,2026-05-15,MEX,VSA,Aeromexico,R$945
2025-12-15,2026-05-15,MEX,VSA,Volaris,Price unavailable
2025-12-15,2026-05-15,MEX,VSA,Viva,Price unavailable
2025-12-15,2026-05-15,MEX,VSA,Aeromexico,R$945
2025-12-15,2026-05-15,MEX,VSA,Aeromexico,R$945
2025-12-15,2026-05-15,MEX,VSA,Aeromexico,R$945
2025-12-15,2026-05-15,MEX,VSA,Aeromexico,R$945
2025-12-15,2026-05-15,MEX,VSA,Aeromexico,R$945
2025-12-15,2026-05-15,MEX,VSA,Volaris,Price unavailable
2025-12-15,2026-05-15,MEX,VSA,Aeromexico,R$945
2025-12-15,2026-05-15,MEX,VSA,Aeromexico,R$945
2025-12-15,2026-05-16,MEX,VSA,Aeromexico,R$945
2025-12-15,2026-05-16,MEX,VSA,Aeromexico,R$945
2025-12-15,2026-05-16,MEX,VSA,Aeromexico,R$945
2025-12-15,2026-05-16,MEX,VSA,Aeromexico,R$945
2025-12-15,2026-05-16,MEX,VSA,Volaris,Price unavailable
2025-12-15,2026-05-16,MEX,VSA,Viva,Price unavailable
2025-12-15,2026-05-16,MEX,VSA,Aeromexico,R$945
2025-12-15,2026-05-16,MEX,VSA,Aeromexico,R$945
2025-12-15,2026-05-16,MEX,VSA,Aeromexico,R$945
2025-12-15,2026-05-16,MEX,VSA,Aeromexico,R$945
2025-12-15,2026-05-16,MEX,VSA,Aeromexico,R$945
2025-12-15,2026-05-16,MEX,VSA,Volaris,Price unavailable
2025-12-15,2026-05-16,MEX,VSA,Aeromexico,R$945
2025-12-15,2026-05-10,GDL,ORD,Aeromexico,R$1108
2025-12-15,2026-05-10,GDL,ORD,Volaris,Price unavailable
2025-12-15,2026-05-10,GDL,ORD,Viva,Price unavailable
2025-12-15,2026-05-10,GDL,ORD,Aeromexico,R$1108
2025-12-15,2026-05-10,GDL,ORD,Volaris,Price unavailable
2025-12-15,2026-05-11,GDL,ORD,Aeromexico,R$1108
2025-12-15,2026-05-11,GDL,ORD,Volaris,Price unavailable
2025-12-15,2026-05-11,GDL,ORD,Viva,Price unavailable
2025-12-15,2026-05-11,GDL,ORD,Volaris,Price unavailable
2025-12-15,2026-05-11,GDL,ORD,Aeromexico,R$1108
2025-12-15,2026-05-11,GDL,ORD,Volaris,Price unavailable
2025-12-15,2026-05-11,GDL,ORD,Viva,Price unavailable
2025-12-15,2026-05-12,GDL,ORD,Aeromexico,R$1108
2025-12-15,2026-05-12,GDL,ORD,Volaris,Price unavailable
2025-12-15,2026-05-12,GDL,ORD,Viva,Price unavailable
2025-12-15,2026-05-12,GDL,ORD,Volaris,Price unavailable
2025-12-15,2026-05-12,GDL,ORD,Aeromexico,R$1108
2025-12-15,2026-05-12,GDL,ORD,Volaris,Price unavailable
2025-12-15,2026-05-12,GDL,ORD,Viva,Price unavailable
2025-12-15,2026-05-13,GDL,ORD,Aeromexico,R$1108
2025-12-15,2026-05-13,GDL,ORD,Volaris,Price unavailable
2025-12-15,2026-05-13,GDL,ORD,Viva,Price unavailable
2025-12-15,2026-05-13,GDL,ORD,Aeromexico,R$1108
2025-12-15,2026-05-13,GDL,ORD,Volaris,Price unavailable
2025-12-15,2026-05-14,GDL,ORD,Aeromexico,R$1108
2025-12-15,2026-05-14,GDL,ORD,Volaris,Price unavailable
2025-12-15,2026-05-14,GDL,ORD,Viva,Price unavailable
2025-12-15,2026-05-14,GDL,ORD,Volaris,Price unavailable
2025-12-15,2026-05-14,GDL,ORD,Aeromexico,R$1108
2025-12-15,2026-05-14,GDL,ORD,Volaris,Price unavailable
2025-12-15,2026-05-14,GDL,ORD,Viva,Price unavailable
2025-12-15,2026-05-15,GDL,ORD,Aeromexico,R$1108
2025-12-15,2026-05-15,GDL,ORD,Volaris,Price unavailable
2025-12-15,2026-05-15,GDL,ORD,Viva,Price unavailable
2025-12-15,2026-05-15,GDL,ORD,Aeromexico,R$1108
2025-12-15,2026-05-15,GDL,ORD,Volaris,Price unavailable
2025-12-15,2026-05-16,GDL,ORD,Aeromexico,R$1108
2025-12-15,2026-05-16,GDL,ORD,Volaris,Price unavailable
2025-12-15,2026-05-16,GDL,ORD,Viva,Price unavailable
2025-12-15,2026-05-16,GDL,ORD,Viva,Price unavailable
2025-12-15,2026-05-16,GDL,ORD,Aeromexico,R$1108
2025-12-15,2026-05-16,GDL,ORD,Volaris,Price unavailable
2025-12-15,2026-05-16,GDL,ORD,Viva,Price unavailable
2025-12-15,2026-05-10,SFO,MEX,United,R$1010
2025-12-15,2026-05-10,SFO,MEX,United,R$1010
2025-12-15,2026-05-10,SFO,MEX,Aeromexico,R$1010
2025-12-15,2026-05-10,SFO,MEX,Aeromexico,R$1010
2025-12-15,2026-05-10,SFO,MEX,United,R$1010
2025-12-15,2026-05-10,SFO,MEX,United,R$1010
2025-12-15,2026-05-10,SFO,MEX,Aeromexico,R$1010
2025-12-15,2026-05-11,SFO,MEX,United,R$1010
2025-12-15,2026-05-11,SFO,MEX,United,R$1010
2025-12-15,2026-05-11,SFO,MEX,Aeromexico,R$1010
2025-12-15,2026-05-11,SFO,MEX,Aeromexico,R$1010
2025-12-15,2026-05-11,SFO,MEX,United,R$1010
2025-12-15,2026-05-11,SFO,MEX,United,R$1010
2025-12-15,2026-05-11,SFO,MEX,Aeromexico,R$1010
2025-12-15,2026-05-12,SFO,MEX,United,R$1010
2025-12-15,2026-05-12,SFO,MEX,United,R$1010
2025-12-15,2026-05-12,SFO,MEX,Aeromexico,R$1010
2025-12-15,2026-05-12,SFO,MEX,Aeromexico,R$1010
2025-12-15,2026-05-12,SFO,MEX,United,R$1010
2025-12-15,2026-05-12,SFO,MEX,United,R$1010
2025-12-15,2026-05-12,SFO,MEX,Aeromexico,R$1010
2025-12-15,2026-05-13,SFO,MEX,United,R$1010
2025-12-15,2026-05-13,SFO,MEX,United,R$1010
2025-12-15,2026-05-13,SFO,MEX,Aeromexico,R$1010
2025-12-15,2026-05-13,SFO,MEX,United,R$1010
2025-12-15,2026-05-13,SFO,MEX,United,R$1010
2025-12-15,2026-05-13,SFO,MEX,United,R$1010
2025-12-15,2026-05-13,SFO,MEX,United,R$1010
2025-12-15,2026-05-14,SFO,MEX,United,R$1010
2025-12-15,2026-05-14,SFO,MEX,United,R$1010
2025-12-15,2026-05-14,SFO,MEX,Aeromexico,R$1280
2025-12-15,2026-05-14,SFO,MEX,Aeromexico,R$1280
2025-12-15,2026-05-14,SFO,MEX,United,R$1010
2025-12-15,2026-05-14,SFO,MEX,United,R$1010
2025-12-15,2026-05-14,SFO,MEX,Aeromexico,R$1280
2025-12-15,2026-05-15,SFO,MEX,United,R$1010
2025-12-15,2026-05-15,SFO,MEX,Aeromexico,R$1010
2025-12-15,2026-05-15,SFO,MEX,Aeromexico,R$1010
2025-12-15,2026-05-15,SFO,MEX,United,R$1010
2025-12-15,2026-05-15,SFO,MEX,United,R$1010
2025-12-15,2026-05-15,SFO,MEX,Aeromexico,R$1010
2025-12-15,2026-05-15,SFO,MEX,United,R$1010
2025-12-15,2026-05-16,SFO,MEX,United,R$1010
2025-12-15,2026-05-16,SFO,MEX,Aeromexico,R$1010
2025-12-15,2026-05-16,SFO,MEX,United,R$1010
2025-12-15,2026-05-16,SFO,MEX,Aeromexico,R$1010
2025-12-15,2026-05-16,SFO,MEX,United,R$1010
2025-12-15,2026-05-16,SFO,MEX,United,R$1010
2025-12-15,2026-05-16,SFO,MEX,Aeromexico,R$1010
2025-12-15,2026-05-10,AUS,MEX,Aeromexico,R$901
2025-12-15,2026-05-11,AUS,MEX,Aeromexico,R$901
2025-12-15,2026-05-12,AUS,MEX,Aeromexico,R$901
2025-12-15,2026-05-13,AUS,MEX,Aeromexico,R$901
2025-12-15,2026-05-14,AUS,MEX,Aeromexico,R$901
2025-12-15,2026-05-15,AUS,MEX,Aeromexico,R$901
2025-12-15,2026-05-16,AUS,MEX,Aeromexico,R$901
2025-12-15,2026-05-10,MEX,PHX,Aeromexico,R$1206
2025-12-15,2026-05-10,MEX,PHX,American,R$1249
2025-12-15,2026-05-10,MEX,PHX,Aeromexico,R$1206
2025-12-15,2026-05-11,MEX,PHX,Aeromexico,R$1206
2025-12-15,2026-05-11,MEX,PHX,American,R$1221
2025-12-15,2026-05-11,MEX,PHX,Aeromexico,R$1206
2025-12-15,2026-05-12,MEX,PHX,Aeromexico,R$1206
2025-12-15,2026-05-12,MEX,PHX,American,R$1221
2025-12-15,2026-05-12,MEX,PHX,Aeromexico,R$1206
2025-12-15,2026-05-13,MEX,PHX,Aeromexico,R$1206
2025-12-15,2026-05-13,MEX,PHX,American,R$1221
2025-12-15,2026-05-13,MEX,PHX,Aeromexico,R$1206
2025-12-15,2026-05-14,MEX,PHX,Aeromexico,R$1206
2025-12-15,2026-05-14,MEX,PHX,American,R$1221
2025-12-15,2026-05-14,MEX,PHX,Aeromexico,R$1206
2025-12-15,2026-05-15,MEX,PHX,Aeromexico,R$1206
2025-12-15,2026-05-15,MEX,PHX,American,R$1221
2025-12-15,2026-05-15,MEX,PHX,Aeromexico,R$1206
2025-12-15,2026-05-16,MEX,PHX,Aeromexico,R$1206
2025-12-15,2026-05-16,MEX,PHX,American,R$1221
2025-12-15,2026-05-16,MEX,PHX,Aeromexico,R$1206
2025-12-15,2026-05-10,GDL,LAS,Volaris,Price unavailable
2025-12-15,2026-05-10,GDL,LAS,Viva,Price unavailable
2025-12-15,2026-05-10,GDL,LAS,Volaris,Price unavailable
2025-12-15,2026-05-10,GDL,LAS,Volaris,Price unavailable
2025-12-15,2026-05-10,GDL,LAS,Viva,Price unavailable
2025-12-15,2026-05-11,GDL,LAS,Volaris,Price unavailable
2025-12-15,2026-05-11,GDL,LAS,Viva,Price unavailable
2025-12-15,2026-05-11,GDL,LAS,Volaris,Price unavailable
2025-12-15,2026-05-11,GDL,LAS,Volaris,Price unavailable
2025-12-15,2026-05-11,GDL,LAS,Viva,Price unavailable
2025-12-15,2026-05-12,GDL,LAS,Volaris,Price unavailable
2025-12-15,2026-05-12,GDL,LAS,Volaris,Price unavailable
2025-12-15,2026-05-12,GDL,LAS,Volaris,Price unavailable
2025-12-15,2026-05-13,GDL,LAS,Volaris,Price unavailable
2025-12-15,2026-05-13,GDL,LAS,Volaris,Price unavailable
2025-12-15,2026-05-13,GDL,LAS,Volaris,Price unavailable
2025-12-15,2026-05-14,GDL,LAS,Volaris,Price unavailable
2025-12-15,2026-05-14,GDL,LAS,Viva,Price unavailable
2025-12-15,2026-05-14,GDL,LAS,Volaris,Price unavailable
2025-12-15,2026-05-14,GDL,LAS,Volaris,Price unavailable
2025-12-15,2026-05-14,GDL,LAS,Viva,Price unavailable
2025-12-15,2026-05-15,GDL,LAS,Volaris,Price unavailable
2025-12-15,2026-05-15,GDL,LAS,Viva,Price unavailable
2025-12-15,2026-05-15,GDL,LAS,Volaris,Price unavailable
2025-12-15,2026-05-15,GDL,LAS,Volaris,Price unavailable
2025-12-15,2026-05-15,GDL,LAS,Viva,Price unavailable
2025-12-15,2026-05-16,GDL,LAS,Volaris,Price unavailable
2025-12-15,2026-05-16,GDL,LAS,Volaris,Price unavailable
2025-12-15,2026-05-16,GDL,LAS,Volaris,Price unavailable
2025-12-15,2026-05-10,SLP,ATL,Aeromexico,R$1969
2025-12-15,2026-05-11,SLP,ATL,Aeromexico,R$1969
2025-12-15,2026-05-12,SLP,ATL,Aeromexico,R$1969
2025-12-15,2026-05-13,SLP,ATL,Aeromexico,R$1969
2025-12-15,2026-05-14,SLP,ATL,Aeromexico,R$1969
2025-12-15,2026-05-15,SLP,ATL,Aeromexico,R$1969
2025-12-15,2026-05-16,SLP,ATL,Aeromexico,R$1969
2025-12-15,2026-05-10,ZIH,MEX,Aeromexico,R$628
2025-12-15,2026-05-10,ZIH,MEX,Aeromexico,R$882
2025-12-15,2026-05-10,ZIH,MEX,Volaris,Price unavailable
2025-12-15,2026-05-10,ZIH,MEX,Aeromexico,R$628
2025-12-15,2026-05-10,ZIH,MEX,Aeromexico,R$882
2025-12-15,2026-05-11,ZIH,MEX,Aeromexico,R$558
2025-12-15,2026-05-11,ZIH,MEX,Aeromexico,R$593
2025-12-15,2026-05-11,ZIH,MEX,Volaris,Price unavailable
2025-12-15,2026-05-11,ZIH,MEX,Aeromexico,R$558
2025-12-15,2026-05-11,ZIH,MEX,Aeromexico,R$593
2025-12-15,2026-05-12,ZIH,MEX,Aeromexico,R$558
2025-12-15,2026-05-12,ZIH,MEX,Aeromexico,R$558
2025-12-15,2026-05-12,ZIH,MEX,Volaris,Price unavailable
2025-12-15,2026-05-12,ZIH,MEX,Aeromexico,R$558
2025-12-15,2026-05-12,ZIH,MEX,Aeromexico,R$558
2025-12-15,2026-05-13,ZIH,MEX,Aeromexico,R$558
2025-12-15,2026-05-13,ZIH,MEX,Aeromexico,R$558
2025-12-15,2026-05-13,ZIH,MEX,Volaris,Price unavailable
2025-12-15,2026-05-13,ZIH,MEX,Aeromexico,R$558
2025-12-15,2026-05-13,ZIH,MEX,Aeromexico,R$558
2025-12-15,2026-05-14,ZIH,MEX,Aeromexico,R$558
2025-12-15,2026-05-14,ZIH,MEX,Aeromexico,R$558
2025-12-15,2026-05-14,ZIH,MEX,Volaris,Price unavailable
2025-12-15,2026-05-14,ZIH,MEX,Aeromexico,R$558
2025-12-15,2026-05-14,ZIH,MEX,Aeromexico,R$558
2025-12-15,2026-05-15,ZIH,MEX,Aeromexico,R$558
2025-12-15,2026-05-15,ZIH,MEX,Aeromexico,R$558
2025-12-15,2026-05-15,ZIH,MEX,Volaris,Price unavailable
2025-12-15,2026-05-15,ZIH,MEX,Aeromexico,R$558
2025-12-15,2026-05-15,ZIH,MEX,Aeromexico,R$558
2025-12-15,2026-05-16,ZIH,MEX,Aeromexico,R$558
2025-12-15,2026-05-16,ZIH,MEX,Aeromexico,R$558
2025-12-15,2026-05-16,ZIH,MEX,Volaris,Price unavailable
2025-12-15,2026-05-16,ZIH,MEX,Aeromexico,R$558
2025-12-15,2026-05-16,ZIH,MEX,Aeromexico,R$558
2025-12-15,2026-05-10,GDL,MIA,Volaris,Price unavailable
2025-12-15,2026-05-11,GDL,MIA,Volaris,Price unavailable
2025-12-15,2026-05-13,GDL,MIA,Volaris,Price unavailable
2025-12-15,2026-05-15,GDL,MIA,Volaris,Price unavailable
2025-12-15,2026-05-10,VER,MEX,Aeromexico,R$742
2025-12-15,2026-05-10,VER,MEX,Aeromexico,R$742
2025-12-15,2026-05-10,VER,MEX,Aeromexico,R$742
2025-12-15,2026-05-10,VER,MEX,Viva,Price unavailable
2025-12-15,2026-05-10,VER,MEX,Aeromexico,R$742
2025-12-15,2026-05-10,VER,MEX,Aeromexico,R$777
2025-12-15,2026-05-10,VER,MEX,Aeromexico,R$742
2025-12-15,2026-05-10,VER,MEX,Aeromexico,R$742
2025-12-15,2026-05-10,VER,MEX,Aeromexico,R$742
2025-12-15,2026-05-10,VER,MEX,Aeromexico,R$742
2025-12-15,2026-05-10,VER,MEX,Aeromexico,R$777
2025-12-15,2026-05-11,VER,MEX,Aeromexico,R$742
2025-12-15,2026-05-11,VER,MEX,Aeromexico,R$742
2025-12-15,2026-05-11,VER,MEX,Aeromexico,R$742
2025-12-15,2026-05-11,VER,MEX,Aeromexico,R$742
2025-12-15,2026-05-11,VER,MEX,Viva,Price unavailable
2025-12-15,2026-05-11,VER,MEX,Aeromexico,R$742
2025-12-15,2026-05-11,VER,MEX,Aeromexico,R$742
2025-12-15,2026-05-11,VER,MEX,Aeromexico,R$742
2025-12-15,2026-05-11,VER,MEX,Aeromexico,R$742
2025-12-15,2026-05-11,VER,MEX,Aeromexico,R$742
2025-12-15,2026-05-11,VER,MEX,Aeromexico,R$742
2025-12-15,2026-05-11,VER,MEX,Aeromexico,R$742
2025-12-15,2026-05-11,VER,MEX,Aeromexico,R$742
2025-12-15,2026-05-12,VER,MEX,Aeromexico,R$742
2025-12-15,2026-05-12,VER,MEX,Aeromexico,R$742
2025-12-15,2026-05-12,VER,MEX,Aeromexico,R$742
2025-12-15,2026-05-12,VER,MEX,Aeromexico,R$742
2025-12-15,2026-05-12,VER,MEX,Viva,Price unavailable
2025-12-15,2026-05-12,VER,MEX,Aeromexico,R$742
2025-12-15,2026-05-12,VER,MEX,Aeromexico,R$742
2025-12-15,2026-05-12,VER,MEX,Aeromexico,R$742
2025-12-15,2026-05-12,VER,MEX,Aeromexico,R$742
2025-12-15,2026-05-12,VER,MEX,Aeromexico,R$742
2025-12-15,2026-05-12,VER,MEX,Aeromexico,R$742
2025-12-15,2026-05-12,VER,MEX,Aeromexico,R$742
2025-12-15,2026-05-12,VER,MEX,Aeromexico,R$742
2025-12-15,2026-05-13,VER,MEX,Aeromexico,R$742
2025-12-15,2026-05-13,VER,MEX,Aeromexico,R$742
2025-12-15,2026-05-13,VER,MEX,Aeromexico,R$742
2025-12-15,2026-05-13,VER,MEX,Aeromexico,R$742
2025-12-15,2026-05-13,VER,MEX,Viva,Price unavailable
2025-12-15,2026-05-13,VER,MEX,Aeromexico,R$742
2025-12-15,2026-05-13,VER,MEX,Aeromexico,R$742
2025-12-15,2026-05-13,VER,MEX,Aeromexico,R$742
2025-12-15,2026-05-13,VER,MEX,Aeromexico,R$742
2025-12-15,2026-05-13,VER,MEX,Aeromexico,R$742
2025-12-15,2026-05-13,VER,MEX,Aeromexico,R$742
2025-12-15,2026-05-13,VER,MEX,Aeromexico,R$742
2025-12-15,2026-05-13,VER,MEX,Aeromexico,R$742
2025-12-15,2026-05-14,VER,MEX,Aeromexico,R$777
2025-12-15,2026-05-14,VER,MEX,Aeromexico,R$777
2025-12-15,2026-05-14,VER,MEX,Aeromexico,R$777
2025-12-15,2026-05-14,VER,MEX,Aeromexico,R$777
2025-12-15,2026-05-14,VER,MEX,Aeromexico,R$777
2025-12-15,2026-05-14,VER,MEX,Viva,Price unavailable
2025-12-15,2026-05-14,VER,MEX,Aeromexico,R$847
2025-12-15,2026-05-14,VER,MEX,Aeromexico,R$777
2025-12-15,2026-05-14,VER,MEX,Aeromexico,R$777
2025-12-15,2026-05-14,VER,MEX,Aeromexico,R$777
2025-12-15,2026-05-14,VER,MEX,Aeromexico,R$777
2025-12-15,2026-05-14,VER,MEX,Aeromexico,R$777
2025-12-15,2026-05-14,VER,MEX,Aeromexico,R$847
2025-12-15,2026-05-15,VER,MEX,Aeromexico,R$794
2025-12-15,2026-05-15,VER,MEX,Aeromexico,R$794
2025-12-15,2026-05-15,VER,MEX,Aeromexico,R$899
2025-12-15,2026-05-15,VER,MEX,Aeromexico,R$899
2025-12-15,2026-05-15,VER,MEX,Viva,Price unavailable
2025-12-15,2026-05-15,VER,MEX,Aeromexico,R$864
2025-12-15,2026-05-15,VER,MEX,Aeromexico,R$899
2025-12-15,2026-05-15,VER,MEX,Aeromexico,R$794
2025-12-15,2026-05-15,VER,MEX,Aeromexico,R$794
2025-12-15,2026-05-15,VER,MEX,Aeromexico,R$899
2025-12-15,2026-05-15,VER,MEX,Aeromexico,R$899
2025-12-15,2026-05-15,VER,MEX,Aeromexico,R$864
2025-12-15,2026-05-15,VER,MEX,Aeromexico,R$899
2025-12-15,2026-05-16,VER,MEX,Aeromexico,R$742
2025-12-15,2026-05-16,VER,MEX,Aeromexico,R$742
2025-12-15,2026-05-16,VER,MEX,Aeromexico,R$742
2025-12-15,2026-05-16,VER,MEX,Viva,Price unavailable
2025-12-15,2026-05-16,VER,MEX,Aeromexico,R$742
2025-12-15,2026-05-16,VER,MEX,Aeromexico,R$742
2025-12-15,2026-05-16,VER,MEX,Aeromexico,R$742
2025-12-15,2026-05-16,VER,MEX,Aeromexico,R$742
2025-12-15,2026-05-16,VER,MEX,Aeromexico,R$742
2025-12-15,2026-05-16,VER,MEX,Aeromexico,R$742
2025-12-15,2026-05-16,VER,MEX,Aeromexico,R$742
2025-12-15,2026-05-10,MTY,LAS,Viva,Price unavailable
2025-12-15,2026-05-11,MTY,LAS,Viva,Price unavailable
2025-12-15,2026-05-12,MTY,LAS,Viva,Price unavailable
2025-12-15,2026-05-13,MTY,LAS,Viva,Price unavailable
2025-12-15,2026-05-14,MTY,LAS,Viva,Price unavailable
2025-12-15,2026-05-15,MTY,LAS,Viva,Price unavailable
2025-12-15,2026-05-16,MTY,LAS,Viva,Price unavailable
2025-12-15,2026-05-10,SAT,MEX,Aeromexico,R$793
2025-12-15,2026-05-10,SAT,MEX,Viva,Price unavailable
2025-12-15,2026-05-10,SAT,MEX,Volaris,Price unavailable
2025-12-15,2026-05-10,SAT,MEX,Aeromexico,R$793
2025-12-15,2026-05-10,SAT,MEX,Viva,Price unavailable
2025-12-15,2026-05-11,SAT,MEX,Aeromexico,R$793
2025-12-15,2026-05-11,SAT,MEX,Viva,Price unavailable
2025-12-15,2026-05-11,SAT,MEX,Volaris,Price unavailable
2025-12-15,2026-05-11,SAT,MEX,Aeromexico,R$793
2025-12-15,2026-05-11,SAT,MEX,Viva,Price unavailable
2025-12-15,2026-05-12,SAT,MEX,Aeromexico,R$793
2025-12-15,2026-05-12,SAT,MEX,Viva,Price unavailable
2025-12-15,2026-05-12,SAT,MEX,Volaris,Price unavailable
2025-12-15,2026-05-12,SAT,MEX,Aeromexico,R$793
2025-12-15,2026-05-12,SAT,MEX,Viva,Price unavailable
2025-12-15,2026-05-13,SAT,MEX,Aeromexico,R$793
2025-12-15,2026-05-13,SAT,MEX,Viva,Price unavailable
2025-12-15,2026-05-13,SAT,MEX,Volaris,Price unavailable
2025-12-15,2026-05-13,SAT,MEX,Aeromexico,R$793
2025-12-15,2026-05-13,SAT,MEX,Viva,Price unavailable
2025-12-15,2026-05-14,SAT,MEX,Aeromexico,R$793
2025-12-15,2026-05-14,SAT,MEX,Viva,Price unavailable
2025-12-15,2026-05-14,SAT,MEX,Volaris,Price unavailable
2025-12-15,2026-05-14,SAT,MEX,Aeromexico,R$793
2025-12-15,2026-05-14,SAT,MEX,Viva,Price unavailable
2025-12-15,2026-05-15,SAT,MEX,Aeromexico,R$793
2025-12-15,2026-05-15,SAT,MEX,Viva,Price unavailable
2025-12-15,2026-05-15,SAT,MEX,Volaris,Price unavailable
2025-12-15,2026-05-15,SAT,MEX,Aeromexico,R$793
2025-12-15,2026-05-15,SAT,MEX,Viva,Price unavailable
2025-12-15,2026-05-16,SAT,MEX,Aeromexico,R$793
2025-12-15,2026-05-16,SAT,MEX,Viva,Price unavailable
2025-12-15,2026-05-16,SAT,MEX,Volaris,Price unavailable
2025-12-15,2026-05-16,SAT,MEX,Aeromexico,R$793
2025-12-15,2026-05-16,SAT,MEX,Viva,Price unavailable
2025-12-15,2026-05-10,ATL,BJX,Aeromexico,R$1806
2025-12-15,2026-05-11,ATL,BJX,Aeromexico,R$1806
2025-12-15,2026-05-12,ATL,BJX,Aeromexico,R$1806
2025-12-15,2026-05-13,ATL,BJX,Aeromexico,R$1806
2025-12-15,2026-05-14,ATL,BJX,Aeromexico,R$1806
2025-12-15,2026-05-15,ATL,BJX,Aeromexico,R$1806
2025-12-15,2026-05-16,ATL,BJX,Aeromexico,R$1806
2025-12-15,2026-05-10,CUU,MEX,Aeromexico,R$1047
2025-12-15,2026-05-10,CUU,MEX,Aeromexico,R$1047
2025-12-15,2026-05-10,CUU,MEX,Aeromexico,R$1082
2025-12-15,2026-05-10,CUU,MEX,Volaris,Price unavailable
2025-12-15,2026-05-10,CUU,MEX,Viva,Price unavailable
2025-12-15,2026-05-10,CUU,MEX,Aeromexico,R$1047
2025-12-15,2026-05-10,CUU,MEX,Aeromexico,R$1047
2025-12-15,2026-05-10,CUU,MEX,Aeromexico,R$1082
2025-12-15,2026-05-10,CUU,MEX,Volaris,Price unavailable
2025-12-15,2026-05-11,CUU,MEX,Aeromexico,R$1047
2025-12-15,2026-05-11,CUU,MEX,Volaris,Price unavailable
2025-12-15,2026-05-11,CUU,MEX,Viva,Price unavailable
2025-12-15,2026-05-11,CUU,MEX,Aeromexico,R$1047
2025-12-15,2026-05-11,CUU,MEX,Aeromexico,R$1047
2025-12-15,2026-05-11,CUU,MEX,Aeromexico,R$1047
2025-12-15,2026-05-11,CUU,MEX,Aeromexico,R$1047
2025-12-15,2026-05-11,CUU,MEX,Volaris,Price unavailable
2025-12-15,2026-05-11,CUU,MEX,Aeromexico,R$1047
2025-12-15,2026-05-11,CUU,MEX,Aeromexico,R$1047
2025-12-15,2026-05-11,CUU,MEX,Aeromexico,R$1047
2025-12-15,2026-05-12,CUU,MEX,Aeromexico,R$1047
2025-12-15,2026-05-12,CUU,MEX,Volaris,Price unavailable
2025-12-15,2026-05-12,CUU,MEX,Viva,Price unavailable
2025-12-15,2026-05-12,CUU,MEX,Aeromexico,R$1047
2025-12-15,2026-05-12,CUU,MEX,Aeromexico,R$1047
2025-12-15,2026-05-12,CUU,MEX,Aeromexico,R$1047
2025-12-15,2026-05-12,CUU,MEX,Aeromexico,R$1047
2025-12-15,2026-05-12,CUU,MEX,Volaris,Price unavailable
2025-12-15,2026-05-12,CUU,MEX,Aeromexico,R$1047
2025-12-15,2026-05-12,CUU,MEX,Aeromexico,R$1047
2025-12-15,2026-05-12,CUU,MEX,Aeromexico,R$1047
2025-12-15,2026-05-13,CUU,MEX,Aeromexico,R$1047
2025-12-15,2026-05-13,CUU,MEX,Volaris,Price unavailable
2025-12-15,2026-05-13,CUU,MEX,Viva,Price unavailable
2025-12-15,2026-05-13,CUU,MEX,Aeromexico,R$1047
2025-12-15,2026-05-13,CUU,MEX,Aeromexico,R$1047
2025-12-15,2026-05-13,CUU,MEX,Aeromexico,R$1047
2025-12-15,2026-05-13,CUU,MEX,Aeromexico,R$1047
2025-12-15,2026-05-13,CUU,MEX,Volaris,Price unavailable
2025-12-15,2026-05-13,CUU,MEX,Aeromexico,R$1047
2025-12-15,2026-05-13,CUU,MEX,Aeromexico,R$1047
2025-12-15,2026-05-13,CUU,MEX,Aeromexico,R$1047
2025-12-15,2026-05-14,CUU,MEX,Aeromexico,R$1082
2025-12-15,2026-05-14,CUU,MEX,Volaris,Price unavailable
2025-12-15,2026-05-14,CUU,MEX,Viva,Price unavailable
2025-12-15,2026-05-14,CUU,MEX,Aeromexico,R$1082
2025-12-15,2026-05-14,CUU,MEX,Aeromexico,R$1152
2025-12-15,2026-05-14,CUU,MEX,Aeromexico,R$1187
2025-12-15,2026-05-14,CUU,MEX,Aeromexico,R$1082
2025-12-15,2026-05-14,CUU,MEX,Volaris,Price unavailable
2025-12-15,2026-05-14,CUU,MEX,Aeromexico,R$1082
2025-12-15,2026-05-14,CUU,MEX,Aeromexico,R$1152
2025-12-15,2026-05-14,CUU,MEX,Aeromexico,R$1187
2025-12-15,2026-05-15,CUU,MEX,Aeromexico,R$1117
2025-12-15,2026-05-15,CUU,MEX,Volaris,Price unavailable
2025-12-15,2026-05-15,CUU,MEX,Viva,Price unavailable
2025-12-15,2026-05-15,CUU,MEX,Aeromexico,R$1152
2025-12-15,2026-05-15,CUU,MEX,Aeromexico,R$1257
2025-12-15,2026-05-15,CUU,MEX,Aeromexico,R$1257
2025-12-15,2026-05-15,CUU,MEX,Aeromexico,R$1117
2025-12-15,2026-05-15,CUU,MEX,Volaris,Price unavailable
2025-12-15,2026-05-15,CUU,MEX,Aeromexico,R$1152
2025-12-15,2026-05-15,CUU,MEX,Aeromexico,R$1257
2025-12-15,2026-05-15,CUU,MEX,Aeromexico,R$1257
2025-12-15,2026-05-16,CUU,MEX,Aeromexico,R$1047
2025-12-15,2026-05-16,CUU,MEX,Volaris,Price unavailable
2025-12-15,2026-05-16,CUU,MEX,Viva,Price unavailable
2025-12-15,2026-05-16,CUU,MEX,Aeromexico,R$1047
2025-12-15,2026-05-16,CUU,MEX,Aeromexico,R$1047
2025-12-15,2026-05-16,CUU,MEX,Aeromexico,R$1047
2025-12-15,2026-05-16,CUU,MEX,Aeromexico,R$1047
2025-12-15,2026-05-16,CUU,MEX,Volaris,Price unavailable
2025-12-15,2026-05-16,CUU,MEX,Aeromexico,R$1047
2025-12-15,2026-05-16,CUU,MEX,Aeromexico,R$1047
2025-12-15,2026-05-16,CUU,MEX,Aeromexico,R$1047
2025-12-15,2026-05-10,TQO,MEX,Aeromexico,R$807
2025-12-15,2026-05-11,TQO,MEX,Aeromexico,R$824
2025-12-15,2026-05-12,TQO,MEX,Aeromexico,R$650
2025-12-15,2026-05-13,TQO,MEX,Aeromexico,R$650
2025-12-15,2026-05-14,TQO,MEX,Aeromexico,R$650
2025-12-15,2026-05-15,TQO,MEX,Aeromexico,R$650
2025-12-15,2026-05-16,TQO,MEX,Aeromexico,R$650
2025-12-15,2026-05-10,GDL,NLU,Aeromexico,R$386
2025-12-15,2026-05-10,GDL,NLU,Viva,Price unavailable
2025-12-15,2026-05-10,GDL,NLU,Viva,Price unavailable
2025-12-15,2026-05-10,GDL,NLU,Volaris,Price unavailable
2025-12-15,2026-05-10,GDL,NLU,Mexicana,Price unavailable
2025-12-15,2026-05-10,GDL,NLU,Viva,Price unavailable
2025-12-15,2026-05-10,GDL,NLU,Viva,Price unavailable
2025-12-15,2026-05-10,GDL,NLU,Volaris,Price unavailable
2025-12-15,2026-05-10,GDL,NLU,Mexicana,Price unavailable
2025-12-15,2026-05-10,GDL,NLU,Aeromexico,R$386
2025-12-15,2026-05-10,GDL,NLU,Viva,Price unavailable
2025-12-15,2026-05-10,GDL,NLU,Viva,Price unavailable
2025-12-15,2026-05-10,GDL,NLU,Volaris,Price unavailable
2025-12-15,2026-05-10,GDL,NLU,Mexicana,Price unavailable
2025-12-15,2026-05-10,GDL,NLU,Viva,Price unavailable
2025-12-15,2026-05-10,GDL,NLU,Viva,Price unavailable
2025-12-15,2026-05-10,GDL,NLU,Volaris,Price unavailable
2025-12-15,2026-05-11,GDL,NLU,Aeromexico,R$386
2025-12-15,2026-05-11,GDL,NLU,Viva,Price unavailable
2025-12-15,2026-05-11,GDL,NLU,Viva,Price unavailable
2025-12-15,2026-05-11,GDL,NLU,Mexicana,Price unavailable
2025-12-15,2026-05-11,GDL,NLU,Volaris,Price unavailable
2025-12-15,2026-05-11,GDL,NLU,Viva,Price unavailable
2025-12-15,2026-05-11,GDL,NLU,Viva,Price unavailable
2025-12-15,2026-05-11,GDL,NLU,Volaris,Price unavailable
2025-12-15,2026-05-11,GDL,NLU,Mexicana,Price unavailable
2025-12-15,2026-05-11,GDL,NLU,Aeromexico,R$386
2025-12-15,2026-05-11,GDL,NLU,Viva,Price unavailable
2025-12-15,2026-05-11,GDL,NLU,Viva,Price unavailable
2025-12-15,2026-05-11,GDL,NLU,Mexicana,Price unavailable
2025-12-15,2026-05-11,GDL,NLU,Volaris,Price unavailable
2025-12-15,2026-05-11,GDL,NLU,Viva,Price unavailable
2025-12-15,2026-05-11,GDL,NLU,Viva,Price unavailable
2025-12-15,2026-05-11,GDL,NLU,Volaris,Price unavailable
2025-12-15,2026-05-12,GDL,NLU,Aeromexico,R$386
2025-12-15,2026-05-12,GDL,NLU,Viva,Price unavailable
2025-12-15,2026-05-12,GDL,NLU,Viva,Price unavailable
2025-12-15,2026-05-12,GDL,NLU,Mexicana,Price unavailable
2025-12-15,2026-05-12,GDL,NLU,Volaris,Price unavailable
2025-12-15,2026-05-12,GDL,NLU,Viva,Price unavailable
2025-12-15,2026-05-12,GDL,NLU,Viva,Price unavailable
2025-12-15,2026-05-12,GDL,NLU,Volaris,Price unavailable
2025-12-15,2026-05-12,GDL,NLU,Mexicana,Price unavailable
2025-12-15,2026-05-12,GDL,NLU,Aeromexico,R$386
2025-12-15,2026-05-12,GDL,NLU,Viva,Price unavailable
2025-12-15,2026-05-12,GDL,NLU,Viva,Price unavailable
2025-12-15,2026-05-12,GDL,NLU,Mexicana,Price unavailable
2025-12-15,2026-05-12,GDL,NLU,Volaris,Price unavailable
2025-12-15,2026-05-12,GDL,NLU,Viva,Price unavailable
2025-12-15,2026-05-12,GDL,NLU,Viva,Price unavailable
2025-12-15,2026-05-12,GDL,NLU,Volaris,Price unavailable
2025-12-15,2026-05-13,GDL,NLU,Aeromexico,R$386
2025-12-15,2026-05-13,GDL,NLU,Viva,Price unavailable
2025-12-15,2026-05-13,GDL,NLU,Viva,Price unavailable
2025-12-15,2026-05-13,GDL,NLU,Mexicana,Price unavailable
2025-12-15,2026-05-13,GDL,NLU,Volaris,Price unavailable
2025-12-15,2026-05-13,GDL,NLU,Viva,Price unavailable
2025-12-15,2026-05-13,GDL,NLU,Viva,Price unavailable
2025-12-15,2026-05-13,GDL,NLU,Volaris,Price unavailable
2025-12-15,2026-05-13,GDL,NLU,Mexicana,Price unavailable
2025-12-15,2026-05-13,GDL,NLU,Aeromexico,R$386
2025-12-15,2026-05-13,GDL,NLU,Viva,Price unavailable
2025-12-15,2026-05-13,GDL,NLU,Viva,Price unavailable
2025-12-15,2026-05-13,GDL,NLU,Mexicana,Price unavailable
2025-12-15,2026-05-13,GDL,NLU,Volaris,Price unavailable
2025-12-15,2026-05-13,GDL,NLU,Viva,Price unavailable
2025-12-15,2026-05-13,GDL,NLU,Viva,Price unavailable
2025-12-15,2026-05-13,GDL,NLU,Volaris,Price unavailable
2025-12-15,2026-05-14,GDL,NLU,Aeromexico,R$386
2025-12-15,2026-05-14,GDL,NLU,Viva,Price unavailable
2025-12-15,2026-05-14,GDL,NLU,Viva,Price unavailable
2025-12-15,2026-05-14,GDL,NLU,Mexicana,Price unavailable
2025-12-15,2026-05-14,GDL,NLU,Volaris,Price unavailable
2025-12-15,2026-05-14,GDL,NLU,Viva,Price unavailable
2025-12-15,2026-05-14,GDL,NLU,Viva,Price unavailable
2025-12-15,2026-05-14,GDL,NLU,Volaris,Price unavailable
2025-12-15,2026-05-14,GDL,NLU,Mexicana,Price unavailable
2025-12-15,2026-05-14,GDL,NLU,Aeromexico,R$386
2025-12-15,2026-05-14,GDL,NLU,Viva,Price unavailable
2025-12-15,2026-05-14,GDL,NLU,Viva,Price unavailable
2025-12-15,2026-05-14,GDL,NLU,Mexicana,Price unavailable
2025-12-15,2026-05-14,GDL,NLU,Volaris,Price unavailable
2025-12-15,2026-05-14,GDL,NLU,Viva,Price unavailable
2025-12-15,2026-05-14,GDL,NLU,Viva,Price unavailable
2025-12-15,2026-05-14,GDL,NLU,Volaris,Price unavailable
2025-12-15,2026-05-15,GDL,NLU,Aeromexico,R$386
2025-12-15,2026-05-15,GDL,NLU,Viva,Price unavailable
2025-12-15,2026-05-15,GDL,NLU,Viva,Price unavailable
2025-12-15,2026-05-15,GDL,NLU,Mexicana,Price unavailable
2025-12-15,2026-05-15,GDL,NLU,Volaris,Price unavailable
2025-12-15,2026-05-15,GDL,NLU,Viva,Price unavailable
2025-12-15,2026-05-15,GDL,NLU,Viva,Price unavailable
2025-12-15,2026-05-15,GDL,NLU,Volaris,Price unavailable
2025-12-15,2026-05-15,GDL,NLU,Mexicana,Price unavailable
2025-12-15,2026-05-15,GDL,NLU,Aeromexico,R$386
2025-12-15,2026-05-15,GDL,NLU,Viva,Price unavailable
2025-12-15,2026-05-15,GDL,NLU,Viva,Price unavailable
2025-12-15,2026-05-15,GDL,NLU,Mexicana,Price unavailable
2025-12-15,2026-05-15,GDL,NLU,Volaris,Price unavailable
2025-12-15,2026-05-15,GDL,NLU,Viva,Price unavailable
2025-12-15,2026-05-15,GDL,NLU,Viva,Price unavailable
2025-12-15,2026-05-15,GDL,NLU,Volaris,Price unavailable
2025-12-15,2026-05-16,GDL,NLU,Aeromexico,R$386
2025-12-15,2026-05-16,GDL,NLU,Viva,Price unavailable
2025-12-15,2026-05-16,GDL,NLU,Viva,Price unavailable
2025-12-15,2026-05-16,GDL,NLU,Volaris,Price unavailable
2025-12-15,2026-05-16,GDL,NLU,Mexicana,Price unavailable
2025-12-15,2026-05-16,GDL,NLU,Viva,Price unavailable
2025-12-15,2026-05-16,GDL,NLU,Viva,Price unavailable
2025-12-15,2026-05-16,GDL,NLU,Volaris,Price unavailable
2025-12-15,2026-05-16,GDL,NLU,Aeromexico,R$386
2025-12-15,2026-05-16,GDL,NLU,Viva,Price unavailable
2025-12-15,2026-05-16,GDL,NLU,Viva,Price unavailable
2025-12-15,2026-05-16,GDL,NLU,Volaris,Price unavailable
2025-12-15,2026-05-16,GDL,NLU,Mexicana,Price unavailable
2025-12-15,2026-05-16,GDL,NLU,Viva,Price unavailable
2025-12-15,2026-05-16,GDL,NLU,Viva,Price unavailable
2025-12-15,2026-05-10,MEX,EWR,Aeromexico,R$1983
2025-12-15,2026-05-10,MEX,EWR,United,R$2192
2025-12-15,2026-05-10,MEX,EWR,United,R$2513
2025-12-15,2026-05-10,MEX,EWR,Volaris,Price unavailable
2025-12-15,2026-05-10,MEX,EWR,Aeromexico,R$1983
2025-12-15,2026-05-10,MEX,EWR,United,R$2192
2025-12-15,2026-05-10,MEX,EWR,United,R$2513
2025-12-15,2026-05-11,MEX,EWR,United,R$1871
2025-12-15,2026-05-11,MEX,EWR,Aeromexico,R$1871
2025-12-15,2026-05-11,MEX,EWR,United,R$2000
2025-12-15,2026-05-11,MEX,EWR,Volaris,Price unavailable
2025-12-15,2026-05-11,MEX,EWR,United,R$1871
2025-12-15,2026-05-11,MEX,EWR,Aeromexico,R$1871
2025-12-15,2026-05-11,MEX,EWR,United,R$2000
2025-12-15,2026-05-12,MEX,EWR,United,R$1871
2025-12-15,2026-05-12,MEX,EWR,United,R$1871
2025-12-15,2026-05-12,MEX,EWR,Aeromexico,R$1871
2025-12-15,2026-05-12,MEX,EWR,Volaris,Price unavailable
2025-12-15,2026-05-12,MEX,EWR,United,R$1871
2025-12-15,2026-05-12,MEX,EWR,United,R$1871
2025-12-15,2026-05-12,MEX,EWR,Aeromexico,R$1871
2025-12-15,2026-05-13,MEX,EWR,United,R$1871
2025-12-15,2026-05-13,MEX,EWR,United,R$1871
2025-12-15,2026-05-13,MEX,EWR,Aeromexico,R$1871
2025-12-15,2026-05-13,MEX,EWR,Volaris,Price unavailable
2025-12-15,2026-05-13,MEX,EWR,United,R$1871
2025-12-15,2026-05-13,MEX,EWR,United,R$1871
2025-12-15,2026-05-13,MEX,EWR,Aeromexico,R$1871
2025-12-15,2026-05-14,MEX,EWR,United,R$1871
2025-12-15,2026-05-14,MEX,EWR,United,R$1871
2025-12-15,2026-05-14,MEX,EWR,Aeromexico,R$1871
2025-12-15,2026-05-14,MEX,EWR,Volaris,Price unavailable
2025-12-15,2026-05-14,MEX,EWR,United,R$1871
2025-12-15,2026-05-14,MEX,EWR,United,R$1871
2025-12-15,2026-05-14,MEX,EWR,Aeromexico,R$1871
2025-12-15,2026-05-15,MEX,EWR,United,R$1983
2025-12-15,2026-05-15,MEX,EWR,United,R$1983
2025-12-15,2026-05-15,MEX,EWR,Aeromexico,R$1983
2025-12-15,2026-05-15,MEX,EWR,Volaris,Price unavailable
2025-12-15,2026-05-15,MEX,EWR,United,R$1983
2025-12-15,2026-05-15,MEX,EWR,United,R$1983
2025-12-15,2026-05-15,MEX,EWR,Aeromexico,R$1983
2025-12-15,2026-05-16,MEX,EWR,United,R$1983
2025-12-15,2026-05-16,MEX,EWR,Aeromexico,R$1983
2025-12-15,2026-05-16,MEX,EWR,United,R$2147
2025-12-15,2026-05-16,MEX,EWR,Volaris,Price unavailable
2025-12-15,2026-05-16,MEX,EWR,United,R$1983
2025-12-15,2026-05-16,MEX,EWR,Aeromexico,R$1983
2025-12-15,2026-05-16,MEX,EWR,United,R$2147
2025-12-15,2026-05-10,MEX,HUX,Aeromexico,R$596
2025-12-15,2026-05-10,MEX,HUX,Aeromexico,R$596
2025-12-15,2026-05-10,MEX,HUX,Volaris,Price unavailable
2025-12-15,2026-05-10,MEX,HUX,Viva,Price unavailable
2025-12-15,2026-05-10,MEX,HUX,Aeromexico,R$596
2025-12-15,2026-05-10,MEX,HUX,Aeromexico,R$596
2025-12-15,2026-05-10,MEX,HUX,Volaris,Price unavailable
2025-12-15,2026-05-11,MEX,HUX,Aeromexico,R$631
2025-12-15,2026-05-11,MEX,HUX,Aeromexico,R$776
2025-12-15,2026-05-11,MEX,HUX,Volaris,Price unavailable
2025-12-15,2026-05-11,MEX,HUX,Viva,Price unavailable
2025-12-15,2026-05-11,MEX,HUX,Aeromexico,R$631
2025-12-15,2026-05-11,MEX,HUX,Aeromexico,R$776
2025-12-15,2026-05-11,MEX,HUX,Volaris,Price unavailable
2025-12-15,2026-05-12,MEX,HUX,Aeromexico,R$596
2025-12-15,2026-05-12,MEX,HUX,Aeromexico,R$596
2025-12-15,2026-05-12,MEX,HUX,Volaris,Price unavailable
2025-12-15,2026-05-12,MEX,HUX,Viva,Price unavailable
2025-12-15,2026-05-12,MEX,HUX,Aeromexico,R$596
2025-12-15,2026-05-12,MEX,HUX,Aeromexico,R$596
2025-12-15,2026-05-12,MEX,HUX,Volaris,Price unavailable
2025-12-15,2026-05-13,MEX,HUX,Aeromexico,R$596
2025-12-15,2026-05-13,MEX,HUX,Aeromexico,R$776
2025-12-15,2026-05-13,MEX,HUX,Volaris,Price unavailable
2025-12-15,2026-05-13,MEX,HUX,Viva,Price unavailable
2025-12-15,2026-05-13,MEX,HUX,Aeromexico,R$596
2025-12-15,2026-05-13,MEX,HUX,Aeromexico,R$776
2025-12-15,2026-05-13,MEX,HUX,Volaris,Price unavailable
2025-12-15,2026-05-14,MEX,HUX,Aeromexico,R$666
2025-12-15,2026-05-14,MEX,HUX,Aeromexico,R$1445
2025-12-15,2026-05-14,MEX,HUX,Volaris,Price unavailable
2025-12-15,2026-05-14,MEX,HUX,Viva,Price unavailable
2025-12-15,2026-05-14,MEX,HUX,Aeromexico,R$666
2025-12-15,2026-05-14,MEX,HUX,Aeromexico,R$1445
2025-12-15,2026-05-14,MEX,HUX,Volaris,Price unavailable
2025-12-15,2026-05-15,MEX,HUX,Aeromexico,R$631
2025-12-15,2026-05-15,MEX,HUX,Aeromexico,R$631
2025-12-15,2026-05-15,MEX,HUX,Volaris,Price unavailable
2025-12-15,2026-05-15,MEX,HUX,Viva,Price unavailable
2025-12-15,2026-05-15,MEX,HUX,Aeromexico,R$631
2025-12-15,2026-05-15,MEX,HUX,Aeromexico,R$631
2025-12-15,2026-05-15,MEX,HUX,Volaris,Price unavailable
2025-12-15,2026-05-16,MEX,HUX,Aeromexico,R$596
2025-12-15,2026-05-16,MEX,HUX,Aeromexico,R$1543
2025-12-15,2026-05-16,MEX,HUX,Volaris,Price unavailable
2025-12-15,2026-05-16,MEX,HUX,Viva,Price unavailable
2025-12-15,2026-05-16,MEX,HUX,Aeromexico,R$596
2025-12-15,2026-05-16,MEX,HUX,Aeromexico,R$1543
2025-12-15,2026-05-16,MEX,HUX,Volaris,Price unavailable
2025-12-15,2026-05-10,SMF,GDL,Aeromexico,R$939
2025-12-15,2026-05-10,SMF,GDL,Volaris,Price unavailable
2025-12-15,2026-05-10,SMF,GDL,Aeromexico,R$939
2025-12-15,2026-05-11,SMF,GDL,Aeromexico,R$939
2025-12-15,2026-05-11,SMF,GDL,Volaris,Price unavailable
2025-12-15,2026-05-11,SMF,GDL,Volaris,Price unavailable
2025-12-15,2026-05-11,SMF,GDL,Aeromexico,R$939
2025-12-15,2026-05-11,SMF,GDL,Volaris,Price unavailable
2025-12-15,2026-05-12,SMF,GDL,Aeromexico,R$939
2025-12-15,2026-05-12,SMF,GDL,Volaris,Price unavailable
2025-12-15,2026-05-12,SMF,GDL,Aeromexico,R$939
2025-12-15,2026-05-13,SMF,GDL,Aeromexico,R$939
2025-12-15,2026-05-13,SMF,GDL,Volaris,Price unavailable
2025-12-15,2026-05-13,SMF,GDL,Volaris,Price unavailable
2025-12-15,2026-05-13,SMF,GDL,Aeromexico,R$939
2025-12-15,2026-05-13,SMF,GDL,Volaris,Price unavailable
2025-12-15,2026-05-14,SMF,GDL,Aeromexico,R$939
2025-12-15,2026-05-14,SMF,GDL,Volaris,Price unavailable
2025-12-15,2026-05-14,SMF,GDL,Aeromexico,R$939
2025-12-15,2026-05-15,SMF,GDL,Aeromexico,R$939
2025-12-15,2026-05-15,SMF,GDL,Volaris,Price unavailable
2025-12-15,2026-05-15,SMF,GDL,Volaris,Price unavailable
2025-12-15,2026-05-15,SMF,GDL,Aeromexico,R$939
2025-12-15,2026-05-15,SMF,GDL,Volaris,Price unavailable
2025-12-15,2026-05-16,SMF,GDL,Aeromexico,R$939
2025-12-15,2026-05-16,SMF,GDL,Volaris,Price unavailable
2025-12-15,2026-05-16,SMF,GDL,Volaris,Price unavailable
2025-12-15,2026-05-16,SMF,GDL,Aeromexico,R$939
2025-12-15,2026-05-16,SMF,GDL,Volaris,Price unavailable
2025-12-15,2026-05-10,MEX,QRO,Aeromexico,R$1036
2025-12-15,2026-05-10,MEX,QRO,Aeromexico,R$1036
2025-12-15,2026-05-10,MEX,QRO,Aeromexico,R$1175
2025-12-15,2026-05-10,MEX,QRO,Aeromexico,R$1036
2025-12-15,2026-05-10,MEX,QRO,Aeromexico,R$1036
2025-12-15,2026-05-11,MEX,QRO,Aeromexico,R$1071
2025-12-15,2026-05-11,MEX,QRO,Aeromexico,R$1071
2025-12-15,2026-05-11,MEX,QRO,Aeromexico,R$1071
2025-12-15,2026-05-11,MEX,QRO,Aeromexico,R$1071
2025-12-15,2026-05-11,MEX,QRO,Aeromexico,R$1071
2025-12-15,2026-05-12,MEX,QRO,Aeromexico,R$1036
2025-12-15,2026-05-12,MEX,QRO,Aeromexico,R$1036
2025-12-15,2026-05-12,MEX,QRO,Aeromexico,R$1071
2025-12-15,2026-05-12,MEX,QRO,Aeromexico,R$1036
2025-12-15,2026-05-12,MEX,QRO,Aeromexico,R$1036
2025-12-15,2026-05-13,MEX,QRO,Aeromexico,R$1036
2025-12-15,2026-05-13,MEX,QRO,Aeromexico,R$1036
2025-12-15,2026-05-13,MEX,QRO,Aeromexico,R$1036
2025-12-15,2026-05-13,MEX,QRO,Aeromexico,R$1036
2025-12-15,2026-05-13,MEX,QRO,Aeromexico,R$1036
2025-12-15,2026-05-15,MEX,QRO,Aeromexico,R$1036
2025-12-15,2026-05-15,MEX,QRO,Aeromexico,R$1071
2025-12-15,2026-05-15,MEX,QRO,Aeromexico,R$1106
2025-12-15,2026-05-15,MEX,QRO,Aeromexico,R$1036
2025-12-15,2026-05-15,MEX,QRO,Aeromexico,R$1071
2025-12-15,2026-05-16,MEX,QRO,Aeromexico,R$1036
2025-12-15,2026-05-16,MEX,QRO,Aeromexico,R$1036
2025-12-15,2026-05-16,MEX,QRO,Aeromexico,R$1036
2025-12-15,2026-05-10,GDL,DEN,Volaris,Price unavailable
2025-12-15,2026-05-11,GDL,DEN,Volaris,Price unavailable
2025-12-15,2026-05-12,GDL,DEN,Volaris,Price unavailable
2025-12-15,2026-05-13,GDL,DEN,Volaris,Price unavailable
2025-12-15,2026-05-14,GDL,DEN,Volaris,Price unavailable
2025-12-15,2026-05-15,GDL,DEN,Volaris,Price unavailable
2025-12-15,2026-05-16,GDL,DEN,Volaris,Price unavailable
2025-12-15,2026-05-10,MEX,GRU,LATAM,R$3895
2025-12-15,2026-05-10,MEX,GRU,Aeromexico,R$3923
2025-12-15,2026-05-10,MEX,GRU,LATAM,R$3895
2025-12-15,2026-05-11,MEX,GRU,LATAM,R$3755
2025-12-15,2026-05-11,MEX,GRU,Aeromexico,R$3782
2025-12-15,2026-05-11,MEX,GRU,LATAM,R$3755
2025-12-15,2026-05-12,MEX,GRU,LATAM,R$3755
2025-12-15,2026-05-12,MEX,GRU,Aeromexico,R$3782
2025-12-15,2026-05-12,MEX,GRU,LATAM,R$3755
2025-12-15,2026-05-13,MEX,GRU,LATAM,R$3755
2025-12-15,2026-05-13,MEX,GRU,Aeromexico,R$3782
2025-12-15,2026-05-13,MEX,GRU,LATAM,R$3755
2025-12-15,2026-05-14,MEX,GRU,LATAM,R$3755
2025-12-15,2026-05-14,MEX,GRU,Aeromexico,R$3782
2025-12-15,2026-05-14,MEX,GRU,LATAM,R$3755
2025-12-15,2026-05-15,MEX,GRU,LATAM,R$3895
2025-12-15,2026-05-15,MEX,GRU,Aeromexico,R$3923
2025-12-15,2026-05-15,MEX,GRU,LATAM,R$3895
2025-12-15,2026-05-16,MEX,GRU,LATAM,R$3895
2025-12-15,2026-05-16,MEX,GRU,Aeromexico,R$3923
2025-12-15,2026-05-16,MEX,GRU,LATAM,R$3895
2025-12-15,2026-05-10,MEX,CZM,Aeromexico,R$772
2025-12-15,2026-05-10,MEX,CZM,Volaris,Price unavailable
2025-12-15,2026-05-10,MEX,CZM,Aeromexico,R$772
2025-12-15,2026-05-11,MEX,CZM,Aeromexico,R$898
2025-12-15,2026-05-11,MEX,CZM,Volaris,Price unavailable
2025-12-15,2026-05-11,MEX,CZM,Aeromexico,R$898
2025-12-15,2026-05-12,MEX,CZM,Aeromexico,R$1050
2025-12-15,2026-05-12,MEX,CZM,Volaris,Price unavailable
2025-12-15,2026-05-12,MEX,CZM,Aeromexico,R$1050
2025-12-15,2026-05-13,MEX,CZM,Aeromexico,R$772
2025-12-15,2026-05-13,MEX,CZM,Volaris,Price unavailable
2025-12-15,2026-05-13,MEX,CZM,Aeromexico,R$772
2025-12-15,2026-05-14,MEX,CZM,Aeromexico,R$946
2025-12-15,2026-05-14,MEX,CZM,Volaris,Price unavailable
2025-12-15,2026-05-14,MEX,CZM,Aeromexico,R$946
2025-12-15,2026-05-15,MEX,CZM,Aeromexico,R$911
2025-12-15,2026-05-15,MEX,CZM,Volaris,Price unavailable
2025-12-15,2026-05-15,MEX,CZM,Aeromexico,R$911
2025-12-15,2026-05-16,MEX,CZM,Aeromexico,R$772
2025-12-15,2026-05-16,MEX,CZM,Volaris,Price unavailable
2025-12-15,2026-05-16,MEX,CZM,Aeromexico,R$772
2025-12-15,2026-05-10,QRO,DTW,Aeromexico,R$2299
2025-12-15,2026-05-11,QRO,DTW,Aeromexico,R$2299
2025-12-15,2026-05-13,QRO,DTW,Aeromexico,R$2299
2025-12-15,2026-05-14,QRO,DTW,Aeromexico,R$3223
2025-12-15,2026-05-15,QRO,DTW,Aeromexico,R$3223
2025-12-15,2026-05-10,MDE,MEX,Avianca,R$1447
2025-12-15,2026-05-10,MDE,MEX,Aeromexico,R$1929
2025-12-15,2026-05-10,MDE,MEX,Avianca,R$1447
2025-12-15,2026-05-11,MDE,MEX,Avianca,R$1363
2025-12-15,2026-05-11,MDE,MEX,Aeromexico,R$1929
2025-12-15,2026-05-11,MDE,MEX,Avianca,R$1363
2025-12-15,2026-05-12,MDE,MEX,Aeromexico,R$1929
2025-12-15,2026-05-12,MDE,MEX,Avianca,R$2154
2025-12-15,2026-05-12,MDE,MEX,Aeromexico,R$1929
2025-12-15,2026-05-13,MDE,MEX,Avianca,R$1363
2025-12-15,2026-05-13,MDE,MEX,Aeromexico,R$1929
2025-12-15,2026-05-13,MDE,MEX,Avianca,R$1363
2025-12-15,2026-05-14,MDE,MEX,Avianca,R$1363
2025-12-15,2026-05-14,MDE,MEX,Aeromexico,R$1929
2025-12-15,2026-05-14,MDE,MEX,Avianca,R$1363
2025-12-15,2026-05-15,MDE,MEX,Avianca,R$1929
2025-12-15,2026-05-15,MDE,MEX,Aeromexico,R$3080
2025-12-15,2026-05-15,MDE,MEX,Avianca,R$1929
2025-12-15,2026-05-16,MDE,MEX,Avianca,R$1363
2025-12-15,2026-05-16,MDE,MEX,Aeromexico,R$1929
2025-12-15,2026-05-16,MDE,MEX,Avianca,R$1363
2025-12-15,2026-05-10,DEN,GDL,Volaris,Price unavailable
2025-12-15,2026-05-11,DEN,GDL,Volaris,Price unavailable
2025-12-15,2026-05-12,DEN,GDL,Volaris,Price unavailable
2025-12-15,2026-05-13,DEN,GDL,Volaris,Price unavailable
2025-12-15,2026-05-14,DEN,GDL,Volaris,Price unavailable
2025-12-15,2026-05-15,DEN,GDL,Volaris,Price unavailable
2025-12-15,2026-05-16,DEN,GDL,Volaris,Price unavailable
2025-12-15,2026-05-10,DEN,MEX,United,R$766
2025-12-15,2026-05-10,DEN,MEX,Aeromexico,R$782
2025-12-15,2026-05-10,DEN,MEX,Volaris,Price unavailable
2025-12-15,2026-05-10,DEN,MEX,United,R$766
2025-12-15,2026-05-10,DEN,MEX,Aeromexico,R$782
2025-12-15,2026-05-11,DEN,MEX,United,R$766
2025-12-15,2026-05-11,DEN,MEX,Aeromexico,R$782
2025-12-15,2026-05-11,DEN,MEX,Volaris,Price unavailable
2025-12-15,2026-05-11,DEN,MEX,United,R$766
2025-12-15,2026-05-11,DEN,MEX,Aeromexico,R$782
2025-12-15,2026-05-12,DEN,MEX,United,R$766
2025-12-15,2026-05-12,DEN,MEX,Aeromexico,R$782
2025-12-15,2026-05-12,DEN,MEX,Volaris,Price unavailable
2025-12-15,2026-05-12,DEN,MEX,United,R$766
2025-12-15,2026-05-12,DEN,MEX,Aeromexico,R$782
2025-12-15,2026-05-13,DEN,MEX,United,R$766
2025-12-15,2026-05-13,DEN,MEX,Aeromexico,R$782
2025-12-15,2026-05-13,DEN,MEX,Volaris,Price unavailable
2025-12-15,2026-05-13,DEN,MEX,United,R$766
2025-12-15,2026-05-13,DEN,MEX,Aeromexico,R$782
2025-12-15,2026-05-14,DEN,MEX,United,R$766
2025-12-15,2026-05-14,DEN,MEX,Aeromexico,R$782
2025-12-15,2026-05-14,DEN,MEX,Volaris,Price unavailable
2025-12-15,2026-05-14,DEN,MEX,United,R$766
2025-12-15,2026-05-14,DEN,MEX,Aeromexico,R$782
2025-12-15,2026-05-15,DEN,MEX,United,R$766
2025-12-15,2026-05-15,DEN,MEX,Aeromexico,R$782
2025-12-15,2026-05-15,DEN,MEX,Volaris,Price unavailable
2025-12-15,2026-05-15,DEN,MEX,United,R$766
2025-12-15,2026-05-15,DEN,MEX,Aeromexico,R$782
2025-12-15,2026-05-16,DEN,MEX,United,R$766
2025-12-15,2026-05-16,DEN,MEX,Aeromexico,R$782
2025-12-15,2026-05-16,DEN,MEX,Volaris,Price unavailable
2025-12-15,2026-05-16,DEN,MEX,United,R$766
2025-12-15,2026-05-16,DEN,MEX,Aeromexico,R$782
2025-12-15,2026-05-10,REX,MEX,Aeromexico,R$648
2025-12-15,2026-05-10,REX,MEX,Viva,Price unavailable
2025-12-15,2026-05-10,REX,MEX,Aeromexico,R$648
2025-12-15,2026-05-11,REX,MEX,Aeromexico,R$648
2025-12-15,2026-05-11,REX,MEX,Viva,Price unavailable
2025-12-15,2026-05-11,REX,MEX,Aeromexico,R$648
2025-12-15,2026-05-12,REX,MEX,Aeromexico,R$648
2025-12-15,2026-05-12,REX,MEX,Viva,Price unavailable
2025-12-15,2026-05-12,REX,MEX,Aeromexico,R$648
2025-12-15,2026-05-13,REX,MEX,Aeromexico,R$648
2025-12-15,2026-05-13,REX,MEX,Viva,Price unavailable
2025-12-15,2026-05-13,REX,MEX,Aeromexico,R$648
2025-12-15,2026-05-14,REX,MEX,Aeromexico,R$718
2025-12-15,2026-05-14,REX,MEX,Viva,Price unavailable
2025-12-15,2026-05-14,REX,MEX,Aeromexico,R$718
2025-12-15,2026-05-15,REX,MEX,Aeromexico,R$857
2025-12-15,2026-05-15,REX,MEX,Viva,Price unavailable
2025-12-15,2026-05-15,REX,MEX,Aeromexico,R$857
2025-12-15,2026-05-16,REX,MEX,Aeromexico,R$648
2025-12-15,2026-05-16,REX,MEX,Viva,Price unavailable
2025-12-15,2026-05-16,REX,MEX,Aeromexico,R$648
2025-12-15,2026-05-10,GRU,MEX,LATAM,R$4858
2025-12-15,2026-05-10,GRU,MEX,Aeromexico,R$4858
2025-12-15,2026-05-10,GRU,MEX,LATAM,R$4858
2025-12-15,2026-05-11,GRU,MEX,LATAM,R$4858
2025-12-15,2026-05-11,GRU,MEX,Aeromexico,R$4858
2025-12-15,2026-05-11,GRU,MEX,LATAM,R$4858
2025-12-15,2026-05-12,GRU,MEX,LATAM,R$4318
2025-12-15,2026-05-12,GRU,MEX,Aeromexico,R$4318
2025-12-15,2026-05-12,GRU,MEX,LATAM,R$4318
2025-12-15,2026-05-13,GRU,MEX,LATAM,R$4318
2025-12-15,2026-05-13,GRU,MEX,Aeromexico,R$4318
2025-12-15,2026-05-13,GRU,MEX,LATAM,R$4318
2025-12-15,2026-05-14,GRU,MEX,LATAM,R$4318
2025-12-15,2026-05-14,GRU,MEX,Aeromexico,R$4318
2025-12-15,2026-05-14,GRU,MEX,LATAM,R$4318
2025-12-15,2026-05-15,GRU,MEX,LATAM,R$4318
2025-12-15,2026-05-15,GRU,MEX,Aeromexico,R$4318
2025-12-15,2026-05-15,GRU,MEX,LATAM,R$4318
2025-12-15,2026-05-16,GRU,MEX,LATAM,R$4858
2025-12-15,2026-05-16,GRU,MEX,Aeromexico,R$4858
2025-12-15,2026-05-16,GRU,MEX,LATAM,R$4858
2025-12-15,2026-05-10,CZM,MEX,Aeromexico,R$853
2025-12-15,2026-05-10,CZM,MEX,Volaris,Price unavailable
2025-12-15,2026-05-10,CZM,MEX,Aeromexico,R$853
2025-12-15,2026-05-11,CZM,MEX,Aeromexico,R$836
2025-12-15,2026-05-11,CZM,MEX,Volaris,Price unavailable
2025-12-15,2026-05-11,CZM,MEX,Aeromexico,R$836
2025-12-15,2026-05-12,CZM,MEX,Aeromexico,R$1106
2025-12-15,2026-05-12,CZM,MEX,Volaris,Price unavailable
2025-12-15,2026-05-12,CZM,MEX,Aeromexico,R$1106
2025-12-15,2026-05-13,CZM,MEX,Aeromexico,R$801
2025-12-15,2026-05-13,CZM,MEX,Volaris,Price unavailable
2025-12-15,2026-05-13,CZM,MEX,Aeromexico,R$801
2025-12-15,2026-05-14,CZM,MEX,Aeromexico,R$1106
2025-12-15,2026-05-14,CZM,MEX,Volaris,Price unavailable
2025-12-15,2026-05-14,CZM,MEX,Aeromexico,R$1106
2025-12-15,2026-05-15,CZM,MEX,Aeromexico,R$801
2025-12-15,2026-05-15,CZM,MEX,Volaris,Price unavailable
2025-12-15,2026-05-15,CZM,MEX,Aeromexico,R$801
2025-12-15,2026-05-16,CZM,MEX,Aeromexico,R$801
2025-12-15,2026-05-16,CZM,MEX,Volaris,Price unavailable
2025-12-15,2026-05-16,CZM,MEX,Aeromexico,R$801
2025-12-15,2026-05-10,FCO,MEX,Aeromexico,R$12597
2025-12-15,2026-05-11,FCO,MEX,Aeromexico,R$12407
2025-12-15,2026-05-12,FCO,MEX,Aeromexico,R$12407
2025-12-15,2026-05-13,FCO,MEX,Aeromexico,R$12916
2025-12-15,2026-05-14,FCO,MEX,Aeromexico,R$12916
2025-12-15,2026-05-15,FCO,MEX,Aeromexico,R$12597
2025-12-15,2026-05-16,FCO,MEX,Aeromexico,R$12597
2025-12-15,2026-05-10,YVR,MEX,Flair Airlines,R$895
2025-12-15,2026-05-10,YVR,MEX,Air Canada,R$2143
2025-12-15,2026-05-10,YVR,MEX,Aeromexico,R$3703
2025-12-15,2026-05-10,YVR,MEX,Flair Airlines,R$895
2025-12-15,2026-05-10,YVR,MEX,Air Canada,R$2143
2025-12-15,2026-05-11,YVR,MEX,Flair Airlines,R$973
2025-12-15,2026-05-11,YVR,MEX,Air Canada,R$1907
2025-12-15,2026-05-11,YVR,MEX,Aeromexico,R$2363
2025-12-15,2026-05-11,YVR,MEX,Flair Airlines,R$973
2025-12-15,2026-05-11,YVR,MEX,Air Canada,R$1907
2025-12-15,2026-05-12,YVR,MEX,Air Canada,R$1907
2025-12-15,2026-05-12,YVR,MEX,Aeromexico,R$2363
2025-12-15,2026-05-12,YVR,MEX,Air Canada,R$1907
2025-12-15,2026-05-13,YVR,MEX,Flair Airlines,R$895
2025-12-15,2026-05-13,YVR,MEX,Air Canada,R$1907
2025-12-15,2026-05-13,YVR,MEX,Aeromexico,R$2363
2025-12-15,2026-05-13,YVR,MEX,Flair Airlines,R$895
2025-12-15,2026-05-13,YVR,MEX,Air Canada,R$1907
2025-12-15,2026-05-14,YVR,MEX,Air Canada,R$1907
2025-12-15,2026-05-14,YVR,MEX,Aeromexico,R$4493
2025-12-15,2026-05-14,YVR,MEX,Air Canada,R$1907
2025-12-15,2026-05-15,YVR,MEX,Flair Airlines,R$1052
2025-12-15,2026-05-15,YVR,MEX,Air Canada,R$1907
2025-12-15,2026-05-15,YVR,MEX,Aeromexico,R$2461
2025-12-15,2026-05-15,YVR,MEX,Flair Airlines,R$1052
2025-12-15,2026-05-15,YVR,MEX,Air Canada,R$1907
2025-12-15,2026-05-16,YVR,MEX,Air Canada,R$2379
2025-12-15,2026-05-16,YVR,MEX,Aeromexico,R$2461
2025-12-15,2026-05-16,YVR,MEX,Air Canada,R$2379
2025-12-15,2026-05-10,MEX,SFO,United,R$1206
2025-12-15,2026-05-10,MEX,SFO,Aeromexico,R$1206
2025-12-15,2026-05-10,MEX,SFO,Aeromexico,R$1206
2025-12-15,2026-05-10,MEX,SFO,United,R$1319
2025-12-15,2026-05-10,MEX,SFO,United,R$1206
2025-12-15,2026-05-10,MEX,SFO,Aeromexico,R$1206
2025-12-15,2026-05-10,MEX,SFO,United,R$1319
2025-12-15,2026-05-11,MEX,SFO,United,R$1206
2025-12-15,2026-05-11,MEX,SFO,Aeromexico,R$1206
2025-12-15,2026-05-11,MEX,SFO,Aeromexico,R$1206
2025-12-15,2026-05-11,MEX,SFO,United,R$1206
2025-12-15,2026-05-11,MEX,SFO,United,R$1206
2025-12-15,2026-05-11,MEX,SFO,Aeromexico,R$1206
2025-12-15,2026-05-11,MEX,SFO,United,R$1206
2025-12-15,2026-05-12,MEX,SFO,United,R$1206
2025-12-15,2026-05-12,MEX,SFO,Aeromexico,R$1206
2025-12-15,2026-05-12,MEX,SFO,Aeromexico,R$1206
2025-12-15,2026-05-12,MEX,SFO,United,R$1206
2025-12-15,2026-05-12,MEX,SFO,United,R$1206
2025-12-15,2026-05-12,MEX,SFO,Aeromexico,R$1206
2025-12-15,2026-05-12,MEX,SFO,United,R$1206
2025-12-15,2026-05-13,MEX,SFO,Aeromexico,R$1206
2025-12-15,2026-05-13,MEX,SFO,Aeromexico,R$1206
2025-12-15,2026-05-13,MEX,SFO,United,R$1206
2025-12-15,2026-05-13,MEX,SFO,United,R$1206
2025-12-15,2026-05-13,MEX,SFO,Aeromexico,R$1206
2025-12-15,2026-05-13,MEX,SFO,Aeromexico,R$1206
2025-12-15,2026-05-13,MEX,SFO,United,R$1206
2025-12-15,2026-05-14,MEX,SFO,United,R$1206
2025-12-15,2026-05-14,MEX,SFO,Aeromexico,R$1206
2025-12-15,2026-05-14,MEX,SFO,Aeromexico,R$1206
2025-12-15,2026-05-14,MEX,SFO,United,R$1206
2025-12-15,2026-05-14,MEX,SFO,United,R$1206
2025-12-15,2026-05-14,MEX,SFO,Aeromexico,R$1206
2025-12-15,2026-05-14,MEX,SFO,United,R$1206
2025-12-15,2026-05-15,MEX,SFO,United,R$1206
2025-12-15,2026-05-15,MEX,SFO,Aeromexico,R$1206
2025-12-15,2026-05-15,MEX,SFO,Aeromexico,R$1206
2025-12-15,2026-05-15,MEX,SFO,United,R$1206
2025-12-15,2026-05-15,MEX,SFO,United,R$1206
2025-12-15,2026-05-15,MEX,SFO,Aeromexico,R$1206
2025-12-15,2026-05-15,MEX,SFO,United,R$1206
2025-12-15,2026-05-16,MEX,SFO,United,R$1206
2025-12-15,2026-05-16,MEX,SFO,Aeromexico,R$1206
2025-12-15,2026-05-16,MEX,SFO,Aeromexico,R$1206
2025-12-15,2026-05-16,MEX,SFO,United,R$1206
2025-12-15,2026-05-16,MEX,SFO,United,R$1206
2025-12-15,2026-05-16,MEX,SFO,Aeromexico,R$1206
2025-12-15,2026-05-16,MEX,SFO,United,R$1206
2025-12-15,2026-05-10,NLU,GDL,Aeromexico,R$237
2025-12-15,2026-05-10,NLU,GDL,Viva,Price unavailable
2025-12-15,2026-05-10,NLU,GDL,Volaris,Price unavailable
2025-12-15,2026-05-10,NLU,GDL,Mexicana,Price unavailable
2025-12-15,2026-05-10,NLU,GDL,Viva,Price unavailable
2025-12-15,2026-05-10,NLU,GDL,Viva,Price unavailable
2025-12-15,2026-05-10,NLU,GDL,Volaris,Price unavailable
2025-12-15,2026-05-10,NLU,GDL,Mexicana,Price unavailable
2025-12-15,2026-05-10,NLU,GDL,Viva,Price unavailable
2025-12-15,2026-05-10,NLU,GDL,Aeromexico,R$237
2025-12-15,2026-05-10,NLU,GDL,Viva,Price unavailable
2025-12-15,2026-05-10,NLU,GDL,Volaris,Price unavailable
2025-12-15,2026-05-10,NLU,GDL,Mexicana,Price unavailable
2025-12-15,2026-05-10,NLU,GDL,Viva,Price unavailable
2025-12-15,2026-05-10,NLU,GDL,Viva,Price unavailable
2025-12-15,2026-05-10,NLU,GDL,Volaris,Price unavailable
2025-12-15,2026-05-10,NLU,GDL,Mexicana,Price unavailable
2025-12-15,2026-05-11,NLU,GDL,Aeromexico,R$237
2025-12-15,2026-05-11,NLU,GDL,Viva,Price unavailable
2025-12-15,2026-05-11,NLU,GDL,Mexicana,Price unavailable
2025-12-15,2026-05-11,NLU,GDL,Volaris,Price unavailable
2025-12-15,2026-05-11,NLU,GDL,Viva,Price unavailable
2025-12-15,2026-05-11,NLU,GDL,Viva,Price unavailable
2025-12-15,2026-05-11,NLU,GDL,Volaris,Price unavailable
2025-12-15,2026-05-11,NLU,GDL,Mexicana,Price unavailable
2025-12-15,2026-05-11,NLU,GDL,Viva,Price unavailable
2025-12-15,2026-05-11,NLU,GDL,Aeromexico,R$237
2025-12-15,2026-05-11,NLU,GDL,Viva,Price unavailable
2025-12-15,2026-05-11,NLU,GDL,Mexicana,Price unavailable
2025-12-15,2026-05-11,NLU,GDL,Volaris,Price unavailable
2025-12-15,2026-05-11,NLU,GDL,Viva,Price unavailable
2025-12-15,2026-05-11,NLU,GDL,Viva,Price unavailable
2025-12-15,2026-05-11,NLU,GDL,Volaris,Price unavailable
2025-12-15,2026-05-11,NLU,GDL,Mexicana,Price unavailable
2025-12-15,2026-05-12,NLU,GDL,Aeromexico,R$237
2025-12-15,2026-05-12,NLU,GDL,Viva,Price unavailable
2025-12-15,2026-05-12,NLU,GDL,Mexicana,Price unavailable
2025-12-15,2026-05-12,NLU,GDL,Volaris,Price unavailable
2025-12-15,2026-05-12,NLU,GDL,Viva,Price unavailable
2025-12-15,2026-05-12,NLU,GDL,Viva,Price unavailable
2025-12-15,2026-05-12,NLU,GDL,Volaris,Price unavailable
2025-12-15,2026-05-12,NLU,GDL,Mexicana,Price unavailable
2025-12-15,2026-05-12,NLU,GDL,Viva,Price unavailable
2025-12-15,2026-05-12,NLU,GDL,Aeromexico,R$237
2025-12-15,2026-05-12,NLU,GDL,Viva,Price unavailable
2025-12-15,2026-05-12,NLU,GDL,Mexicana,Price unavailable
2025-12-15,2026-05-12,NLU,GDL,Volaris,Price unavailable
2025-12-15,2026-05-12,NLU,GDL,Viva,Price unavailable
2025-12-15,2026-05-12,NLU,GDL,Viva,Price unavailable
2025-12-15,2026-05-12,NLU,GDL,Volaris,Price unavailable
2025-12-15,2026-05-12,NLU,GDL,Mexicana,Price unavailable
2025-12-15,2026-05-13,NLU,GDL,Aeromexico,R$237
2025-12-15,2026-05-13,NLU,GDL,Viva,Price unavailable
2025-12-15,2026-05-13,NLU,GDL,Mexicana,Price unavailable
2025-12-15,2026-05-13,NLU,GDL,Volaris,Price unavailable
2025-12-15,2026-05-13,NLU,GDL,Viva,Price unavailable
2025-12-15,2026-05-13,NLU,GDL,Viva,Price unavailable
2025-12-15,2026-05-13,NLU,GDL,Volaris,Price unavailable
2025-12-15,2026-05-13,NLU,GDL,Mexicana,Price unavailable
2025-12-15,2026-05-13,NLU,GDL,Viva,Price unavailable
2025-12-15,2026-05-13,NLU,GDL,Aeromexico,R$237
2025-12-15,2026-05-13,NLU,GDL,Viva,Price unavailable
2025-12-15,2026-05-13,NLU,GDL,Mexicana,Price unavailable
2025-12-15,2026-05-13,NLU,GDL,Volaris,Price unavailable
2025-12-15,2026-05-13,NLU,GDL,Viva,Price unavailable
2025-12-15,2026-05-13,NLU,GDL,Viva,Price unavailable
2025-12-15,2026-05-13,NLU,GDL,Volaris,Price unavailable
2025-12-15,2026-05-13,NLU,GDL,Mexicana,Price unavailable
2025-12-15,2026-05-14,NLU,GDL,Aeromexico,R$237
2025-12-15,2026-05-14,NLU,GDL,Viva,Price unavailable
2025-12-15,2026-05-14,NLU,GDL,Mexicana,Price unavailable
2025-12-15,2026-05-14,NLU,GDL,Volaris,Price unavailable
2025-12-15,2026-05-14,NLU,GDL,Viva,Price unavailable
2025-12-15,2026-05-14,NLU,GDL,Viva,Price unavailable
2025-12-15,2026-05-14,NLU,GDL,Volaris,Price unavailable
2025-12-15,2026-05-14,NLU,GDL,Mexicana,Price unavailable
2025-12-15,2026-05-14,NLU,GDL,Viva,Price unavailable
2025-12-15,2026-05-14,NLU,GDL,Aeromexico,R$237
2025-12-15,2026-05-14,NLU,GDL,Viva,Price unavailable
2025-12-15,2026-05-14,NLU,GDL,Mexicana,Price unavailable
2025-12-15,2026-05-14,NLU,GDL,Volaris,Price unavailable
2025-12-15,2026-05-14,NLU,GDL,Viva,Price unavailable
2025-12-15,2026-05-14,NLU,GDL,Viva,Price unavailable
2025-12-15,2026-05-14,NLU,GDL,Volaris,Price unavailable
2025-12-15,2026-05-14,NLU,GDL,Mexicana,Price unavailable
2025-12-15,2026-05-15,NLU,GDL,Aeromexico,R$237
2025-12-15,2026-05-15,NLU,GDL,Viva,Price unavailable
2025-12-15,2026-05-15,NLU,GDL,Mexicana,Price unavailable
2025-12-15,2026-05-15,NLU,GDL,Volaris,Price unavailable
2025-12-15,2026-05-15,NLU,GDL,Viva,Price unavailable
2025-12-15,2026-05-15,NLU,GDL,Viva,Price unavailable
2025-12-15,2026-05-15,NLU,GDL,Volaris,Price unavailable
2025-12-15,2026-05-15,NLU,GDL,Mexicana,Price unavailable
2025-12-15,2026-05-15,NLU,GDL,Viva,Price unavailable
2025-12-15,2026-05-15,NLU,GDL,Aeromexico,R$237
2025-12-15,2026-05-15,NLU,GDL,Viva,Price unavailable
2025-12-15,2026-05-15,NLU,GDL,Mexicana,Price unavailable
2025-12-15,2026-05-15,NLU,GDL,Volaris,Price unavailable
2025-12-15,2026-05-15,NLU,GDL,Viva,Price unavailable
2025-12-15,2026-05-15,NLU,GDL,Viva,Price unavailable
2025-12-15,2026-05-15,NLU,GDL,Volaris,Price unavailable
2025-12-15,2026-05-15,NLU,GDL,Mexicana,Price unavailable
2025-12-15,2026-05-16,NLU,GDL,Aeromexico,R$237
2025-12-15,2026-05-16,NLU,GDL,Viva,Price unavailable
2025-12-15,2026-05-16,NLU,GDL,Volaris,Price unavailable
2025-12-15,2026-05-16,NLU,GDL,Mexicana,Price unavailable
2025-12-15,2026-05-16,NLU,GDL,Viva,Price unavailable
2025-12-15,2026-05-16,NLU,GDL,Viva,Price unavailable
2025-12-15,2026-05-16,NLU,GDL,Volaris,Price unavailable
2025-12-15,2026-05-16,NLU,GDL,Viva,Price unavailable
2025-12-15,2026-05-16,NLU,GDL,Aeromexico,R$237
2025-12-15,2026-05-16,NLU,GDL,Viva,Price unavailable
2025-12-15,2026-05-16,NLU,GDL,Volaris,Price unavailable
2025-12-15,2026-05-16,NLU,GDL,Mexicana,Price unavailable
2025-12-15,2026-05-16,NLU,GDL,Viva,Price unavailable
2025-12-15,2026-05-16,NLU,GDL,Viva,Price unavailable
2025-12-15,2026-05-16,NLU,GDL,Volaris,Price unavailable
2025-12-15,2026-05-10,MEX,NLD,Aeromexico,R$626
2025-12-15,2026-05-11,MEX,NLD,Aeromexico,R$767
2025-12-15,2026-05-13,MEX,NLD,Aeromexico,R$626
2025-12-15,2026-05-15,MEX,NLD,Aeromexico,R$595
2025-12-15,2026-05-10,MEX,ORD,Aeromexico,R$1511
2025-12-15,2026-05-10,MEX,ORD,Aeromexico,R$1511
2025-12-15,2026-05-10,MEX,ORD,American,R$1554
2025-12-15,2026-05-10,MEX,ORD,Viva,Price unavailable
2025-12-15,2026-05-10,MEX,ORD,Volaris,Price unavailable
2025-12-15,2026-05-10,MEX,ORD,United,R$1978
2025-12-15,2026-05-10,MEX,ORD,Aeromexico,R$1511
2025-12-15,2026-05-10,MEX,ORD,Aeromexico,R$1511
2025-12-15,2026-05-10,MEX,ORD,American,R$1554
2025-12-15,2026-05-10,MEX,ORD,Viva,Price unavailable
2025-12-15,2026-05-10,MEX,ORD,United,R$1978
2025-12-15,2026-05-11,MEX,ORD,United,R$1511
2025-12-15,2026-05-11,MEX,ORD,American,R$1526
2025-12-15,2026-05-11,MEX,ORD,Viva,Price unavailable
2025-12-15,2026-05-11,MEX,ORD,Volaris,Price unavailable
2025-12-15,2026-05-11,MEX,ORD,Aeromexico,R$1511
2025-12-15,2026-05-11,MEX,ORD,Aeromexico,R$1511
2025-12-15,2026-05-11,MEX,ORD,United,R$1511
2025-12-15,2026-05-11,MEX,ORD,American,R$1526
2025-12-15,2026-05-11,MEX,ORD,Viva,Price unavailable
2025-12-15,2026-05-11,MEX,ORD,Aeromexico,R$1511
2025-12-15,2026-05-11,MEX,ORD,Aeromexico,R$1511
2025-12-15,2026-05-12,MEX,ORD,Aeromexico,R$925
2025-12-15,2026-05-12,MEX,ORD,Aeromexico,R$925
2025-12-15,2026-05-12,MEX,ORD,American,R$938
2025-12-15,2026-05-12,MEX,ORD,Viva,Price unavailable
2025-12-15,2026-05-12,MEX,ORD,Volaris,Price unavailable
2025-12-15,2026-05-12,MEX,ORD,United,R$1071
2025-12-15,2026-05-12,MEX,ORD,Aeromexico,R$925
2025-12-15,2026-05-12,MEX,ORD,Aeromexico,R$925
2025-12-15,2026-05-12,MEX,ORD,American,R$938
2025-12-15,2026-05-12,MEX,ORD,Viva,Price unavailable
2025-12-15,2026-05-12,MEX,ORD,United,R$1071
2025-12-15,2026-05-13,MEX,ORD,Aeromexico,R$925
2025-12-15,2026-05-13,MEX,ORD,American,R$938
2025-12-15,2026-05-13,MEX,ORD,United,R$953
2025-12-15,2026-05-13,MEX,ORD,Viva,Price unavailable
2025-12-15,2026-05-13,MEX,ORD,Volaris,Price unavailable
2025-12-15,2026-05-13,MEX,ORD,Aeromexico,R$925
2025-12-15,2026-05-13,MEX,ORD,Aeromexico,R$925
2025-12-15,2026-05-13,MEX,ORD,American,R$938
2025-12-15,2026-05-13,MEX,ORD,United,R$953
2025-12-15,2026-05-13,MEX,ORD,Viva,Price unavailable
2025-12-15,2026-05-13,MEX,ORD,Aeromexico,R$925
2025-12-15,2026-05-14,MEX,ORD,Aeromexico,R$925
2025-12-15,2026-05-14,MEX,ORD,Aeromexico,R$925
2025-12-15,2026-05-14,MEX,ORD,American,R$938
2025-12-15,2026-05-14,MEX,ORD,Viva,Price unavailable
2025-12-15,2026-05-14,MEX,ORD,Volaris,Price unavailable
2025-12-15,2026-05-14,MEX,ORD,United,R$1071
2025-12-15,2026-05-14,MEX,ORD,Aeromexico,R$925
2025-12-15,2026-05-14,MEX,ORD,Aeromexico,R$925
2025-12-15,2026-05-14,MEX,ORD,American,R$938
2025-12-15,2026-05-14,MEX,ORD,Viva,Price unavailable
2025-12-15,2026-05-14,MEX,ORD,United,R$1071
2025-12-15,2026-05-15,MEX,ORD,Aeromexico,R$925
2025-12-15,2026-05-15,MEX,ORD,American,R$938
2025-12-15,2026-05-15,MEX,ORD,Viva,Price unavailable
2025-12-15,2026-05-15,MEX,ORD,Volaris,Price unavailable
2025-12-15,2026-05-15,MEX,ORD,Aeromexico,R$1511
2025-12-15,2026-05-15,MEX,ORD,United,R$2169
2025-12-15,2026-05-15,MEX,ORD,Aeromexico,R$925
2025-12-15,2026-05-15,MEX,ORD,American,R$938
2025-12-15,2026-05-15,MEX,ORD,Viva,Price unavailable
2025-12-15,2026-05-15,MEX,ORD,Aeromexico,R$1511
2025-12-15,2026-05-15,MEX,ORD,United,R$2169
2025-12-15,2026-05-16,MEX,ORD,American,R$938
2025-12-15,2026-05-16,MEX,ORD,Viva,Price unavailable
2025-12-15,2026-05-16,MEX,ORD,Volaris,Price unavailable
2025-12-15,2026-05-16,MEX,ORD,United,R$1387
2025-12-15,2026-05-16,MEX,ORD,Aeromexico,R$1511
2025-12-15,2026-05-16,MEX,ORD,Aeromexico,R$1511
2025-12-15,2026-05-16,MEX,ORD,American,R$938
2025-12-15,2026-05-16,MEX,ORD,Viva,Price unavailable
2025-12-15,2026-05-16,MEX,ORD,United,R$1387
2025-12-15,2026-05-16,MEX,ORD,Aeromexico,R$1511
2025-12-15,2026-05-16,MEX,ORD,Aeromexico,R$1511
2025-12-15,2026-05-12,MEX,MAM,Aeromexico,R$707
2025-12-15,2026-05-14,MEX,MAM,Aeromexico,R$707
2025-12-15,2026-05-16,MEX,MAM,Aeromexico,R$707
2025-12-15,2026-05-10,MTY,MAD,Aeromexico,R$2927
2025-12-15,2026-05-12,MTY,MAD,Aeromexico,R$2927
2025-12-15,2026-05-13,MTY,MAD,Aeromexico,R$2927
2025-12-15,2026-05-14,MTY,MAD,Aeromexico,R$3560
2025-12-15,2026-05-15,MTY,MAD,Aeromexico,R$3136
2025-12-15,2026-05-16,MTY,MAD,Aeromexico,R$3560
2025-12-15,2026-05-11,GDL,MAD,Aeromexico,R$4319
2025-12-15,2026-05-12,GDL,MAD,Aeromexico,R$2962
2025-12-15,2026-05-13,GDL,MAD,Aeromexico,R$2962
2025-12-15,2026-05-14,GDL,MAD,Aeromexico,R$3172
2025-12-15,2026-05-15,GDL,MAD,Aeromexico,R$3172
2025-12-15,2026-05-16,GDL,MAD,Aeromexico,R$4528
2025-12-15,2026-05-10,GDL,LAX,Aeromexico,R$1165
2025-12-15,2026-05-10,GDL,LAX,Alaska,R$1570
2025-12-15,2026-05-10,GDL,LAX,Viva,Price unavailable
2025-12-15,2026-05-10,GDL,LAX,Volaris,Price unavailable
2025-12-15,2026-05-10,GDL,LAX,Volaris,Price unavailable
2025-12-15,2026-05-10,GDL,LAX,Volaris,Price unavailable
2025-12-15,2026-05-10,GDL,LAX,Viva,Price unavailable
2025-12-15,2026-05-10,GDL,LAX,Aeromexico,R$1165
2025-12-15,2026-05-10,GDL,LAX,Alaska,R$1570
2025-12-15,2026-05-10,GDL,LAX,Viva,Price unavailable
2025-12-15,2026-05-10,GDL,LAX,Volaris,Price unavailable
2025-12-15,2026-05-10,GDL,LAX,Volaris,Price unavailable
2025-12-15,2026-05-10,GDL,LAX,Viva,Price unavailable
2025-12-15,2026-05-11,GDL,LAX,Aeromexico,R$968
2025-12-15,2026-05-11,GDL,LAX,Alaska,R$1570
2025-12-15,2026-05-11,GDL,LAX,Viva,Price unavailable
2025-12-15,2026-05-11,GDL,LAX,Volaris,Price unavailable
2025-12-15,2026-05-11,GDL,LAX,Volaris,Price unavailable
2025-12-15,2026-05-11,GDL,LAX,Volaris,Price unavailable
2025-12-15,2026-05-11,GDL,LAX,Viva,Price unavailable
2025-12-15,2026-05-11,GDL,LAX,Aeromexico,R$968
2025-12-15,2026-05-11,GDL,LAX,Alaska,R$1570
2025-12-15,2026-05-11,GDL,LAX,Viva,Price unavailable
2025-12-15,2026-05-11,GDL,LAX,Volaris,Price unavailable
2025-12-15,2026-05-11,GDL,LAX,Volaris,Price unavailable
2025-12-15,2026-05-11,GDL,LAX,Viva,Price unavailable
2025-12-15,2026-05-12,GDL,LAX,Aeromexico,R$968
2025-12-15,2026-05-12,GDL,LAX,Alaska,R$1306
2025-12-15,2026-05-12,GDL,LAX,Viva,Price unavailable
2025-12-15,2026-05-12,GDL,LAX,Volaris,Price unavailable
2025-12-15,2026-05-12,GDL,LAX,Volaris,Price unavailable
2025-12-15,2026-05-12,GDL,LAX,Volaris,Price unavailable
2025-12-15,2026-05-12,GDL,LAX,Viva,Price unavailable
2025-12-15,2026-05-12,GDL,LAX,Aeromexico,R$968
2025-12-15,2026-05-12,GDL,LAX,Alaska,R$1306
2025-12-15,2026-05-12,GDL,LAX,Viva,Price unavailable
2025-12-15,2026-05-12,GDL,LAX,Volaris,Price unavailable
2025-12-15,2026-05-12,GDL,LAX,Volaris,Price unavailable
2025-12-15,2026-05-12,GDL,LAX,Viva,Price unavailable
2025-12-15,2026-05-13,GDL,LAX,Aeromexico,R$968
2025-12-15,2026-05-13,GDL,LAX,Alaska,R$1306
2025-12-15,2026-05-13,GDL,LAX,Viva,Price unavailable
2025-12-15,2026-05-13,GDL,LAX,Volaris,Price unavailable
2025-12-15,2026-05-13,GDL,LAX,Volaris,Price unavailable
2025-12-15,2026-05-13,GDL,LAX,Volaris,Price unavailable
2025-12-15,2026-05-13,GDL,LAX,Viva,Price unavailable
2025-12-15,2026-05-13,GDL,LAX,Aeromexico,R$968
2025-12-15,2026-05-13,GDL,LAX,Alaska,R$1306
2025-12-15,2026-05-13,GDL,LAX,Viva,Price unavailable
2025-12-15,2026-05-13,GDL,LAX,Volaris,Price unavailable
2025-12-15,2026-05-13,GDL,LAX,Volaris,Price unavailable
2025-12-15,2026-05-13,GDL,LAX,Viva,Price unavailable
2025-12-15,2026-05-14,GDL,LAX,Aeromexico,R$968
2025-12-15,2026-05-14,GDL,LAX,Alaska,R$1153
2025-12-15,2026-05-14,GDL,LAX,Viva,Price unavailable
2025-12-15,2026-05-14,GDL,LAX,Volaris,Price unavailable
2025-12-15,2026-05-14,GDL,LAX,Volaris,Price unavailable
2025-12-15,2026-05-14,GDL,LAX,Volaris,Price unavailable
2025-12-15,2026-05-14,GDL,LAX,Viva,Price unavailable
2025-12-15,2026-05-14,GDL,LAX,Aeromexico,R$968
2025-12-15,2026-05-14,GDL,LAX,Alaska,R$1153
2025-12-15,2026-05-14,GDL,LAX,Viva,Price unavailable
2025-12-15,2026-05-14,GDL,LAX,Volaris,Price unavailable
2025-12-15,2026-05-14,GDL,LAX,Volaris,Price unavailable
2025-12-15,2026-05-14,GDL,LAX,Viva,Price unavailable
2025-12-15,2026-05-15,GDL,LAX,Aeromexico,R$968
2025-12-15,2026-05-15,GDL,LAX,Alaska,R$1153
2025-12-15,2026-05-15,GDL,LAX,Viva,Price unavailable
2025-12-15,2026-05-15,GDL,LAX,Volaris,Price unavailable
2025-12-15,2026-05-15,GDL,LAX,Volaris,Price unavailable
2025-12-15,2026-05-15,GDL,LAX,Volaris,Price unavailable
2025-12-15,2026-05-15,GDL,LAX,Viva,Price unavailable
2025-12-15,2026-05-15,GDL,LAX,Aeromexico,R$968
2025-12-15,2026-05-15,GDL,LAX,Alaska,R$1153
2025-12-15,2026-05-15,GDL,LAX,Viva,Price unavailable
2025-12-15,2026-05-15,GDL,LAX,Volaris,Price unavailable
2025-12-15,2026-05-15,GDL,LAX,Volaris,Price unavailable
2025-12-15,2026-05-15,GDL,LAX,Viva,Price unavailable
2025-12-15,2026-05-16,GDL,LAX,Aeromexico,R$968
2025-12-15,2026-05-16,GDL,LAX,Alaska,R$1306
2025-12-15,2026-05-16,GDL,LAX,Viva,Price unavailable
2025-12-15,2026-05-16,GDL,LAX,Volaris,Price unavailable
2025-12-15,2026-05-16,GDL,LAX,Volaris,Price unavailable
2025-12-15,2026-05-16,GDL,LAX,Volaris,Price unavailable
2025-12-15,2026-05-16,GDL,LAX,Viva,Price unavailable
2025-12-15,2026-05-16,GDL,LAX,Aeromexico,R$968
2025-12-15,2026-05-16,GDL,LAX,Alaska,R$1306
2025-12-15,2026-05-16,GDL,LAX,Viva,Price unavailable
2025-12-15,2026-05-16,GDL,LAX,Volaris,Price unavailable
2025-12-15,2026-05-16,GDL,LAX,Volaris,Price unavailable
2025-12-15,2026-05-16,GDL,LAX,Viva,Price unavailable
2025-12-15,2026-05-10,PHX,MEX,American,R$1010
2025-12-15,2026-05-10,PHX,MEX,Aeromexico,R$1010
2025-12-15,2026-05-10,PHX,MEX,American,R$1010
2025-12-15,2026-05-11,PHX,MEX,American,R$1010
2025-12-15,2026-05-11,PHX,MEX,Aeromexico,R$1010
2025-12-15,2026-05-11,PHX,MEX,American,R$1010
2025-12-15,2026-05-12,PHX,MEX,American,R$1010
2025-12-15,2026-05-12,PHX,MEX,Aeromexico,R$1010
2025-12-15,2026-05-12,PHX,MEX,American,R$1010
2025-12-15,2026-05-13,PHX,MEX,American,R$1010
2025-12-15,2026-05-13,PHX,MEX,Aeromexico,R$1010
2025-12-15,2026-05-13,PHX,MEX,American,R$1010
2025-12-15,2026-05-14,PHX,MEX,American,R$1010
2025-12-15,2026-05-14,PHX,MEX,Aeromexico,R$1010
2025-12-15,2026-05-14,PHX,MEX,American,R$1010
2025-12-15,2026-05-15,PHX,MEX,American,R$1010
2025-12-15,2026-05-15,PHX,MEX,Aeromexico,R$1010
2025-12-15,2026-05-15,PHX,MEX,American,R$1010
2025-12-15,2026-05-16,PHX,MEX,American,R$1010
2025-12-15,2026-05-16,PHX,MEX,Aeromexico,R$1010
2025-12-15,2026-05-16,PHX,MEX,American,R$1010
2025-12-15,2026-05-10,ATL,SLP,Aeromexico,R$1779
2025-12-15,2026-05-11,ATL,SLP,Aeromexico,R$1779
2025-12-15,2026-05-12,ATL,SLP,Aeromexico,R$1779
2025-12-15,2026-05-13,ATL,SLP,Aeromexico,R$1779
2025-12-15,2026-05-14,ATL,SLP,Aeromexico,R$1779
2025-12-15,2026-05-15,ATL,SLP,Aeromexico,R$1779
2025-12-15,2026-05-16,ATL,SLP,Aeromexico,R$1779
2025-12-15,2026-05-10,LAS,MTY,Viva,Price unavailable
2025-12-15,2026-05-11,LAS,MTY,Viva,Price unavailable
2025-12-15,2026-05-12,LAS,MTY,Viva,Price unavailable
2025-12-15,2026-05-13,LAS,MTY,Viva,Price unavailable
2025-12-15,2026-05-14,LAS,MTY,Viva,Price unavailable
2025-12-15,2026-05-15,LAS,MTY,Viva,Price unavailable
2025-12-15,2026-05-16,LAS,MTY,Viva,Price unavailable
2025-12-15,2026-05-10,MEX,MIA,Aeromexico,R$1584
2025-12-15,2026-05-10,MEX,MIA,American,R$1628
2025-12-15,2026-05-10,MEX,MIA,American,R$1628
2025-12-15,2026-05-10,MEX,MIA,Volaris,Price unavailable
2025-12-15,2026-05-10,MEX,MIA,Aeromexico,R$1584
2025-12-15,2026-05-10,MEX,MIA,Aeromexico,R$1584
2025-12-15,2026-05-10,MEX,MIA,Aeromexico,R$1584
2025-12-15,2026-05-10,MEX,MIA,American,R$1628
2025-12-15,2026-05-10,MEX,MIA,American,R$1628
2025-12-15,2026-05-10,MEX,MIA,Aeromexico,R$1584
2025-12-15,2026-05-10,MEX,MIA,Aeromexico,R$1584
2025-12-15,2026-05-11,MEX,MIA,Aeromexico,R$1471
2025-12-15,2026-05-11,MEX,MIA,American,R$1599
2025-12-15,2026-05-11,MEX,MIA,Volaris,Price unavailable
2025-12-15,2026-05-11,MEX,MIA,Aeromexico,R$1471
2025-12-15,2026-05-11,MEX,MIA,Aeromexico,R$1471
2025-12-15,2026-05-11,MEX,MIA,American,R$1599
2025-12-15,2026-05-11,MEX,MIA,Aeromexico,R$1471
2025-12-15,2026-05-11,MEX,MIA,American,R$1599
2025-12-15,2026-05-11,MEX,MIA,Aeromexico,R$1471
2025-12-15,2026-05-11,MEX,MIA,Aeromexico,R$1471
2025-12-15,2026-05-11,MEX,MIA,American,R$1599
2025-12-15,2026-05-12,MEX,MIA,Aeromexico,R$1471
2025-12-15,2026-05-12,MEX,MIA,American,R$1486
2025-12-15,2026-05-12,MEX,MIA,American,R$1486
2025-12-15,2026-05-12,MEX,MIA,Volaris,Price unavailable
2025-12-15,2026-05-12,MEX,MIA,Aeromexico,R$1471
2025-12-15,2026-05-12,MEX,MIA,Aeromexico,R$1471
2025-12-15,2026-05-12,MEX,MIA,Aeromexico,R$1471
2025-12-15,2026-05-12,MEX,MIA,American,R$1486
2025-12-15,2026-05-12,MEX,MIA,American,R$1486
2025-12-15,2026-05-12,MEX,MIA,Aeromexico,R$1471
2025-12-15,2026-05-12,MEX,MIA,Aeromexico,R$1471
2025-12-15,2026-05-13,MEX,MIA,Aeromexico,R$1471
2025-12-15,2026-05-13,MEX,MIA,American,R$1486
2025-12-15,2026-05-13,MEX,MIA,American,R$1486
2025-12-15,2026-05-13,MEX,MIA,Volaris,Price unavailable
2025-12-15,2026-05-13,MEX,MIA,Aeromexico,R$1471
2025-12-15,2026-05-13,MEX,MIA,Aeromexico,R$1471
2025-12-15,2026-05-13,MEX,MIA,Aeromexico,R$1471
2025-12-15,2026-05-13,MEX,MIA,American,R$1486
2025-12-15,2026-05-13,MEX,MIA,American,R$1486
2025-12-15,2026-05-13,MEX,MIA,Aeromexico,R$1471
2025-12-15,2026-05-13,MEX,MIA,Aeromexico,R$1471
2025-12-15,2026-05-14,MEX,MIA,Aeromexico,R$1471
2025-12-15,2026-05-14,MEX,MIA,American,R$1486
2025-12-15,2026-05-14,MEX,MIA,American,R$1486
2025-12-15,2026-05-14,MEX,MIA,Volaris,Price unavailable
2025-12-15,2026-05-14,MEX,MIA,Aeromexico,R$1471
2025-12-15,2026-05-14,MEX,MIA,Aeromexico,R$1471
2025-12-15,2026-05-14,MEX,MIA,Aeromexico,R$1471
2025-12-15,2026-05-14,MEX,MIA,American,R$1486
2025-12-15,2026-05-14,MEX,MIA,American,R$1486
2025-12-15,2026-05-14,MEX,MIA,Aeromexico,R$1471
2025-12-15,2026-05-14,MEX,MIA,Aeromexico,R$1471
2025-12-15,2026-05-15,MEX,MIA,American,R$1486
2025-12-15,2026-05-15,MEX,MIA,American,R$1486
2025-12-15,2026-05-15,MEX,MIA,Volaris,Price unavailable
2025-12-15,2026-05-15,MEX,MIA,American,R$1486
2025-12-15,2026-05-15,MEX,MIA,Aeromexico,R$1584
2025-12-15,2026-05-15,MEX,MIA,Aeromexico,R$1584
2025-12-15,2026-05-15,MEX,MIA,American,R$1486
2025-12-15,2026-05-15,MEX,MIA,American,R$1486
2025-12-15,2026-05-15,MEX,MIA,American,R$1486
2025-12-15,2026-05-15,MEX,MIA,Aeromexico,R$1584
2025-12-15,2026-05-15,MEX,MIA,Aeromexico,R$1584
2025-12-15,2026-05-16,MEX,MIA,Aeromexico,R$1584
2025-12-15,2026-05-16,MEX,MIA,American,R$1599
2025-12-15,2026-05-16,MEX,MIA,American,R$1599
2025-12-15,2026-05-16,MEX,MIA,Volaris,Price unavailable
2025-12-15,2026-05-16,MEX,MIA,Aeromexico,R$1584
2025-12-15,2026-05-16,MEX,MIA,Aeromexico,R$1584
2025-12-15,2026-05-16,MEX,MIA,Aeromexico,R$1584
2025-12-15,2026-05-16,MEX,MIA,American,R$1599
2025-12-15,2026-05-16,MEX,MIA,American,R$1599
2025-12-15,2026-05-16,MEX,MIA,Aeromexico,R$1584
2025-12-15,2026-05-16,MEX,MIA,Aeromexico,R$1584
2025-12-15,2026-05-10,MEX,NRT,ANA,R$6951
2025-12-15,2026-05-11,MEX,NRT,ANA,R$8556
2025-12-15,2026-05-12,MEX,NRT,ANA,R$6719
2025-12-15,2026-05-13,MEX,NRT,ANA,R$8556
2025-12-15,2026-05-14,MEX,NRT,ANA,R$5984
2025-12-15,2026-05-15,MEX,NRT,ANA,R$5984
2025-12-15,2026-05-16,MEX,NRT,ANA,R$7545
2025-12-15,2026-05-10,JFK,MEX,Aeromexico,R$1822
2025-12-15,2026-05-10,JFK,MEX,Delta,R$1822
2025-12-15,2026-05-10,JFK,MEX,Viva,Price unavailable
2025-12-15,2026-05-10,JFK,MEX,Aeromexico,R$1822
2025-12-15,2026-05-10,JFK,MEX,Aeromexico,R$1822
2025-12-15,2026-05-10,JFK,MEX,Aeromexico,R$1822
2025-12-15,2026-05-10,JFK,MEX,Delta,R$1822
2025-12-15,2026-05-10,JFK,MEX,Aeromexico,R$1822
2025-12-15,2026-05-10,JFK,MEX,Aeromexico,R$1822
2025-12-15,2026-05-11,JFK,MEX,Aeromexico,R$1714
2025-12-15,2026-05-11,JFK,MEX,Delta,R$1714
2025-12-15,2026-05-11,JFK,MEX,Viva,Price unavailable
2025-12-15,2026-05-11,JFK,MEX,Aeromexico,R$1714
2025-12-15,2026-05-11,JFK,MEX,Aeromexico,R$1714
2025-12-15,2026-05-11,JFK,MEX,Aeromexico,R$1714
2025-12-15,2026-05-11,JFK,MEX,Delta,R$1714
2025-12-15,2026-05-11,JFK,MEX,Aeromexico,R$1714
2025-12-15,2026-05-11,JFK,MEX,Aeromexico,R$1714
2025-12-15,2026-05-12,JFK,MEX,Aeromexico,R$1714
2025-12-15,2026-05-12,JFK,MEX,Delta,R$1714
2025-12-15,2026-05-12,JFK,MEX,Viva,Price unavailable
2025-12-15,2026-05-12,JFK,MEX,Aeromexico,R$1714
2025-12-15,2026-05-12,JFK,MEX,Aeromexico,R$1714
2025-12-15,2026-05-12,JFK,MEX,Aeromexico,R$1714
2025-12-15,2026-05-12,JFK,MEX,Delta,R$1714
2025-12-15,2026-05-12,JFK,MEX,Aeromexico,R$1714
2025-12-15,2026-05-12,JFK,MEX,Aeromexico,R$1714
2025-12-15,2026-05-13,JFK,MEX,Aeromexico,R$1714
2025-12-15,2026-05-13,JFK,MEX,Delta,R$1714
2025-12-15,2026-05-13,JFK,MEX,Viva,Price unavailable
2025-12-15,2026-05-13,JFK,MEX,Aeromexico,R$1714
2025-12-15,2026-05-13,JFK,MEX,Aeromexico,R$1714
2025-12-15,2026-05-13,JFK,MEX,Aeromexico,R$1714
2025-12-15,2026-05-13,JFK,MEX,Delta,R$1714
2025-12-15,2026-05-13,JFK,MEX,Aeromexico,R$1714
2025-12-15,2026-05-13,JFK,MEX,Aeromexico,R$1714
2025-12-15,2026-05-14,JFK,MEX,Aeromexico,R$1714
2025-12-15,2026-05-14,JFK,MEX,Delta,R$1714
2025-12-15,2026-05-14,JFK,MEX,Viva,Price unavailable
2025-12-15,2026-05-14,JFK,MEX,Aeromexico,R$1714
2025-12-15,2026-05-14,JFK,MEX,Aeromexico,R$1714
2025-12-15,2026-05-14,JFK,MEX,Aeromexico,R$1714
2025-12-15,2026-05-14,JFK,MEX,Delta,R$1714
2025-12-15,2026-05-14,JFK,MEX,Aeromexico,R$1714
2025-12-15,2026-05-14,JFK,MEX,Aeromexico,R$1714
2025-12-15,2026-05-15,JFK,MEX,American,R$1714
2025-12-15,2026-05-15,JFK,MEX,Aeromexico,R$1822
2025-12-15,2026-05-15,JFK,MEX,Delta,R$1822
2025-12-15,2026-05-15,JFK,MEX,Viva,Price unavailable
2025-12-15,2026-05-15,JFK,MEX,Aeromexico,R$1822
2025-12-15,2026-05-15,JFK,MEX,American,R$1714
2025-12-15,2026-05-15,JFK,MEX,Aeromexico,R$1822
2025-12-15,2026-05-15,JFK,MEX,Delta,R$1822
2025-12-15,2026-05-15,JFK,MEX,Aeromexico,R$1822
2025-12-15,2026-05-16,JFK,MEX,Aeromexico,R$1822
2025-12-15,2026-05-16,JFK,MEX,Delta,R$1822
2025-12-15,2026-05-16,JFK,MEX,Viva,Price unavailable
2025-12-15,2026-05-16,JFK,MEX,Aeromexico,R$1822
2025-12-15,2026-05-16,JFK,MEX,Aeromexico,R$1822
2025-12-15,2026-05-16,JFK,MEX,Aeromexico,R$1822
2025-12-15,2026-05-16,JFK,MEX,Delta,R$1822
2025-12-15,2026-05-16,JFK,MEX,Aeromexico,R$1822
2025-12-15,2026-05-16,JFK,MEX,Aeromexico,R$1822
2025-12-15,2026-05-10,SJO,MEX,Avianca,R$854
2025-12-15,2026-05-10,SJO,MEX,Aeromexico,R$1036
2025-12-15,2026-05-10,SJO,MEX,Aeromexico,R$1036
2025-12-15,2026-05-10,SJO,MEX,Volaris Costa Rica,Price unavailable
2025-12-15,2026-05-10,SJO,MEX,Avianca,R$854
2025-12-15,2026-05-10,SJO,MEX,Aeromexico,R$1036
2025-12-15,2026-05-10,SJO,MEX,Aeromexico,R$1036
2025-12-15,2026-05-11,SJO,MEX,Avianca,R$854
2025-12-15,2026-05-11,SJO,MEX,Aeromexico,R$1036
2025-12-15,2026-05-11,SJO,MEX,Aeromexico,R$1036
2025-12-15,2026-05-11,SJO,MEX,Volaris Costa Rica,Price unavailable
2025-12-15,2026-05-11,SJO,MEX,Avianca,R$854
2025-12-15,2026-05-11,SJO,MEX,Aeromexico,R$1036
2025-12-15,2026-05-11,SJO,MEX,Aeromexico,R$1036
2025-12-15,2026-05-12,SJO,MEX,Avianca,R$854
2025-12-15,2026-05-12,SJO,MEX,Aeromexico,R$1036
2025-12-15,2026-05-12,SJO,MEX,Aeromexico,R$1036
2025-12-15,2026-05-12,SJO,MEX,Volaris Costa Rica,Price unavailable
2025-12-15,2026-05-12,SJO,MEX,Avianca,R$854
2025-12-15,2026-05-12,SJO,MEX,Aeromexico,R$1036
2025-12-15,2026-05-12,SJO,MEX,Aeromexico,R$1036
2025-12-15,2026-05-13,SJO,MEX,Avianca,R$854
2025-12-15,2026-05-13,SJO,MEX,Aeromexico,R$1036
2025-12-15,2026-05-13,SJO,MEX,Aeromexico,R$1036
2025-12-15,2026-05-13,SJO,MEX,Volaris Costa Rica,Price unavailable
2025-12-15,2026-05-13,SJO,MEX,Avianca,R$854
2025-12-15,2026-05-13,SJO,MEX,Aeromexico,R$1036
2025-12-15,2026-05-13,SJO,MEX,Aeromexico,R$1036
2025-12-15,2026-05-14,SJO,MEX,Avianca,R$854
2025-12-15,2026-05-14,SJO,MEX,Aeromexico,R$1036
2025-12-15,2026-05-14,SJO,MEX,Aeromexico,R$1036
2025-12-15,2026-05-14,SJO,MEX,Volaris Costa Rica,Price unavailable
2025-12-15,2026-05-14,SJO,MEX,Avianca,R$854
2025-12-15,2026-05-14,SJO,MEX,Aeromexico,R$1036
2025-12-15,2026-05-14,SJO,MEX,Aeromexico,R$1036
2025-12-15,2026-05-15,SJO,MEX,Avianca,R$854
2025-12-15,2026-05-15,SJO,MEX,Aeromexico,R$1036
2025-12-15,2026-05-15,SJO,MEX,Aeromexico,R$1036
2025-12-15,2026-05-15,SJO,MEX,Volaris Costa Rica,Price unavailable
2025-12-15,2026-05-15,SJO,MEX,Avianca,R$854
2025-12-15,2026-05-15,SJO,MEX,Aeromexico,R$1036
2025-12-15,2026-05-15,SJO,MEX,Aeromexico,R$1036
2025-12-15,2026-05-16,SJO,MEX,Avianca,R$854
2025-12-15,2026-05-16,SJO,MEX,Aeromexico,R$1036
2025-12-15,2026-05-16,SJO,MEX,Aeromexico,R$1036
2025-12-15,2026-05-16,SJO,MEX,Volaris Costa Rica,Price unavailable
2025-12-15,2026-05-16,SJO,MEX,Avianca,R$854
2025-12-15,2026-05-16,SJO,MEX,Aeromexico,R$1036
2025-12-15,2026-05-16,SJO,MEX,Aeromexico,R$1036
2025-12-15,2026-05-10,MEX,YYZ,Flair Airlines,R$1361
2025-12-15,2026-05-10,MEX,YYZ,Air Canada,R$3132
2025-12-15,2026-05-10,MEX,YYZ,Air Canada,R$3132
2025-12-15,2026-05-10,MEX,YYZ,Aeromexico,R$3153
2025-12-15,2026-05-10,MEX,YYZ,Flair Airlines,R$1361
2025-12-15,2026-05-10,MEX,YYZ,Air Canada,R$3132
2025-12-15,2026-05-10,MEX,YYZ,Air Canada,R$3132
2025-12-15,2026-05-11,MEX,YYZ,Air Canada,R$3132
2025-12-15,2026-05-11,MEX,YYZ,Air Canada,R$3132
2025-12-15,2026-05-11,MEX,YYZ,Aeromexico,R$3153
2025-12-15,2026-05-11,MEX,YYZ,Air Canada,R$3132
2025-12-15,2026-05-11,MEX,YYZ,Air Canada,R$3132
2025-12-15,2026-05-12,MEX,YYZ,Air Canada,R$3132
2025-12-15,2026-05-12,MEX,YYZ,Aeromexico,R$3153
2025-12-15,2026-05-12,MEX,YYZ,Air Canada,R$3780
2025-12-15,2026-05-12,MEX,YYZ,Air Canada,R$3132
2025-12-15,2026-05-12,MEX,YYZ,Aeromexico,R$3153
2025-12-15,2026-05-13,MEX,YYZ,Flair Airlines,R$1242
2025-12-15,2026-05-13,MEX,YYZ,Air Canada,R$3132
2025-12-15,2026-05-13,MEX,YYZ,Air Canada,R$3132
2025-12-15,2026-05-13,MEX,YYZ,Aeromexico,R$3153
2025-12-15,2026-05-13,MEX,YYZ,Flair Airlines,R$1242
2025-12-15,2026-05-13,MEX,YYZ,Air Canada,R$3132
2025-12-15,2026-05-13,MEX,YYZ,Air Canada,R$3132
2025-12-15,2026-05-14,MEX,YYZ,Air Canada,R$3132
2025-12-15,2026-05-14,MEX,YYZ,Air Canada,R$3132
2025-12-15,2026-05-14,MEX,YYZ,Aeromexico,R$3464
2025-12-15,2026-05-14,MEX,YYZ,Air Canada,R$3132
2025-12-15,2026-05-14,MEX,YYZ,Air Canada,R$3132
2025-12-15,2026-05-15,MEX,YYZ,Flair Airlines,R$1635
2025-12-15,2026-05-15,MEX,YYZ,Air Canada,R$3132
2025-12-15,2026-05-15,MEX,YYZ,Air Canada,R$3132
2025-12-15,2026-05-15,MEX,YYZ,Aeromexico,R$3464
2025-12-15,2026-05-15,MEX,YYZ,Flair Airlines,R$1635
2025-12-15,2026-05-15,MEX,YYZ,Air Canada,R$3132
2025-12-15,2026-05-15,MEX,YYZ,Air Canada,R$3132
2025-12-15,2026-05-16,MEX,YYZ,Air Canada,R$3132
2025-12-15,2026-05-16,MEX,YYZ,Air Canada,R$3132
2025-12-15,2026-05-16,MEX,YYZ,Aeromexico,R$3464
2025-12-15,2026-05-16,MEX,YYZ,Air Canada,R$3132
2025-12-15,2026-05-16,MEX,YYZ,Air Canada,R$3132
2025-12-15,2026-05-10,SJD,MEX,Aeromexico,R$816
2025-12-15,2026-05-10,SJD,MEX,Aeromexico,R$816
2025-12-15,2026-05-10,SJD,MEX,Aeromexico,R$886
2025-12-15,2026-05-10,SJD,MEX,Volaris,Price unavailable
2025-12-15,2026-05-10,SJD,MEX,Viva,Price unavailable
2025-12-15,2026-05-10,SJD,MEX,Aeromexico,R$1395
2025-12-15,2026-05-10,SJD,MEX,Aeromexico,R$816
2025-12-15,2026-05-10,SJD,MEX,Aeromexico,R$816
2025-12-15,2026-05-10,SJD,MEX,Aeromexico,R$886
2025-12-15,2026-05-10,SJD,MEX,Volaris,Price unavailable
2025-12-15,2026-05-10,SJD,MEX,Aeromexico,R$1395
2025-12-15,2026-05-11,SJD,MEX,Aeromexico,R$746
2025-12-15,2026-05-11,SJD,MEX,Aeromexico,R$746
2025-12-15,2026-05-11,SJD,MEX,Aeromexico,R$781
2025-12-15,2026-05-11,SJD,MEX,Volaris,Price unavailable
2025-12-15,2026-05-11,SJD,MEX,Viva,Price unavailable
2025-12-15,2026-05-11,SJD,MEX,Aeromexico,R$886
2025-12-15,2026-05-11,SJD,MEX,Aeromexico,R$746
2025-12-15,2026-05-11,SJD,MEX,Aeromexico,R$746
2025-12-15,2026-05-11,SJD,MEX,Aeromexico,R$781
2025-12-15,2026-05-11,SJD,MEX,Volaris,Price unavailable
2025-12-15,2026-05-11,SJD,MEX,Aeromexico,R$886
2025-12-15,2026-05-12,SJD,MEX,Aeromexico,R$746
2025-12-15,2026-05-12,SJD,MEX,Aeromexico,R$746
2025-12-15,2026-05-12,SJD,MEX,Volaris,Price unavailable
2025-12-15,2026-05-12,SJD,MEX,Viva,Price unavailable
2025-12-15,2026-05-12,SJD,MEX,Aeromexico,R$746
2025-12-15,2026-05-12,SJD,MEX,Aeromexico,R$781
2025-12-15,2026-05-12,SJD,MEX,Aeromexico,R$746
2025-12-15,2026-05-12,SJD,MEX,Aeromexico,R$746
2025-12-15,2026-05-12,SJD,MEX,Volaris,Price unavailable
2025-12-15,2026-05-12,SJD,MEX,Aeromexico,R$746
2025-12-15,2026-05-12,SJD,MEX,Aeromexico,R$781
2025-12-15,2026-05-13,SJD,MEX,Aeromexico,R$746
2025-12-15,2026-05-13,SJD,MEX,Aeromexico,R$746
2025-12-15,2026-05-13,SJD,MEX,Aeromexico,R$746
2025-12-15,2026-05-13,SJD,MEX,Volaris,Price unavailable
2025-12-15,2026-05-13,SJD,MEX,Viva,Price unavailable
2025-12-15,2026-05-13,SJD,MEX,Aeromexico,R$746
2025-12-15,2026-05-13,SJD,MEX,Aeromexico,R$746
2025-12-15,2026-05-13,SJD,MEX,Aeromexico,R$746
2025-12-15,2026-05-13,SJD,MEX,Aeromexico,R$746
2025-12-15,2026-05-13,SJD,MEX,Volaris,Price unavailable
2025-12-15,2026-05-13,SJD,MEX,Aeromexico,R$746
2025-12-15,2026-05-14,SJD,MEX,Aeromexico,R$746
2025-12-15,2026-05-14,SJD,MEX,Aeromexico,R$746
2025-12-15,2026-05-14,SJD,MEX,Aeromexico,R$746
2025-12-15,2026-05-14,SJD,MEX,Volaris,Price unavailable
2025-12-15,2026-05-14,SJD,MEX,Viva,Price unavailable
2025-12-15,2026-05-14,SJD,MEX,Aeromexico,R$1684
2025-12-15,2026-05-14,SJD,MEX,Aeromexico,R$746
2025-12-15,2026-05-14,SJD,MEX,Aeromexico,R$746
2025-12-15,2026-05-14,SJD,MEX,Aeromexico,R$746
2025-12-15,2026-05-14,SJD,MEX,Volaris,Price unavailable
2025-12-15,2026-05-14,SJD,MEX,Aeromexico,R$1684
2025-12-15,2026-05-15,SJD,MEX,Aeromexico,R$746
2025-12-15,2026-05-15,SJD,MEX,Aeromexico,R$746
2025-12-15,2026-05-15,SJD,MEX,Aeromexico,R$746
2025-12-15,2026-05-15,SJD,MEX,Volaris,Price unavailable
2025-12-15,2026-05-15,SJD,MEX,Viva,Price unavailable
2025-12-15,2026-05-15,SJD,MEX,Aeromexico,R$746
2025-12-15,2026-05-15,SJD,MEX,Aeromexico,R$746
2025-12-15,2026-05-15,SJD,MEX,Aeromexico,R$746
2025-12-15,2026-05-15,SJD,MEX,Aeromexico,R$746
2025-12-15,2026-05-15,SJD,MEX,Volaris,Price unavailable
2025-12-15,2026-05-15,SJD,MEX,Aeromexico,R$746
2025-12-15,2026-05-16,SJD,MEX,Aeromexico,R$746
2025-12-15,2026-05-16,SJD,MEX,Aeromexico,R$746
2025-12-15,2026-05-16,SJD,MEX,Aeromexico,R$781
2025-12-15,2026-05-16,SJD,MEX,Volaris,Price unavailable
2025-12-15,2026-05-16,SJD,MEX,Viva,Price unavailable
2025-12-15,2026-05-16,SJD,MEX,Aeromexico,R$819
2025-12-15,2026-05-16,SJD,MEX,Aeromexico,R$746
2025-12-15,2026-05-16,SJD,MEX,Aeromexico,R$746
2025-12-15,2026-05-16,SJD,MEX,Aeromexico,R$781
2025-12-15,2026-05-16,SJD,MEX,Volaris,Price unavailable
2025-12-15,2026-05-16,SJD,MEX,Aeromexico,R$819
2025-12-15,2026-05-10,MEX,MZT,Aeromexico,R$695
2025-12-15,2026-05-10,MEX,MZT,Aeromexico,R$695
2025-12-15,2026-05-10,MEX,MZT,Aeromexico,R$695
2025-12-15,2026-05-10,MEX,MZT,Viva,Price unavailable
2025-12-15,2026-05-10,MEX,MZT,Volaris,Price unavailable
2025-12-15,2026-05-10,MEX,MZT,Aeromexico,R$695
2025-12-15,2026-05-10,MEX,MZT,Aeromexico,R$695
2025-12-15,2026-05-10,MEX,MZT,Aeromexico,R$695
2025-12-15,2026-05-10,MEX,MZT,Viva,Price unavailable
2025-12-15,2026-05-11,MEX,MZT,Aeromexico,R$695
2025-12-15,2026-05-11,MEX,MZT,Aeromexico,R$695
2025-12-15,2026-05-11,MEX,MZT,Aeromexico,R$1118
2025-12-15,2026-05-11,MEX,MZT,Viva,Price unavailable
2025-12-15,2026-05-11,MEX,MZT,Volaris,Price unavailable
2025-12-15,2026-05-11,MEX,MZT,Aeromexico,R$695
2025-12-15,2026-05-11,MEX,MZT,Aeromexico,R$695
2025-12-15,2026-05-11,MEX,MZT,Aeromexico,R$1118
2025-12-15,2026-05-11,MEX,MZT,Viva,Price unavailable
2025-12-15,2026-05-12,MEX,MZT,Aeromexico,R$695
2025-12-15,2026-05-12,MEX,MZT,Aeromexico,R$695
2025-12-15,2026-05-12,MEX,MZT,Aeromexico,R$695
2025-12-15,2026-05-12,MEX,MZT,Viva,Price unavailable
2025-12-15,2026-05-12,MEX,MZT,Volaris,Price unavailable
2025-12-15,2026-05-12,MEX,MZT,Aeromexico,R$695
2025-12-15,2026-05-12,MEX,MZT,Aeromexico,R$695
2025-12-15,2026-05-12,MEX,MZT,Aeromexico,R$695
2025-12-15,2026-05-12,MEX,MZT,Viva,Price unavailable
2025-12-15,2026-05-13,MEX,MZT,Aeromexico,R$695
2025-12-15,2026-05-13,MEX,MZT,Aeromexico,R$695
2025-12-15,2026-05-13,MEX,MZT,Aeromexico,R$695
2025-12-15,2026-05-13,MEX,MZT,Viva,Price unavailable
2025-12-15,2026-05-13,MEX,MZT,Volaris,Price unavailable
2025-12-15,2026-05-13,MEX,MZT,Aeromexico,R$695
2025-12-15,2026-05-13,MEX,MZT,Aeromexico,R$695
2025-12-15,2026-05-13,MEX,MZT,Aeromexico,R$695
2025-12-15,2026-05-13,MEX,MZT,Viva,Price unavailable
2025-12-15,2026-05-14,MEX,MZT,Aeromexico,R$747
2025-12-15,2026-05-14,MEX,MZT,Aeromexico,R$798
2025-12-15,2026-05-14,MEX,MZT,Aeromexico,R$887
2025-12-15,2026-05-14,MEX,MZT,Viva,Price unavailable
2025-12-15,2026-05-14,MEX,MZT,Volaris,Price unavailable
2025-12-15,2026-05-14,MEX,MZT,Aeromexico,R$747
2025-12-15,2026-05-14,MEX,MZT,Aeromexico,R$798
2025-12-15,2026-05-14,MEX,MZT,Aeromexico,R$887
2025-12-15,2026-05-14,MEX,MZT,Viva,Price unavailable
2025-12-15,2026-05-15,MEX,MZT,Aeromexico,R$747
2025-12-15,2026-05-15,MEX,MZT,Aeromexico,R$747
2025-12-15,2026-05-15,MEX,MZT,Aeromexico,R$852
2025-12-15,2026-05-15,MEX,MZT,Viva,Price unavailable
2025-12-15,2026-05-15,MEX,MZT,Volaris,Price unavailable
2025-12-15,2026-05-15,MEX,MZT,Aeromexico,R$747
2025-12-15,2026-05-15,MEX,MZT,Aeromexico,R$747
2025-12-15,2026-05-15,MEX,MZT,Aeromexico,R$852
2025-12-15,2026-05-15,MEX,MZT,Viva,Price unavailable
2025-12-15,2026-05-16,MEX,MZT,Aeromexico,R$695
2025-12-15,2026-05-16,MEX,MZT,Aeromexico,R$695
2025-12-15,2026-05-16,MEX,MZT,Viva,Price unavailable
2025-12-15,2026-05-16,MEX,MZT,Volaris,Price unavailable
2025-12-15,2026-05-16,MEX,MZT,Aeromexico,R$695
2025-12-15,2026-05-16,MEX,MZT,Aeromexico,R$695
2025-12-15,2026-05-16,MEX,MZT,Viva,Price unavailable
2025-12-15,2026-05-10,DGO,MEX,Aeromexico,R$979
2025-12-15,2026-05-10,DGO,MEX,Aeromexico,R$1119
2025-12-15,2026-05-10,DGO,MEX,Aeromexico,R$979
2025-12-15,2026-05-11,DGO,MEX,Aeromexico,R$909
2025-12-15,2026-05-11,DGO,MEX,Aeromexico,R$909
2025-12-15,2026-05-11,DGO,MEX,Aeromexico,R$909
2025-12-15,2026-05-11,DGO,MEX,Aeromexico,R$909
2025-12-15,2026-05-11,DGO,MEX,Aeromexico,R$909
2025-12-15,2026-05-12,DGO,MEX,Aeromexico,R$909
2025-12-15,2026-05-12,DGO,MEX,Aeromexico,R$909
2025-12-15,2026-05-12,DGO,MEX,Aeromexico,R$909
2025-12-15,2026-05-12,DGO,MEX,Aeromexico,R$909
2025-12-15,2026-05-12,DGO,MEX,Aeromexico,R$909
2025-12-15,2026-05-13,DGO,MEX,Aeromexico,R$909
2025-12-15,2026-05-13,DGO,MEX,Aeromexico,R$909
2025-12-15,2026-05-13,DGO,MEX,Aeromexico,R$909
2025-12-15,2026-05-13,DGO,MEX,Aeromexico,R$909
2025-12-15,2026-05-13,DGO,MEX,Aeromexico,R$909
2025-12-15,2026-05-14,DGO,MEX,Aeromexico,R$909
2025-12-15,2026-05-14,DGO,MEX,Aeromexico,R$909
2025-12-15,2026-05-14,DGO,MEX,Aeromexico,R$909
2025-12-15,2026-05-14,DGO,MEX,Aeromexico,R$909
2025-12-15,2026-05-14,DGO,MEX,Aeromexico,R$909
2025-12-15,2026-05-15,DGO,MEX,Aeromexico,R$961
2025-12-15,2026-05-15,DGO,MEX,Aeromexico,R$961
2025-12-15,2026-05-15,DGO,MEX,Aeromexico,R$961
2025-12-15,2026-05-15,DGO,MEX,Aeromexico,R$961
2025-12-15,2026-05-15,DGO,MEX,Aeromexico,R$961
2025-12-15,2026-05-16,DGO,MEX,Aeromexico,R$909
2025-12-15,2026-05-10,MCO,MTY,Viva,Price unavailable
2025-12-15,2026-05-12,MCO,MTY,Viva,Price unavailable
2025-12-15,2026-05-14,MCO,MTY,Viva,Price unavailable
2025-12-15,2026-05-16,MCO,MTY,Viva,Price unavailable
2025-12-15,2026-05-10,VSA,MEX,Aeromexico,R$948
2025-12-15,2026-05-10,VSA,MEX,Aeromexico,R$948
2025-12-15,2026-05-10,VSA,MEX,Aeromexico,R$948
2025-12-15,2026-05-10,VSA,MEX,Volaris,Price unavailable
2025-12-15,2026-05-10,VSA,MEX,Viva,Price unavailable
2025-12-15,2026-05-10,VSA,MEX,Aeromexico,R$948
2025-12-15,2026-05-10,VSA,MEX,Aeromexico,R$948
2025-12-15,2026-05-10,VSA,MEX,Aeromexico,R$948
2025-12-15,2026-05-10,VSA,MEX,Aeromexico,R$948
2025-12-15,2026-05-10,VSA,MEX,Aeromexico,R$948
2025-12-15,2026-05-10,VSA,MEX,Volaris,Price unavailable
2025-12-15,2026-05-10,VSA,MEX,Aeromexico,R$948
2025-12-15,2026-05-10,VSA,MEX,Aeromexico,R$948
2025-12-15,2026-05-11,VSA,MEX,Aeromexico,R$948
2025-12-15,2026-05-11,VSA,MEX,Aeromexico,R$948
2025-12-15,2026-05-11,VSA,MEX,Aeromexico,R$948
2025-12-15,2026-05-11,VSA,MEX,Aeromexico,R$948
2025-12-15,2026-05-11,VSA,MEX,Volaris,Price unavailable
2025-12-15,2026-05-11,VSA,MEX,Viva,Price unavailable
2025-12-15,2026-05-11,VSA,MEX,Aeromexico,R$948
2025-12-15,2026-05-11,VSA,MEX,Aeromexico,R$948
2025-12-15,2026-05-11,VSA,MEX,Aeromexico,R$948
2025-12-15,2026-05-11,VSA,MEX,Aeromexico,R$948
2025-12-15,2026-05-11,VSA,MEX,Aeromexico,R$948
2025-12-15,2026-05-11,VSA,MEX,Volaris,Price unavailable
2025-12-15,2026-05-11,VSA,MEX,Aeromexico,R$948
2025-12-15,2026-05-12,VSA,MEX,Aeromexico,R$948
2025-12-15,2026-05-12,VSA,MEX,Aeromexico,R$948
2025-12-15,2026-05-12,VSA,MEX,Aeromexico,R$948
2025-12-15,2026-05-12,VSA,MEX,Volaris,Price unavailable
2025-12-15,2026-05-12,VSA,MEX,Viva,Price unavailable
2025-12-15,2026-05-12,VSA,MEX,Aeromexico,R$948
2025-12-15,2026-05-12,VSA,MEX,Aeromexico,R$948
2025-12-15,2026-05-12,VSA,MEX,Aeromexico,R$948
2025-12-15,2026-05-12,VSA,MEX,Aeromexico,R$948
2025-12-15,2026-05-12,VSA,MEX,Aeromexico,R$948
2025-12-15,2026-05-12,VSA,MEX,Volaris,Price unavailable
2025-12-15,2026-05-12,VSA,MEX,Aeromexico,R$948
2025-12-15,2026-05-12,VSA,MEX,Aeromexico,R$948
2025-12-15,2026-05-13,VSA,MEX,Aeromexico,R$948
2025-12-15,2026-05-13,VSA,MEX,Aeromexico,R$948
2025-12-15,2026-05-13,VSA,MEX,Aeromexico,R$948
2025-12-15,2026-05-13,VSA,MEX,Volaris,Price unavailable
2025-12-15,2026-05-13,VSA,MEX,Viva,Price unavailable
2025-12-15,2026-05-13,VSA,MEX,Aeromexico,R$948
2025-12-15,2026-05-13,VSA,MEX,Aeromexico,R$982
2025-12-15,2026-05-13,VSA,MEX,Aeromexico,R$948
2025-12-15,2026-05-13,VSA,MEX,Aeromexico,R$948
2025-12-15,2026-05-13,VSA,MEX,Aeromexico,R$948
2025-12-15,2026-05-13,VSA,MEX,Volaris,Price unavailable
2025-12-15,2026-05-13,VSA,MEX,Aeromexico,R$948
2025-12-15,2026-05-13,VSA,MEX,Aeromexico,R$982
2025-12-15,2026-05-14,VSA,MEX,Aeromexico,R$1000
2025-12-15,2026-05-14,VSA,MEX,Aeromexico,R$1035
2025-12-15,2026-05-14,VSA,MEX,Aeromexico,R$1035
2025-12-15,2026-05-14,VSA,MEX,Aeromexico,R$1105
2025-12-15,2026-05-14,VSA,MEX,Aeromexico,R$1140
2025-12-15,2026-05-14,VSA,MEX,Volaris,Price unavailable
2025-12-15,2026-05-14,VSA,MEX,Viva,Price unavailable
2025-12-15,2026-05-14,VSA,MEX,Aeromexico,R$1000
2025-12-15,2026-05-14,VSA,MEX,Aeromexico,R$1035
2025-12-15,2026-05-14,VSA,MEX,Aeromexico,R$1035
2025-12-15,2026-05-14,VSA,MEX,Aeromexico,R$1105
2025-12-15,2026-05-14,VSA,MEX,Aeromexico,R$1140
2025-12-15,2026-05-14,VSA,MEX,Volaris,Price unavailable
2025-12-15,2026-05-15,VSA,MEX,Aeromexico,R$1052
2025-12-15,2026-05-15,VSA,MEX,Aeromexico,R$1122
2025-12-15,2026-05-15,VSA,MEX,Aeromexico,R$1157
2025-12-15,2026-05-15,VSA,MEX,Volaris,Price unavailable
2025-12-15,2026-05-15,VSA,MEX,Viva,Price unavailable
2025-12-15,2026-05-15,VSA,MEX,Aeromexico,R$1087
2025-12-15,2026-05-15,VSA,MEX,Aeromexico,R$1157
2025-12-15,2026-05-15,VSA,MEX,Aeromexico,R$1052
2025-12-15,2026-05-15,VSA,MEX,Aeromexico,R$1122
2025-12-15,2026-05-15,VSA,MEX,Aeromexico,R$1157
2025-12-15,2026-05-15,VSA,MEX,Volaris,Price unavailable
2025-12-15,2026-05-15,VSA,MEX,Aeromexico,R$1087
2025-12-15,2026-05-15,VSA,MEX,Aeromexico,R$1157
2025-12-15,2026-05-16,VSA,MEX,Aeromexico,R$948
2025-12-15,2026-05-16,VSA,MEX,Aeromexico,R$948
2025-12-15,2026-05-16,VSA,MEX,Aeromexico,R$948
2025-12-15,2026-05-16,VSA,MEX,Volaris,Price unavailable
2025-12-15,2026-05-16,VSA,MEX,Viva,Price unavailable
2025-12-15,2026-05-16,VSA,MEX,Aeromexico,R$948
2025-12-15,2026-05-16,VSA,MEX,Aeromexico,R$948
2025-12-15,2026-05-16,VSA,MEX,Aeromexico,R$948
2025-12-15,2026-05-16,VSA,MEX,Aeromexico,R$948
2025-12-15,2026-05-16,VSA,MEX,Aeromexico,R$948
2025-12-15,2026-05-16,VSA,MEX,Volaris,Price unavailable
2025-12-15,2026-05-16,VSA,MEX,Aeromexico,R$948
2025-12-15,2026-05-16,VSA,MEX,Aeromexico,R$948
2025-12-15,2026-05-10,MCO,MEX,Aeromexico,R$847
2025-12-15,2026-05-10,MCO,MEX,Aeromexico,R$1172
2025-12-15,2026-05-10,MCO,MEX,Aeromexico,R$2807
2025-12-15,2026-05-10,MCO,MEX,Volaris,Price unavailable
2025-12-15,2026-05-10,MCO,MEX,Aeromexico,R$847
2025-12-15,2026-05-10,MCO,MEX,Aeromexico,R$1172
2025-12-15,2026-05-10,MCO,MEX,Aeromexico,R$2807
2025-12-15,2026-05-11,MCO,MEX,Aeromexico,R$847
2025-12-15,2026-05-11,MCO,MEX,Aeromexico,R$847
2025-12-15,2026-05-11,MCO,MEX,Aeromexico,R$847
2025-12-15,2026-05-11,MCO,MEX,Volaris,Price unavailable
2025-12-15,2026-05-11,MCO,MEX,Aeromexico,R$847
2025-12-15,2026-05-11,MCO,MEX,Aeromexico,R$847
2025-12-15,2026-05-11,MCO,MEX,Aeromexico,R$847
2025-12-15,2026-05-12,MCO,MEX,Aeromexico,R$847
2025-12-15,2026-05-12,MCO,MEX,Aeromexico,R$847
2025-12-15,2026-05-12,MCO,MEX,Aeromexico,R$847
2025-12-15,2026-05-12,MCO,MEX,Volaris,Price unavailable
2025-12-15,2026-05-12,MCO,MEX,Aeromexico,R$847
2025-12-15,2026-05-12,MCO,MEX,Aeromexico,R$847
2025-12-15,2026-05-12,MCO,MEX,Aeromexico,R$847
2025-12-15,2026-05-13,MCO,MEX,Aeromexico,R$847
2025-12-15,2026-05-13,MCO,MEX,Aeromexico,R$1010
2025-12-15,2026-05-13,MCO,MEX,Aeromexico,R$1172
2025-12-15,2026-05-13,MCO,MEX,Volaris,Price unavailable
2025-12-15,2026-05-13,MCO,MEX,Aeromexico,R$847
2025-12-15,2026-05-13,MCO,MEX,Aeromexico,R$1010
2025-12-15,2026-05-13,MCO,MEX,Aeromexico,R$1172
2025-12-15,2026-05-14,MCO,MEX,Aeromexico,R$1172
2025-12-15,2026-05-14,MCO,MEX,Aeromexico,R$1172
2025-12-15,2026-05-14,MCO,MEX,Aeromexico,R$1172
2025-12-15,2026-05-14,MCO,MEX,Volaris,Price unavailable
2025-12-15,2026-05-14,MCO,MEX,Aeromexico,R$1172
2025-12-15,2026-05-14,MCO,MEX,Aeromexico,R$1172
2025-12-15,2026-05-14,MCO,MEX,Aeromexico,R$1172
2025-12-15,2026-05-15,MCO,MEX,Aeromexico,R$847
2025-12-15,2026-05-15,MCO,MEX,Aeromexico,R$847
2025-12-15,2026-05-15,MCO,MEX,Aeromexico,R$847
2025-12-15,2026-05-15,MCO,MEX,Volaris,Price unavailable
2025-12-15,2026-05-15,MCO,MEX,Aeromexico,R$847
2025-12-15,2026-05-15,MCO,MEX,Aeromexico,R$847
2025-12-15,2026-05-15,MCO,MEX,Aeromexico,R$847
2025-12-15,2026-05-16,MCO,MEX,Aeromexico,R$847
2025-12-15,2026-05-16,MCO,MEX,Aeromexico,R$847
2025-12-15,2026-05-16,MCO,MEX,Aeromexico,R$1172
2025-12-15,2026-05-16,MCO,MEX,Volaris,Price unavailable
2025-12-15,2026-05-16,MCO,MEX,Aeromexico,R$847
2025-12-15,2026-05-16,MCO,MEX,Aeromexico,R$847
2025-12-15,2026-05-16,MCO,MEX,Aeromexico,R$1172
2025-12-15,2026-05-10,GDL,MEX,Aeromexico,R$479
2025-12-15,2026-05-10,GDL,MEX,Aeromexico,R$479
2025-12-15,2026-05-10,GDL,MEX,Aeromexico,R$479
2025-12-15,2026-05-10,GDL,MEX,Viva,Price unavailable
2025-12-15,2026-05-10,GDL,MEX,Volaris,Price unavailable
2025-12-15,2026-05-10,GDL,MEX,Aeromexico,R$479
2025-12-15,2026-05-10,GDL,MEX,Aeromexico,R$479
2025-12-15,2026-05-10,GDL,MEX,Aeromexico,R$479
2025-12-15,2026-05-10,GDL,MEX,Aeromexico,R$514
2025-12-15,2026-05-10,GDL,MEX,Aeromexico,R$514
2025-12-15,2026-05-10,GDL,MEX,Aeromexico,R$570
2025-12-15,2026-05-10,GDL,MEX,Aeromexico,R$640
2025-12-15,2026-05-10,GDL,MEX,Aeromexico,R$740
2025-12-15,2026-05-10,GDL,MEX,Volaris,Price unavailable
2025-12-15,2026-05-10,GDL,MEX,Viva,Price unavailable
2025-12-15,2026-05-10,GDL,MEX,Volaris,Price unavailable
2025-12-15,2026-05-10,GDL,MEX,Viva,Price unavailable
2025-12-15,2026-05-10,GDL,MEX,Viva,Price unavailable
2025-12-15,2026-05-10,GDL,MEX,Volaris,Price unavailable
2025-12-15,2026-05-10,GDL,MEX,Viva,Price unavailable
2025-12-15,2026-05-10,GDL,MEX,Aeromexico,R$479
2025-12-15,2026-05-10,GDL,MEX,Aeromexico,R$479
2025-12-15,2026-05-10,GDL,MEX,Aeromexico,R$479
2025-12-15,2026-05-10,GDL,MEX,Viva,Price unavailable
2025-12-15,2026-05-10,GDL,MEX,Aeromexico,R$479
2025-12-15,2026-05-10,GDL,MEX,Aeromexico,R$479
2025-12-15,2026-05-10,GDL,MEX,Aeromexico,R$479
2025-12-15,2026-05-10,GDL,MEX,Aeromexico,R$514
2025-12-15,2026-05-10,GDL,MEX,Aeromexico,R$514
2025-12-15,2026-05-10,GDL,MEX,Aeromexico,R$570
2025-12-15,2026-05-10,GDL,MEX,Aeromexico,R$640
2025-12-15,2026-05-10,GDL,MEX,Aeromexico,R$740
2025-12-15,2026-05-10,GDL,MEX,Volaris,Price unavailable
2025-12-15,2026-05-10,GDL,MEX,Viva,Price unavailable
2025-12-15,2026-05-10,GDL,MEX,Volaris,Price unavailable
2025-12-15,2026-05-10,GDL,MEX,Viva,Price unavailable
2025-12-15,2026-05-10,GDL,MEX,Viva,Price unavailable
2025-12-15,2026-05-10,GDL,MEX,Volaris,Price unavailable
2025-12-15,2026-05-10,GDL,MEX,Viva,Price unavailable
2025-12-15,2026-05-11,GDL,MEX,Aeromexico,R$479
2025-12-15,2026-05-11,GDL,MEX,Aeromexico,R$479
2025-12-15,2026-05-11,GDL,MEX,Aeromexico,R$479
2025-12-15,2026-05-11,GDL,MEX,Aeromexico,R$479
2025-12-15,2026-05-11,GDL,MEX,Aeromexico,R$479
2025-12-15,2026-05-11,GDL,MEX,Viva,Price unavailable
2025-12-15,2026-05-11,GDL,MEX,Volaris,Price unavailable
2025-12-15,2026-05-11,GDL,MEX,Aeromexico,R$479
2025-12-15,2026-05-11,GDL,MEX,Aeromexico,R$479
2025-12-15,2026-05-11,GDL,MEX,Aeromexico,R$479
2025-12-15,2026-05-11,GDL,MEX,Aeromexico,R$514
2025-12-15,2026-05-11,GDL,MEX,Aeromexico,R$514
2025-12-15,2026-05-11,GDL,MEX,Aeromexico,R$570
2025-12-15,2026-05-11,GDL,MEX,Aeromexico,R$570
2025-12-15,2026-05-11,GDL,MEX,Aeromexico,R$570
2025-12-15,2026-05-11,GDL,MEX,Aeromexico,R$908
2025-12-15,2026-05-11,GDL,MEX,Volaris,Price unavailable
2025-12-15,2026-05-11,GDL,MEX,Viva,Price unavailable
2025-12-15,2026-05-11,GDL,MEX,Volaris,Price unavailable
2025-12-15,2026-05-11,GDL,MEX,Viva,Price unavailable
2025-12-15,2026-05-11,GDL,MEX,Viva,Price unavailable
2025-12-15,2026-05-11,GDL,MEX,Volaris,Price unavailable
2025-12-15,2026-05-11,GDL,MEX,Viva,Price unavailable
2025-12-15,2026-05-11,GDL,MEX,Aeromexico,R$479
2025-12-15,2026-05-11,GDL,MEX,Aeromexico,R$479
2025-12-15,2026-05-11,GDL,MEX,Aeromexico,R$479
2025-12-15,2026-05-11,GDL,MEX,Aeromexico,R$479
2025-12-15,2026-05-11,GDL,MEX,Aeromexico,R$479
2025-12-15,2026-05-11,GDL,MEX,Viva,Price unavailable
2025-12-15,2026-05-11,GDL,MEX,Aeromexico,R$479
2025-12-15,2026-05-11,GDL,MEX,Aeromexico,R$479
2025-12-15,2026-05-11,GDL,MEX,Aeromexico,R$479
2025-12-15,2026-05-11,GDL,MEX,Aeromexico,R$514
2025-12-15,2026-05-11,GDL,MEX,Aeromexico,R$514
2025-12-15,2026-05-11,GDL,MEX,Aeromexico,R$570
2025-12-15,2026-05-11,GDL,MEX,Aeromexico,R$570
2025-12-15,2026-05-11,GDL,MEX,Aeromexico,R$570
2025-12-15,2026-05-11,GDL,MEX,Aeromexico,R$908
2025-12-15,2026-05-11,GDL,MEX,Volaris,Price unavailable
2025-12-15,2026-05-11,GDL,MEX,Viva,Price unavailable
2025-12-15,2026-05-11,GDL,MEX,Volaris,Price unavailable
2025-12-15,2026-05-11,GDL,MEX,Viva,Price unavailable
2025-12-15,2026-05-11,GDL,MEX,Viva,Price unavailable
2025-12-15,2026-05-11,GDL,MEX,Volaris,Price unavailable
2025-12-15,2026-05-11,GDL,MEX,Viva,Price unavailable
2025-12-15,2026-05-12,GDL,MEX,Aeromexico,R$479
2025-12-15,2026-05-12,GDL,MEX,Aeromexico,R$479
2025-12-15,2026-05-12,GDL,MEX,Aeromexico,R$479
2025-12-15,2026-05-12,GDL,MEX,Aeromexico,R$479
2025-12-15,2026-05-12,GDL,MEX,Viva,Price unavailable
2025-12-15,2026-05-12,GDL,MEX,Volaris,Price unavailable
2025-12-15,2026-05-12,GDL,MEX,Aeromexico,R$479
2025-12-15,2026-05-12,GDL,MEX,Aeromexico,R$479
2025-12-15,2026-05-12,GDL,MEX,Aeromexico,R$479
2025-12-15,2026-05-12,GDL,MEX,Aeromexico,R$479
2025-12-15,2026-05-12,GDL,MEX,Aeromexico,R$479
2025-12-15,2026-05-12,GDL,MEX,Aeromexico,R$479
2025-12-15,2026-05-12,GDL,MEX,Aeromexico,R$479
2025-12-15,2026-05-12,GDL,MEX,Aeromexico,R$479
2025-12-15,2026-05-12,GDL,MEX,Aeromexico,R$479
2025-12-15,2026-05-12,GDL,MEX,Aeromexico,R$549
2025-12-15,2026-05-12,GDL,MEX,Aeromexico,R$978
2025-12-15,2026-05-12,GDL,MEX,Volaris,Price unavailable
2025-12-15,2026-05-12,GDL,MEX,Viva,Price unavailable
2025-12-15,2026-05-12,GDL,MEX,Volaris,Price unavailable
2025-12-15,2026-05-12,GDL,MEX,Viva,Price unavailable
2025-12-15,2026-05-12,GDL,MEX,Viva,Price unavailable
2025-12-15,2026-05-12,GDL,MEX,Volaris,Price unavailable
2025-12-15,2026-05-12,GDL,MEX,Viva,Price unavailable
2025-12-15,2026-05-12,GDL,MEX,Aeromexico,R$479
2025-12-15,2026-05-12,GDL,MEX,Aeromexico,R$479
2025-12-15,2026-05-12,GDL,MEX,Aeromexico,R$479
2025-12-15,2026-05-12,GDL,MEX,Aeromexico,R$479
2025-12-15,2026-05-12,GDL,MEX,Viva,Price unavailable
2025-12-15,2026-05-12,GDL,MEX,Aeromexico,R$479
2025-12-15,2026-05-12,GDL,MEX,Aeromexico,R$479
2025-12-15,2026-05-12,GDL,MEX,Aeromexico,R$479
2025-12-15,2026-05-12,GDL,MEX,Aeromexico,R$479
2025-12-15,2026-05-12,GDL,MEX,Aeromexico,R$479
2025-12-15,2026-05-12,GDL,MEX,Aeromexico,R$479
2025-12-15,2026-05-12,GDL,MEX,Aeromexico,R$479
2025-12-15,2026-05-12,GDL,MEX,Aeromexico,R$479
2025-12-15,2026-05-12,GDL,MEX,Aeromexico,R$479
2025-12-15,2026-05-12,GDL,MEX,Aeromexico,R$549
2025-12-15,2026-05-12,GDL,MEX,Aeromexico,R$978
2025-12-15,2026-05-12,GDL,MEX,Volaris,Price unavailable
2025-12-15,2026-05-12,GDL,MEX,Viva,Price unavailable
2025-12-15,2026-05-12,GDL,MEX,Volaris,Price unavailable
2025-12-15,2026-05-12,GDL,MEX,Viva,Price unavailable
2025-12-15,2026-05-12,GDL,MEX,Viva,Price unavailable
2025-12-15,2026-05-12,GDL,MEX,Volaris,Price unavailable
2025-12-15,2026-05-12,GDL,MEX,Viva,Price unavailable
2025-12-15,2026-05-13,GDL,MEX,Aeromexico,R$479
2025-12-15,2026-05-13,GDL,MEX,Aeromexico,R$479
2025-12-15,2026-05-13,GDL,MEX,Aeromexico,R$479
2025-12-15,2026-05-13,GDL,MEX,Aeromexico,R$479
2025-12-15,2026-05-13,GDL,MEX,Viva,Price unavailable
2025-12-15,2026-05-13,GDL,MEX,Volaris,Price unavailable
2025-12-15,2026-05-13,GDL,MEX,Aeromexico,R$479
2025-12-15,2026-05-13,GDL,MEX,Aeromexico,R$479
2025-12-15,2026-05-13,GDL,MEX,Aeromexico,R$479
2025-12-15,2026-05-13,GDL,MEX,Aeromexico,R$479
2025-12-15,2026-05-13,GDL,MEX,Aeromexico,R$479
2025-12-15,2026-05-13,GDL,MEX,Aeromexico,R$479
2025-12-15,2026-05-13,GDL,MEX,Aeromexico,R$570
2025-12-15,2026-05-13,GDL,MEX,Aeromexico,R$619
2025-12-15,2026-05-13,GDL,MEX,Aeromexico,R$619
2025-12-15,2026-05-13,GDL,MEX,Aeromexico,R$619
2025-12-15,2026-05-13,GDL,MEX,Aeromexico,R$619
2025-12-15,2026-05-13,GDL,MEX,Volaris,Price unavailable
2025-12-15,2026-05-13,GDL,MEX,Viva,Price unavailable
2025-12-15,2026-05-13,GDL,MEX,Volaris,Price unavailable
2025-12-15,2026-05-13,GDL,MEX,Viva,Price unavailable
2025-12-15,2026-05-13,GDL,MEX,Viva,Price unavailable
2025-12-15,2026-05-13,GDL,MEX,Volaris,Price unavailable
2025-12-15,2026-05-13,GDL,MEX,Viva,Price unavailable
2025-12-15,2026-05-13,GDL,MEX,Aeromexico,R$479
2025-12-15,2026-05-13,GDL,MEX,Aeromexico,R$479
2025-12-15,2026-05-13,GDL,MEX,Aeromexico,R$479
2025-12-15,2026-05-13,GDL,MEX,Aeromexico,R$479
2025-12-15,2026-05-13,GDL,MEX,Viva,Price unavailable
2025-12-15,2026-05-13,GDL,MEX,Aeromexico,R$479
2025-12-15,2026-05-13,GDL,MEX,Aeromexico,R$479
2025-12-15,2026-05-13,GDL,MEX,Aeromexico,R$479
2025-12-15,2026-05-13,GDL,MEX,Aeromexico,R$479
2025-12-15,2026-05-13,GDL,MEX,Aeromexico,R$479
2025-12-15,2026-05-13,GDL,MEX,Aeromexico,R$479
2025-12-15,2026-05-13,GDL,MEX,Aeromexico,R$570
2025-12-15,2026-05-13,GDL,MEX,Aeromexico,R$619
2025-12-15,2026-05-13,GDL,MEX,Aeromexico,R$619
2025-12-15,2026-05-13,GDL,MEX,Aeromexico,R$619
2025-12-15,2026-05-13,GDL,MEX,Aeromexico,R$619
2025-12-15,2026-05-13,GDL,MEX,Volaris,Price unavailable
2025-12-15,2026-05-13,GDL,MEX,Viva,Price unavailable
2025-12-15,2026-05-13,GDL,MEX,Volaris,Price unavailable
2025-12-15,2026-05-13,GDL,MEX,Viva,Price unavailable
2025-12-15,2026-05-13,GDL,MEX,Viva,Price unavailable
2025-12-15,2026-05-13,GDL,MEX,Volaris,Price unavailable
2025-12-15,2026-05-13,GDL,MEX,Viva,Price unavailable
2025-12-15,2026-05-14,GDL,MEX,Aeromexico,R$532
2025-12-15,2026-05-14,GDL,MEX,Aeromexico,R$532
2025-12-15,2026-05-14,GDL,MEX,Aeromexico,R$532
2025-12-15,2026-05-14,GDL,MEX,Aeromexico,R$532
2025-12-15,2026-05-14,GDL,MEX,Aeromexico,R$532
2025-12-15,2026-05-14,GDL,MEX,Viva,Price unavailable
2025-12-15,2026-05-14,GDL,MEX,Volaris,Price unavailable
2025-12-15,2026-05-14,GDL,MEX,Aeromexico,R$532
2025-12-15,2026-05-14,GDL,MEX,Aeromexico,R$532
2025-12-15,2026-05-14,GDL,MEX,Aeromexico,R$532
2025-12-15,2026-05-14,GDL,MEX,Aeromexico,R$532
2025-12-15,2026-05-14,GDL,MEX,Aeromexico,R$567
2025-12-15,2026-05-14,GDL,MEX,Aeromexico,R$567
2025-12-15,2026-05-14,GDL,MEX,Aeromexico,R$671
2025-12-15,2026-05-14,GDL,MEX,Aeromexico,R$671
2025-12-15,2026-05-14,GDL,MEX,Aeromexico,R$671
2025-12-15,2026-05-14,GDL,MEX,Aeromexico,R$671
2025-12-15,2026-05-14,GDL,MEX,Volaris,Price unavailable
2025-12-15,2026-05-14,GDL,MEX,Viva,Price unavailable
2025-12-15,2026-05-14,GDL,MEX,Volaris,Price unavailable
2025-12-15,2026-05-14,GDL,MEX,Viva,Price unavailable
2025-12-15,2026-05-14,GDL,MEX,Viva,Price unavailable
2025-12-15,2026-05-14,GDL,MEX,Volaris,Price unavailable
2025-12-15,2026-05-14,GDL,MEX,Viva,Price unavailable
2025-12-15,2026-05-14,GDL,MEX,Aeromexico,R$532
2025-12-15,2026-05-14,GDL,MEX,Aeromexico,R$532
2025-12-15,2026-05-14,GDL,MEX,Aeromexico,R$532
2025-12-15,2026-05-14,GDL,MEX,Aeromexico,R$532
2025-12-15,2026-05-14,GDL,MEX,Aeromexico,R$532
2025-12-15,2026-05-14,GDL,MEX,Viva,Price unavailable
2025-12-15,2026-05-14,GDL,MEX,Aeromexico,R$532
2025-12-15,2026-05-14,GDL,MEX,Aeromexico,R$532
2025-12-15,2026-05-14,GDL,MEX,Aeromexico,R$532
2025-12-15,2026-05-14,GDL,MEX,Aeromexico,R$532
2025-12-15,2026-05-14,GDL,MEX,Aeromexico,R$567
2025-12-15,2026-05-14,GDL,MEX,Aeromexico,R$567
2025-12-15,2026-05-14,GDL,MEX,Aeromexico,R$671
2025-12-15,2026-05-14,GDL,MEX,Aeromexico,R$671
2025-12-15,2026-05-14,GDL,MEX,Aeromexico,R$671
2025-12-15,2026-05-14,GDL,MEX,Aeromexico,R$671
2025-12-15,2026-05-14,GDL,MEX,Volaris,Price unavailable
2025-12-15,2026-05-14,GDL,MEX,Viva,Price unavailable
2025-12-15,2026-05-14,GDL,MEX,Volaris,Price unavailable
2025-12-15,2026-05-14,GDL,MEX,Viva,Price unavailable
2025-12-15,2026-05-14,GDL,MEX,Viva,Price unavailable
2025-12-15,2026-05-14,GDL,MEX,Volaris,Price unavailable
2025-12-15,2026-05-14,GDL,MEX,Viva,Price unavailable
2025-12-15,2026-05-15,GDL,MEX,Aeromexico,R$549
2025-12-15,2026-05-15,GDL,MEX,Aeromexico,R$549
2025-12-15,2026-05-15,GDL,MEX,Aeromexico,R$549
2025-12-15,2026-05-15,GDL,MEX,Viva,Price unavailable
2025-12-15,2026-05-15,GDL,MEX,Volaris,Price unavailable
2025-12-15,2026-05-15,GDL,MEX,Aeromexico,R$549
2025-12-15,2026-05-15,GDL,MEX,Aeromexico,R$549
2025-12-15,2026-05-15,GDL,MEX,Aeromexico,R$584
2025-12-15,2026-05-15,GDL,MEX,Aeromexico,R$584
2025-12-15,2026-05-15,GDL,MEX,Aeromexico,R$654
2025-12-15,2026-05-15,GDL,MEX,Aeromexico,R$654
2025-12-15,2026-05-15,GDL,MEX,Aeromexico,R$689
2025-12-15,2026-05-15,GDL,MEX,Aeromexico,R$689
2025-12-15,2026-05-15,GDL,MEX,Aeromexico,R$689
2025-12-15,2026-05-15,GDL,MEX,Aeromexico,R$689
2025-12-15,2026-05-15,GDL,MEX,Aeromexico,R$978
2025-12-15,2026-05-15,GDL,MEX,Aeromexico,R$1082
2025-12-15,2026-05-15,GDL,MEX,Volaris,Price unavailable
2025-12-15,2026-05-15,GDL,MEX,Viva,Price unavailable
2025-12-15,2026-05-15,GDL,MEX,Volaris,Price unavailable
2025-12-15,2026-05-15,GDL,MEX,Viva,Price unavailable
2025-12-15,2026-05-15,GDL,MEX,Viva,Price unavailable
2025-12-15,2026-05-15,GDL,MEX,Volaris,Price unavailable
2025-12-15,2026-05-15,GDL,MEX,Viva,Price unavailable
2025-12-15,2026-05-15,GDL,MEX,Aeromexico,R$549
2025-12-15,2026-05-15,GDL,MEX,Aeromexico,R$549
2025-12-15,2026-05-15,GDL,MEX,Aeromexico,R$549
2025-12-15,2026-05-15,GDL,MEX,Viva,Price unavailable
2025-12-15,2026-05-15,GDL,MEX,Aeromexico,R$549
2025-12-15,2026-05-15,GDL,MEX,Aeromexico,R$549
2025-12-15,2026-05-15,GDL,MEX,Aeromexico,R$584
2025-12-15,2026-05-15,GDL,MEX,Aeromexico,R$584
2025-12-15,2026-05-15,GDL,MEX,Aeromexico,R$654
2025-12-15,2026-05-15,GDL,MEX,Aeromexico,R$654
2025-12-15,2026-05-15,GDL,MEX,Aeromexico,R$689
2025-12-15,2026-05-15,GDL,MEX,Aeromexico,R$689
2025-12-15,2026-05-15,GDL,MEX,Aeromexico,R$689
2025-12-15,2026-05-15,GDL,MEX,Aeromexico,R$689
2025-12-15,2026-05-15,GDL,MEX,Aeromexico,R$978
2025-12-15,2026-05-15,GDL,MEX,Aeromexico,R$1082
2025-12-15,2026-05-15,GDL,MEX,Volaris,Price unavailable
2025-12-15,2026-05-15,GDL,MEX,Viva,Price unavailable
2025-12-15,2026-05-15,GDL,MEX,Volaris,Price unavailable
2025-12-15,2026-05-15,GDL,MEX,Viva,Price unavailable
2025-12-15,2026-05-15,GDL,MEX,Viva,Price unavailable
2025-12-15,2026-05-15,GDL,MEX,Volaris,Price unavailable
2025-12-15,2026-05-15,GDL,MEX,Viva,Price unavailable
2025-12-15,2026-05-16,GDL,MEX,Aeromexico,R$479
2025-12-15,2026-05-16,GDL,MEX,Aeromexico,R$479
2025-12-15,2026-05-16,GDL,MEX,Aeromexico,R$479
2025-12-15,2026-05-16,GDL,MEX,Aeromexico,R$479
2025-12-15,2026-05-16,GDL,MEX,Viva,Price unavailable
2025-12-15,2026-05-16,GDL,MEX,Volaris,Price unavailable
2025-12-15,2026-05-16,GDL,MEX,Aeromexico,R$479
2025-12-15,2026-05-16,GDL,MEX,Aeromexico,R$479
2025-12-15,2026-05-16,GDL,MEX,Aeromexico,R$479
2025-12-15,2026-05-16,GDL,MEX,Aeromexico,R$479
2025-12-15,2026-05-16,GDL,MEX,Aeromexico,R$479
2025-12-15,2026-05-16,GDL,MEX,Aeromexico,R$570
2025-12-15,2026-05-16,GDL,MEX,Volaris,Price unavailable
2025-12-15,2026-05-16,GDL,MEX,Viva,Price unavailable
2025-12-15,2026-05-16,GDL,MEX,Volaris,Price unavailable
2025-12-15,2026-05-16,GDL,MEX,Viva,Price unavailable
2025-12-15,2026-05-16,GDL,MEX,Viva,Price unavailable
2025-12-15,2026-05-16,GDL,MEX,Volaris,Price unavailable
2025-12-15,2026-05-16,GDL,MEX,Aeromexico,R$479
2025-12-15,2026-05-16,GDL,MEX,Aeromexico,R$479
2025-12-15,2026-05-16,GDL,MEX,Aeromexico,R$479
2025-12-15,2026-05-16,GDL,MEX,Aeromexico,R$479
2025-12-15,2026-05-16,GDL,MEX,Viva,Price unavailable
2025-12-15,2026-05-16,GDL,MEX,Aeromexico,R$479
2025-12-15,2026-05-16,GDL,MEX,Aeromexico,R$479
2025-12-15,2026-05-16,GDL,MEX,Aeromexico,R$479
2025-12-15,2026-05-16,GDL,MEX,Aeromexico,R$479
2025-12-15,2026-05-16,GDL,MEX,Aeromexico,R$479
2025-12-15,2026-05-16,GDL,MEX,Aeromexico,R$570
2025-12-15,2026-05-16,GDL,MEX,Volaris,Price unavailable
2025-12-15,2026-05-16,GDL,MEX,Viva,Price unavailable
2025-12-15,2026-05-16,GDL,MEX,Volaris,Price unavailable
2025-12-15,2026-05-16,GDL,MEX,Viva,Price unavailable
2025-12-15,2026-05-16,GDL,MEX,Viva,Price unavailable
2025-12-15,2026-05-16,GDL,MEX,Volaris,Price unavailable
2025-12-15,2026-05-10,IAH,MEX,United,R$874
2025-12-15,2026-05-10,IAH,MEX,United,R$874
2025-12-15,2026-05-10,IAH,MEX,Aeromexico,R$874
2025-12-15,2026-05-10,IAH,MEX,Aeromexico,R$874
2025-12-15,2026-05-10,IAH,MEX,United,R$874
2025-12-15,2026-05-10,IAH,MEX,Viva,Price unavailable
2025-12-15,2026-05-10,IAH,MEX,Volaris,Price unavailable
2025-12-15,2026-05-10,IAH,MEX,United,R$1795
2025-12-15,2026-05-10,IAH,MEX,United,R$874
2025-12-15,2026-05-10,IAH,MEX,United,R$874
2025-12-15,2026-05-10,IAH,MEX,Aeromexico,R$874
2025-12-15,2026-05-10,IAH,MEX,Aeromexico,R$874
2025-12-15,2026-05-10,IAH,MEX,United,R$874
2025-12-15,2026-05-10,IAH,MEX,Viva,Price unavailable
2025-12-15,2026-05-10,IAH,MEX,United,R$1795
2025-12-15,2026-05-11,IAH,MEX,United,R$874
2025-12-15,2026-05-11,IAH,MEX,United,R$874
2025-12-15,2026-05-11,IAH,MEX,Aeromexico,R$874
2025-12-15,2026-05-11,IAH,MEX,Aeromexico,R$874
2025-12-15,2026-05-11,IAH,MEX,United,R$874
2025-12-15,2026-05-11,IAH,MEX,Viva,Price unavailable
2025-12-15,2026-05-11,IAH,MEX,Volaris,Price unavailable
2025-12-15,2026-05-11,IAH,MEX,United,R$1686
2025-12-15,2026-05-11,IAH,MEX,United,R$1686
2025-12-15,2026-05-11,IAH,MEX,United,R$874
2025-12-15,2026-05-11,IAH,MEX,United,R$874
2025-12-15,2026-05-11,IAH,MEX,Aeromexico,R$874
2025-12-15,2026-05-11,IAH,MEX,Aeromexico,R$874
2025-12-15,2026-05-11,IAH,MEX,United,R$874
2025-12-15,2026-05-11,IAH,MEX,Viva,Price unavailable
2025-12-15,2026-05-11,IAH,MEX,United,R$1686
2025-12-15,2026-05-11,IAH,MEX,United,R$1686
2025-12-15,2026-05-12,IAH,MEX,United,R$874
2025-12-15,2026-05-12,IAH,MEX,United,R$874
2025-12-15,2026-05-12,IAH,MEX,Aeromexico,R$874
2025-12-15,2026-05-12,IAH,MEX,Aeromexico,R$874
2025-12-15,2026-05-12,IAH,MEX,United,R$874
2025-12-15,2026-05-12,IAH,MEX,Viva,Price unavailable
2025-12-15,2026-05-12,IAH,MEX,Volaris,Price unavailable
2025-12-15,2026-05-12,IAH,MEX,United,R$1686
2025-12-15,2026-05-12,IAH,MEX,United,R$1686
2025-12-15,2026-05-12,IAH,MEX,United,R$874
2025-12-15,2026-05-12,IAH,MEX,United,R$874
2025-12-15,2026-05-12,IAH,MEX,Aeromexico,R$874
2025-12-15,2026-05-12,IAH,MEX,Aeromexico,R$874
2025-12-15,2026-05-12,IAH,MEX,United,R$874
2025-12-15,2026-05-12,IAH,MEX,Viva,Price unavailable
2025-12-15,2026-05-12,IAH,MEX,United,R$1686
2025-12-15,2026-05-12,IAH,MEX,United,R$1686
2025-12-15,2026-05-13,IAH,MEX,United,R$874
2025-12-15,2026-05-13,IAH,MEX,United,R$874
2025-12-15,2026-05-13,IAH,MEX,Aeromexico,R$874
2025-12-15,2026-05-13,IAH,MEX,Aeromexico,R$874
2025-12-15,2026-05-13,IAH,MEX,United,R$874
2025-12-15,2026-05-13,IAH,MEX,Viva,Price unavailable
2025-12-15,2026-05-13,IAH,MEX,Volaris,Price unavailable
2025-12-15,2026-05-13,IAH,MEX,United,R$1686
2025-12-15,2026-05-13,IAH,MEX,United,R$1686
2025-12-15,2026-05-13,IAH,MEX,United,R$874
2025-12-15,2026-05-13,IAH,MEX,United,R$874
2025-12-15,2026-05-13,IAH,MEX,Aeromexico,R$874
2025-12-15,2026-05-13,IAH,MEX,Aeromexico,R$874
2025-12-15,2026-05-13,IAH,MEX,United,R$874
2025-12-15,2026-05-13,IAH,MEX,Viva,Price unavailable
2025-12-15,2026-05-13,IAH,MEX,United,R$1686
2025-12-15,2026-05-13,IAH,MEX,United,R$1686
2025-12-15,2026-05-14,IAH,MEX,United,R$874
2025-12-15,2026-05-14,IAH,MEX,United,R$874
2025-12-15,2026-05-14,IAH,MEX,Aeromexico,R$874
2025-12-15,2026-05-14,IAH,MEX,Aeromexico,R$874
2025-12-15,2026-05-14,IAH,MEX,United,R$874
2025-12-15,2026-05-14,IAH,MEX,Viva,Price unavailable
2025-12-15,2026-05-14,IAH,MEX,Volaris,Price unavailable
2025-12-15,2026-05-14,IAH,MEX,United,R$1686
2025-12-15,2026-05-14,IAH,MEX,United,R$1686
2025-12-15,2026-05-14,IAH,MEX,United,R$874
2025-12-15,2026-05-14,IAH,MEX,United,R$874
2025-12-15,2026-05-14,IAH,MEX,Aeromexico,R$874
2025-12-15,2026-05-14,IAH,MEX,Aeromexico,R$874
2025-12-15,2026-05-14,IAH,MEX,United,R$874
2025-12-15,2026-05-14,IAH,MEX,Viva,Price unavailable
2025-12-15,2026-05-14,IAH,MEX,United,R$1686
2025-12-15,2026-05-14,IAH,MEX,United,R$1686
2025-12-15,2026-05-15,IAH,MEX,United,R$874
2025-12-15,2026-05-15,IAH,MEX,United,R$874
2025-12-15,2026-05-15,IAH,MEX,Aeromexico,R$874
2025-12-15,2026-05-15,IAH,MEX,Aeromexico,R$874
2025-12-15,2026-05-15,IAH,MEX,United,R$874
2025-12-15,2026-05-15,IAH,MEX,Viva,Price unavailable
2025-12-15,2026-05-15,IAH,MEX,Volaris,Price unavailable
2025-12-15,2026-05-15,IAH,MEX,United,R$1795
2025-12-15,2026-05-15,IAH,MEX,United,R$1795
2025-12-15,2026-05-15,IAH,MEX,United,R$874
2025-12-15,2026-05-15,IAH,MEX,United,R$874
2025-12-15,2026-05-15,IAH,MEX,Aeromexico,R$874
2025-12-15,2026-05-15,IAH,MEX,Aeromexico,R$874
2025-12-15,2026-05-15,IAH,MEX,United,R$874
2025-12-15,2026-05-15,IAH,MEX,Viva,Price unavailable
2025-12-15,2026-05-15,IAH,MEX,United,R$1795
2025-12-15,2026-05-15,IAH,MEX,United,R$1795
2025-12-15,2026-05-16,IAH,MEX,United,R$874
2025-12-15,2026-05-16,IAH,MEX,Aeromexico,R$874
2025-12-15,2026-05-16,IAH,MEX,Viva,Price unavailable
2025-12-15,2026-05-16,IAH,MEX,Volaris,Price unavailable
2025-12-15,2026-05-16,IAH,MEX,Aeromexico,R$874
2025-12-15,2026-05-16,IAH,MEX,United,R$874
2025-12-15,2026-05-16,IAH,MEX,United,R$874
2025-12-15,2026-05-16,IAH,MEX,Aeromexico,R$874
2025-12-15,2026-05-16,IAH,MEX,Viva,Price unavailable
2025-12-15,2026-05-16,IAH,MEX,Aeromexico,R$874
2025-12-15,2026-05-16,IAH,MEX,United,R$874
2025-12-15,2026-05-10,GDL,MCO,Volaris,Price unavailable
2025-12-15,2026-05-11,GDL,MCO,Volaris,Price unavailable
2025-12-15,2026-05-14,GDL,MCO,Volaris,Price unavailable
2025-12-15,2026-05-15,GDL,MCO,Volaris,Price unavailable
2025-12-15,2026-05-16,GDL,MCO,Volaris,Price unavailable
2025-12-15,2026-05-10,CLO,MEX,Aeromexico,R$1843
2025-12-15,2026-05-11,CLO,MEX,Aeromexico,R$1843
2025-12-15,2026-05-15,CLO,MEX,Aeromexico,R$2068
2025-12-15,2026-05-16,CLO,MEX,Aeromexico,R$2068
2025-12-15,2026-05-10,MEX,LAS,Aeromexico,R$1460
2025-12-15,2026-05-10,MEX,LAS,Viva,Price unavailable
2025-12-15,2026-05-10,MEX,LAS,Volaris,Price unavailable
2025-12-15,2026-05-10,MEX,LAS,Aeromexico,R$1460
2025-12-15,2026-05-10,MEX,LAS,Viva,Price unavailable
2025-12-15,2026-05-11,MEX,LAS,Aeromexico,R$1460
2025-12-15,2026-05-11,MEX,LAS,Viva,Price unavailable
2025-12-15,2026-05-11,MEX,LAS,Volaris,Price unavailable
2025-12-15,2026-05-11,MEX,LAS,Aeromexico,R$1460
2025-12-15,2026-05-11,MEX,LAS,Viva,Price unavailable
2025-12-15,2026-05-12,MEX,LAS,Aeromexico,R$1460
2025-12-15,2026-05-12,MEX,LAS,Viva,Price unavailable
2025-12-15,2026-05-12,MEX,LAS,Volaris,Price unavailable
2025-12-15,2026-05-12,MEX,LAS,Aeromexico,R$1460
2025-12-15,2026-05-12,MEX,LAS,Viva,Price unavailable
2025-12-15,2026-05-13,MEX,LAS,Aeromexico,R$1544
2025-12-15,2026-05-13,MEX,LAS,Viva,Price unavailable
2025-12-15,2026-05-13,MEX,LAS,Volaris,Price unavailable
2025-12-15,2026-05-13,MEX,LAS,Aeromexico,R$1544
2025-12-15,2026-05-13,MEX,LAS,Viva,Price unavailable
2025-12-15,2026-05-14,MEX,LAS,Aeromexico,R$1544
2025-12-15,2026-05-14,MEX,LAS,Viva,Price unavailable
2025-12-15,2026-05-14,MEX,LAS,Volaris,Price unavailable
2025-12-15,2026-05-14,MEX,LAS,Aeromexico,R$1544
2025-12-15,2026-05-14,MEX,LAS,Viva,Price unavailable
2025-12-15,2026-05-15,MEX,LAS,Aeromexico,R$1460
2025-12-15,2026-05-15,MEX,LAS,Viva,Price unavailable
2025-12-15,2026-05-15,MEX,LAS,Volaris,Price unavailable
2025-12-15,2026-05-15,MEX,LAS,Aeromexico,R$1460
2025-12-15,2026-05-15,MEX,LAS,Viva,Price unavailable
2025-12-15,2026-05-16,MEX,LAS,Aeromexico,R$1460
2025-12-15,2026-05-16,MEX,LAS,Viva,Price unavailable
2025-12-15,2026-05-16,MEX,LAS,Volaris,Price unavailable
2025-12-15,2026-05-16,MEX,LAS,Aeromexico,R$1460
2025-12-15,2026-05-16,MEX,LAS,Viva,Price unavailable
2025-12-15,2026-05-10,MEX,CTM,Aeromexico,R$608
2025-12-15,2026-05-10,MEX,CTM,Volaris,Price unavailable
2025-12-15,2026-05-10,MEX,CTM,Viva,Price unavailable
2025-12-15,2026-05-10,MEX,CTM,Aeromexico,R$608
2025-12-15,2026-05-10,MEX,CTM,Volaris,Price unavailable
2025-12-15,2026-05-11,MEX,CTM,Aeromexico,R$655
2025-12-15,2026-05-11,MEX,CTM,Volaris,Price unavailable
2025-12-15,2026-05-11,MEX,CTM,Viva,Price unavailable
2025-12-15,2026-05-11,MEX,CTM,Aeromexico,R$655
2025-12-15,2026-05-11,MEX,CTM,Volaris,Price unavailable
2025-12-15,2026-05-12,MEX,CTM,Aeromexico,R$608
2025-12-15,2026-05-12,MEX,CTM,Volaris,Price unavailable
2025-12-15,2026-05-12,MEX,CTM,Viva,Price unavailable
2025-12-15,2026-05-12,MEX,CTM,Aeromexico,R$608
2025-12-15,2026-05-12,MEX,CTM,Volaris,Price unavailable
2025-12-15,2026-05-13,MEX,CTM,Aeromexico,R$608
2025-12-15,2026-05-13,MEX,CTM,Volaris,Price unavailable
2025-12-15,2026-05-13,MEX,CTM,Viva,Price unavailable
2025-12-15,2026-05-13,MEX,CTM,Aeromexico,R$608
2025-12-15,2026-05-13,MEX,CTM,Volaris,Price unavailable
2025-12-15,2026-05-14,MEX,CTM,Aeromexico,R$655
2025-12-15,2026-05-14,MEX,CTM,Volaris,Price unavailable
2025-12-15,2026-05-14,MEX,CTM,Viva,Price unavailable
2025-12-15,2026-05-14,MEX,CTM,Aeromexico,R$655
2025-12-15,2026-05-14,MEX,CTM,Volaris,Price unavailable
2025-12-15,2026-05-15,MEX,CTM,Aeromexico,R$608
2025-12-15,2026-05-15,MEX,CTM,Volaris,Price unavailable
2025-12-15,2026-05-15,MEX,CTM,Viva,Price unavailable
2025-12-15,2026-05-15,MEX,CTM,Aeromexico,R$608
2025-12-15,2026-05-15,MEX,CTM,Volaris,Price unavailable
2025-12-15,2026-05-16,MEX,CTM,Aeromexico,R$608
2025-12-15,2026-05-16,MEX,CTM,Volaris,Price unavailable
2025-12-15,2026-05-16,MEX,CTM,Viva,Price unavailable
2025-12-15,2026-05-16,MEX,CTM,Aeromexico,R$608
2025-12-15,2026-05-16,MEX,CTM,Volaris,Price unavailable
2025-12-15,2026-05-10,GDL,SLC,Aeromexico,R$2235
2025-12-15,2026-05-11,GDL,SLC,Aeromexico,R$2122
2025-12-15,2026-05-12,GDL,SLC,Aeromexico,R$2122
2025-12-15,2026-05-13,GDL,SLC,Aeromexico,R$2122
2025-12-15,2026-05-14,GDL,SLC,Aeromexico,R$2122
2025-12-15,2026-05-15,GDL,SLC,Aeromexico,R$2235
2025-12-15,2026-05-16,GDL,SLC,Aeromexico,R$2235
2025-12-15,2026-05-10,LMM,MEX,Aeromexico,R$778
2025-12-15,2026-05-10,LMM,MEX,Volaris,Price unavailable
2025-12-15,2026-05-10,LMM,MEX,Aeromexico,R$778
2025-12-15,2026-05-11,LMM,MEX,Aeromexico,R$813
2025-12-15,2026-05-11,LMM,MEX,Aeromexico,R$813
2025-12-15,2026-05-11,LMM,MEX,Volaris,Price unavailable
2025-12-15,2026-05-11,LMM,MEX,Aeromexico,R$813
2025-12-15,2026-05-11,LMM,MEX,Aeromexico,R$813
2025-12-15,2026-05-12,LMM,MEX,Aeromexico,R$778
2025-12-15,2026-05-12,LMM,MEX,Aeromexico,R$813
2025-12-15,2026-05-12,LMM,MEX,Volaris,Price unavailable
2025-12-15,2026-05-12,LMM,MEX,Aeromexico,R$778
2025-12-15,2026-05-12,LMM,MEX,Aeromexico,R$813
2025-12-15,2026-05-13,LMM,MEX,Aeromexico,R$778
2025-12-15,2026-05-13,LMM,MEX,Aeromexico,R$778
2025-12-15,2026-05-13,LMM,MEX,Volaris,Price unavailable
2025-12-15,2026-05-13,LMM,MEX,Aeromexico,R$778
2025-12-15,2026-05-13,LMM,MEX,Aeromexico,R$778
2025-12-15,2026-05-14,LMM,MEX,Aeromexico,R$778
2025-12-15,2026-05-14,LMM,MEX,Aeromexico,R$778
2025-12-15,2026-05-14,LMM,MEX,Volaris,Price unavailable
2025-12-15,2026-05-14,LMM,MEX,Aeromexico,R$778
2025-12-15,2026-05-14,LMM,MEX,Aeromexico,R$778
2025-12-15,2026-05-15,LMM,MEX,Aeromexico,R$778
2025-12-15,2026-05-15,LMM,MEX,Aeromexico,R$778
2025-12-15,2026-05-15,LMM,MEX,Volaris,Price unavailable
2025-12-15,2026-05-15,LMM,MEX,Aeromexico,R$778
2025-12-15,2026-05-15,LMM,MEX,Aeromexico,R$778
2025-12-15,2026-05-16,LMM,MEX,Aeromexico,R$1190
2025-12-15,2026-05-16,LMM,MEX,Volaris,Price unavailable
2025-12-15,2026-05-16,LMM,MEX,Aeromexico,R$1190
2025-12-15,2026-05-10,ATL,QRO,Aeromexico,R$1779
2025-12-15,2026-05-11,ATL,QRO,Aeromexico,R$1779
2025-12-15,2026-05-12,ATL,QRO,Aeromexico,R$1779
2025-12-15,2026-05-13,ATL,QRO,Aeromexico,R$1779
2025-12-15,2026-05-14,ATL,QRO,Aeromexico,R$1779
2025-12-15,2026-05-15,ATL,QRO,Aeromexico,R$1779
2025-12-15,2026-05-16,ATL,QRO,Aeromexico,R$1779
2025-12-15,2026-05-10,CDG,MEX,Aeromexico,R$8989
2025-12-15,2026-05-10,CDG,MEX,Air France,R$9125
2025-12-15,2026-05-10,CDG,MEX,Air France,R$9125
2025-12-15,2026-05-10,CDG,MEX,Aeromexico,R$8989
2025-12-15,2026-05-10,CDG,MEX,Air France,R$9125
2025-12-15,2026-05-11,CDG,MEX,Aeromexico,R$8989
2025-12-15,2026-05-11,CDG,MEX,Air France,R$9125
2025-12-15,2026-05-11,CDG,MEX,Air France,R$9125
2025-12-15,2026-05-11,CDG,MEX,Aeromexico,R$8989
2025-12-15,2026-05-11,CDG,MEX,Air France,R$9125
2025-12-15,2026-05-12,CDG,MEX,Aeromexico,R$8989
2025-12-15,2026-05-12,CDG,MEX,Air France,R$9125
2025-12-15,2026-05-12,CDG,MEX,Aeromexico,R$8989
2025-12-15,2026-05-13,CDG,MEX,Aeromexico,R$8989
2025-12-15,2026-05-13,CDG,MEX,Air France,R$9125
2025-12-15,2026-05-13,CDG,MEX,Air France,R$9125
2025-12-15,2026-05-13,CDG,MEX,Aeromexico,R$8989
2025-12-15,2026-05-13,CDG,MEX,Air France,R$9125
2025-12-15,2026-05-14,CDG,MEX,Aeromexico,R$8989
2025-12-15,2026-05-14,CDG,MEX,Air France,R$9125
2025-12-15,2026-05-14,CDG,MEX,Aeromexico,R$8989
2025-12-15,2026-05-15,CDG,MEX,Aeromexico,R$8989
2025-12-15,2026-05-15,CDG,MEX,Air France,R$9125
2025-12-15,2026-05-15,CDG,MEX,Air France,R$9125
2025-12-15,2026-05-15,CDG,MEX,Aeromexico,R$8989
2025-12-15,2026-05-15,CDG,MEX,Air France,R$9125
2025-12-15,2026-05-16,CDG,MEX,Aeromexico,R$8989
2025-12-15,2026-05-16,CDG,MEX,Air France,R$9125
2025-12-15,2026-05-16,CDG,MEX,Air France,R$9125
2025-12-15,2026-05-16,CDG,MEX,Aeromexico,R$8989
2025-12-15,2026-05-16,CDG,MEX,Air France,R$9125
2025-12-15,2026-05-10,MEX,SAL,Aeromexico,R$981
2025-12-15,2026-05-10,MEX,SAL,Avianca,R$1104
2025-12-15,2026-05-10,MEX,SAL,Aeromexico,R$981
2025-12-15,2026-05-11,MEX,SAL,Avianca,R$823
2025-12-15,2026-05-11,MEX,SAL,Aeromexico,R$981
2025-12-15,2026-05-11,MEX,SAL,Avianca,R$823
2025-12-15,2026-05-12,MEX,SAL,Avianca,R$823
2025-12-15,2026-05-12,MEX,SAL,Aeromexico,R$981
2025-12-15,2026-05-12,MEX,SAL,Avianca,R$823
2025-12-15,2026-05-13,MEX,SAL,Avianca,R$823
2025-12-15,2026-05-13,MEX,SAL,Aeromexico,R$981
2025-12-15,2026-05-13,MEX,SAL,Volaris El Salvador,Price unavailable
2025-12-15,2026-05-13,MEX,SAL,Avianca,R$823
2025-12-15,2026-05-13,MEX,SAL,Aeromexico,R$981
2025-12-15,2026-05-14,MEX,SAL,Avianca,R$823
2025-12-15,2026-05-14,MEX,SAL,Aeromexico,R$981
2025-12-15,2026-05-14,MEX,SAL,Avianca,R$823
2025-12-15,2026-05-15,MEX,SAL,Avianca,R$823
2025-12-15,2026-05-15,MEX,SAL,Aeromexico,R$981
2025-12-15,2026-05-15,MEX,SAL,Avianca,R$823
2025-12-15,2026-05-16,MEX,SAL,Avianca,R$823
2025-12-15,2026-05-16,MEX,SAL,Aeromexico,R$981
2025-12-15,2026-05-16,MEX,SAL,Avianca,R$823
2025-12-15,2026-05-10,MEX,AGU,Aeromexico,R$765
2025-12-15,2026-05-10,MEX,AGU,Aeromexico,R$800
2025-12-15,2026-05-10,MEX,AGU,Aeromexico,R$765
2025-12-15,2026-05-10,MEX,AGU,Aeromexico,R$905
2025-12-15,2026-05-10,MEX,AGU,Aeromexico,R$765
2025-12-15,2026-05-10,MEX,AGU,Aeromexico,R$765
2025-12-15,2026-05-10,MEX,AGU,Aeromexico,R$905
2025-12-15,2026-05-11,MEX,AGU,Aeromexico,R$765
2025-12-15,2026-05-11,MEX,AGU,Aeromexico,R$765
2025-12-15,2026-05-11,MEX,AGU,Aeromexico,R$765
2025-12-15,2026-05-11,MEX,AGU,Aeromexico,R$800
2025-12-15,2026-05-11,MEX,AGU,Aeromexico,R$905
2025-12-15,2026-05-11,MEX,AGU,Aeromexico,R$765
2025-12-15,2026-05-11,MEX,AGU,Aeromexico,R$765
2025-12-15,2026-05-11,MEX,AGU,Aeromexico,R$800
2025-12-15,2026-05-11,MEX,AGU,Aeromexico,R$905
2025-12-15,2026-05-12,MEX,AGU,Aeromexico,R$765
2025-12-15,2026-05-12,MEX,AGU,Aeromexico,R$765
2025-12-15,2026-05-12,MEX,AGU,Aeromexico,R$765
2025-12-15,2026-05-12,MEX,AGU,Aeromexico,R$765
2025-12-15,2026-05-12,MEX,AGU,Aeromexico,R$870
2025-12-15,2026-05-12,MEX,AGU,Aeromexico,R$765
2025-12-15,2026-05-12,MEX,AGU,Aeromexico,R$765
2025-12-15,2026-05-12,MEX,AGU,Aeromexico,R$765
2025-12-15,2026-05-12,MEX,AGU,Aeromexico,R$870
2025-12-15,2026-05-13,MEX,AGU,Aeromexico,R$765
2025-12-15,2026-05-13,MEX,AGU,Aeromexico,R$765
2025-12-15,2026-05-13,MEX,AGU,Aeromexico,R$800
2025-12-15,2026-05-13,MEX,AGU,Aeromexico,R$765
2025-12-15,2026-05-13,MEX,AGU,Aeromexico,R$870
2025-12-15,2026-05-13,MEX,AGU,Aeromexico,R$765
2025-12-15,2026-05-13,MEX,AGU,Aeromexico,R$765
2025-12-15,2026-05-13,MEX,AGU,Aeromexico,R$765
2025-12-15,2026-05-13,MEX,AGU,Aeromexico,R$870
2025-12-15,2026-05-14,MEX,AGU,Aeromexico,R$800
2025-12-15,2026-05-14,MEX,AGU,Aeromexico,R$800
2025-12-15,2026-05-14,MEX,AGU,Aeromexico,R$800
2025-12-15,2026-05-14,MEX,AGU,Aeromexico,R$884
2025-12-15,2026-05-14,MEX,AGU,Aeromexico,R$905
2025-12-15,2026-05-14,MEX,AGU,Aeromexico,R$800
2025-12-15,2026-05-14,MEX,AGU,Aeromexico,R$800
2025-12-15,2026-05-14,MEX,AGU,Aeromexico,R$884
2025-12-15,2026-05-14,MEX,AGU,Aeromexico,R$905
2025-12-15,2026-05-15,MEX,AGU,Aeromexico,R$818
2025-12-15,2026-05-15,MEX,AGU,Aeromexico,R$818
2025-12-15,2026-05-15,MEX,AGU,Aeromexico,R$818
2025-12-15,2026-05-15,MEX,AGU,Aeromexico,R$818
2025-12-15,2026-05-15,MEX,AGU,Aeromexico,R$887
2025-12-15,2026-05-15,MEX,AGU,Aeromexico,R$818
2025-12-15,2026-05-15,MEX,AGU,Aeromexico,R$818
2025-12-15,2026-05-15,MEX,AGU,Aeromexico,R$818
2025-12-15,2026-05-15,MEX,AGU,Aeromexico,R$887
2025-12-15,2026-05-16,MEX,AGU,Aeromexico,R$765
2025-12-15,2026-05-16,MEX,AGU,Aeromexico,R$765
2025-12-15,2026-05-16,MEX,AGU,Aeromexico,R$765
2025-12-15,2026-05-16,MEX,AGU,Aeromexico,R$765
2025-12-15,2026-05-16,MEX,AGU,Aeromexico,R$765
2025-12-15,2026-05-16,MEX,AGU,Aeromexico,R$765
2025-12-15,2026-05-16,MEX,AGU,Aeromexico,R$765
2025-12-15,2026-05-10,MEX,DFW,Aeromexico,R$1454
2025-12-15,2026-05-10,MEX,DFW,American,R$1497
2025-12-15,2026-05-10,MEX,DFW,Volaris,Price unavailable
2025-12-15,2026-05-10,MEX,DFW,American,R$1497
2025-12-15,2026-05-10,MEX,DFW,American,R$1497
2025-12-15,2026-05-10,MEX,DFW,American,R$1644
2025-12-15,2026-05-10,MEX,DFW,Aeromexico,R$1454
2025-12-15,2026-05-10,MEX,DFW,American,R$1497
2025-12-15,2026-05-10,MEX,DFW,American,R$1497
2025-12-15,2026-05-10,MEX,DFW,American,R$1497
2025-12-15,2026-05-10,MEX,DFW,American,R$1644
2025-12-15,2026-05-11,MEX,DFW,Aeromexico,R$1342
2025-12-15,2026-05-11,MEX,DFW,Volaris,Price unavailable
2025-12-15,2026-05-11,MEX,DFW,American,R$1469
2025-12-15,2026-05-11,MEX,DFW,American,R$1469
2025-12-15,2026-05-11,MEX,DFW,American,R$1469
2025-12-15,2026-05-11,MEX,DFW,American,R$1729
2025-12-15,2026-05-11,MEX,DFW,Aeromexico,R$1342
2025-12-15,2026-05-11,MEX,DFW,American,R$1469
2025-12-15,2026-05-11,MEX,DFW,American,R$1469
2025-12-15,2026-05-11,MEX,DFW,American,R$1469
2025-12-15,2026-05-11,MEX,DFW,American,R$1729
2025-12-15,2026-05-12,MEX,DFW,Aeromexico,R$1342
2025-12-15,2026-05-12,MEX,DFW,American,R$1356
2025-12-15,2026-05-12,MEX,DFW,American,R$1356
2025-12-15,2026-05-12,MEX,DFW,Volaris,Price unavailable
2025-12-15,2026-05-12,MEX,DFW,American,R$1356
2025-12-15,2026-05-12,MEX,DFW,American,R$1356
2025-12-15,2026-05-12,MEX,DFW,Aeromexico,R$1342
2025-12-15,2026-05-12,MEX,DFW,American,R$1356
2025-12-15,2026-05-12,MEX,DFW,American,R$1356
2025-12-15,2026-05-12,MEX,DFW,American,R$1356
2025-12-15,2026-05-12,MEX,DFW,American,R$1356
2025-12-15,2026-05-13,MEX,DFW,Aeromexico,R$1342
2025-12-15,2026-05-13,MEX,DFW,American,R$1356
2025-12-15,2026-05-13,MEX,DFW,Volaris,Price unavailable
2025-12-15,2026-05-13,MEX,DFW,American,R$1356
2025-12-15,2026-05-13,MEX,DFW,American,R$1356
2025-12-15,2026-05-13,MEX,DFW,American,R$1356
2025-12-15,2026-05-13,MEX,DFW,Aeromexico,R$1342
2025-12-15,2026-05-13,MEX,DFW,American,R$1356
2025-12-15,2026-05-13,MEX,DFW,American,R$1356
2025-12-15,2026-05-13,MEX,DFW,American,R$1356
2025-12-15,2026-05-13,MEX,DFW,American,R$1356
2025-12-15,2026-05-14,MEX,DFW,Aeromexico,R$1342
2025-12-15,2026-05-14,MEX,DFW,American,R$1356
2025-12-15,2026-05-14,MEX,DFW,American,R$1356
2025-12-15,2026-05-14,MEX,DFW,Volaris,Price unavailable
2025-12-15,2026-05-14,MEX,DFW,American,R$1356
2025-12-15,2026-05-14,MEX,DFW,American,R$1356
2025-12-15,2026-05-14,MEX,DFW,Aeromexico,R$1342
2025-12-15,2026-05-14,MEX,DFW,American,R$1356
2025-12-15,2026-05-14,MEX,DFW,American,R$1356
2025-12-15,2026-05-14,MEX,DFW,American,R$1356
2025-12-15,2026-05-14,MEX,DFW,American,R$1356
2025-12-15,2026-05-15,MEX,DFW,American,R$1356
2025-12-15,2026-05-15,MEX,DFW,American,R$1356
2025-12-15,2026-05-15,MEX,DFW,Aeromexico,R$1454
2025-12-15,2026-05-15,MEX,DFW,Volaris,Price unavailable
2025-12-15,2026-05-15,MEX,DFW,American,R$1356
2025-12-15,2026-05-15,MEX,DFW,American,R$1356
2025-12-15,2026-05-15,MEX,DFW,American,R$1356
2025-12-15,2026-05-15,MEX,DFW,American,R$1356
2025-12-15,2026-05-15,MEX,DFW,Aeromexico,R$1454
2025-12-15,2026-05-15,MEX,DFW,American,R$1356
2025-12-15,2026-05-15,MEX,DFW,American,R$1356
2025-12-15,2026-05-16,MEX,DFW,Aeromexico,R$1454
2025-12-15,2026-05-16,MEX,DFW,American,R$1469
2025-12-15,2026-05-16,MEX,DFW,Volaris,Price unavailable
2025-12-15,2026-05-16,MEX,DFW,American,R$1469
2025-12-15,2026-05-16,MEX,DFW,American,R$1469
2025-12-15,2026-05-16,MEX,DFW,American,R$1469
2025-12-15,2026-05-16,MEX,DFW,Aeromexico,R$1454
2025-12-15,2026-05-16,MEX,DFW,American,R$1469
2025-12-15,2026-05-16,MEX,DFW,American,R$1469
2025-12-15,2026-05-16,MEX,DFW,American,R$1469
2025-12-15,2026-05-16,MEX,DFW,American,R$1469
2025-12-15,2026-05-10,MID,MEX,Aeromexico,R$1066
2025-12-15,2026-05-10,MID,MEX,Aeromexico,R$1066
2025-12-15,2026-05-10,MID,MEX,Aeromexico,R$1066
2025-12-15,2026-05-10,MID,MEX,Aeromexico,R$1100
2025-12-15,2026-05-10,MID,MEX,Aeromexico,R$1135
2025-12-15,2026-05-10,MID,MEX,Viva,Price unavailable
2025-12-15,2026-05-10,MID,MEX,Volaris,Price unavailable
2025-12-15,2026-05-10,MID,MEX,Aeromexico,R$1205
2025-12-15,2026-05-10,MID,MEX,Aeromexico,R$1205
2025-12-15,2026-05-10,MID,MEX,Aeromexico,R$1205
2025-12-15,2026-05-10,MID,MEX,Viva,Price unavailable
2025-12-15,2026-05-10,MID,MEX,Volaris,Price unavailable
2025-12-15,2026-05-10,MID,MEX,Aeromexico,R$1066
2025-12-15,2026-05-10,MID,MEX,Aeromexico,R$1066
2025-12-15,2026-05-10,MID,MEX,Aeromexico,R$1066
2025-12-15,2026-05-10,MID,MEX,Aeromexico,R$1100
2025-12-15,2026-05-10,MID,MEX,Aeromexico,R$1135
2025-12-15,2026-05-10,MID,MEX,Viva,Price unavailable
2025-12-15,2026-05-10,MID,MEX,Aeromexico,R$1205
2025-12-15,2026-05-10,MID,MEX,Aeromexico,R$1205
2025-12-15,2026-05-10,MID,MEX,Aeromexico,R$1205
2025-12-15,2026-05-10,MID,MEX,Viva,Price unavailable
2025-12-15,2026-05-10,MID,MEX,Volaris,Price unavailable
2025-12-15,2026-05-11,MID,MEX,Aeromexico,R$996
2025-12-15,2026-05-11,MID,MEX,Aeromexico,R$996
2025-12-15,2026-05-11,MID,MEX,Aeromexico,R$996
2025-12-15,2026-05-11,MID,MEX,Viva,Price unavailable
2025-12-15,2026-05-11,MID,MEX,Volaris,Price unavailable
2025-12-15,2026-05-11,MID,MEX,Aeromexico,R$996
2025-12-15,2026-05-11,MID,MEX,Aeromexico,R$996
2025-12-15,2026-05-11,MID,MEX,Aeromexico,R$996
2025-12-15,2026-05-11,MID,MEX,Aeromexico,R$996
2025-12-15,2026-05-11,MID,MEX,Aeromexico,R$1031
2025-12-15,2026-05-11,MID,MEX,Aeromexico,R$1066
2025-12-15,2026-05-11,MID,MEX,Viva,Price unavailable
2025-12-15,2026-05-11,MID,MEX,Volaris,Price unavailable
2025-12-15,2026-05-11,MID,MEX,Aeromexico,R$996
2025-12-15,2026-05-11,MID,MEX,Aeromexico,R$996
2025-12-15,2026-05-11,MID,MEX,Aeromexico,R$996
2025-12-15,2026-05-11,MID,MEX,Viva,Price unavailable
2025-12-15,2026-05-11,MID,MEX,Aeromexico,R$996
2025-12-15,2026-05-11,MID,MEX,Aeromexico,R$996
2025-12-15,2026-05-11,MID,MEX,Aeromexico,R$996
2025-12-15,2026-05-11,MID,MEX,Aeromexico,R$996
2025-12-15,2026-05-11,MID,MEX,Aeromexico,R$1031
2025-12-15,2026-05-11,MID,MEX,Aeromexico,R$1066
2025-12-15,2026-05-11,MID,MEX,Viva,Price unavailable
2025-12-15,2026-05-11,MID,MEX,Volaris,Price unavailable
2025-12-15,2026-05-12,MID,MEX,Aeromexico,R$996
2025-12-15,2026-05-12,MID,MEX,Aeromexico,R$996
2025-12-15,2026-05-12,MID,MEX,Aeromexico,R$996
2025-12-15,2026-05-12,MID,MEX,Aeromexico,R$996
2025-12-15,2026-05-12,MID,MEX,Viva,Price unavailable
2025-12-15,2026-05-12,MID,MEX,Volaris,Price unavailable
2025-12-15,2026-05-12,MID,MEX,Aeromexico,R$996
2025-12-15,2026-05-12,MID,MEX,Aeromexico,R$996
2025-12-15,2026-05-12,MID,MEX,Aeromexico,R$996
2025-12-15,2026-05-12,MID,MEX,Aeromexico,R$996
2025-12-15,2026-05-12,MID,MEX,Aeromexico,R$1066
2025-12-15,2026-05-12,MID,MEX,Viva,Price unavailable
2025-12-15,2026-05-12,MID,MEX,Volaris,Price unavailable
2025-12-15,2026-05-12,MID,MEX,Aeromexico,R$996
2025-12-15,2026-05-12,MID,MEX,Aeromexico,R$996
2025-12-15,2026-05-12,MID,MEX,Aeromexico,R$996
2025-12-15,2026-05-12,MID,MEX,Aeromexico,R$996
2025-12-15,2026-05-12,MID,MEX,Viva,Price unavailable
2025-12-15,2026-05-12,MID,MEX,Aeromexico,R$996
2025-12-15,2026-05-12,MID,MEX,Aeromexico,R$996
2025-12-15,2026-05-12,MID,MEX,Aeromexico,R$996
2025-12-15,2026-05-12,MID,MEX,Aeromexico,R$996
2025-12-15,2026-05-12,MID,MEX,Aeromexico,R$1066
2025-12-15,2026-05-12,MID,MEX,Viva,Price unavailable
2025-12-15,2026-05-12,MID,MEX,Volaris,Price unavailable
2025-12-15,2026-05-13,MID,MEX,Aeromexico,R$996
2025-12-15,2026-05-13,MID,MEX,Aeromexico,R$996
2025-12-15,2026-05-13,MID,MEX,Aeromexico,R$996
2025-12-15,2026-05-13,MID,MEX,Aeromexico,R$996
2025-12-15,2026-05-13,MID,MEX,Viva,Price unavailable
2025-12-15,2026-05-13,MID,MEX,Volaris,Price unavailable
2025-12-15,2026-05-13,MID,MEX,Aeromexico,R$996
2025-12-15,2026-05-13,MID,MEX,Aeromexico,R$996
2025-12-15,2026-05-13,MID,MEX,Aeromexico,R$996
2025-12-15,2026-05-13,MID,MEX,Aeromexico,R$996
2025-12-15,2026-05-13,MID,MEX,Aeromexico,R$1135
2025-12-15,2026-05-13,MID,MEX,Viva,Price unavailable
2025-12-15,2026-05-13,MID,MEX,Volaris,Price unavailable
2025-12-15,2026-05-13,MID,MEX,Aeromexico,R$996
2025-12-15,2026-05-13,MID,MEX,Aeromexico,R$996
2025-12-15,2026-05-13,MID,MEX,Aeromexico,R$996
2025-12-15,2026-05-13,MID,MEX,Aeromexico,R$996
2025-12-15,2026-05-13,MID,MEX,Viva,Price unavailable
2025-12-15,2026-05-13,MID,MEX,Aeromexico,R$996
2025-12-15,2026-05-13,MID,MEX,Aeromexico,R$996
2025-12-15,2026-05-13,MID,MEX,Aeromexico,R$996
2025-12-15,2026-05-13,MID,MEX,Aeromexico,R$996
2025-12-15,2026-05-13,MID,MEX,Aeromexico,R$1135
2025-12-15,2026-05-13,MID,MEX,Viva,Price unavailable
2025-12-15,2026-05-13,MID,MEX,Volaris,Price unavailable
2025-12-15,2026-05-14,MID,MEX,Aeromexico,R$996
2025-12-15,2026-05-14,MID,MEX,Aeromexico,R$996
2025-12-15,2026-05-14,MID,MEX,Aeromexico,R$996
2025-12-15,2026-05-14,MID,MEX,Aeromexico,R$996
2025-12-15,2026-05-14,MID,MEX,Viva,Price unavailable
2025-12-15,2026-05-14,MID,MEX,Volaris,Price unavailable
2025-12-15,2026-05-14,MID,MEX,Aeromexico,R$996
2025-12-15,2026-05-14,MID,MEX,Aeromexico,R$996
2025-12-15,2026-05-14,MID,MEX,Aeromexico,R$996
2025-12-15,2026-05-14,MID,MEX,Aeromexico,R$996
2025-12-15,2026-05-14,MID,MEX,Aeromexico,R$1135
2025-12-15,2026-05-14,MID,MEX,Viva,Price unavailable
2025-12-15,2026-05-14,MID,MEX,Volaris,Price unavailable
2025-12-15,2026-05-14,MID,MEX,Aeromexico,R$996
2025-12-15,2026-05-14,MID,MEX,Aeromexico,R$996
2025-12-15,2026-05-14,MID,MEX,Aeromexico,R$996
2025-12-15,2026-05-14,MID,MEX,Aeromexico,R$996
2025-12-15,2026-05-14,MID,MEX,Viva,Price unavailable
2025-12-15,2026-05-14,MID,MEX,Aeromexico,R$996
2025-12-15,2026-05-14,MID,MEX,Aeromexico,R$996
2025-12-15,2026-05-14,MID,MEX,Aeromexico,R$996
2025-12-15,2026-05-14,MID,MEX,Aeromexico,R$996
2025-12-15,2026-05-14,MID,MEX,Aeromexico,R$1135
2025-12-15,2026-05-14,MID,MEX,Viva,Price unavailable
2025-12-15,2026-05-14,MID,MEX,Volaris,Price unavailable
2025-12-15,2026-05-15,MID,MEX,Aeromexico,R$1031
2025-12-15,2026-05-15,MID,MEX,Aeromexico,R$1066
2025-12-15,2026-05-15,MID,MEX,Aeromexico,R$1066
2025-12-15,2026-05-15,MID,MEX,Viva,Price unavailable
2025-12-15,2026-05-15,MID,MEX,Volaris,Price unavailable
2025-12-15,2026-05-15,MID,MEX,Aeromexico,R$1031
2025-12-15,2026-05-15,MID,MEX,Aeromexico,R$1031
2025-12-15,2026-05-15,MID,MEX,Aeromexico,R$1031
2025-12-15,2026-05-15,MID,MEX,Aeromexico,R$1066
2025-12-15,2026-05-15,MID,MEX,Aeromexico,R$1170
2025-12-15,2026-05-15,MID,MEX,Aeromexico,R$1170
2025-12-15,2026-05-15,MID,MEX,Viva,Price unavailable
2025-12-15,2026-05-15,MID,MEX,Volaris,Price unavailable
2025-12-15,2026-05-15,MID,MEX,Aeromexico,R$1031
2025-12-15,2026-05-15,MID,MEX,Aeromexico,R$1066
2025-12-15,2026-05-15,MID,MEX,Aeromexico,R$1066
2025-12-15,2026-05-15,MID,MEX,Viva,Price unavailable
2025-12-15,2026-05-15,MID,MEX,Aeromexico,R$1031
2025-12-15,2026-05-15,MID,MEX,Aeromexico,R$1031
2025-12-15,2026-05-15,MID,MEX,Aeromexico,R$1031
2025-12-15,2026-05-15,MID,MEX,Aeromexico,R$1066
2025-12-15,2026-05-15,MID,MEX,Aeromexico,R$1170
2025-12-15,2026-05-15,MID,MEX,Aeromexico,R$1170
2025-12-15,2026-05-15,MID,MEX,Viva,Price unavailable
2025-12-15,2026-05-15,MID,MEX,Volaris,Price unavailable
2025-12-15,2026-05-16,MID,MEX,Aeromexico,R$996
2025-12-15,2026-05-16,MID,MEX,Aeromexico,R$996
2025-12-15,2026-05-16,MID,MEX,Aeromexico,R$996
2025-12-15,2026-05-16,MID,MEX,Aeromexico,R$996
2025-12-15,2026-05-16,MID,MEX,Viva,Price unavailable
2025-12-15,2026-05-16,MID,MEX,Volaris,Price unavailable
2025-12-15,2026-05-16,MID,MEX,Aeromexico,R$996
2025-12-15,2026-05-16,MID,MEX,Aeromexico,R$996
2025-12-15,2026-05-16,MID,MEX,Aeromexico,R$996
2025-12-15,2026-05-16,MID,MEX,Viva,Price unavailable
2025-12-15,2026-05-16,MID,MEX,Volaris,Price unavailable
2025-12-15,2026-05-16,MID,MEX,Aeromexico,R$996
2025-12-15,2026-05-16,MID,MEX,Aeromexico,R$996
2025-12-15,2026-05-16,MID,MEX,Aeromexico,R$996
2025-12-15,2026-05-16,MID,MEX,Aeromexico,R$996
2025-12-15,2026-05-16,MID,MEX,Viva,Price unavailable
2025-12-15,2026-05-16,MID,MEX,Aeromexico,R$996
2025-12-15,2026-05-16,MID,MEX,Aeromexico,R$996
2025-12-15,2026-05-16,MID,MEX,Aeromexico,R$996
2025-12-15,2026-05-16,MID,MEX,Viva,Price unavailable
2025-12-15,2026-05-16,MID,MEX,Volaris,Price unavailable
2025-12-15,2026-05-10,MTY,NLU,Aeromexico,R$411
2025-12-15,2026-05-10,MTY,NLU,Mexicana,Price unavailable
2025-12-15,2026-05-10,MTY,NLU,Viva,Price unavailable
2025-12-15,2026-05-10,MTY,NLU,Viva,Price unavailable
2025-12-15,2026-05-10,MTY,NLU,Viva,Price unavailable
2025-12-15,2026-05-10,MTY,NLU,Viva,Price unavailable
2025-12-15,2026-05-10,MTY,NLU,Mexicana,Price unavailable
2025-12-15,2026-05-10,MTY,NLU,Aeromexico,R$411
2025-12-15,2026-05-10,MTY,NLU,Mexicana,Price unavailable
2025-12-15,2026-05-10,MTY,NLU,Viva,Price unavailable
2025-12-15,2026-05-10,MTY,NLU,Viva,Price unavailable
2025-12-15,2026-05-10,MTY,NLU,Viva,Price unavailable
2025-12-15,2026-05-10,MTY,NLU,Mexicana,Price unavailable
2025-12-15,2026-05-11,MTY,NLU,Aeromexico,R$411
2025-12-15,2026-05-11,MTY,NLU,Mexicana,Price unavailable
2025-12-15,2026-05-11,MTY,NLU,Viva,Price unavailable
2025-12-15,2026-05-11,MTY,NLU,Viva,Price unavailable
2025-12-15,2026-05-11,MTY,NLU,Viva,Price unavailable
2025-12-15,2026-05-11,MTY,NLU,Viva,Price unavailable
2025-12-15,2026-05-11,MTY,NLU,Viva,Price unavailable
2025-12-15,2026-05-11,MTY,NLU,Mexicana,Price unavailable
2025-12-15,2026-05-11,MTY,NLU,Aeromexico,R$411
2025-12-15,2026-05-11,MTY,NLU,Mexicana,Price unavailable
2025-12-15,2026-05-11,MTY,NLU,Viva,Price unavailable
2025-12-15,2026-05-11,MTY,NLU,Viva,Price unavailable
2025-12-15,2026-05-11,MTY,NLU,Viva,Price unavailable
2025-12-15,2026-05-11,MTY,NLU,Viva,Price unavailable
2025-12-15,2026-05-11,MTY,NLU,Mexicana,Price unavailable
2025-12-15,2026-05-12,MTY,NLU,Aeromexico,R$411
2025-12-15,2026-05-12,MTY,NLU,Mexicana,Price unavailable
2025-12-15,2026-05-12,MTY,NLU,Viva,Price unavailable
2025-12-15,2026-05-12,MTY,NLU,Viva,Price unavailable
2025-12-15,2026-05-12,MTY,NLU,Viva,Price unavailable
2025-12-15,2026-05-12,MTY,NLU,Viva,Price unavailable
2025-12-15,2026-05-12,MTY,NLU,Viva,Price unavailable
2025-12-15,2026-05-12,MTY,NLU,Aeromexico,R$411
2025-12-15,2026-05-12,MTY,NLU,Mexicana,Price unavailable
2025-12-15,2026-05-12,MTY,NLU,Viva,Price unavailable
2025-12-15,2026-05-12,MTY,NLU,Viva,Price unavailable
2025-12-15,2026-05-12,MTY,NLU,Viva,Price unavailable
2025-12-15,2026-05-12,MTY,NLU,Viva,Price unavailable
2025-12-15,2026-05-13,MTY,NLU,Aeromexico,R$411
2025-12-15,2026-05-13,MTY,NLU,Mexicana,Price unavailable
2025-12-15,2026-05-13,MTY,NLU,Viva,Price unavailable
2025-12-15,2026-05-13,MTY,NLU,Viva,Price unavailable
2025-12-15,2026-05-13,MTY,NLU,Viva,Price unavailable
2025-12-15,2026-05-13,MTY,NLU,Viva,Price unavailable
2025-12-15,2026-05-13,MTY,NLU,Viva,Price unavailable
2025-12-15,2026-05-13,MTY,NLU,Mexicana,Price unavailable
2025-12-15,2026-05-13,MTY,NLU,Aeromexico,R$411
2025-12-15,2026-05-13,MTY,NLU,Mexicana,Price unavailable
2025-12-15,2026-05-13,MTY,NLU,Viva,Price unavailable
2025-12-15,2026-05-13,MTY,NLU,Viva,Price unavailable
2025-12-15,2026-05-13,MTY,NLU,Viva,Price unavailable
2025-12-15,2026-05-13,MTY,NLU,Viva,Price unavailable
2025-12-15,2026-05-13,MTY,NLU,Mexicana,Price unavailable
2025-12-15,2026-05-14,MTY,NLU,Aeromexico,R$411
2025-12-15,2026-05-14,MTY,NLU,Mexicana,Price unavailable
2025-12-15,2026-05-14,MTY,NLU,Viva,Price unavailable
2025-12-15,2026-05-14,MTY,NLU,Viva,Price unavailable
2025-12-15,2026-05-14,MTY,NLU,Viva,Price unavailable
2025-12-15,2026-05-14,MTY,NLU,Viva,Price unavailable
2025-12-15,2026-05-14,MTY,NLU,Viva,Price unavailable
2025-12-15,2026-05-14,MTY,NLU,Mexicana,Price unavailable
2025-12-15,2026-05-14,MTY,NLU,Aeromexico,R$411
2025-12-15,2026-05-14,MTY,NLU,Mexicana,Price unavailable
2025-12-15,2026-05-14,MTY,NLU,Viva,Price unavailable
2025-12-15,2026-05-14,MTY,NLU,Viva,Price unavailable
2025-12-15,2026-05-14,MTY,NLU,Viva,Price unavailable
2025-12-15,2026-05-14,MTY,NLU,Viva,Price unavailable
2025-12-15,2026-05-14,MTY,NLU,Mexicana,Price unavailable
2025-12-15,2026-05-15,MTY,NLU,Aeromexico,R$481
2025-12-15,2026-05-15,MTY,NLU,Mexicana,Price unavailable
2025-12-15,2026-05-15,MTY,NLU,Viva,Price unavailable
2025-12-15,2026-05-15,MTY,NLU,Viva,Price unavailable
2025-12-15,2026-05-15,MTY,NLU,Viva,Price unavailable
2025-12-15,2026-05-15,MTY,NLU,Viva,Price unavailable
2025-12-15,2026-05-15,MTY,NLU,Viva,Price unavailable
2025-12-15,2026-05-15,MTY,NLU,Mexicana,Price unavailable
2025-12-15,2026-05-15,MTY,NLU,Aeromexico,R$481
2025-12-15,2026-05-15,MTY,NLU,Mexicana,Price unavailable
2025-12-15,2026-05-15,MTY,NLU,Viva,Price unavailable
2025-12-15,2026-05-15,MTY,NLU,Viva,Price unavailable
2025-12-15,2026-05-15,MTY,NLU,Viva,Price unavailable
2025-12-15,2026-05-15,MTY,NLU,Viva,Price unavailable
2025-12-15,2026-05-15,MTY,NLU,Mexicana,Price unavailable
2025-12-15,2026-05-16,MTY,NLU,Aeromexico,R$411
2025-12-15,2026-05-16,MTY,NLU,Mexicana,Price unavailable
2025-12-15,2026-05-16,MTY,NLU,Viva,Price unavailable
2025-12-15,2026-05-16,MTY,NLU,Viva,Price unavailable
2025-12-15,2026-05-16,MTY,NLU,Viva,Price unavailable
2025-12-15,2026-05-16,MTY,NLU,Aeromexico,R$411
2025-12-15,2026-05-16,MTY,NLU,Mexicana,Price unavailable
2025-12-15,2026-05-16,MTY,NLU,Viva,Price unavailable
2025-12-15,2026-05-16,MTY,NLU,Viva,Price unavailable
2025-12-15,2026-05-11,TRC,MEX,Aeromexico,R$920
2025-12-15,2026-05-11,TRC,MEX,Aeromexico,R$920
2025-12-15,2026-05-11,TRC,MEX,Viva,Price unavailable
2025-12-15,2026-05-11,TRC,MEX,Aeromexico,R$920
2025-12-15,2026-05-11,TRC,MEX,Aeromexico,R$920
2025-12-15,2026-05-11,TRC,MEX,Aeromexico,R$920
2025-12-15,2026-05-11,TRC,MEX,Aeromexico,R$920
2025-12-15,2026-05-11,TRC,MEX,Aeromexico,R$920
2025-12-15,2026-05-11,TRC,MEX,Aeromexico,R$920
2025-12-15,2026-05-12,TRC,MEX,Aeromexico,R$920
2025-12-15,2026-05-12,TRC,MEX,Viva,Price unavailable
2025-12-15,2026-05-12,TRC,MEX,Aeromexico,R$920
2025-12-15,2026-05-12,TRC,MEX,Aeromexico,R$920
2025-12-15,2026-05-12,TRC,MEX,Aeromexico,R$920
2025-12-15,2026-05-12,TRC,MEX,Aeromexico,R$920
2025-12-15,2026-05-12,TRC,MEX,Aeromexico,R$920
2025-12-15,2026-05-12,TRC,MEX,Aeromexico,R$920
2025-12-15,2026-05-12,TRC,MEX,Aeromexico,R$920
2025-12-15,2026-05-13,TRC,MEX,Aeromexico,R$920
2025-12-15,2026-05-13,TRC,MEX,Aeromexico,R$920
2025-12-15,2026-05-13,TRC,MEX,Aeromexico,R$920
2025-12-15,2026-05-13,TRC,MEX,Viva,Price unavailable
2025-12-15,2026-05-13,TRC,MEX,Aeromexico,R$990
2025-12-15,2026-05-13,TRC,MEX,Aeromexico,R$920
2025-12-15,2026-05-13,TRC,MEX,Aeromexico,R$920
2025-12-15,2026-05-13,TRC,MEX,Aeromexico,R$920
2025-12-15,2026-05-13,TRC,MEX,Aeromexico,R$990
2025-12-15,2026-05-14,TRC,MEX,Aeromexico,R$920
2025-12-15,2026-05-14,TRC,MEX,Viva,Price unavailable
2025-12-15,2026-05-14,TRC,MEX,Aeromexico,R$920
2025-12-15,2026-05-14,TRC,MEX,Aeromexico,R$920
2025-12-15,2026-05-14,TRC,MEX,Aeromexico,R$1025
2025-12-15,2026-05-14,TRC,MEX,Aeromexico,R$920
2025-12-15,2026-05-14,TRC,MEX,Aeromexico,R$920
2025-12-15,2026-05-14,TRC,MEX,Aeromexico,R$920
2025-12-15,2026-05-14,TRC,MEX,Aeromexico,R$1025
2025-12-15,2026-05-15,TRC,MEX,Aeromexico,R$990
2025-12-15,2026-05-15,TRC,MEX,Viva,Price unavailable
2025-12-15,2026-05-15,TRC,MEX,Aeromexico,R$1025
2025-12-15,2026-05-15,TRC,MEX,Aeromexico,R$1025
2025-12-15,2026-05-15,TRC,MEX,Aeromexico,R$1129
2025-12-15,2026-05-15,TRC,MEX,Aeromexico,R$990
2025-12-15,2026-05-15,TRC,MEX,Aeromexico,R$1025
2025-12-15,2026-05-15,TRC,MEX,Aeromexico,R$1025
2025-12-15,2026-05-15,TRC,MEX,Aeromexico,R$1129
2025-12-15,2026-05-16,TRC,MEX,Aeromexico,R$920
2025-12-15,2026-05-16,TRC,MEX,Aeromexico,R$920
2025-12-15,2026-05-16,TRC,MEX,Viva,Price unavailable
2025-12-15,2026-05-16,TRC,MEX,Aeromexico,R$920
2025-12-15,2026-05-16,TRC,MEX,Aeromexico,R$920
2025-12-15,2026-05-10,MIA,MTY,American,R$1973
2025-12-15,2026-05-10,MIA,MTY,Viva,Price unavailable
2025-12-15,2026-05-10,MIA,MTY,American,R$1973
2025-12-15,2026-05-11,MIA,MTY,American,R$1740
2025-12-15,2026-05-11,MIA,MTY,Viva,Price unavailable
2025-12-15,2026-05-11,MIA,MTY,American,R$1740
2025-12-15,2026-05-12,MIA,MTY,American,R$1507
2025-12-15,2026-05-13,MIA,MTY,American,R$1507
2025-12-15,2026-05-14,MIA,MTY,American,R$1507
2025-12-15,2026-05-14,MIA,MTY,Viva,Price unavailable
2025-12-15,2026-05-14,MIA,MTY,American,R$1507
2025-12-15,2026-05-15,MIA,MTY,American,R$1507
2025-12-15,2026-05-15,MIA,MTY,Viva,Price unavailable
2025-12-15,2026-05-15,MIA,MTY,American,R$1507
2025-12-15,2026-05-16,MIA,MTY,American,R$1624
2025-12-15,2026-05-10,MEX,YVR,Air Canada,R$2879
2025-12-15,2026-05-10,MEX,YVR,Aeromexico,R$3270
2025-12-15,2026-05-10,MEX,YVR,Air Canada,R$2879
2025-12-15,2026-05-11,MEX,YVR,Flair Airlines,R$1340
2025-12-15,2026-05-11,MEX,YVR,Air Canada,R$2879
2025-12-15,2026-05-11,MEX,YVR,Aeromexico,R$3270
2025-12-15,2026-05-11,MEX,YVR,Flair Airlines,R$1340
2025-12-15,2026-05-11,MEX,YVR,Air Canada,R$2879
2025-12-15,2026-05-12,MEX,YVR,Flair Airlines,R$1243
2025-12-15,2026-05-12,MEX,YVR,Air Canada,R$2879
2025-12-15,2026-05-12,MEX,YVR,Aeromexico,R$5102
2025-12-15,2026-05-12,MEX,YVR,Flair Airlines,R$1243
2025-12-15,2026-05-12,MEX,YVR,Air Canada,R$2879
2025-12-15,2026-05-13,MEX,YVR,Air Canada,R$2879
2025-12-15,2026-05-13,MEX,YVR,Aeromexico,R$5102
2025-12-15,2026-05-13,MEX,YVR,Air Canada,R$2879
2025-12-15,2026-05-14,MEX,YVR,Flair Airlines,R$1045
2025-12-15,2026-05-14,MEX,YVR,Air Canada,R$2879
2025-12-15,2026-05-14,MEX,YVR,Aeromexico,R$5102
2025-12-15,2026-05-14,MEX,YVR,Flair Airlines,R$1045
2025-12-15,2026-05-14,MEX,YVR,Air Canada,R$2879
2025-12-15,2026-05-15,MEX,YVR,Air Canada,R$2879
2025-12-15,2026-05-15,MEX,YVR,Aeromexico,R$3412
2025-12-15,2026-05-15,MEX,YVR,Air Canada,R$2879
2025-12-15,2026-05-16,MEX,YVR,Flair Airlines,R$1871
2025-12-15,2026-05-16,MEX,YVR,Air Canada,R$2879
2025-12-15,2026-05-16,MEX,YVR,Aeromexico,R$3270
2025-12-15,2026-05-16,MEX,YVR,Flair Airlines,R$1871
2025-12-15,2026-05-16,MEX,YVR,Air Canada,R$2879
2025-12-15,2026-05-10,MEX,TAM,Aeromexico,R$609
2025-12-15,2026-05-10,MEX,TAM,Aeromexico,R$609
2025-12-15,2026-05-10,MEX,TAM,Aeromexico,R$678
2025-12-15,2026-05-10,MEX,TAM,Aeromexico,R$728
2025-12-15,2026-05-10,MEX,TAM,Aeromexico,R$609
2025-12-15,2026-05-10,MEX,TAM,Aeromexico,R$609
2025-12-15,2026-05-10,MEX,TAM,Aeromexico,R$678
2025-12-15,2026-05-11,MEX,TAM,Aeromexico,R$609
2025-12-15,2026-05-11,MEX,TAM,Aeromexico,R$609
2025-12-15,2026-05-11,MEX,TAM,Aeromexico,R$609
2025-12-15,2026-05-11,MEX,TAM,Aeromexico,R$748
2025-12-15,2026-05-11,MEX,TAM,Aeromexico,R$609
2025-12-15,2026-05-11,MEX,TAM,Aeromexico,R$609
2025-12-15,2026-05-11,MEX,TAM,Aeromexico,R$748
2025-12-15,2026-05-12,MEX,TAM,Aeromexico,R$609
2025-12-15,2026-05-12,MEX,TAM,Aeromexico,R$609
2025-12-15,2026-05-12,MEX,TAM,Aeromexico,R$609
2025-12-15,2026-05-12,MEX,TAM,Aeromexico,R$609
2025-12-15,2026-05-12,MEX,TAM,Aeromexico,R$609
2025-12-15,2026-05-12,MEX,TAM,Aeromexico,R$609
2025-12-15,2026-05-12,MEX,TAM,Aeromexico,R$609
2025-12-15,2026-05-13,MEX,TAM,Aeromexico,R$609
2025-12-15,2026-05-13,MEX,TAM,Aeromexico,R$609
2025-12-15,2026-05-13,MEX,TAM,Aeromexico,R$609
2025-12-15,2026-05-13,MEX,TAM,Aeromexico,R$609
2025-12-15,2026-05-13,MEX,TAM,Aeromexico,R$609
2025-12-15,2026-05-13,MEX,TAM,Aeromexico,R$609
2025-12-15,2026-05-13,MEX,TAM,Aeromexico,R$609
2025-12-15,2026-05-14,MEX,TAM,Aeromexico,R$609
2025-12-15,2026-05-14,MEX,TAM,Aeromexico,R$609
2025-12-15,2026-05-14,MEX,TAM,Aeromexico,R$644
2025-12-15,2026-05-14,MEX,TAM,Aeromexico,R$678
2025-12-15,2026-05-14,MEX,TAM,Aeromexico,R$609
2025-12-15,2026-05-14,MEX,TAM,Aeromexico,R$644
2025-12-15,2026-05-14,MEX,TAM,Aeromexico,R$678
2025-12-15,2026-05-15,MEX,TAM,Aeromexico,R$644
2025-12-15,2026-05-15,MEX,TAM,Aeromexico,R$644
2025-12-15,2026-05-15,MEX,TAM,Aeromexico,R$644
2025-12-15,2026-05-15,MEX,TAM,Aeromexico,R$644
2025-12-15,2026-05-15,MEX,TAM,Aeromexico,R$644
2025-12-15,2026-05-15,MEX,TAM,Aeromexico,R$644
2025-12-15,2026-05-15,MEX,TAM,Aeromexico,R$644
2025-12-15,2026-05-16,MEX,TAM,Aeromexico,R$609
2025-12-15,2026-05-16,MEX,TAM,Aeromexico,R$609
2025-12-15,2026-05-16,MEX,TAM,Aeromexico,R$644
2025-12-15,2026-05-16,MEX,TAM,Aeromexico,R$609
2025-12-15,2026-05-16,MEX,TAM,Aeromexico,R$609
2025-12-15,2026-05-10,MEX,AMS,KLM,R$5106
2025-12-15,2026-05-10,MEX,AMS,Aeromexico,R$5106
2025-12-15,2026-05-10,MEX,AMS,KLM,R$5106
2025-12-15,2026-05-11,MEX,AMS,Aeromexico,R$5106
2025-12-15,2026-05-11,MEX,AMS,KLM,R$16444
2025-12-15,2026-05-11,MEX,AMS,Aeromexico,R$5106
2025-12-15,2026-05-12,MEX,AMS,KLM,R$5106
2025-12-15,2026-05-12,MEX,AMS,Aeromexico,R$5106
2025-12-15,2026-05-12,MEX,AMS,KLM,R$5106
2025-12-15,2026-05-13,MEX,AMS,KLM,R$5106
2025-12-15,2026-05-13,MEX,AMS,Aeromexico,R$5106
2025-12-15,2026-05-13,MEX,AMS,KLM,R$5106
2025-12-15,2026-05-14,MEX,AMS,KLM,R$5106
2025-12-15,2026-05-14,MEX,AMS,Aeromexico,R$5106
2025-12-15,2026-05-14,MEX,AMS,KLM,R$5106
2025-12-15,2026-05-15,MEX,AMS,Aeromexico,R$5247
2025-12-15,2026-05-15,MEX,AMS,KLM,R$5304
2025-12-15,2026-05-15,MEX,AMS,Aeromexico,R$5247
2025-12-15,2026-05-16,MEX,AMS,Aeromexico,R$5247
2025-12-15,2026-05-16,MEX,AMS,KLM,R$5304
2025-12-15,2026-05-16,MEX,AMS,Aeromexico,R$5247
2025-12-15,2026-05-10,CTM,MEX,Aeromexico,R$672
2025-12-15,2026-05-10,CTM,MEX,Volaris,Price unavailable
2025-12-15,2026-05-10,CTM,MEX,Viva,Price unavailable
2025-12-15,2026-05-10,CTM,MEX,Aeromexico,R$672
2025-12-15,2026-05-10,CTM,MEX,Volaris,Price unavailable
2025-12-15,2026-05-11,CTM,MEX,Aeromexico,R$777
2025-12-15,2026-05-11,CTM,MEX,Volaris,Price unavailable
2025-12-15,2026-05-11,CTM,MEX,Viva,Price unavailable
2025-12-15,2026-05-11,CTM,MEX,Aeromexico,R$777
2025-12-15,2026-05-11,CTM,MEX,Volaris,Price unavailable
2025-12-15,2026-05-12,CTM,MEX,Aeromexico,R$602
2025-12-15,2026-05-12,CTM,MEX,Volaris,Price unavailable
2025-12-15,2026-05-12,CTM,MEX,Viva,Price unavailable
2025-12-15,2026-05-12,CTM,MEX,Aeromexico,R$602
2025-12-15,2026-05-12,CTM,MEX,Volaris,Price unavailable
2025-12-15,2026-05-13,CTM,MEX,Aeromexico,R$602
2025-12-15,2026-05-13,CTM,MEX,Volaris,Price unavailable
2025-12-15,2026-05-13,CTM,MEX,Viva,Price unavailable
2025-12-15,2026-05-13,CTM,MEX,Aeromexico,R$602
2025-12-15,2026-05-13,CTM,MEX,Volaris,Price unavailable
2025-12-15,2026-05-14,CTM,MEX,Aeromexico,R$602
2025-12-15,2026-05-14,CTM,MEX,Volaris,Price unavailable
2025-12-15,2026-05-14,CTM,MEX,Viva,Price unavailable
2025-12-15,2026-05-14,CTM,MEX,Aeromexico,R$602
2025-12-15,2026-05-14,CTM,MEX,Volaris,Price unavailable
2025-12-15,2026-05-15,CTM,MEX,Aeromexico,R$602
2025-12-15,2026-05-15,CTM,MEX,Volaris,Price unavailable
2025-12-15,2026-05-15,CTM,MEX,Viva,Price unavailable
2025-12-15,2026-05-15,CTM,MEX,Aeromexico,R$602
2025-12-15,2026-05-15,CTM,MEX,Volaris,Price unavailable
2025-12-15,2026-05-16,CTM,MEX,Aeromexico,R$602
2025-12-15,2026-05-16,CTM,MEX,Volaris,Price unavailable
2025-12-15,2026-05-16,CTM,MEX,Viva,Price unavailable
2025-12-15,2026-05-16,CTM,MEX,Aeromexico,R$602
2025-12-15,2026-05-16,CTM,MEX,Volaris,Price unavailable
2025-12-15,2026-05-10,MEX,VER,Aeromexico,R$797
2025-12-15,2026-05-10,MEX,VER,Aeromexico,R$797
2025-12-15,2026-05-10,MEX,VER,Aeromexico,R$797
2025-12-15,2026-05-10,MEX,VER,Viva,Price unavailable
2025-12-15,2026-05-10,MEX,VER,Aeromexico,R$797
2025-12-15,2026-05-10,MEX,VER,Aeromexico,R$797
2025-12-15,2026-05-10,MEX,VER,Aeromexico,R$797
2025-12-15,2026-05-10,MEX,VER,Aeromexico,R$797
2025-12-15,2026-05-10,MEX,VER,Aeromexico,R$797
2025-12-15,2026-05-10,MEX,VER,Aeromexico,R$797
2025-12-15,2026-05-10,MEX,VER,Aeromexico,R$797
2025-12-15,2026-05-11,MEX,VER,Aeromexico,R$797
2025-12-15,2026-05-11,MEX,VER,Aeromexico,R$797
2025-12-15,2026-05-11,MEX,VER,Aeromexico,R$797
2025-12-15,2026-05-11,MEX,VER,Aeromexico,R$797
2025-12-15,2026-05-11,MEX,VER,Viva,Price unavailable
2025-12-15,2026-05-11,MEX,VER,Aeromexico,R$832
2025-12-15,2026-05-11,MEX,VER,Aeromexico,R$832
2025-12-15,2026-05-11,MEX,VER,Aeromexico,R$797
2025-12-15,2026-05-11,MEX,VER,Aeromexico,R$797
2025-12-15,2026-05-11,MEX,VER,Aeromexico,R$797
2025-12-15,2026-05-11,MEX,VER,Aeromexico,R$797
2025-12-15,2026-05-11,MEX,VER,Aeromexico,R$832
2025-12-15,2026-05-11,MEX,VER,Aeromexico,R$832
2025-12-15,2026-05-12,MEX,VER,Aeromexico,R$797
2025-12-15,2026-05-12,MEX,VER,Aeromexico,R$797
2025-12-15,2026-05-12,MEX,VER,Aeromexico,R$797
2025-12-15,2026-05-12,MEX,VER,Aeromexico,R$797
2025-12-15,2026-05-12,MEX,VER,Viva,Price unavailable
2025-12-15,2026-05-12,MEX,VER,Aeromexico,R$797
2025-12-15,2026-05-12,MEX,VER,Aeromexico,R$902
2025-12-15,2026-05-12,MEX,VER,Aeromexico,R$797
2025-12-15,2026-05-12,MEX,VER,Aeromexico,R$797
2025-12-15,2026-05-12,MEX,VER,Aeromexico,R$797
2025-12-15,2026-05-12,MEX,VER,Aeromexico,R$797
2025-12-15,2026-05-12,MEX,VER,Aeromexico,R$797
2025-12-15,2026-05-12,MEX,VER,Aeromexico,R$902
2025-12-15,2026-05-13,MEX,VER,Aeromexico,R$797
2025-12-15,2026-05-13,MEX,VER,Aeromexico,R$797
2025-12-15,2026-05-13,MEX,VER,Aeromexico,R$797
2025-12-15,2026-05-13,MEX,VER,Aeromexico,R$797
2025-12-15,2026-05-13,MEX,VER,Viva,Price unavailable
2025-12-15,2026-05-13,MEX,VER,Aeromexico,R$797
2025-12-15,2026-05-13,MEX,VER,Aeromexico,R$832
2025-12-15,2026-05-13,MEX,VER,Aeromexico,R$797
2025-12-15,2026-05-13,MEX,VER,Aeromexico,R$797
2025-12-15,2026-05-13,MEX,VER,Aeromexico,R$797
2025-12-15,2026-05-13,MEX,VER,Aeromexico,R$797
2025-12-15,2026-05-13,MEX,VER,Aeromexico,R$797
2025-12-15,2026-05-13,MEX,VER,Aeromexico,R$832
2025-12-15,2026-05-14,MEX,VER,Aeromexico,R$832
2025-12-15,2026-05-14,MEX,VER,Aeromexico,R$832
2025-12-15,2026-05-14,MEX,VER,Aeromexico,R$832
2025-12-15,2026-05-14,MEX,VER,Aeromexico,R$832
2025-12-15,2026-05-14,MEX,VER,Viva,Price unavailable
2025-12-15,2026-05-14,MEX,VER,Aeromexico,R$832
2025-12-15,2026-05-14,MEX,VER,Aeromexico,R$867
2025-12-15,2026-05-14,MEX,VER,Aeromexico,R$832
2025-12-15,2026-05-14,MEX,VER,Aeromexico,R$832
2025-12-15,2026-05-14,MEX,VER,Aeromexico,R$832
2025-12-15,2026-05-14,MEX,VER,Aeromexico,R$832
2025-12-15,2026-05-14,MEX,VER,Aeromexico,R$832
2025-12-15,2026-05-14,MEX,VER,Aeromexico,R$867
2025-12-15,2026-05-15,MEX,VER,Aeromexico,R$832
2025-12-15,2026-05-15,MEX,VER,Aeromexico,R$832
2025-12-15,2026-05-15,MEX,VER,Aeromexico,R$832
2025-12-15,2026-05-15,MEX,VER,Aeromexico,R$832
2025-12-15,2026-05-15,MEX,VER,Viva,Price unavailable
2025-12-15,2026-05-15,MEX,VER,Aeromexico,R$832
2025-12-15,2026-05-15,MEX,VER,Aeromexico,R$867
2025-12-15,2026-05-15,MEX,VER,Aeromexico,R$832
2025-12-15,2026-05-15,MEX,VER,Aeromexico,R$832
2025-12-15,2026-05-15,MEX,VER,Aeromexico,R$832
2025-12-15,2026-05-15,MEX,VER,Aeromexico,R$832
2025-12-15,2026-05-15,MEX,VER,Aeromexico,R$832
2025-12-15,2026-05-15,MEX,VER,Aeromexico,R$867
2025-12-15,2026-05-16,MEX,VER,Aeromexico,R$797
2025-12-15,2026-05-16,MEX,VER,Viva,Price unavailable
2025-12-15,2026-05-16,MEX,VER,Aeromexico,R$797
2025-12-15,2026-05-16,MEX,VER,Aeromexico,R$797
2025-12-15,2026-05-16,MEX,VER,Aeromexico,R$797
2025-12-15,2026-05-16,MEX,VER,Aeromexico,R$797
2025-12-15,2026-05-16,MEX,VER,Aeromexico,R$797
2025-12-15,2026-05-16,MEX,VER,Aeromexico,R$797
2025-12-15,2026-05-16,MEX,VER,Aeromexico,R$797
2025-12-15,2026-05-16,MEX,VER,Aeromexico,R$797
2025-12-15,2026-05-16,MEX,VER,Aeromexico,R$797
2025-12-15,2026-05-10,PUJ,MEX,Aeromexico,R$2968
2025-12-15,2026-05-11,PUJ,MEX,Aeromexico,R$2687
2025-12-15,2026-05-12,PUJ,MEX,Aeromexico,R$1856
2025-12-15,2026-05-13,PUJ,MEX,Aeromexico,R$1856
2025-12-15,2026-05-14,PUJ,MEX,Aeromexico,R$2687
2025-12-15,2026-05-15,PUJ,MEX,Aeromexico,R$1856
2025-12-15,2026-05-16,PUJ,MEX,Aeromexico,R$1856
2025-12-15,2026-05-10,YUL,MEX,Aeromexico,R$2024
2025-12-15,2026-05-10,YUL,MEX,Air Canada,R$2024
2025-12-15,2026-05-10,YUL,MEX,Aeromexico,R$2024
2025-12-15,2026-05-11,YUL,MEX,Aeromexico,R$2024
2025-12-15,2026-05-11,YUL,MEX,Air Canada,R$2024
2025-12-15,2026-05-11,YUL,MEX,Aeromexico,R$2024
2025-12-15,2026-05-12,YUL,MEX,Aeromexico,R$2024
2025-12-15,2026-05-12,YUL,MEX,Air Canada,R$2024
2025-12-15,2026-05-12,YUL,MEX,Aeromexico,R$2024
2025-12-15,2026-05-13,YUL,MEX,Aeromexico,R$2024
2025-12-15,2026-05-13,YUL,MEX,Air Canada,R$2024
2025-12-15,2026-05-13,YUL,MEX,Aeromexico,R$2024
2025-12-15,2026-05-14,YUL,MEX,Aeromexico,R$2024
2025-12-15,2026-05-14,YUL,MEX,Air Canada,R$2024
2025-12-15,2026-05-14,YUL,MEX,Aeromexico,R$2024
2025-12-15,2026-05-15,YUL,MEX,Aeromexico,R$2024
2025-12-15,2026-05-15,YUL,MEX,Air Canada,R$2024
2025-12-15,2026-05-15,YUL,MEX,Aeromexico,R$2024
2025-12-15,2026-05-16,YUL,MEX,Aeromexico,R$2024
2025-12-15,2026-05-16,YUL,MEX,Air Canada,R$2024
2025-12-15,2026-05-16,YUL,MEX,Aeromexico,R$2024
2025-12-15,2026-05-10,MEX,GDL,Aeromexico,R$435
2025-12-15,2026-05-10,MEX,GDL,Aeromexico,R$435
2025-12-15,2026-05-10,MEX,GDL,Aeromexico,R$435
2025-12-15,2026-05-10,MEX,GDL,Aeromexico,R$435
2025-12-15,2026-05-10,MEX,GDL,Viva,Price unavailable
2025-12-15,2026-05-10,MEX,GDL,Volaris,Price unavailable
2025-12-15,2026-05-10,MEX,GDL,Aeromexico,R$435
2025-12-15,2026-05-10,MEX,GDL,Aeromexico,R$435
2025-12-15,2026-05-10,MEX,GDL,Aeromexico,R$435
2025-12-15,2026-05-10,MEX,GDL,Aeromexico,R$526
2025-12-15,2026-05-10,MEX,GDL,Aeromexico,R$526
2025-12-15,2026-05-10,MEX,GDL,Aeromexico,R$540
2025-12-15,2026-05-10,MEX,GDL,Aeromexico,R$661
2025-12-15,2026-05-10,MEX,GDL,Viva,Price unavailable
2025-12-15,2026-05-10,MEX,GDL,Volaris,Price unavailable
2025-12-15,2026-05-10,MEX,GDL,Volaris,Price unavailable
2025-12-15,2026-05-10,MEX,GDL,Viva,Price unavailable
2025-12-15,2026-05-10,MEX,GDL,Volaris,Price unavailable
2025-12-15,2026-05-10,MEX,GDL,Viva,Price unavailable
2025-12-15,2026-05-10,MEX,GDL,Volaris,Price unavailable
2025-12-15,2026-05-10,MEX,GDL,Aeromexico,R$435
2025-12-15,2026-05-10,MEX,GDL,Aeromexico,R$435
2025-12-15,2026-05-10,MEX,GDL,Aeromexico,R$435
2025-12-15,2026-05-10,MEX,GDL,Aeromexico,R$435
2025-12-15,2026-05-10,MEX,GDL,Viva,Price unavailable
2025-12-15,2026-05-10,MEX,GDL,Aeromexico,R$435
2025-12-15,2026-05-10,MEX,GDL,Aeromexico,R$435
2025-12-15,2026-05-10,MEX,GDL,Aeromexico,R$435
2025-12-15,2026-05-10,MEX,GDL,Aeromexico,R$526
2025-12-15,2026-05-10,MEX,GDL,Aeromexico,R$526
2025-12-15,2026-05-10,MEX,GDL,Aeromexico,R$540
2025-12-15,2026-05-10,MEX,GDL,Aeromexico,R$661
2025-12-15,2026-05-10,MEX,GDL,Viva,Price unavailable
2025-12-15,2026-05-10,MEX,GDL,Volaris,Price unavailable
2025-12-15,2026-05-10,MEX,GDL,Volaris,Price unavailable
2025-12-15,2026-05-10,MEX,GDL,Viva,Price unavailable
2025-12-15,2026-05-10,MEX,GDL,Volaris,Price unavailable
2025-12-15,2026-05-10,MEX,GDL,Viva,Price unavailable
2025-12-15,2026-05-10,MEX,GDL,Volaris,Price unavailable
2025-12-15,2026-05-11,MEX,GDL,Aeromexico,R$435
2025-12-15,2026-05-11,MEX,GDL,Aeromexico,R$435
2025-12-15,2026-05-11,MEX,GDL,Aeromexico,R$435
2025-12-15,2026-05-11,MEX,GDL,Aeromexico,R$435
2025-12-15,2026-05-11,MEX,GDL,Aeromexico,R$435
2025-12-15,2026-05-11,MEX,GDL,Viva,Price unavailable
2025-12-15,2026-05-11,MEX,GDL,Volaris,Price unavailable
2025-12-15,2026-05-11,MEX,GDL,Aeromexico,R$435
2025-12-15,2026-05-11,MEX,GDL,Aeromexico,R$435
2025-12-15,2026-05-11,MEX,GDL,Aeromexico,R$435
2025-12-15,2026-05-11,MEX,GDL,Aeromexico,R$435
2025-12-15,2026-05-11,MEX,GDL,Aeromexico,R$470
2025-12-15,2026-05-11,MEX,GDL,Aeromexico,R$470
2025-12-15,2026-05-11,MEX,GDL,Aeromexico,R$575
2025-12-15,2026-05-11,MEX,GDL,Aeromexico,R$575
2025-12-15,2026-05-11,MEX,GDL,Aeromexico,R$575
2025-12-15,2026-05-11,MEX,GDL,Aeromexico,R$575
2025-12-15,2026-05-11,MEX,GDL,Viva,Price unavailable
2025-12-15,2026-05-11,MEX,GDL,Volaris,Price unavailable
2025-12-15,2026-05-11,MEX,GDL,Volaris,Price unavailable
2025-12-15,2026-05-11,MEX,GDL,Viva,Price unavailable
2025-12-15,2026-05-11,MEX,GDL,Volaris,Price unavailable
2025-12-15,2026-05-11,MEX,GDL,Viva,Price unavailable
2025-12-15,2026-05-11,MEX,GDL,Volaris,Price unavailable
2025-12-15,2026-05-11,MEX,GDL,Aeromexico,R$435
2025-12-15,2026-05-11,MEX,GDL,Aeromexico,R$435
2025-12-15,2026-05-11,MEX,GDL,Aeromexico,R$435
2025-12-15,2026-05-11,MEX,GDL,Aeromexico,R$435
2025-12-15,2026-05-11,MEX,GDL,Aeromexico,R$435
2025-12-15,2026-05-11,MEX,GDL,Viva,Price unavailable
2025-12-15,2026-05-11,MEX,GDL,Aeromexico,R$435
2025-12-15,2026-05-11,MEX,GDL,Aeromexico,R$435
2025-12-15,2026-05-11,MEX,GDL,Aeromexico,R$435
2025-12-15,2026-05-11,MEX,GDL,Aeromexico,R$435
2025-12-15,2026-05-11,MEX,GDL,Aeromexico,R$470
2025-12-15,2026-05-11,MEX,GDL,Aeromexico,R$470
2025-12-15,2026-05-11,MEX,GDL,Aeromexico,R$575
2025-12-15,2026-05-11,MEX,GDL,Aeromexico,R$575
2025-12-15,2026-05-11,MEX,GDL,Aeromexico,R$575
2025-12-15,2026-05-11,MEX,GDL,Aeromexico,R$575
2025-12-15,2026-05-11,MEX,GDL,Viva,Price unavailable
2025-12-15,2026-05-11,MEX,GDL,Volaris,Price unavailable
2025-12-15,2026-05-11,MEX,GDL,Volaris,Price unavailable
2025-12-15,2026-05-11,MEX,GDL,Viva,Price unavailable
2025-12-15,2026-05-11,MEX,GDL,Volaris,Price unavailable
2025-12-15,2026-05-11,MEX,GDL,Viva,Price unavailable
2025-12-15,2026-05-11,MEX,GDL,Volaris,Price unavailable
2025-12-15,2026-05-12,MEX,GDL,Aeromexico,R$435
2025-12-15,2026-05-12,MEX,GDL,Aeromexico,R$435
2025-12-15,2026-05-12,MEX,GDL,Aeromexico,R$435
2025-12-15,2026-05-12,MEX,GDL,Aeromexico,R$435
2025-12-15,2026-05-12,MEX,GDL,Aeromexico,R$435
2025-12-15,2026-05-12,MEX,GDL,Viva,Price unavailable
2025-12-15,2026-05-12,MEX,GDL,Volaris,Price unavailable
2025-12-15,2026-05-12,MEX,GDL,Aeromexico,R$435
2025-12-15,2026-05-12,MEX,GDL,Aeromexico,R$435
2025-12-15,2026-05-12,MEX,GDL,Aeromexico,R$435
2025-12-15,2026-05-12,MEX,GDL,Aeromexico,R$435
2025-12-15,2026-05-12,MEX,GDL,Aeromexico,R$435
2025-12-15,2026-05-12,MEX,GDL,Aeromexico,R$470
2025-12-15,2026-05-12,MEX,GDL,Aeromexico,R$540
2025-12-15,2026-05-12,MEX,GDL,Aeromexico,R$540
2025-12-15,2026-05-12,MEX,GDL,Aeromexico,R$540
2025-12-15,2026-05-12,MEX,GDL,Viva,Price unavailable
2025-12-15,2026-05-12,MEX,GDL,Volaris,Price unavailable
2025-12-15,2026-05-12,MEX,GDL,Volaris,Price unavailable
2025-12-15,2026-05-12,MEX,GDL,Viva,Price unavailable
2025-12-15,2026-05-12,MEX,GDL,Volaris,Price unavailable
2025-12-15,2026-05-12,MEX,GDL,Viva,Price unavailable
2025-12-15,2026-05-12,MEX,GDL,Volaris,Price unavailable
2025-12-15,2026-05-12,MEX,GDL,Aeromexico,R$435
2025-12-15,2026-05-12,MEX,GDL,Aeromexico,R$435
2025-12-15,2026-05-12,MEX,GDL,Aeromexico,R$435
2025-12-15,2026-05-12,MEX,GDL,Aeromexico,R$435
2025-12-15,2026-05-12,MEX,GDL,Aeromexico,R$435
2025-12-15,2026-05-12,MEX,GDL,Viva,Price unavailable
2025-12-15,2026-05-12,MEX,GDL,Aeromexico,R$435
2025-12-15,2026-05-12,MEX,GDL,Aeromexico,R$435
2025-12-15,2026-05-12,MEX,GDL,Aeromexico,R$435
2025-12-15,2026-05-12,MEX,GDL,Aeromexico,R$435
2025-12-15,2026-05-12,MEX,GDL,Aeromexico,R$435
2025-12-15,2026-05-12,MEX,GDL,Aeromexico,R$470
2025-12-15,2026-05-12,MEX,GDL,Aeromexico,R$540
2025-12-15,2026-05-12,MEX,GDL,Aeromexico,R$540
2025-12-15,2026-05-12,MEX,GDL,Aeromexico,R$540
2025-12-15,2026-05-12,MEX,GDL,Viva,Price unavailable
2025-12-15,2026-05-12,MEX,GDL,Volaris,Price unavailable
2025-12-15,2026-05-12,MEX,GDL,Volaris,Price unavailable
2025-12-15,2026-05-12,MEX,GDL,Viva,Price unavailable
2025-12-15,2026-05-12,MEX,GDL,Volaris,Price unavailable
2025-12-15,2026-05-12,MEX,GDL,Viva,Price unavailable
2025-12-15,2026-05-12,MEX,GDL,Volaris,Price unavailable
2025-12-15,2026-05-13,MEX,GDL,Aeromexico,R$470
2025-12-15,2026-05-13,MEX,GDL,Aeromexico,R$470
2025-12-15,2026-05-13,MEX,GDL,Aeromexico,R$470
2025-12-15,2026-05-13,MEX,GDL,Aeromexico,R$470
2025-12-15,2026-05-13,MEX,GDL,Viva,Price unavailable
2025-12-15,2026-05-13,MEX,GDL,Volaris,Price unavailable
2025-12-15,2026-05-13,MEX,GDL,Aeromexico,R$470
2025-12-15,2026-05-13,MEX,GDL,Aeromexico,R$505
2025-12-15,2026-05-13,MEX,GDL,Aeromexico,R$505
2025-12-15,2026-05-13,MEX,GDL,Aeromexico,R$505
2025-12-15,2026-05-13,MEX,GDL,Aeromexico,R$505
2025-12-15,2026-05-13,MEX,GDL,Aeromexico,R$505
2025-12-15,2026-05-13,MEX,GDL,Aeromexico,R$575
2025-12-15,2026-05-13,MEX,GDL,Aeromexico,R$575
2025-12-15,2026-05-13,MEX,GDL,Aeromexico,R$610
2025-12-15,2026-05-13,MEX,GDL,Aeromexico,R$610
2025-12-15,2026-05-13,MEX,GDL,Aeromexico,R$610
2025-12-15,2026-05-13,MEX,GDL,Viva,Price unavailable
2025-12-15,2026-05-13,MEX,GDL,Volaris,Price unavailable
2025-12-15,2026-05-13,MEX,GDL,Volaris,Price unavailable
2025-12-15,2026-05-13,MEX,GDL,Viva,Price unavailable
2025-12-15,2026-05-13,MEX,GDL,Volaris,Price unavailable
2025-12-15,2026-05-13,MEX,GDL,Viva,Price unavailable
2025-12-15,2026-05-13,MEX,GDL,Volaris,Price unavailable
2025-12-15,2026-05-13,MEX,GDL,Aeromexico,R$470
2025-12-15,2026-05-13,MEX,GDL,Aeromexico,R$470
2025-12-15,2026-05-13,MEX,GDL,Aeromexico,R$470
2025-12-15,2026-05-13,MEX,GDL,Aeromexico,R$470
2025-12-15,2026-05-13,MEX,GDL,Viva,Price unavailable
2025-12-15,2026-05-13,MEX,GDL,Aeromexico,R$470
2025-12-15,2026-05-13,MEX,GDL,Aeromexico,R$505
2025-12-15,2026-05-13,MEX,GDL,Aeromexico,R$505
2025-12-15,2026-05-13,MEX,GDL,Aeromexico,R$505
2025-12-15,2026-05-13,MEX,GDL,Aeromexico,R$505
2025-12-15,2026-05-13,MEX,GDL,Aeromexico,R$505
2025-12-15,2026-05-13,MEX,GDL,Aeromexico,R$575
2025-12-15,2026-05-13,MEX,GDL,Aeromexico,R$575
2025-12-15,2026-05-13,MEX,GDL,Aeromexico,R$610
2025-12-15,2026-05-13,MEX,GDL,Aeromexico,R$610
2025-12-15,2026-05-13,MEX,GDL,Aeromexico,R$610
2025-12-15,2026-05-13,MEX,GDL,Viva,Price unavailable
2025-12-15,2026-05-13,MEX,GDL,Volaris,Price unavailable
2025-12-15,2026-05-13,MEX,GDL,Volaris,Price unavailable
2025-12-15,2026-05-13,MEX,GDL,Viva,Price unavailable
2025-12-15,2026-05-13,MEX,GDL,Volaris,Price unavailable
2025-12-15,2026-05-13,MEX,GDL,Viva,Price unavailable
2025-12-15,2026-05-13,MEX,GDL,Volaris,Price unavailable
2025-12-15,2026-05-14,MEX,GDL,Aeromexico,R$470
2025-12-15,2026-05-14,MEX,GDL,Aeromexico,R$470
2025-12-15,2026-05-14,MEX,GDL,Aeromexico,R$470
2025-12-15,2026-05-14,MEX,GDL,Aeromexico,R$470
2025-12-15,2026-05-14,MEX,GDL,Aeromexico,R$470
2025-12-15,2026-05-14,MEX,GDL,Viva,Price unavailable
2025-12-15,2026-05-14,MEX,GDL,Volaris,Price unavailable
2025-12-15,2026-05-14,MEX,GDL,Aeromexico,R$470
2025-12-15,2026-05-14,MEX,GDL,Aeromexico,R$470
2025-12-15,2026-05-14,MEX,GDL,Aeromexico,R$610
2025-12-15,2026-05-14,MEX,GDL,Aeromexico,R$610
2025-12-15,2026-05-14,MEX,GDL,Aeromexico,R$610
2025-12-15,2026-05-14,MEX,GDL,Aeromexico,R$610
2025-12-15,2026-05-14,MEX,GDL,Aeromexico,R$610
2025-12-15,2026-05-14,MEX,GDL,Aeromexico,R$610
2025-12-15,2026-05-14,MEX,GDL,Aeromexico,R$610
2025-12-15,2026-05-14,MEX,GDL,Aeromexico,R$610
2025-12-15,2026-05-14,MEX,GDL,Viva,Price unavailable
2025-12-15,2026-05-14,MEX,GDL,Volaris,Price unavailable
2025-12-15,2026-05-14,MEX,GDL,Volaris,Price unavailable
2025-12-15,2026-05-14,MEX,GDL,Viva,Price unavailable
2025-12-15,2026-05-14,MEX,GDL,Volaris,Price unavailable
2025-12-15,2026-05-14,MEX,GDL,Viva,Price unavailable
2025-12-15,2026-05-14,MEX,GDL,Volaris,Price unavailable
2025-12-15,2026-05-14,MEX,GDL,Aeromexico,R$470
2025-12-15,2026-05-14,MEX,GDL,Aeromexico,R$470
2025-12-15,2026-05-14,MEX,GDL,Aeromexico,R$470
2025-12-15,2026-05-14,MEX,GDL,Aeromexico,R$470
2025-12-15,2026-05-14,MEX,GDL,Aeromexico,R$470
2025-12-15,2026-05-14,MEX,GDL,Viva,Price unavailable
2025-12-15,2026-05-14,MEX,GDL,Aeromexico,R$470
2025-12-15,2026-05-14,MEX,GDL,Aeromexico,R$470
2025-12-15,2026-05-14,MEX,GDL,Aeromexico,R$610
2025-12-15,2026-05-14,MEX,GDL,Aeromexico,R$610
2025-12-15,2026-05-14,MEX,GDL,Aeromexico,R$610
2025-12-15,2026-05-14,MEX,GDL,Aeromexico,R$610
2025-12-15,2026-05-14,MEX,GDL,Aeromexico,R$610
2025-12-15,2026-05-14,MEX,GDL,Aeromexico,R$610
2025-12-15,2026-05-14,MEX,GDL,Aeromexico,R$610
2025-12-15,2026-05-14,MEX,GDL,Aeromexico,R$610
2025-12-15,2026-05-14,MEX,GDL,Viva,Price unavailable
2025-12-15,2026-05-14,MEX,GDL,Volaris,Price unavailable
2025-12-15,2026-05-14,MEX,GDL,Volaris,Price unavailable
2025-12-15,2026-05-14,MEX,GDL,Viva,Price unavailable
2025-12-15,2026-05-14,MEX,GDL,Volaris,Price unavailable
2025-12-15,2026-05-14,MEX,GDL,Viva,Price unavailable
2025-12-15,2026-05-14,MEX,GDL,Volaris,Price unavailable
2025-12-15,2026-05-15,MEX,GDL,Aeromexico,R$435
2025-12-15,2026-05-15,MEX,GDL,Aeromexico,R$435
2025-12-15,2026-05-15,MEX,GDL,Aeromexico,R$435
2025-12-15,2026-05-15,MEX,GDL,Aeromexico,R$435
2025-12-15,2026-05-15,MEX,GDL,Aeromexico,R$435
2025-12-15,2026-05-15,MEX,GDL,Viva,Price unavailable
2025-12-15,2026-05-15,MEX,GDL,Volaris,Price unavailable
2025-12-15,2026-05-15,MEX,GDL,Aeromexico,R$505
2025-12-15,2026-05-15,MEX,GDL,Aeromexico,R$505
2025-12-15,2026-05-15,MEX,GDL,Aeromexico,R$505
2025-12-15,2026-05-15,MEX,GDL,Aeromexico,R$526
2025-12-15,2026-05-15,MEX,GDL,Aeromexico,R$526
2025-12-15,2026-05-15,MEX,GDL,Aeromexico,R$540
2025-12-15,2026-05-15,MEX,GDL,Aeromexico,R$540
2025-12-15,2026-05-15,MEX,GDL,Aeromexico,R$561
2025-12-15,2026-05-15,MEX,GDL,Aeromexico,R$575
2025-12-15,2026-05-15,MEX,GDL,Aeromexico,R$575
2025-12-15,2026-05-15,MEX,GDL,Viva,Price unavailable
2025-12-15,2026-05-15,MEX,GDL,Volaris,Price unavailable
2025-12-15,2026-05-15,MEX,GDL,Volaris,Price unavailable
2025-12-15,2026-05-15,MEX,GDL,Viva,Price unavailable
2025-12-15,2026-05-15,MEX,GDL,Volaris,Price unavailable
2025-12-15,2026-05-15,MEX,GDL,Viva,Price unavailable
2025-12-15,2026-05-15,MEX,GDL,Volaris,Price unavailable
2025-12-15,2026-05-15,MEX,GDL,Aeromexico,R$435
2025-12-15,2026-05-15,MEX,GDL,Aeromexico,R$435
2025-12-15,2026-05-15,MEX,GDL,Aeromexico,R$435
2025-12-15,2026-05-15,MEX,GDL,Aeromexico,R$435
2025-12-15,2026-05-15,MEX,GDL,Aeromexico,R$435
2025-12-15,2026-05-15,MEX,GDL,Viva,Price unavailable
2025-12-15,2026-05-15,MEX,GDL,Aeromexico,R$505
2025-12-15,2026-05-15,MEX,GDL,Aeromexico,R$505
2025-12-15,2026-05-15,MEX,GDL,Aeromexico,R$505
2025-12-15,2026-05-15,MEX,GDL,Aeromexico,R$526
2025-12-15,2026-05-15,MEX,GDL,Aeromexico,R$526
2025-12-15,2026-05-15,MEX,GDL,Aeromexico,R$540
2025-12-15,2026-05-15,MEX,GDL,Aeromexico,R$540
2025-12-15,2026-05-15,MEX,GDL,Aeromexico,R$561
2025-12-15,2026-05-15,MEX,GDL,Aeromexico,R$575
2025-12-15,2026-05-15,MEX,GDL,Aeromexico,R$575
2025-12-15,2026-05-15,MEX,GDL,Viva,Price unavailable
2025-12-15,2026-05-15,MEX,GDL,Volaris,Price unavailable
2025-12-15,2026-05-15,MEX,GDL,Volaris,Price unavailable
2025-12-15,2026-05-15,MEX,GDL,Viva,Price unavailable
2025-12-15,2026-05-15,MEX,GDL,Volaris,Price unavailable
2025-12-15,2026-05-15,MEX,GDL,Viva,Price unavailable
2025-12-15,2026-05-15,MEX,GDL,Volaris,Price unavailable
2025-12-15,2026-05-16,MEX,GDL,Aeromexico,R$435
2025-12-15,2026-05-16,MEX,GDL,Aeromexico,R$435
2025-12-15,2026-05-16,MEX,GDL,Aeromexico,R$435
2025-12-15,2026-05-16,MEX,GDL,Viva,Price unavailable
2025-12-15,2026-05-16,MEX,GDL,Volaris,Price unavailable
2025-12-15,2026-05-16,MEX,GDL,Aeromexico,R$435
2025-12-15,2026-05-16,MEX,GDL,Aeromexico,R$435
2025-12-15,2026-05-16,MEX,GDL,Aeromexico,R$435
2025-12-15,2026-05-16,MEX,GDL,Aeromexico,R$435
2025-12-15,2026-05-16,MEX,GDL,Aeromexico,R$435
2025-12-15,2026-05-16,MEX,GDL,Aeromexico,R$435
2025-12-15,2026-05-16,MEX,GDL,Aeromexico,R$435
2025-12-15,2026-05-16,MEX,GDL,Viva,Price unavailable
2025-12-15,2026-05-16,MEX,GDL,Volaris,Price unavailable
2025-12-15,2026-05-16,MEX,GDL,Volaris,Price unavailable
2025-12-15,2026-05-16,MEX,GDL,Viva,Price unavailable
2025-12-15,2026-05-16,MEX,GDL,Volaris,Price unavailable
2025-12-15,2026-05-16,MEX,GDL,Viva,Price unavailable
2025-12-15,2026-05-16,MEX,GDL,Aeromexico,R$435
2025-12-15,2026-05-16,MEX,GDL,Aeromexico,R$435
2025-12-15,2026-05-16,MEX,GDL,Aeromexico,R$435
2025-12-15,2026-05-16,MEX,GDL,Viva,Price unavailable
2025-12-15,2026-05-16,MEX,GDL,Aeromexico,R$435
2025-12-15,2026-05-16,MEX,GDL,Aeromexico,R$435
2025-12-15,2026-05-16,MEX,GDL,Aeromexico,R$435
2025-12-15,2026-05-16,MEX,GDL,Aeromexico,R$435
2025-12-15,2026-05-16,MEX,GDL,Aeromexico,R$435
2025-12-15,2026-05-16,MEX,GDL,Aeromexico,R$435
2025-12-15,2026-05-16,MEX,GDL,Aeromexico,R$435
2025-12-15,2026-05-16,MEX,GDL,Viva,Price unavailable
2025-12-15,2026-05-16,MEX,GDL,Volaris,Price unavailable
2025-12-15,2026-05-16,MEX,GDL,Volaris,Price unavailable
2025-12-15,2026-05-16,MEX,GDL,Viva,Price unavailable
2025-12-15,2026-05-16,MEX,GDL,Volaris,Price unavailable
2025-12-15,2026-05-16,MEX,GDL,Viva,Price unavailable
2025-12-15,2026-05-11,MGA,MEX,Aeromexico,R$2087
2025-12-15,2026-05-13,MGA,MEX,Aeromexico,R$2087
2025-12-15,2026-05-15,MGA,MEX,Aeromexico,R$2087
2025-12-15,2026-05-10,MIA,GDL,Volaris,Price unavailable
2025-12-15,2026-05-11,MIA,GDL,Volaris,Price unavailable
2025-12-15,2026-05-13,MIA,GDL,Volaris,Price unavailable
2025-12-15,2026-05-15,MIA,GDL,Volaris,Price unavailable
2025-12-15,2026-05-10,ICN,MEX,Aeromexico,R$5538
2025-12-15,2026-05-11,ICN,MEX,Aeromexico,R$5258
2025-12-15,2026-05-12,ICN,MEX,Aeromexico,R$5258
2025-12-15,2026-05-13,ICN,MEX,Aeromexico,R$5258
2025-12-15,2026-05-14,ICN,MEX,Aeromexico,R$5258
2025-12-15,2026-05-15,ICN,MEX,Aeromexico,R$5538
2025-12-15,2026-05-16,ICN,MEX,Aeromexico,R$5538
2025-12-15,2026-05-10,OAX,NLU,Aeromexico,R$404
2025-12-15,2026-05-10,OAX,NLU,Viva,Price unavailable
2025-12-15,2026-05-10,OAX,NLU,Aeromexico,R$404
2025-12-15,2026-05-11,OAX,NLU,Aeromexico,R$404
2025-12-15,2026-05-11,OAX,NLU,Viva,Price unavailable
2025-12-15,2026-05-11,OAX,NLU,Aeromexico,R$404
2025-12-15,2026-05-12,OAX,NLU,Aeromexico,R$404
2025-12-15,2026-05-12,OAX,NLU,Viva,Price unavailable
2025-12-15,2026-05-12,OAX,NLU,Aeromexico,R$404
2025-12-15,2026-05-13,OAX,NLU,Aeromexico,R$404
2025-12-15,2026-05-13,OAX,NLU,Viva,Price unavailable
2025-12-15,2026-05-13,OAX,NLU,Aeromexico,R$404
2025-12-15,2026-05-14,OAX,NLU,Aeromexico,R$404
2025-12-15,2026-05-15,OAX,NLU,Aeromexico,R$404
2025-12-15,2026-05-15,OAX,NLU,Viva,Price unavailable
2025-12-15,2026-05-15,OAX,NLU,Aeromexico,R$404
2025-12-15,2026-05-16,OAX,NLU,Aeromexico,R$404
2025-12-15,2026-05-16,OAX,NLU,Viva,Price unavailable
2025-12-15,2026-05-16,OAX,NLU,Aeromexico,R$404
2025-12-15,2026-05-10,MEX,SCL,LATAM,R$3248
2025-12-15,2026-05-11,MEX,SCL,LATAM,R$3107
2025-12-15,2026-05-12,MEX,SCL,LATAM,R$3107
2025-12-15,2026-05-13,MEX,SCL,LATAM,R$3107
2025-12-15,2026-05-14,MEX,SCL,LATAM,R$3107
2025-12-15,2026-05-15,MEX,SCL,LATAM,R$3248
2025-12-15,2026-05-16,MEX,SCL,LATAM,R$3248
2025-12-15,2026-05-10,CUN,MIA,Aeromexico,R$1059
2025-12-15,2026-05-10,CUN,MIA,American,R$1495
2025-12-15,2026-05-10,CUN,MIA,American,R$1495
2025-12-15,2026-05-10,CUN,MIA,American,R$1495
2025-12-15,2026-05-10,CUN,MIA,American,R$1495
2025-12-15,2026-05-10,CUN,MIA,American,R$1495
2025-12-15,2026-05-10,CUN,MIA,American,R$1495
2025-12-15,2026-05-11,CUN,MIA,Aeromexico,R$1059
2025-12-15,2026-05-11,CUN,MIA,American,R$1071
2025-12-15,2026-05-11,CUN,MIA,American,R$1071
2025-12-15,2026-05-11,CUN,MIA,American,R$1071
2025-12-15,2026-05-11,CUN,MIA,Aeromexico,R$1059
2025-12-15,2026-05-11,CUN,MIA,American,R$1071
2025-12-15,2026-05-11,CUN,MIA,American,R$1071
2025-12-15,2026-05-12,CUN,MIA,Aeromexico,R$1059
2025-12-15,2026-05-12,CUN,MIA,American,R$1071
2025-12-15,2026-05-12,CUN,MIA,American,R$1071
2025-12-15,2026-05-12,CUN,MIA,American,R$1071
2025-12-15,2026-05-12,CUN,MIA,Aeromexico,R$1059
2025-12-15,2026-05-12,CUN,MIA,American,R$1071
2025-12-15,2026-05-12,CUN,MIA,American,R$1071
2025-12-15,2026-05-13,CUN,MIA,Aeromexico,R$1059
2025-12-15,2026-05-13,CUN,MIA,American,R$1071
2025-12-15,2026-05-13,CUN,MIA,American,R$1071
2025-12-15,2026-05-13,CUN,MIA,American,R$1071
2025-12-15,2026-05-13,CUN,MIA,Aeromexico,R$1059
2025-12-15,2026-05-13,CUN,MIA,American,R$1071
2025-12-15,2026-05-13,CUN,MIA,American,R$1071
2025-12-15,2026-05-14,CUN,MIA,Aeromexico,R$1059
2025-12-15,2026-05-14,CUN,MIA,American,R$1071
2025-12-15,2026-05-14,CUN,MIA,American,R$1071
2025-12-15,2026-05-14,CUN,MIA,American,R$1071
2025-12-15,2026-05-14,CUN,MIA,American,R$1071
2025-12-15,2026-05-14,CUN,MIA,American,R$1071
2025-12-15,2026-05-14,CUN,MIA,American,R$1071
2025-12-15,2026-05-15,CUN,MIA,Aeromexico,R$1059
2025-12-15,2026-05-15,CUN,MIA,American,R$1071
2025-12-15,2026-05-15,CUN,MIA,American,R$1071
2025-12-15,2026-05-15,CUN,MIA,American,R$1071
2025-12-15,2026-05-15,CUN,MIA,Aeromexico,R$1059
2025-12-15,2026-05-15,CUN,MIA,American,R$1071
2025-12-15,2026-05-15,CUN,MIA,American,R$1071
2025-12-15,2026-05-16,CUN,MIA,Aeromexico,R$1059
2025-12-15,2026-05-16,CUN,MIA,American,R$1071
2025-12-15,2026-05-16,CUN,MIA,American,R$1071
2025-12-15,2026-05-16,CUN,MIA,American,R$1071
2025-12-15,2026-05-16,CUN,MIA,American,R$1071
2025-12-15,2026-05-16,CUN,MIA,American,R$1071
2025-12-15,2026-05-16,CUN,MIA,American,R$1071
2025-12-15,2026-05-10,MEX,MXL,Aeromexico,R$1032
2025-12-15,2026-05-10,MEX,MXL,Aeromexico,R$1063
2025-12-15,2026-05-10,MEX,MXL,Volaris,Price unavailable
2025-12-15,2026-05-10,MEX,MXL,Aeromexico,R$1032
2025-12-15,2026-05-10,MEX,MXL,Aeromexico,R$1063
2025-12-15,2026-05-11,MEX,MXL,Aeromexico,R$1094
2025-12-15,2026-05-11,MEX,MXL,Aeromexico,R$1220
2025-12-15,2026-05-11,MEX,MXL,Volaris,Price unavailable
2025-12-15,2026-05-11,MEX,MXL,Aeromexico,R$1094
2025-12-15,2026-05-11,MEX,MXL,Aeromexico,R$1220
2025-12-15,2026-05-12,MEX,MXL,Aeromexico,R$1032
2025-12-15,2026-05-12,MEX,MXL,Aeromexico,R$1094
2025-12-15,2026-05-12,MEX,MXL,Volaris,Price unavailable
2025-12-15,2026-05-12,MEX,MXL,Aeromexico,R$1032
2025-12-15,2026-05-12,MEX,MXL,Aeromexico,R$1094
2025-12-15,2026-05-13,MEX,MXL,Aeromexico,R$1032
2025-12-15,2026-05-13,MEX,MXL,Aeromexico,R$1063
2025-12-15,2026-05-13,MEX,MXL,Volaris,Price unavailable
2025-12-15,2026-05-13,MEX,MXL,Aeromexico,R$1032
2025-12-15,2026-05-13,MEX,MXL,Aeromexico,R$1063
2025-12-15,2026-05-14,MEX,MXL,Aeromexico,R$1032
2025-12-15,2026-05-14,MEX,MXL,Aeromexico,R$1032
2025-12-15,2026-05-14,MEX,MXL,Volaris,Price unavailable
2025-12-15,2026-05-14,MEX,MXL,Aeromexico,R$1032
2025-12-15,2026-05-14,MEX,MXL,Aeromexico,R$1032
2025-12-15,2026-05-15,MEX,MXL,Aeromexico,R$1032
2025-12-15,2026-05-15,MEX,MXL,Aeromexico,R$1032
2025-12-15,2026-05-15,MEX,MXL,Volaris,Price unavailable
2025-12-15,2026-05-15,MEX,MXL,Aeromexico,R$1032
2025-12-15,2026-05-15,MEX,MXL,Aeromexico,R$1032
2025-12-15,2026-05-16,MEX,MXL,Aeromexico,R$1032
2025-12-15,2026-05-16,MEX,MXL,Aeromexico,R$1032
2025-12-15,2026-05-16,MEX,MXL,Volaris,Price unavailable
2025-12-15,2026-05-16,MEX,MXL,Aeromexico,R$1032
2025-12-15,2026-05-16,MEX,MXL,Aeromexico,R$1032
2025-12-15,2026-05-10,MEX,TPQ,Aeromexico,R$633
2025-12-15,2026-05-11,MEX,TPQ,Aeromexico,R$668
2025-12-15,2026-05-12,MEX,TPQ,Aeromexico,R$633
2025-12-15,2026-05-13,MEX,TPQ,Aeromexico,R$633
2025-12-15,2026-05-14,MEX,TPQ,Aeromexico,R$633
2025-12-15,2026-05-15,MEX,TPQ,Aeromexico,R$633
2025-12-15,2026-05-16,MEX,TPQ,Aeromexico,R$633
2025-12-15,2026-05-10,MEX,DEN,Aeromexico,R$964
2025-12-15,2026-05-10,MEX,DEN,United,R$1049
2025-12-15,2026-05-10,MEX,DEN,Volaris,Price unavailable
2025-12-15,2026-05-10,MEX,DEN,Aeromexico,R$964
2025-12-15,2026-05-10,MEX,DEN,United,R$1049
2025-12-15,2026-05-11,MEX,DEN,United,R$953
2025-12-15,2026-05-11,MEX,DEN,Aeromexico,R$964
2025-12-15,2026-05-11,MEX,DEN,Volaris,Price unavailable
2025-12-15,2026-05-11,MEX,DEN,United,R$953
2025-12-15,2026-05-11,MEX,DEN,Aeromexico,R$964
2025-12-15,2026-05-12,MEX,DEN,United,R$953
2025-12-15,2026-05-12,MEX,DEN,Aeromexico,R$964
2025-12-15,2026-05-12,MEX,DEN,Volaris,Price unavailable
2025-12-15,2026-05-12,MEX,DEN,United,R$953
2025-12-15,2026-05-12,MEX,DEN,Aeromexico,R$964
2025-12-15,2026-05-13,MEX,DEN,United,R$953
2025-12-15,2026-05-13,MEX,DEN,Aeromexico,R$964
2025-12-15,2026-05-13,MEX,DEN,Volaris,Price unavailable
2025-12-15,2026-05-13,MEX,DEN,United,R$953
2025-12-15,2026-05-13,MEX,DEN,Aeromexico,R$964
2025-12-15,2026-05-14,MEX,DEN,United,R$953
2025-12-15,2026-05-14,MEX,DEN,Aeromexico,R$964
2025-12-15,2026-05-14,MEX,DEN,Volaris,Price unavailable
2025-12-15,2026-05-14,MEX,DEN,United,R$953
2025-12-15,2026-05-14,MEX,DEN,Aeromexico,R$964
2025-12-15,2026-05-15,MEX,DEN,United,R$953
2025-12-15,2026-05-15,MEX,DEN,Aeromexico,R$964
2025-12-15,2026-05-15,MEX,DEN,Volaris,Price unavailable
2025-12-15,2026-05-15,MEX,DEN,United,R$953
2025-12-15,2026-05-15,MEX,DEN,Aeromexico,R$964
2025-12-15,2026-05-16,MEX,DEN,Aeromexico,R$964
2025-12-15,2026-05-16,MEX,DEN,United,R$1201
2025-12-15,2026-05-16,MEX,DEN,Volaris,Price unavailable
2025-12-15,2026-05-16,MEX,DEN,Aeromexico,R$964
2025-12-15,2026-05-16,MEX,DEN,United,R$1201
2025-12-15,2026-05-10,TPQ,MEX,Aeromexico,R$665
2025-12-15,2026-05-11,TPQ,MEX,Aeromexico,R$665
2025-12-15,2026-05-12,TPQ,MEX,Aeromexico,R$665
2025-12-15,2026-05-13,TPQ,MEX,Aeromexico,R$665
2025-12-15,2026-05-14,TPQ,MEX,Aeromexico,R$700
2025-12-15,2026-05-15,TPQ,MEX,Aeromexico,R$717
2025-12-15,2026-05-16,TPQ,MEX,Aeromexico,R$665
2025-12-15,2026-05-10,MEX,HMO,Aeromexico,R$926
2025-12-15,2026-05-10,MEX,HMO,Aeromexico,R$926
2025-12-15,2026-05-10,MEX,HMO,Aeromexico,R$926
2025-12-15,2026-05-10,MEX,HMO,Aeromexico,R$961
2025-12-15,2026-05-10,MEX,HMO,Viva,Price unavailable
2025-12-15,2026-05-10,MEX,HMO,Volaris,Price unavailable
2025-12-15,2026-05-10,MEX,HMO,Aeromexico,R$961
2025-12-15,2026-05-10,MEX,HMO,Aeromexico,R$926
2025-12-15,2026-05-10,MEX,HMO,Aeromexico,R$926
2025-12-15,2026-05-10,MEX,HMO,Aeromexico,R$926
2025-12-15,2026-05-10,MEX,HMO,Aeromexico,R$961
2025-12-15,2026-05-10,MEX,HMO,Viva,Price unavailable
2025-12-15,2026-05-10,MEX,HMO,Aeromexico,R$961
2025-12-15,2026-05-11,MEX,HMO,Aeromexico,R$996
2025-12-15,2026-05-11,MEX,HMO,Aeromexico,R$996
2025-12-15,2026-05-11,MEX,HMO,Aeromexico,R$996
2025-12-15,2026-05-11,MEX,HMO,Aeromexico,R$1031
2025-12-15,2026-05-11,MEX,HMO,Aeromexico,R$1066
2025-12-15,2026-05-11,MEX,HMO,Viva,Price unavailable
2025-12-15,2026-05-11,MEX,HMO,Volaris,Price unavailable
2025-12-15,2026-05-11,MEX,HMO,Aeromexico,R$996
2025-12-15,2026-05-11,MEX,HMO,Aeromexico,R$996
2025-12-15,2026-05-11,MEX,HMO,Aeromexico,R$996
2025-12-15,2026-05-11,MEX,HMO,Aeromexico,R$1031
2025-12-15,2026-05-11,MEX,HMO,Aeromexico,R$1066
2025-12-15,2026-05-11,MEX,HMO,Viva,Price unavailable
2025-12-15,2026-05-12,MEX,HMO,Aeromexico,R$926
2025-12-15,2026-05-12,MEX,HMO,Aeromexico,R$926
2025-12-15,2026-05-12,MEX,HMO,Aeromexico,R$961
2025-12-15,2026-05-12,MEX,HMO,Viva,Price unavailable
2025-12-15,2026-05-12,MEX,HMO,Volaris,Price unavailable
2025-12-15,2026-05-12,MEX,HMO,Aeromexico,R$926
2025-12-15,2026-05-12,MEX,HMO,Aeromexico,R$926
2025-12-15,2026-05-12,MEX,HMO,Aeromexico,R$926
2025-12-15,2026-05-12,MEX,HMO,Aeromexico,R$926
2025-12-15,2026-05-12,MEX,HMO,Aeromexico,R$961
2025-12-15,2026-05-12,MEX,HMO,Viva,Price unavailable
2025-12-15,2026-05-12,MEX,HMO,Aeromexico,R$926
2025-12-15,2026-05-12,MEX,HMO,Aeromexico,R$926
2025-12-15,2026-05-13,MEX,HMO,Aeromexico,R$926
2025-12-15,2026-05-13,MEX,HMO,Aeromexico,R$926
2025-12-15,2026-05-13,MEX,HMO,Aeromexico,R$926
2025-12-15,2026-05-13,MEX,HMO,Aeromexico,R$926
2025-12-15,2026-05-13,MEX,HMO,Viva,Price unavailable
2025-12-15,2026-05-13,MEX,HMO,Volaris,Price unavailable
2025-12-15,2026-05-13,MEX,HMO,Aeromexico,R$926
2025-12-15,2026-05-13,MEX,HMO,Aeromexico,R$926
2025-12-15,2026-05-13,MEX,HMO,Aeromexico,R$926
2025-12-15,2026-05-13,MEX,HMO,Aeromexico,R$926
2025-12-15,2026-05-13,MEX,HMO,Aeromexico,R$926
2025-12-15,2026-05-13,MEX,HMO,Viva,Price unavailable
2025-12-15,2026-05-13,MEX,HMO,Aeromexico,R$926
2025-12-15,2026-05-14,MEX,HMO,Aeromexico,R$926
2025-12-15,2026-05-14,MEX,HMO,Aeromexico,R$926
2025-12-15,2026-05-14,MEX,HMO,Aeromexico,R$926
2025-12-15,2026-05-14,MEX,HMO,Viva,Price unavailable
2025-12-15,2026-05-14,MEX,HMO,Volaris,Price unavailable
2025-12-15,2026-05-14,MEX,HMO,Aeromexico,R$926
2025-12-15,2026-05-14,MEX,HMO,Aeromexico,R$926
2025-12-15,2026-05-14,MEX,HMO,Aeromexico,R$926
2025-12-15,2026-05-14,MEX,HMO,Aeromexico,R$926
2025-12-15,2026-05-14,MEX,HMO,Aeromexico,R$926
2025-12-15,2026-05-14,MEX,HMO,Viva,Price unavailable
2025-12-15,2026-05-14,MEX,HMO,Aeromexico,R$926
2025-12-15,2026-05-14,MEX,HMO,Aeromexico,R$926
2025-12-15,2026-05-15,MEX,HMO,Aeromexico,R$926
2025-12-15,2026-05-15,MEX,HMO,Aeromexico,R$926
2025-12-15,2026-05-15,MEX,HMO,Aeromexico,R$926
2025-12-15,2026-05-15,MEX,HMO,Aeromexico,R$926
2025-12-15,2026-05-15,MEX,HMO,Aeromexico,R$926
2025-12-15,2026-05-15,MEX,HMO,Viva,Price unavailable
2025-12-15,2026-05-15,MEX,HMO,Volaris,Price unavailable
2025-12-15,2026-05-15,MEX,HMO,Aeromexico,R$926
2025-12-15,2026-05-15,MEX,HMO,Aeromexico,R$926
2025-12-15,2026-05-15,MEX,HMO,Aeromexico,R$926
2025-12-15,2026-05-15,MEX,HMO,Aeromexico,R$926
2025-12-15,2026-05-15,MEX,HMO,Aeromexico,R$926
2025-12-15,2026-05-15,MEX,HMO,Viva,Price unavailable
2025-12-15,2026-05-16,MEX,HMO,Aeromexico,R$926
2025-12-15,2026-05-16,MEX,HMO,Aeromexico,R$926
2025-12-15,2026-05-16,MEX,HMO,Aeromexico,R$926
2025-12-15,2026-05-16,MEX,HMO,Viva,Price unavailable
2025-12-15,2026-05-16,MEX,HMO,Volaris,Price unavailable
2025-12-15,2026-05-16,MEX,HMO,Aeromexico,R$926
2025-12-15,2026-05-16,MEX,HMO,Aeromexico,R$926
2025-12-15,2026-05-16,MEX,HMO,Aeromexico,R$926
2025-12-15,2026-05-16,MEX,HMO,Aeromexico,R$926
2025-12-15,2026-05-16,MEX,HMO,Viva,Price unavailable
2025-12-15,2026-05-16,MEX,HMO,Aeromexico,R$926
2025-12-15,2026-05-10,DTW,MTY,Aeromexico,R$2654
2025-12-15,2026-05-11,DTW,MTY,Aeromexico,R$3062
2025-12-15,2026-05-12,DTW,MTY,Aeromexico,R$3062
2025-12-15,2026-05-13,DTW,MTY,Aeromexico,R$2043
2025-12-15,2026-05-14,DTW,MTY,Aeromexico,R$2043
2025-12-15,2026-05-15,DTW,MTY,Aeromexico,R$2043
2025-12-15,2026-05-16,DTW,MTY,Aeromexico,R$2043
2025-12-15,2026-05-10,CTG,MEX,Aeromexico,R$1817
2025-12-15,2026-05-11,CTG,MEX,Aeromexico,R$1817
2025-12-15,2026-05-12,CTG,MEX,Aeromexico,R$1817
2025-12-15,2026-05-13,CTG,MEX,Aeromexico,R$1817
2025-12-15,2026-05-14,CTG,MEX,Aeromexico,R$1817
2025-12-15,2026-05-15,CTG,MEX,Aeromexico,R$1817
2025-12-15,2026-05-16,CTG,MEX,Aeromexico,R$1817
2025-12-15,2026-05-10,MEX,MTY,Aeromexico,R$750
2025-12-15,2026-05-10,MEX,MTY,Aeromexico,R$750
2025-12-15,2026-05-10,MEX,MTY,Aeromexico,R$750
2025-12-15,2026-05-10,MEX,MTY,Volaris,Price unavailable
2025-12-15,2026-05-10,MEX,MTY,Viva,Price unavailable
2025-12-15,2026-05-10,MEX,MTY,Aeromexico,R$750
2025-12-15,2026-05-10,MEX,MTY,Aeromexico,R$750
2025-12-15,2026-05-10,MEX,MTY,Aeromexico,R$750
2025-12-15,2026-05-10,MEX,MTY,Aeromexico,R$750
2025-12-15,2026-05-10,MEX,MTY,Aeromexico,R$750
2025-12-15,2026-05-10,MEX,MTY,Aeromexico,R$750
2025-12-15,2026-05-10,MEX,MTY,Aeromexico,R$785
2025-12-15,2026-05-10,MEX,MTY,Aeromexico,R$785
2025-12-15,2026-05-10,MEX,MTY,Aeromexico,R$785
2025-12-15,2026-05-10,MEX,MTY,Viva,Price unavailable
2025-12-15,2026-05-10,MEX,MTY,Volaris,Price unavailable
2025-12-15,2026-05-10,MEX,MTY,Viva,Price unavailable
2025-12-15,2026-05-10,MEX,MTY,Volaris,Price unavailable
2025-12-15,2026-05-10,MEX,MTY,Viva,Price unavailable
2025-12-15,2026-05-10,MEX,MTY,Viva,Price unavailable
2025-12-15,2026-05-10,MEX,MTY,Viva,Price unavailable
2025-12-15,2026-05-10,MEX,MTY,Viva,Price unavailable
2025-12-15,2026-05-10,MEX,MTY,Volaris,Price unavailable
2025-12-15,2026-05-10,MEX,MTY,Viva,Price unavailable
2025-12-15,2026-05-10,MEX,MTY,Volaris,Price unavailable
2025-12-15,2026-05-10,MEX,MTY,Aeromexico,R$750
2025-12-15,2026-05-10,MEX,MTY,Aeromexico,R$750
2025-12-15,2026-05-10,MEX,MTY,Aeromexico,R$750
2025-12-15,2026-05-10,MEX,MTY,Volaris,Price unavailable
2025-12-15,2026-05-10,MEX,MTY,Aeromexico,R$750
2025-12-15,2026-05-10,MEX,MTY,Aeromexico,R$750
2025-12-15,2026-05-10,MEX,MTY,Aeromexico,R$750
2025-12-15,2026-05-10,MEX,MTY,Aeromexico,R$750
2025-12-15,2026-05-10,MEX,MTY,Aeromexico,R$750
2025-12-15,2026-05-10,MEX,MTY,Aeromexico,R$750
2025-12-15,2026-05-10,MEX,MTY,Aeromexico,R$785
2025-12-15,2026-05-10,MEX,MTY,Aeromexico,R$785
2025-12-15,2026-05-10,MEX,MTY,Aeromexico,R$785
2025-12-15,2026-05-10,MEX,MTY,Viva,Price unavailable
2025-12-15,2026-05-10,MEX,MTY,Volaris,Price unavailable
2025-12-15,2026-05-10,MEX,MTY,Viva,Price unavailable
2025-12-15,2026-05-10,MEX,MTY,Volaris,Price unavailable
2025-12-15,2026-05-10,MEX,MTY,Viva,Price unavailable
2025-12-15,2026-05-10,MEX,MTY,Viva,Price unavailable
2025-12-15,2026-05-10,MEX,MTY,Viva,Price unavailable
2025-12-15,2026-05-10,MEX,MTY,Viva,Price unavailable
2025-12-15,2026-05-10,MEX,MTY,Volaris,Price unavailable
2025-12-15,2026-05-10,MEX,MTY,Viva,Price unavailable
2025-12-15,2026-05-10,MEX,MTY,Volaris,Price unavailable
2025-12-15,2026-05-11,MEX,MTY,Aeromexico,R$785
2025-12-15,2026-05-11,MEX,MTY,Aeromexico,R$785
2025-12-15,2026-05-11,MEX,MTY,Aeromexico,R$855
2025-12-15,2026-05-11,MEX,MTY,Aeromexico,R$855
2025-12-15,2026-05-11,MEX,MTY,Aeromexico,R$855
2025-12-15,2026-05-11,MEX,MTY,Volaris,Price unavailable
2025-12-15,2026-05-11,MEX,MTY,Viva,Price unavailable
2025-12-15,2026-05-11,MEX,MTY,Aeromexico,R$785
2025-12-15,2026-05-11,MEX,MTY,Aeromexico,R$785
2025-12-15,2026-05-11,MEX,MTY,Aeromexico,R$785
2025-12-15,2026-05-11,MEX,MTY,Aeromexico,R$855
2025-12-15,2026-05-11,MEX,MTY,Aeromexico,R$890
2025-12-15,2026-05-11,MEX,MTY,Aeromexico,R$890
2025-12-15,2026-05-11,MEX,MTY,Aeromexico,R$890
2025-12-15,2026-05-11,MEX,MTY,Aeromexico,R$925
2025-12-15,2026-05-11,MEX,MTY,Aeromexico,R$1200
2025-12-15,2026-05-11,MEX,MTY,Viva,Price unavailable
2025-12-15,2026-05-11,MEX,MTY,Volaris,Price unavailable
2025-12-15,2026-05-11,MEX,MTY,Viva,Price unavailable
2025-12-15,2026-05-11,MEX,MTY,Volaris,Price unavailable
2025-12-15,2026-05-11,MEX,MTY,Viva,Price unavailable
2025-12-15,2026-05-11,MEX,MTY,Viva,Price unavailable
2025-12-15,2026-05-11,MEX,MTY,Viva,Price unavailable
2025-12-15,2026-05-11,MEX,MTY,Viva,Price unavailable
2025-12-15,2026-05-11,MEX,MTY,Volaris,Price unavailable
2025-12-15,2026-05-11,MEX,MTY,Viva,Price unavailable
2025-12-15,2026-05-11,MEX,MTY,Volaris,Price unavailable
2025-12-15,2026-05-11,MEX,MTY,Aeromexico,R$785
2025-12-15,2026-05-11,MEX,MTY,Aeromexico,R$785
2025-12-15,2026-05-11,MEX,MTY,Aeromexico,R$855
2025-12-15,2026-05-11,MEX,MTY,Aeromexico,R$855
2025-12-15,2026-05-11,MEX,MTY,Aeromexico,R$855
2025-12-15,2026-05-11,MEX,MTY,Volaris,Price unavailable
2025-12-15,2026-05-11,MEX,MTY,Aeromexico,R$785
2025-12-15,2026-05-11,MEX,MTY,Aeromexico,R$785
2025-12-15,2026-05-11,MEX,MTY,Aeromexico,R$785
2025-12-15,2026-05-11,MEX,MTY,Aeromexico,R$855
2025-12-15,2026-05-11,MEX,MTY,Aeromexico,R$890
2025-12-15,2026-05-11,MEX,MTY,Aeromexico,R$890
2025-12-15,2026-05-11,MEX,MTY,Aeromexico,R$890
2025-12-15,2026-05-11,MEX,MTY,Aeromexico,R$925
2025-12-15,2026-05-11,MEX,MTY,Aeromexico,R$1200
2025-12-15,2026-05-11,MEX,MTY,Viva,Price unavailable
2025-12-15,2026-05-11,MEX,MTY,Volaris,Price unavailable
2025-12-15,2026-05-11,MEX,MTY,Viva,Price unavailable
2025-12-15,2026-05-11,MEX,MTY,Volaris,Price unavailable
2025-12-15,2026-05-11,MEX,MTY,Viva,Price unavailable
2025-12-15,2026-05-11,MEX,MTY,Viva,Price unavailable
2025-12-15,2026-05-11,MEX,MTY,Viva,Price unavailable
2025-12-15,2026-05-11,MEX,MTY,Viva,Price unavailable
2025-12-15,2026-05-11,MEX,MTY,Volaris,Price unavailable
2025-12-15,2026-05-11,MEX,MTY,Viva,Price unavailable
2025-12-15,2026-05-11,MEX,MTY,Volaris,Price unavailable
2025-12-15,2026-05-12,MEX,MTY,Aeromexico,R$750
2025-12-15,2026-05-12,MEX,MTY,Aeromexico,R$750
2025-12-15,2026-05-12,MEX,MTY,Aeromexico,R$750
2025-12-15,2026-05-12,MEX,MTY,Aeromexico,R$750
2025-12-15,2026-05-12,MEX,MTY,Volaris,Price unavailable
2025-12-15,2026-05-12,MEX,MTY,Viva,Price unavailable
2025-12-15,2026-05-12,MEX,MTY,Aeromexico,R$750
2025-12-15,2026-05-12,MEX,MTY,Aeromexico,R$750
2025-12-15,2026-05-12,MEX,MTY,Aeromexico,R$750
2025-12-15,2026-05-12,MEX,MTY,Aeromexico,R$785
2025-12-15,2026-05-12,MEX,MTY,Aeromexico,R$785
2025-12-15,2026-05-12,MEX,MTY,Aeromexico,R$785
2025-12-15,2026-05-12,MEX,MTY,Aeromexico,R$785
2025-12-15,2026-05-12,MEX,MTY,Aeromexico,R$785
2025-12-15,2026-05-12,MEX,MTY,Aeromexico,R$820
2025-12-15,2026-05-12,MEX,MTY,Aeromexico,R$820
2025-12-15,2026-05-12,MEX,MTY,Viva,Price unavailable
2025-12-15,2026-05-12,MEX,MTY,Volaris,Price unavailable
2025-12-15,2026-05-12,MEX,MTY,Viva,Price unavailable
2025-12-15,2026-05-12,MEX,MTY,Volaris,Price unavailable
2025-12-15,2026-05-12,MEX,MTY,Viva,Price unavailable
2025-12-15,2026-05-12,MEX,MTY,Viva,Price unavailable
2025-12-15,2026-05-12,MEX,MTY,Viva,Price unavailable
2025-12-15,2026-05-12,MEX,MTY,Viva,Price unavailable
2025-12-15,2026-05-12,MEX,MTY,Volaris,Price unavailable
2025-12-15,2026-05-12,MEX,MTY,Viva,Price unavailable
2025-12-15,2026-05-12,MEX,MTY,Volaris,Price unavailable
2025-12-15,2026-05-12,MEX,MTY,Aeromexico,R$750
2025-12-15,2026-05-12,MEX,MTY,Aeromexico,R$750
2025-12-15,2026-05-12,MEX,MTY,Aeromexico,R$750
2025-12-15,2026-05-12,MEX,MTY,Aeromexico,R$750
2025-12-15,2026-05-12,MEX,MTY,Volaris,Price unavailable
2025-12-15,2026-05-12,MEX,MTY,Aeromexico,R$750
2025-12-15,2026-05-12,MEX,MTY,Aeromexico,R$750
2025-12-15,2026-05-12,MEX,MTY,Aeromexico,R$750
2025-12-15,2026-05-12,MEX,MTY,Aeromexico,R$785
2025-12-15,2026-05-12,MEX,MTY,Aeromexico,R$785
2025-12-15,2026-05-12,MEX,MTY,Aeromexico,R$785
2025-12-15,2026-05-12,MEX,MTY,Aeromexico,R$785
2025-12-15,2026-05-12,MEX,MTY,Aeromexico,R$785
2025-12-15,2026-05-12,MEX,MTY,Aeromexico,R$820
2025-12-15,2026-05-12,MEX,MTY,Aeromexico,R$820
2025-12-15,2026-05-12,MEX,MTY,Viva,Price unavailable
2025-12-15,2026-05-12,MEX,MTY,Volaris,Price unavailable
2025-12-15,2026-05-12,MEX,MTY,Viva,Price unavailable
2025-12-15,2026-05-12,MEX,MTY,Volaris,Price unavailable
2025-12-15,2026-05-12,MEX,MTY,Viva,Price unavailable
2025-12-15,2026-05-12,MEX,MTY,Viva,Price unavailable
2025-12-15,2026-05-12,MEX,MTY,Viva,Price unavailable
2025-12-15,2026-05-12,MEX,MTY,Viva,Price unavailable
2025-12-15,2026-05-12,MEX,MTY,Volaris,Price unavailable
2025-12-15,2026-05-12,MEX,MTY,Viva,Price unavailable
2025-12-15,2026-05-12,MEX,MTY,Volaris,Price unavailable
2025-12-15,2026-05-13,MEX,MTY,Aeromexico,R$750
2025-12-15,2026-05-13,MEX,MTY,Aeromexico,R$750
2025-12-15,2026-05-13,MEX,MTY,Aeromexico,R$750
2025-12-15,2026-05-13,MEX,MTY,Volaris,Price unavailable
2025-12-15,2026-05-13,MEX,MTY,Viva,Price unavailable
2025-12-15,2026-05-13,MEX,MTY,Aeromexico,R$750
2025-12-15,2026-05-13,MEX,MTY,Aeromexico,R$750
2025-12-15,2026-05-13,MEX,MTY,Aeromexico,R$750
2025-12-15,2026-05-13,MEX,MTY,Aeromexico,R$750
2025-12-15,2026-05-13,MEX,MTY,Aeromexico,R$750
2025-12-15,2026-05-13,MEX,MTY,Aeromexico,R$785
2025-12-15,2026-05-13,MEX,MTY,Aeromexico,R$785
2025-12-15,2026-05-13,MEX,MTY,Aeromexico,R$785
2025-12-15,2026-05-13,MEX,MTY,Aeromexico,R$785
2025-12-15,2026-05-13,MEX,MTY,Aeromexico,R$820
2025-12-15,2026-05-13,MEX,MTY,Aeromexico,R$820
2025-12-15,2026-05-13,MEX,MTY,Viva,Price unavailable
2025-12-15,2026-05-13,MEX,MTY,Volaris,Price unavailable
2025-12-15,2026-05-13,MEX,MTY,Viva,Price unavailable
2025-12-15,2026-05-13,MEX,MTY,Volaris,Price unavailable
2025-12-15,2026-05-13,MEX,MTY,Viva,Price unavailable
2025-12-15,2026-05-13,MEX,MTY,Viva,Price unavailable
2025-12-15,2026-05-13,MEX,MTY,Viva,Price unavailable
2025-12-15,2026-05-13,MEX,MTY,Viva,Price unavailable
2025-12-15,2026-05-13,MEX,MTY,Volaris,Price unavailable
2025-12-15,2026-05-13,MEX,MTY,Viva,Price unavailable
2025-12-15,2026-05-13,MEX,MTY,Volaris,Price unavailable
2025-12-15,2026-05-13,MEX,MTY,Aeromexico,R$750
2025-12-15,2026-05-13,MEX,MTY,Aeromexico,R$750
2025-12-15,2026-05-13,MEX,MTY,Aeromexico,R$750
2025-12-15,2026-05-13,MEX,MTY,Volaris,Price unavailable
2025-12-15,2026-05-13,MEX,MTY,Aeromexico,R$750
2025-12-15,2026-05-13,MEX,MTY,Aeromexico,R$750
2025-12-15,2026-05-13,MEX,MTY,Aeromexico,R$750
2025-12-15,2026-05-13,MEX,MTY,Aeromexico,R$750
2025-12-15,2026-05-13,MEX,MTY,Aeromexico,R$750
2025-12-15,2026-05-13,MEX,MTY,Aeromexico,R$785
2025-12-15,2026-05-13,MEX,MTY,Aeromexico,R$785
2025-12-15,2026-05-13,MEX,MTY,Aeromexico,R$785
2025-12-15,2026-05-13,MEX,MTY,Aeromexico,R$785
2025-12-15,2026-05-13,MEX,MTY,Aeromexico,R$820
2025-12-15,2026-05-13,MEX,MTY,Aeromexico,R$820
2025-12-15,2026-05-13,MEX,MTY,Viva,Price unavailable
2025-12-15,2026-05-13,MEX,MTY,Volaris,Price unavailable
2025-12-15,2026-05-13,MEX,MTY,Viva,Price unavailable
2025-12-15,2026-05-13,MEX,MTY,Volaris,Price unavailable
2025-12-15,2026-05-13,MEX,MTY,Viva,Price unavailable
2025-12-15,2026-05-13,MEX,MTY,Viva,Price unavailable
2025-12-15,2026-05-13,MEX,MTY,Viva,Price unavailable
2025-12-15,2026-05-13,MEX,MTY,Viva,Price unavailable
2025-12-15,2026-05-13,MEX,MTY,Volaris,Price unavailable
2025-12-15,2026-05-13,MEX,MTY,Viva,Price unavailable
2025-12-15,2026-05-13,MEX,MTY,Volaris,Price unavailable
2025-12-15,2026-05-14,MEX,MTY,Aeromexico,R$750
2025-12-15,2026-05-14,MEX,MTY,Aeromexico,R$750
2025-12-15,2026-05-14,MEX,MTY,Aeromexico,R$750
2025-12-15,2026-05-14,MEX,MTY,Aeromexico,R$750
2025-12-15,2026-05-14,MEX,MTY,Aeromexico,R$750
2025-12-15,2026-05-14,MEX,MTY,Volaris,Price unavailable
2025-12-15,2026-05-14,MEX,MTY,Viva,Price unavailable
2025-12-15,2026-05-14,MEX,MTY,Aeromexico,R$750
2025-12-15,2026-05-14,MEX,MTY,Aeromexico,R$750
2025-12-15,2026-05-14,MEX,MTY,Aeromexico,R$750
2025-12-15,2026-05-14,MEX,MTY,Aeromexico,R$750
2025-12-15,2026-05-14,MEX,MTY,Aeromexico,R$750
2025-12-15,2026-05-14,MEX,MTY,Aeromexico,R$750
2025-12-15,2026-05-14,MEX,MTY,Aeromexico,R$750
2025-12-15,2026-05-14,MEX,MTY,Aeromexico,R$750
2025-12-15,2026-05-14,MEX,MTY,Aeromexico,R$750
2025-12-15,2026-05-14,MEX,MTY,Viva,Price unavailable
2025-12-15,2026-05-14,MEX,MTY,Volaris,Price unavailable
2025-12-15,2026-05-14,MEX,MTY,Viva,Price unavailable
2025-12-15,2026-05-14,MEX,MTY,Volaris,Price unavailable
2025-12-15,2026-05-14,MEX,MTY,Viva,Price unavailable
2025-12-15,2026-05-14,MEX,MTY,Viva,Price unavailable
2025-12-15,2026-05-14,MEX,MTY,Viva,Price unavailable
2025-12-15,2026-05-14,MEX,MTY,Viva,Price unavailable
2025-12-15,2026-05-14,MEX,MTY,Volaris,Price unavailable
2025-12-15,2026-05-14,MEX,MTY,Viva,Price unavailable
2025-12-15,2026-05-14,MEX,MTY,Volaris,Price unavailable
2025-12-15,2026-05-14,MEX,MTY,Aeromexico,R$750
2025-12-15,2026-05-14,MEX,MTY,Aeromexico,R$750
2025-12-15,2026-05-14,MEX,MTY,Aeromexico,R$750
2025-12-15,2026-05-14,MEX,MTY,Aeromexico,R$750
2025-12-15,2026-05-14,MEX,MTY,Aeromexico,R$750
2025-12-15,2026-05-14,MEX,MTY,Volaris,Price unavailable
2025-12-15,2026-05-14,MEX,MTY,Aeromexico,R$750
2025-12-15,2026-05-14,MEX,MTY,Aeromexico,R$750
2025-12-15,2026-05-14,MEX,MTY,Aeromexico,R$750
2025-12-15,2026-05-14,MEX,MTY,Aeromexico,R$750
2025-12-15,2026-05-14,MEX,MTY,Aeromexico,R$750
2025-12-15,2026-05-14,MEX,MTY,Aeromexico,R$750
2025-12-15,2026-05-14,MEX,MTY,Aeromexico,R$750
2025-12-15,2026-05-14,MEX,MTY,Aeromexico,R$750
2025-12-15,2026-05-14,MEX,MTY,Aeromexico,R$750
2025-12-15,2026-05-14,MEX,MTY,Viva,Price unavailable
2025-12-15,2026-05-14,MEX,MTY,Volaris,Price unavailable
2025-12-15,2026-05-14,MEX,MTY,Viva,Price unavailable
2025-12-15,2026-05-14,MEX,MTY,Volaris,Price unavailable
2025-12-15,2026-05-14,MEX,MTY,Viva,Price unavailable
2025-12-15,2026-05-14,MEX,MTY,Viva,Price unavailable
2025-12-15,2026-05-14,MEX,MTY,Viva,Price unavailable
2025-12-15,2026-05-14,MEX,MTY,Viva,Price unavailable
2025-12-15,2026-05-14,MEX,MTY,Volaris,Price unavailable
2025-12-15,2026-05-14,MEX,MTY,Viva,Price unavailable
2025-12-15,2026-05-14,MEX,MTY,Volaris,Price unavailable
2025-12-15,2026-05-15,MEX,MTY,Aeromexico,R$750
2025-12-15,2026-05-15,MEX,MTY,Aeromexico,R$750
2025-12-15,2026-05-15,MEX,MTY,Aeromexico,R$750
2025-12-15,2026-05-15,MEX,MTY,Volaris,Price unavailable
2025-12-15,2026-05-15,MEX,MTY,Viva,Price unavailable
2025-12-15,2026-05-15,MEX,MTY,Aeromexico,R$750
2025-12-15,2026-05-15,MEX,MTY,Aeromexico,R$750
2025-12-15,2026-05-15,MEX,MTY,Aeromexico,R$750
2025-12-15,2026-05-15,MEX,MTY,Aeromexico,R$750
2025-12-15,2026-05-15,MEX,MTY,Aeromexico,R$750
2025-12-15,2026-05-15,MEX,MTY,Aeromexico,R$750
2025-12-15,2026-05-15,MEX,MTY,Aeromexico,R$750
2025-12-15,2026-05-15,MEX,MTY,Aeromexico,R$785
2025-12-15,2026-05-15,MEX,MTY,Aeromexico,R$785
2025-12-15,2026-05-15,MEX,MTY,Aeromexico,R$785
2025-12-15,2026-05-15,MEX,MTY,Aeromexico,R$785
2025-12-15,2026-05-15,MEX,MTY,Viva,Price unavailable
2025-12-15,2026-05-15,MEX,MTY,Volaris,Price unavailable
2025-12-15,2026-05-15,MEX,MTY,Viva,Price unavailable
2025-12-15,2026-05-15,MEX,MTY,Volaris,Price unavailable
2025-12-15,2026-05-15,MEX,MTY,Viva,Price unavailable
2025-12-15,2026-05-15,MEX,MTY,Viva,Price unavailable
2025-12-15,2026-05-15,MEX,MTY,Viva,Price unavailable
2025-12-15,2026-05-15,MEX,MTY,Viva,Price unavailable
2025-12-15,2026-05-15,MEX,MTY,Volaris,Price unavailable
2025-12-15,2026-05-15,MEX,MTY,Viva,Price unavailable
2025-12-15,2026-05-15,MEX,MTY,Volaris,Price unavailable
2025-12-15,2026-05-15,MEX,MTY,Aeromexico,R$750
2025-12-15,2026-05-15,MEX,MTY,Aeromexico,R$750
2025-12-15,2026-05-15,MEX,MTY,Aeromexico,R$750
2025-12-15,2026-05-15,MEX,MTY,Volaris,Price unavailable
2025-12-15,2026-05-15,MEX,MTY,Aeromexico,R$750
2025-12-15,2026-05-15,MEX,MTY,Aeromexico,R$750
2025-12-15,2026-05-15,MEX,MTY,Aeromexico,R$750
2025-12-15,2026-05-15,MEX,MTY,Aeromexico,R$750
2025-12-15,2026-05-15,MEX,MTY,Aeromexico,R$750
2025-12-15,2026-05-15,MEX,MTY,Aeromexico,R$750
2025-12-15,2026-05-15,MEX,MTY,Aeromexico,R$750
2025-12-15,2026-05-15,MEX,MTY,Aeromexico,R$785
2025-12-15,2026-05-15,MEX,MTY,Aeromexico,R$785
2025-12-15,2026-05-15,MEX,MTY,Aeromexico,R$785
2025-12-15,2026-05-15,MEX,MTY,Aeromexico,R$785
2025-12-15,2026-05-15,MEX,MTY,Viva,Price unavailable
2025-12-15,2026-05-15,MEX,MTY,Volaris,Price unavailable
2025-12-15,2026-05-15,MEX,MTY,Viva,Price unavailable
2025-12-15,2026-05-15,MEX,MTY,Volaris,Price unavailable
2025-12-15,2026-05-15,MEX,MTY,Viva,Price unavailable
2025-12-15,2026-05-15,MEX,MTY,Viva,Price unavailable
2025-12-15,2026-05-15,MEX,MTY,Viva,Price unavailable
2025-12-15,2026-05-15,MEX,MTY,Viva,Price unavailable
2025-12-15,2026-05-15,MEX,MTY,Volaris,Price unavailable
2025-12-15,2026-05-15,MEX,MTY,Viva,Price unavailable
2025-12-15,2026-05-15,MEX,MTY,Volaris,Price unavailable
2025-12-15,2026-05-16,MEX,MTY,Aeromexico,R$750
2025-12-15,2026-05-16,MEX,MTY,Aeromexico,R$750
2025-12-15,2026-05-16,MEX,MTY,Aeromexico,R$750
2025-12-15,2026-05-16,MEX,MTY,Aeromexico,R$750
2025-12-15,2026-05-16,MEX,MTY,Volaris,Price unavailable
2025-12-15,2026-05-16,MEX,MTY,Viva,Price unavailable
2025-12-15,2026-05-16,MEX,MTY,Aeromexico,R$750
2025-12-15,2026-05-16,MEX,MTY,Aeromexico,R$750
2025-12-15,2026-05-16,MEX,MTY,Aeromexico,R$750
2025-12-15,2026-05-16,MEX,MTY,Aeromexico,R$750
2025-12-15,2026-05-16,MEX,MTY,Aeromexico,R$750
2025-12-15,2026-05-16,MEX,MTY,Viva,Price unavailable
2025-12-15,2026-05-16,MEX,MTY,Volaris,Price unavailable
2025-12-15,2026-05-16,MEX,MTY,Viva,Price unavailable
2025-12-15,2026-05-16,MEX,MTY,Volaris,Price unavailable
2025-12-15,2026-05-16,MEX,MTY,Viva,Price unavailable
2025-12-15,2026-05-16,MEX,MTY,Viva,Price unavailable
2025-12-15,2026-05-16,MEX,MTY,Viva,Price unavailable
2025-12-15,2026-05-16,MEX,MTY,Viva,Price unavailable
2025-12-15,2026-05-16,MEX,MTY,Volaris,Price unavailable
2025-12-15,2026-05-16,MEX,MTY,Viva,Price unavailable
2025-12-15,2026-05-16,MEX,MTY,Volaris,Price unavailable
2025-12-15,2026-05-16,MEX,MTY,Aeromexico,R$750
2025-12-15,2026-05-16,MEX,MTY,Aeromexico,R$750
2025-12-15,2026-05-16,MEX,MTY,Aeromexico,R$750
2025-12-15,2026-05-16,MEX,MTY,Aeromexico,R$750
2025-12-15,2026-05-16,MEX,MTY,Volaris,Price unavailable
2025-12-15,2026-05-16,MEX,MTY,Aeromexico,R$750
2025-12-15,2026-05-16,MEX,MTY,Aeromexico,R$750
2025-12-15,2026-05-16,MEX,MTY,Aeromexico,R$750
2025-12-15,2026-05-16,MEX,MTY,Aeromexico,R$750
2025-12-15,2026-05-16,MEX,MTY,Aeromexico,R$750
2025-12-15,2026-05-16,MEX,MTY,Viva,Price unavailable
2025-12-15,2026-05-16,MEX,MTY,Volaris,Price unavailable
2025-12-15,2026-05-16,MEX,MTY,Viva,Price unavailable
2025-12-15,2026-05-16,MEX,MTY,Volaris,Price unavailable
2025-12-15,2026-05-16,MEX,MTY,Viva,Price unavailable
2025-12-15,2026-05-16,MEX,MTY,Viva,Price unavailable
2025-12-15,2026-05-16,MEX,MTY,Viva,Price unavailable
2025-12-15,2026-05-16,MEX,MTY,Viva,Price unavailable
2025-12-15,2026-05-16,MEX,MTY,Volaris,Price unavailable
2025-12-15,2026-05-16,MEX,MTY,Viva,Price unavailable
2025-12-15,2026-05-16,MEX,MTY,Volaris,Price unavailable
2025-12-15,2026-05-10,TGZ,MEX,Aeromexico,R$842
2025-12-15,2026-05-10,TGZ,MEX,Volaris,Price unavailable
2025-12-15,2026-05-10,TGZ,MEX,Viva,Price unavailable
2025-12-15,2026-05-10,TGZ,MEX,Aeromexico,R$842
2025-12-15,2026-05-10,TGZ,MEX,Aeromexico,R$842
2025-12-15,2026-05-10,TGZ,MEX,Aeromexico,R$912
2025-12-15,2026-05-10,TGZ,MEX,Aeromexico,R$842
2025-12-15,2026-05-10,TGZ,MEX,Volaris,Price unavailable
2025-12-15,2026-05-10,TGZ,MEX,Aeromexico,R$842
2025-12-15,2026-05-10,TGZ,MEX,Aeromexico,R$842
2025-12-15,2026-05-10,TGZ,MEX,Aeromexico,R$912
2025-12-15,2026-05-11,TGZ,MEX,Aeromexico,R$844
2025-12-15,2026-05-11,TGZ,MEX,Aeromexico,R$844
2025-12-15,2026-05-11,TGZ,MEX,Aeromexico,R$844
2025-12-15,2026-05-11,TGZ,MEX,Volaris,Price unavailable
2025-12-15,2026-05-11,TGZ,MEX,Viva,Price unavailable
2025-12-15,2026-05-11,TGZ,MEX,Aeromexico,R$844
2025-12-15,2026-05-11,TGZ,MEX,Aeromexico,R$844
2025-12-15,2026-05-11,TGZ,MEX,Aeromexico,R$844
2025-12-15,2026-05-11,TGZ,MEX,Aeromexico,R$844
2025-12-15,2026-05-11,TGZ,MEX,Aeromexico,R$844
2025-12-15,2026-05-11,TGZ,MEX,Volaris,Price unavailable
2025-12-15,2026-05-11,TGZ,MEX,Aeromexico,R$844
2025-12-15,2026-05-11,TGZ,MEX,Aeromexico,R$844
2025-12-15,2026-05-12,TGZ,MEX,Aeromexico,R$842
2025-12-15,2026-05-12,TGZ,MEX,Aeromexico,R$842
2025-12-15,2026-05-12,TGZ,MEX,Aeromexico,R$842
2025-12-15,2026-05-12,TGZ,MEX,Volaris,Price unavailable
2025-12-15,2026-05-12,TGZ,MEX,Viva,Price unavailable
2025-12-15,2026-05-12,TGZ,MEX,Aeromexico,R$842
2025-12-15,2026-05-12,TGZ,MEX,Aeromexico,R$842
2025-12-15,2026-05-12,TGZ,MEX,Aeromexico,R$842
2025-12-15,2026-05-12,TGZ,MEX,Aeromexico,R$842
2025-12-15,2026-05-12,TGZ,MEX,Aeromexico,R$842
2025-12-15,2026-05-12,TGZ,MEX,Volaris,Price unavailable
2025-12-15,2026-05-12,TGZ,MEX,Aeromexico,R$842
2025-12-15,2026-05-12,TGZ,MEX,Aeromexico,R$842
2025-12-15,2026-05-13,TGZ,MEX,Aeromexico,R$844
2025-12-15,2026-05-13,TGZ,MEX,Aeromexico,R$844
2025-12-15,2026-05-13,TGZ,MEX,Aeromexico,R$844
2025-12-15,2026-05-13,TGZ,MEX,Aeromexico,R$844
2025-12-15,2026-05-13,TGZ,MEX,Aeromexico,R$844
2025-12-15,2026-05-13,TGZ,MEX,Volaris,Price unavailable
2025-12-15,2026-05-13,TGZ,MEX,Viva,Price unavailable
2025-12-15,2026-05-13,TGZ,MEX,Aeromexico,R$844
2025-12-15,2026-05-13,TGZ,MEX,Aeromexico,R$844
2025-12-15,2026-05-13,TGZ,MEX,Aeromexico,R$844
2025-12-15,2026-05-13,TGZ,MEX,Aeromexico,R$844
2025-12-15,2026-05-13,TGZ,MEX,Aeromexico,R$844
2025-12-15,2026-05-13,TGZ,MEX,Volaris,Price unavailable
2025-12-15,2026-05-14,TGZ,MEX,Aeromexico,R$877
2025-12-15,2026-05-14,TGZ,MEX,Aeromexico,R$877
2025-12-15,2026-05-14,TGZ,MEX,Aeromexico,R$877
2025-12-15,2026-05-14,TGZ,MEX,Aeromexico,R$877
2025-12-15,2026-05-14,TGZ,MEX,Aeromexico,R$912
2025-12-15,2026-05-14,TGZ,MEX,Volaris,Price unavailable
2025-12-15,2026-05-14,TGZ,MEX,Viva,Price unavailable
2025-12-15,2026-05-14,TGZ,MEX,Aeromexico,R$877
2025-12-15,2026-05-14,TGZ,MEX,Aeromexico,R$877
2025-12-15,2026-05-14,TGZ,MEX,Aeromexico,R$877
2025-12-15,2026-05-14,TGZ,MEX,Aeromexico,R$877
2025-12-15,2026-05-14,TGZ,MEX,Aeromexico,R$912
2025-12-15,2026-05-14,TGZ,MEX,Volaris,Price unavailable
2025-12-15,2026-05-15,TGZ,MEX,Aeromexico,R$914
2025-12-15,2026-05-15,TGZ,MEX,Aeromexico,R$914
2025-12-15,2026-05-15,TGZ,MEX,Aeromexico,R$949
2025-12-15,2026-05-15,TGZ,MEX,Aeromexico,R$949
2025-12-15,2026-05-15,TGZ,MEX,Volaris,Price unavailable
2025-12-15,2026-05-15,TGZ,MEX,Viva,Price unavailable
2025-12-15,2026-05-15,TGZ,MEX,Aeromexico,R$1054
2025-12-15,2026-05-15,TGZ,MEX,Aeromexico,R$914
2025-12-15,2026-05-15,TGZ,MEX,Aeromexico,R$914
2025-12-15,2026-05-15,TGZ,MEX,Aeromexico,R$949
2025-12-15,2026-05-15,TGZ,MEX,Aeromexico,R$949
2025-12-15,2026-05-15,TGZ,MEX,Volaris,Price unavailable
2025-12-15,2026-05-15,TGZ,MEX,Aeromexico,R$1054
2025-12-15,2026-05-16,TGZ,MEX,Aeromexico,R$842
2025-12-15,2026-05-16,TGZ,MEX,Aeromexico,R$842
2025-12-15,2026-05-16,TGZ,MEX,Aeromexico,R$842
2025-12-15,2026-05-16,TGZ,MEX,Volaris,Price unavailable
2025-12-15,2026-05-16,TGZ,MEX,Viva,Price unavailable
2025-12-15,2026-05-16,TGZ,MEX,Aeromexico,R$842
2025-12-15,2026-05-16,TGZ,MEX,Aeromexico,R$842
2025-12-15,2026-05-16,TGZ,MEX,Aeromexico,R$842
2025-12-15,2026-05-16,TGZ,MEX,Volaris,Price unavailable
2025-12-15,2026-05-10,GUA,MEX,Aeromexico,R$1042
2025-12-15,2026-05-10,GUA,MEX,Aeromexico,R$1042
2025-12-15,2026-05-10,GUA,MEX,Volaris Costa Rica,Price unavailable
2025-12-15,2026-05-10,GUA,MEX,Volaris,Price unavailable
2025-12-15,2026-05-10,GUA,MEX,Aeromexico,R$1042
2025-12-15,2026-05-10,GUA,MEX,Aeromexico,R$1042
2025-12-15,2026-05-10,GUA,MEX,Volaris Costa Rica,Price unavailable
2025-12-15,2026-05-11,GUA,MEX,Aeromexico,R$1044
2025-12-15,2026-05-11,GUA,MEX,Aeromexico,R$1712
2025-12-15,2026-05-11,GUA,MEX,Volaris Costa Rica,Price unavailable
2025-12-15,2026-05-11,GUA,MEX,Volaris,Price unavailable
2025-12-15,2026-05-11,GUA,MEX,Aeromexico,R$1044
2025-12-15,2026-05-11,GUA,MEX,Aeromexico,R$1712
2025-12-15,2026-05-11,GUA,MEX,Volaris Costa Rica,Price unavailable
2025-12-15,2026-05-12,GUA,MEX,Aeromexico,R$1042
2025-12-15,2026-05-12,GUA,MEX,Aeromexico,R$1042
2025-12-15,2026-05-12,GUA,MEX,Volaris Costa Rica,Price unavailable
2025-12-15,2026-05-12,GUA,MEX,Volaris,Price unavailable
2025-12-15,2026-05-12,GUA,MEX,Aeromexico,R$1042
2025-12-15,2026-05-12,GUA,MEX,Aeromexico,R$1042
2025-12-15,2026-05-12,GUA,MEX,Volaris Costa Rica,Price unavailable
2025-12-15,2026-05-13,GUA,MEX,Aeromexico,R$1042
2025-12-15,2026-05-13,GUA,MEX,Aeromexico,R$1042
2025-12-15,2026-05-13,GUA,MEX,Volaris Costa Rica,Price unavailable
2025-12-15,2026-05-13,GUA,MEX,Volaris,Price unavailable
2025-12-15,2026-05-13,GUA,MEX,Aeromexico,R$1042
2025-12-15,2026-05-13,GUA,MEX,Aeromexico,R$1042
2025-12-15,2026-05-13,GUA,MEX,Volaris Costa Rica,Price unavailable
2025-12-15,2026-05-14,GUA,MEX,Aeromexico,R$1044
2025-12-15,2026-05-14,GUA,MEX,Aeromexico,R$1044
2025-12-15,2026-05-14,GUA,MEX,Volaris Costa Rica,Price unavailable
2025-12-15,2026-05-14,GUA,MEX,Volaris,Price unavailable
2025-12-15,2026-05-14,GUA,MEX,Aeromexico,R$1044
2025-12-15,2026-05-14,GUA,MEX,Aeromexico,R$1044
2025-12-15,2026-05-14,GUA,MEX,Volaris Costa Rica,Price unavailable
2025-12-15,2026-05-15,GUA,MEX,Aeromexico,R$1042
2025-12-15,2026-05-15,GUA,MEX,Aeromexico,R$1042
2025-12-15,2026-05-15,GUA,MEX,Volaris Costa Rica,Price unavailable
2025-12-15,2026-05-15,GUA,MEX,Volaris,Price unavailable
2025-12-15,2026-05-15,GUA,MEX,Aeromexico,R$1042
2025-12-15,2026-05-15,GUA,MEX,Aeromexico,R$1042
2025-12-15,2026-05-15,GUA,MEX,Volaris Costa Rica,Price unavailable
2025-12-15,2026-05-16,GUA,MEX,Aeromexico,R$1044
2025-12-15,2026-05-16,GUA,MEX,Aeromexico,R$1044
2025-12-15,2026-05-16,GUA,MEX,Volaris,Price unavailable
2025-12-15,2026-05-16,GUA,MEX,Aeromexico,R$1044
2025-12-15,2026-05-16,GUA,MEX,Aeromexico,R$1044
2025-12-15,2026-05-10,NLU,CUN,Aeromexico,R$566
2025-12-15,2026-05-10,NLU,CUN,Volaris,Price unavailable
2025-12-15,2026-05-10,NLU,CUN,Viva,Price unavailable
2025-12-15,2026-05-10,NLU,CUN,Viva,Price unavailable
2025-12-15,2026-05-10,NLU,CUN,Viva,Price unavailable
2025-12-15,2026-05-10,NLU,CUN,Viva,Price unavailable
2025-12-15,2026-05-10,NLU,CUN,Viva,Price unavailable
2025-12-15,2026-05-10,NLU,CUN,Aeromexico,R$566
2025-12-15,2026-05-10,NLU,CUN,Volaris,Price unavailable
2025-12-15,2026-05-10,NLU,CUN,Viva,Price unavailable
2025-12-15,2026-05-10,NLU,CUN,Viva,Price unavailable
2025-12-15,2026-05-10,NLU,CUN,Viva,Price unavailable
2025-12-15,2026-05-10,NLU,CUN,Viva,Price unavailable
2025-12-15,2026-05-11,NLU,CUN,Aeromexico,R$566
2025-12-15,2026-05-11,NLU,CUN,Volaris,Price unavailable
2025-12-15,2026-05-11,NLU,CUN,Viva,Price unavailable
2025-12-15,2026-05-11,NLU,CUN,Viva,Price unavailable
2025-12-15,2026-05-11,NLU,CUN,Viva,Price unavailable
2025-12-15,2026-05-11,NLU,CUN,Viva,Price unavailable
2025-12-15,2026-05-11,NLU,CUN,Viva,Price unavailable
2025-12-15,2026-05-11,NLU,CUN,Aeromexico,R$566
2025-12-15,2026-05-11,NLU,CUN,Volaris,Price unavailable
2025-12-15,2026-05-11,NLU,CUN,Viva,Price unavailable
2025-12-15,2026-05-11,NLU,CUN,Viva,Price unavailable
2025-12-15,2026-05-11,NLU,CUN,Viva,Price unavailable
2025-12-15,2026-05-11,NLU,CUN,Viva,Price unavailable
2025-12-15,2026-05-12,NLU,CUN,Aeromexico,R$566
2025-12-15,2026-05-12,NLU,CUN,Volaris,Price unavailable
2025-12-15,2026-05-12,NLU,CUN,Viva,Price unavailable
2025-12-15,2026-05-12,NLU,CUN,Viva,Price unavailable
2025-12-15,2026-05-12,NLU,CUN,Viva,Price unavailable
2025-12-15,2026-05-12,NLU,CUN,Viva,Price unavailable
2025-12-15,2026-05-12,NLU,CUN,Viva,Price unavailable
2025-12-15,2026-05-12,NLU,CUN,Aeromexico,R$566
2025-12-15,2026-05-12,NLU,CUN,Volaris,Price unavailable
2025-12-15,2026-05-12,NLU,CUN,Viva,Price unavailable
2025-12-15,2026-05-12,NLU,CUN,Viva,Price unavailable
2025-12-15,2026-05-12,NLU,CUN,Viva,Price unavailable
2025-12-15,2026-05-12,NLU,CUN,Viva,Price unavailable
2025-12-15,2026-05-13,NLU,CUN,Aeromexico,R$722
2025-12-15,2026-05-13,NLU,CUN,Volaris,Price unavailable
2025-12-15,2026-05-13,NLU,CUN,Viva,Price unavailable
2025-12-15,2026-05-13,NLU,CUN,Viva,Price unavailable
2025-12-15,2026-05-13,NLU,CUN,Viva,Price unavailable
2025-12-15,2026-05-13,NLU,CUN,Viva,Price unavailable
2025-12-15,2026-05-13,NLU,CUN,Viva,Price unavailable
2025-12-15,2026-05-13,NLU,CUN,Aeromexico,R$722
2025-12-15,2026-05-13,NLU,CUN,Volaris,Price unavailable
2025-12-15,2026-05-13,NLU,CUN,Viva,Price unavailable
2025-12-15,2026-05-13,NLU,CUN,Viva,Price unavailable
2025-12-15,2026-05-13,NLU,CUN,Viva,Price unavailable
2025-12-15,2026-05-13,NLU,CUN,Viva,Price unavailable
2025-12-15,2026-05-14,NLU,CUN,Aeromexico,R$618
2025-12-15,2026-05-14,NLU,CUN,Volaris,Price unavailable
2025-12-15,2026-05-14,NLU,CUN,Viva,Price unavailable
2025-12-15,2026-05-14,NLU,CUN,Viva,Price unavailable
2025-12-15,2026-05-14,NLU,CUN,Viva,Price unavailable
2025-12-15,2026-05-14,NLU,CUN,Viva,Price unavailable
2025-12-15,2026-05-14,NLU,CUN,Viva,Price unavailable
2025-12-15,2026-05-14,NLU,CUN,Aeromexico,R$618
2025-12-15,2026-05-14,NLU,CUN,Volaris,Price unavailable
2025-12-15,2026-05-14,NLU,CUN,Viva,Price unavailable
2025-12-15,2026-05-14,NLU,CUN,Viva,Price unavailable
2025-12-15,2026-05-14,NLU,CUN,Viva,Price unavailable
2025-12-15,2026-05-14,NLU,CUN,Viva,Price unavailable
2025-12-15,2026-05-15,NLU,CUN,Aeromexico,R$671
2025-12-15,2026-05-15,NLU,CUN,Volaris,Price unavailable
2025-12-15,2026-05-15,NLU,CUN,Viva,Price unavailable
2025-12-15,2026-05-15,NLU,CUN,Viva,Price unavailable
2025-12-15,2026-05-15,NLU,CUN,Viva,Price unavailable
2025-12-15,2026-05-15,NLU,CUN,Viva,Price unavailable
2025-12-15,2026-05-15,NLU,CUN,Viva,Price unavailable
2025-12-15,2026-05-15,NLU,CUN,Aeromexico,R$671
2025-12-15,2026-05-15,NLU,CUN,Volaris,Price unavailable
2025-12-15,2026-05-15,NLU,CUN,Viva,Price unavailable
2025-12-15,2026-05-15,NLU,CUN,Viva,Price unavailable
2025-12-15,2026-05-15,NLU,CUN,Viva,Price unavailable
2025-12-15,2026-05-15,NLU,CUN,Viva,Price unavailable
2025-12-15,2026-05-16,NLU,CUN,Aeromexico,R$566
2025-12-15,2026-05-16,NLU,CUN,Volaris,Price unavailable
2025-12-15,2026-05-16,NLU,CUN,Viva,Price unavailable
2025-12-15,2026-05-16,NLU,CUN,Viva,Price unavailable
2025-12-15,2026-05-16,NLU,CUN,Viva,Price unavailable
2025-12-15,2026-05-16,NLU,CUN,Viva,Price unavailable
2025-12-15,2026-05-16,NLU,CUN,Viva,Price unavailable
2025-12-15,2026-05-16,NLU,CUN,Aeromexico,R$566
2025-12-15,2026-05-16,NLU,CUN,Volaris,Price unavailable
2025-12-15,2026-05-16,NLU,CUN,Viva,Price unavailable
2025-12-15,2026-05-16,NLU,CUN,Viva,Price unavailable
2025-12-15,2026-05-16,NLU,CUN,Viva,Price unavailable
2025-12-15,2026-05-16,NLU,CUN,Viva,Price unavailable
2025-12-15,2026-05-10,MEX,SAT,Aeromexico,R$983
2025-12-15,2026-05-10,MEX,SAT,Volaris,Price unavailable
2025-12-15,2026-05-10,MEX,SAT,Viva,Price unavailable
2025-12-15,2026-05-10,MEX,SAT,Aeromexico,R$983
2025-12-15,2026-05-10,MEX,SAT,Volaris,Price unavailable
2025-12-15,2026-05-11,MEX,SAT,Aeromexico,R$983
2025-12-15,2026-05-11,MEX,SAT,Volaris,Price unavailable
2025-12-15,2026-05-11,MEX,SAT,Viva,Price unavailable
2025-12-15,2026-05-11,MEX,SAT,Aeromexico,R$983
2025-12-15,2026-05-11,MEX,SAT,Volaris,Price unavailable
2025-12-15,2026-05-12,MEX,SAT,Aeromexico,R$983
2025-12-15,2026-05-12,MEX,SAT,Volaris,Price unavailable
2025-12-15,2026-05-12,MEX,SAT,Viva,Price unavailable
2025-12-15,2026-05-12,MEX,SAT,Aeromexico,R$983
2025-12-15,2026-05-12,MEX,SAT,Volaris,Price unavailable
2025-12-15,2026-05-13,MEX,SAT,Aeromexico,R$983
2025-12-15,2026-05-13,MEX,SAT,Volaris,Price unavailable
2025-12-15,2026-05-13,MEX,SAT,Viva,Price unavailable
2025-12-15,2026-05-13,MEX,SAT,Aeromexico,R$983
2025-12-15,2026-05-13,MEX,SAT,Volaris,Price unavailable
2025-12-15,2026-05-14,MEX,SAT,Aeromexico,R$983
2025-12-15,2026-05-14,MEX,SAT,Volaris,Price unavailable
2025-12-15,2026-05-14,MEX,SAT,Viva,Price unavailable
2025-12-15,2026-05-14,MEX,SAT,Aeromexico,R$983
2025-12-15,2026-05-14,MEX,SAT,Volaris,Price unavailable
2025-12-15,2026-05-15,MEX,SAT,Aeromexico,R$983
2025-12-15,2026-05-15,MEX,SAT,Volaris,Price unavailable
2025-12-15,2026-05-15,MEX,SAT,Viva,Price unavailable
2025-12-15,2026-05-15,MEX,SAT,Aeromexico,R$983
2025-12-15,2026-05-15,MEX,SAT,Volaris,Price unavailable
2025-12-15,2026-05-16,MEX,SAT,Aeromexico,R$983
2025-12-15,2026-05-16,MEX,SAT,Volaris,Price unavailable
2025-12-15,2026-05-16,MEX,SAT,Viva,Price unavailable
2025-12-15,2026-05-16,MEX,SAT,Aeromexico,R$983
2025-12-15,2026-05-16,MEX,SAT,Volaris,Price unavailable
2025-12-15,2026-05-10,GDL,FAT,Aeromexico,R$1139
2025-12-15,2026-05-10,GDL,FAT,Volaris,Price unavailable
2025-12-15,2026-05-10,GDL,FAT,Volaris,Price unavailable
2025-12-15,2026-05-10,GDL,FAT,Aeromexico,R$1139
2025-12-15,2026-05-10,GDL,FAT,Volaris,Price unavailable
2025-12-15,2026-05-11,GDL,FAT,Aeromexico,R$1026
2025-12-15,2026-05-11,GDL,FAT,Volaris,Price unavailable
2025-12-15,2026-05-11,GDL,FAT,Volaris,Price unavailable
2025-12-15,2026-05-11,GDL,FAT,Aeromexico,R$1026
2025-12-15,2026-05-11,GDL,FAT,Volaris,Price unavailable
2025-12-15,2026-05-12,GDL,FAT,Aeromexico,R$1139
2025-12-15,2026-05-12,GDL,FAT,Volaris,Price unavailable
2025-12-15,2026-05-12,GDL,FAT,Volaris,Price unavailable
2025-12-15,2026-05-12,GDL,FAT,Aeromexico,R$1139
2025-12-15,2026-05-12,GDL,FAT,Volaris,Price unavailable
2025-12-15,2026-05-13,GDL,FAT,Aeromexico,R$1139
2025-12-15,2026-05-13,GDL,FAT,Volaris,Price unavailable
2025-12-15,2026-05-13,GDL,FAT,Volaris,Price unavailable
2025-12-15,2026-05-13,GDL,FAT,Aeromexico,R$1139
2025-12-15,2026-05-13,GDL,FAT,Volaris,Price unavailable
2025-12-15,2026-05-14,GDL,FAT,Aeromexico,R$1026
2025-12-15,2026-05-14,GDL,FAT,Volaris,Price unavailable
2025-12-15,2026-05-14,GDL,FAT,Volaris,Price unavailable
2025-12-15,2026-05-14,GDL,FAT,Aeromexico,R$1026
2025-12-15,2026-05-14,GDL,FAT,Volaris,Price unavailable
2025-12-15,2026-05-15,GDL,FAT,Aeromexico,R$1026
2025-12-15,2026-05-15,GDL,FAT,Volaris,Price unavailable
2025-12-15,2026-05-15,GDL,FAT,Volaris,Price unavailable
2025-12-15,2026-05-15,GDL,FAT,Aeromexico,R$1026
2025-12-15,2026-05-15,GDL,FAT,Volaris,Price unavailable
2025-12-15,2026-05-16,GDL,FAT,Aeromexico,R$1139
2025-12-15,2026-05-16,GDL,FAT,Volaris,Price unavailable
2025-12-15,2026-05-16,GDL,FAT,Volaris,Price unavailable
2025-12-15,2026-05-16,GDL,FAT,Aeromexico,R$1139
2025-12-15,2026-05-16,GDL,FAT,Volaris,Price unavailable
2025-12-15,2026-05-10,SLC,MEX,Delta,R$2205
2025-12-15,2026-05-11,SLC,MEX,Delta,R$2096
2025-12-15,2026-05-12,SLC,MEX,Delta,R$2096
2025-12-15,2026-05-13,SLC,MEX,Delta,R$2096
2025-12-15,2026-05-14,SLC,MEX,Delta,R$2096
2025-12-15,2026-05-15,SLC,MEX,Delta,R$2205
2025-12-15,2026-05-16,SLC,MEX,Delta,R$2205
2025-12-15,2026-05-10,IAD,MEX,Aeromexico,R$1923
2025-12-15,2026-05-10,IAD,MEX,United,R$1923
2025-12-15,2026-05-10,IAD,MEX,Aeromexico,R$1923
2025-12-15,2026-05-11,IAD,MEX,Aeromexico,R$1814
2025-12-15,2026-05-11,IAD,MEX,United,R$1814
2025-12-15,2026-05-11,IAD,MEX,Aeromexico,R$1814
2025-12-15,2026-05-12,IAD,MEX,Aeromexico,R$1814
2025-12-15,2026-05-12,IAD,MEX,United,R$1814
2025-12-15,2026-05-12,IAD,MEX,Aeromexico,R$1814
2025-12-15,2026-05-13,IAD,MEX,Aeromexico,R$1814
2025-12-15,2026-05-13,IAD,MEX,United,R$1814
2025-12-15,2026-05-13,IAD,MEX,Aeromexico,R$1814
2025-12-15,2026-05-14,IAD,MEX,Aeromexico,R$1814
2025-12-15,2026-05-14,IAD,MEX,United,R$1814
2025-12-15,2026-05-14,IAD,MEX,Aeromexico,R$1814
2025-12-15,2026-05-15,IAD,MEX,Aeromexico,R$1923
2025-12-15,2026-05-15,IAD,MEX,United,R$1923
2025-12-15,2026-05-15,IAD,MEX,Aeromexico,R$1923
2025-12-15,2026-05-16,IAD,MEX,Aeromexico,R$1923
2025-12-15,2026-05-16,IAD,MEX,United,R$1923
2025-12-15,2026-05-16,IAD,MEX,Aeromexico,R$1923
2025-12-15,2026-05-10,MEX,CPE,Aeromexico,R$884
2025-12-15,2026-05-10,MEX,CPE,Aeromexico,R$884
2025-12-15,2026-05-10,MEX,CPE,Aeromexico,R$884
2025-12-15,2026-05-11,MEX,CPE,Aeromexico,R$954
2025-12-15,2026-05-11,MEX,CPE,Aeromexico,R$1094
2025-12-15,2026-05-11,MEX,CPE,Aeromexico,R$954
2025-12-15,2026-05-12,MEX,CPE,Aeromexico,R$884
2025-12-15,2026-05-12,MEX,CPE,Aeromexico,R$1024
2025-12-15,2026-05-12,MEX,CPE,Aeromexico,R$884
2025-12-15,2026-05-13,MEX,CPE,Aeromexico,R$919
2025-12-15,2026-05-13,MEX,CPE,Aeromexico,R$919
2025-12-15,2026-05-13,MEX,CPE,Aeromexico,R$919
2025-12-15,2026-05-14,MEX,CPE,Aeromexico,R$884
2025-12-15,2026-05-14,MEX,CPE,Aeromexico,R$884
2025-12-15,2026-05-14,MEX,CPE,Aeromexico,R$884
2025-12-15,2026-05-15,MEX,CPE,Aeromexico,R$884
2025-12-15,2026-05-15,MEX,CPE,Aeromexico,R$884
2025-12-15,2026-05-15,MEX,CPE,Aeromexico,R$884
2025-12-15,2026-05-16,MEX,CPE,Aeromexico,R$884
2025-12-15,2026-05-10,MIA,MEX,Aeromexico,R$1418
2025-12-15,2026-05-10,MIA,MEX,American,R$1418
2025-12-15,2026-05-10,MIA,MEX,Volaris,Price unavailable
2025-12-15,2026-05-10,MIA,MEX,American,R$1418
2025-12-15,2026-05-10,MIA,MEX,Aeromexico,R$1418
2025-12-15,2026-05-10,MIA,MEX,American,R$1418
2025-12-15,2026-05-10,MIA,MEX,Aeromexico,R$1418
2025-12-15,2026-05-10,MIA,MEX,American,R$1418
2025-12-15,2026-05-10,MIA,MEX,American,R$1418
2025-12-15,2026-05-10,MIA,MEX,Aeromexico,R$1418
2025-12-15,2026-05-10,MIA,MEX,American,R$1418
2025-12-15,2026-05-11,MIA,MEX,Aeromexico,R$1310
2025-12-15,2026-05-11,MIA,MEX,Aeromexico,R$1310
2025-12-15,2026-05-11,MIA,MEX,American,R$1418
2025-12-15,2026-05-11,MIA,MEX,Volaris,Price unavailable
2025-12-15,2026-05-11,MIA,MEX,Aeromexico,R$1310
2025-12-15,2026-05-11,MIA,MEX,American,R$1418
2025-12-15,2026-05-11,MIA,MEX,Aeromexico,R$1310
2025-12-15,2026-05-11,MIA,MEX,Aeromexico,R$1310
2025-12-15,2026-05-11,MIA,MEX,American,R$1418
2025-12-15,2026-05-11,MIA,MEX,Aeromexico,R$1310
2025-12-15,2026-05-11,MIA,MEX,American,R$1418
2025-12-15,2026-05-12,MIA,MEX,Aeromexico,R$1310
2025-12-15,2026-05-12,MIA,MEX,American,R$1310
2025-12-15,2026-05-12,MIA,MEX,Volaris,Price unavailable
2025-12-15,2026-05-12,MIA,MEX,American,R$1310
2025-12-15,2026-05-12,MIA,MEX,Aeromexico,R$1310
2025-12-15,2026-05-12,MIA,MEX,American,R$1310
2025-12-15,2026-05-12,MIA,MEX,Aeromexico,R$1310
2025-12-15,2026-05-12,MIA,MEX,American,R$1310
2025-12-15,2026-05-12,MIA,MEX,American,R$1310
2025-12-15,2026-05-12,MIA,MEX,Aeromexico,R$1310
2025-12-15,2026-05-12,MIA,MEX,American,R$1310
2025-12-15,2026-05-13,MIA,MEX,Aeromexico,R$1310
2025-12-15,2026-05-13,MIA,MEX,American,R$1310
2025-12-15,2026-05-13,MIA,MEX,Volaris,Price unavailable
2025-12-15,2026-05-13,MIA,MEX,American,R$1310
2025-12-15,2026-05-13,MIA,MEX,Aeromexico,R$1310
2025-12-15,2026-05-13,MIA,MEX,American,R$1310
2025-12-15,2026-05-13,MIA,MEX,Aeromexico,R$1310
2025-12-15,2026-05-13,MIA,MEX,American,R$1310
2025-12-15,2026-05-13,MIA,MEX,American,R$1310
2025-12-15,2026-05-13,MIA,MEX,Aeromexico,R$1310
2025-12-15,2026-05-13,MIA,MEX,American,R$1310
2025-12-15,2026-05-14,MIA,MEX,Aeromexico,R$1310
2025-12-15,2026-05-14,MIA,MEX,American,R$1310
2025-12-15,2026-05-14,MIA,MEX,Volaris,Price unavailable
2025-12-15,2026-05-14,MIA,MEX,American,R$1310
2025-12-15,2026-05-14,MIA,MEX,Aeromexico,R$1310
2025-12-15,2026-05-14,MIA,MEX,American,R$1310
2025-12-15,2026-05-14,MIA,MEX,Aeromexico,R$1310
2025-12-15,2026-05-14,MIA,MEX,American,R$1310
2025-12-15,2026-05-14,MIA,MEX,American,R$1310
2025-12-15,2026-05-14,MIA,MEX,Aeromexico,R$1310
2025-12-15,2026-05-14,MIA,MEX,American,R$1310
2025-12-15,2026-05-15,MIA,MEX,American,R$1310
2025-12-15,2026-05-15,MIA,MEX,American,R$1310
2025-12-15,2026-05-15,MIA,MEX,Volaris,Price unavailable
2025-12-15,2026-05-15,MIA,MEX,American,R$1310
2025-12-15,2026-05-15,MIA,MEX,Aeromexico,R$1418
2025-12-15,2026-05-15,MIA,MEX,Aeromexico,R$1418
2025-12-15,2026-05-15,MIA,MEX,American,R$1310
2025-12-15,2026-05-15,MIA,MEX,American,R$1310
2025-12-15,2026-05-15,MIA,MEX,American,R$1310
2025-12-15,2026-05-15,MIA,MEX,Aeromexico,R$1418
2025-12-15,2026-05-15,MIA,MEX,Aeromexico,R$1418
2025-12-15,2026-05-16,MIA,MEX,Aeromexico,R$1418
2025-12-15,2026-05-16,MIA,MEX,American,R$1418
2025-12-15,2026-05-16,MIA,MEX,Volaris,Price unavailable
2025-12-15,2026-05-16,MIA,MEX,American,R$1418
2025-12-15,2026-05-16,MIA,MEX,Aeromexico,R$1418
2025-12-15,2026-05-16,MIA,MEX,Aeromexico,R$1418
2025-12-15,2026-05-16,MIA,MEX,Aeromexico,R$1418
2025-12-15,2026-05-16,MIA,MEX,American,R$1418
2025-12-15,2026-05-16,MIA,MEX,American,R$1418
2025-12-15,2026-05-16,MIA,MEX,Aeromexico,R$1418
2025-12-15,2026-05-16,MIA,MEX,Aeromexico,R$1418
2025-12-15,2026-05-10,TAM,MEX,Aeromexico,R$653
2025-12-15,2026-05-10,TAM,MEX,Aeromexico,R$653
2025-12-15,2026-05-10,TAM,MEX,Aeromexico,R$781
2025-12-15,2026-05-10,TAM,MEX,Aeromexico,R$793
2025-12-15,2026-05-10,TAM,MEX,Aeromexico,R$653
2025-12-15,2026-05-10,TAM,MEX,Aeromexico,R$653
2025-12-15,2026-05-10,TAM,MEX,Aeromexico,R$781
2025-12-15,2026-05-11,TAM,MEX,Aeromexico,R$653
2025-12-15,2026-05-11,TAM,MEX,Aeromexico,R$653
2025-12-15,2026-05-11,TAM,MEX,Aeromexico,R$653
2025-12-15,2026-05-11,TAM,MEX,Aeromexico,R$723
2025-12-15,2026-05-11,TAM,MEX,Aeromexico,R$653
2025-12-15,2026-05-11,TAM,MEX,Aeromexico,R$653
2025-12-15,2026-05-11,TAM,MEX,Aeromexico,R$723
2025-12-15,2026-05-12,TAM,MEX,Aeromexico,R$653
2025-12-15,2026-05-12,TAM,MEX,Aeromexico,R$653
2025-12-15,2026-05-12,TAM,MEX,Aeromexico,R$653
2025-12-15,2026-05-12,TAM,MEX,Aeromexico,R$653
2025-12-15,2026-05-12,TAM,MEX,Aeromexico,R$653
2025-12-15,2026-05-12,TAM,MEX,Aeromexico,R$653
2025-12-15,2026-05-12,TAM,MEX,Aeromexico,R$653
2025-12-15,2026-05-13,TAM,MEX,Aeromexico,R$653
2025-12-15,2026-05-13,TAM,MEX,Aeromexico,R$653
2025-12-15,2026-05-13,TAM,MEX,Aeromexico,R$653
2025-12-15,2026-05-13,TAM,MEX,Aeromexico,R$653
2025-12-15,2026-05-13,TAM,MEX,Aeromexico,R$653
2025-12-15,2026-05-13,TAM,MEX,Aeromexico,R$653
2025-12-15,2026-05-13,TAM,MEX,Aeromexico,R$653
2025-12-15,2026-05-14,TAM,MEX,Aeromexico,R$688
2025-12-15,2026-05-14,TAM,MEX,Aeromexico,R$688
2025-12-15,2026-05-14,TAM,MEX,Aeromexico,R$723
2025-12-15,2026-05-14,TAM,MEX,Aeromexico,R$793
2025-12-15,2026-05-14,TAM,MEX,Aeromexico,R$688
2025-12-15,2026-05-14,TAM,MEX,Aeromexico,R$688
2025-12-15,2026-05-14,TAM,MEX,Aeromexico,R$793
2025-12-15,2026-05-15,TAM,MEX,Aeromexico,R$705
2025-12-15,2026-05-15,TAM,MEX,Aeromexico,R$705
2025-12-15,2026-05-15,TAM,MEX,Aeromexico,R$705
2025-12-15,2026-05-15,TAM,MEX,Aeromexico,R$845
2025-12-15,2026-05-15,TAM,MEX,Aeromexico,R$705
2025-12-15,2026-05-15,TAM,MEX,Aeromexico,R$705
2025-12-15,2026-05-15,TAM,MEX,Aeromexico,R$845
2025-12-15,2026-05-16,TAM,MEX,Aeromexico,R$653
2025-12-15,2026-05-16,TAM,MEX,Aeromexico,R$653
2025-12-15,2026-05-16,TAM,MEX,Aeromexico,R$653
2025-12-15,2026-05-16,TAM,MEX,Aeromexico,R$653
2025-12-15,2026-05-16,TAM,MEX,Aeromexico,R$653
2025-12-15,2026-05-10,MEX,CME,Aeromexico,R$814
2025-12-15,2026-05-10,MEX,CME,Aeromexico,R$886
2025-12-15,2026-05-10,MEX,CME,Aeromexico,R$814
2025-12-15,2026-05-11,MEX,CME,Aeromexico,R$936
2025-12-15,2026-05-11,MEX,CME,Aeromexico,R$936
2025-12-15,2026-05-11,MEX,CME,Aeromexico,R$936
2025-12-15,2026-05-12,MEX,CME,Aeromexico,R$814
2025-12-15,2026-05-12,MEX,CME,Aeromexico,R$884
2025-12-15,2026-05-12,MEX,CME,Aeromexico,R$814
2025-12-15,2026-05-13,MEX,CME,Aeromexico,R$849
2025-12-15,2026-05-13,MEX,CME,Aeromexico,R$884
2025-12-15,2026-05-13,MEX,CME,Aeromexico,R$849
2025-12-15,2026-05-14,MEX,CME,Aeromexico,R$814
2025-12-15,2026-05-14,MEX,CME,Aeromexico,R$814
2025-12-15,2026-05-14,MEX,CME,Aeromexico,R$814
2025-12-15,2026-05-15,MEX,CME,Aeromexico,R$814
2025-12-15,2026-05-15,MEX,CME,Aeromexico,R$814
2025-12-15,2026-05-15,MEX,CME,Aeromexico,R$814
2025-12-15,2026-05-10,MEX,OAX,Aeromexico,R$685
2025-12-15,2026-05-10,MEX,OAX,Volaris,Price unavailable
2025-12-15,2026-05-10,MEX,OAX,Viva,Price unavailable
2025-12-15,2026-05-10,MEX,OAX,Aeromexico,R$685
2025-12-15,2026-05-10,MEX,OAX,Aeromexico,R$685
2025-12-15,2026-05-10,MEX,OAX,Aeromexico,R$685
2025-12-15,2026-05-10,MEX,OAX,Aeromexico,R$685
2025-12-15,2026-05-10,MEX,OAX,Volaris,Price unavailable
2025-12-15,2026-05-10,MEX,OAX,Aeromexico,R$685
2025-12-15,2026-05-10,MEX,OAX,Aeromexico,R$685
2025-12-15,2026-05-10,MEX,OAX,Aeromexico,R$685
2025-12-15,2026-05-11,MEX,OAX,Aeromexico,R$685
2025-12-15,2026-05-11,MEX,OAX,Aeromexico,R$685
2025-12-15,2026-05-11,MEX,OAX,Aeromexico,R$720
2025-12-15,2026-05-11,MEX,OAX,Volaris,Price unavailable
2025-12-15,2026-05-11,MEX,OAX,Viva,Price unavailable
2025-12-15,2026-05-11,MEX,OAX,Aeromexico,R$685
2025-12-15,2026-05-11,MEX,OAX,Aeromexico,R$685
2025-12-15,2026-05-11,MEX,OAX,Aeromexico,R$685
2025-12-15,2026-05-11,MEX,OAX,Aeromexico,R$720
2025-12-15,2026-05-11,MEX,OAX,Volaris,Price unavailable
2025-12-15,2026-05-11,MEX,OAX,Aeromexico,R$685
2025-12-15,2026-05-12,MEX,OAX,Aeromexico,R$685
2025-12-15,2026-05-12,MEX,OAX,Aeromexico,R$685
2025-12-15,2026-05-12,MEX,OAX,Aeromexico,R$685
2025-12-15,2026-05-12,MEX,OAX,Volaris,Price unavailable
2025-12-15,2026-05-12,MEX,OAX,Viva,Price unavailable
2025-12-15,2026-05-12,MEX,OAX,Aeromexico,R$685
2025-12-15,2026-05-12,MEX,OAX,Aeromexico,R$685
2025-12-15,2026-05-12,MEX,OAX,Aeromexico,R$685
2025-12-15,2026-05-12,MEX,OAX,Aeromexico,R$685
2025-12-15,2026-05-12,MEX,OAX,Volaris,Price unavailable
2025-12-15,2026-05-12,MEX,OAX,Aeromexico,R$685
2025-12-15,2026-05-13,MEX,OAX,Aeromexico,R$685
2025-12-15,2026-05-13,MEX,OAX,Volaris,Price unavailable
2025-12-15,2026-05-13,MEX,OAX,Viva,Price unavailable
2025-12-15,2026-05-13,MEX,OAX,Aeromexico,R$685
2025-12-15,2026-05-13,MEX,OAX,Aeromexico,R$685
2025-12-15,2026-05-13,MEX,OAX,Aeromexico,R$790
2025-12-15,2026-05-13,MEX,OAX,Aeromexico,R$685
2025-12-15,2026-05-13,MEX,OAX,Volaris,Price unavailable
2025-12-15,2026-05-13,MEX,OAX,Aeromexico,R$685
2025-12-15,2026-05-13,MEX,OAX,Aeromexico,R$685
2025-12-15,2026-05-13,MEX,OAX,Aeromexico,R$790
2025-12-15,2026-05-14,MEX,OAX,Aeromexico,R$738
2025-12-15,2026-05-14,MEX,OAX,Aeromexico,R$738
2025-12-15,2026-05-14,MEX,OAX,Aeromexico,R$738
2025-12-15,2026-05-14,MEX,OAX,Volaris,Price unavailable
2025-12-15,2026-05-14,MEX,OAX,Viva,Price unavailable
2025-12-15,2026-05-14,MEX,OAX,Aeromexico,R$773
2025-12-15,2026-05-14,MEX,OAX,Aeromexico,R$738
2025-12-15,2026-05-14,MEX,OAX,Aeromexico,R$738
2025-12-15,2026-05-14,MEX,OAX,Aeromexico,R$738
2025-12-15,2026-05-14,MEX,OAX,Volaris,Price unavailable
2025-12-15,2026-05-14,MEX,OAX,Aeromexico,R$773
2025-12-15,2026-05-15,MEX,OAX,Aeromexico,R$755
2025-12-15,2026-05-15,MEX,OAX,Aeromexico,R$790
2025-12-15,2026-05-15,MEX,OAX,Aeromexico,R$895
2025-12-15,2026-05-15,MEX,OAX,Volaris,Price unavailable
2025-12-15,2026-05-15,MEX,OAX,Viva,Price unavailable
2025-12-15,2026-05-15,MEX,OAX,Aeromexico,R$1178
2025-12-15,2026-05-15,MEX,OAX,Aeromexico,R$755
2025-12-15,2026-05-15,MEX,OAX,Aeromexico,R$790
2025-12-15,2026-05-15,MEX,OAX,Aeromexico,R$895
2025-12-15,2026-05-15,MEX,OAX,Volaris,Price unavailable
2025-12-15,2026-05-15,MEX,OAX,Aeromexico,R$1178
2025-12-15,2026-05-16,MEX,OAX,Aeromexico,R$685
2025-12-15,2026-05-16,MEX,OAX,Aeromexico,R$685
2025-12-15,2026-05-16,MEX,OAX,Aeromexico,R$685
2025-12-15,2026-05-16,MEX,OAX,Volaris,Price unavailable
2025-12-15,2026-05-16,MEX,OAX,Viva,Price unavailable
2025-12-15,2026-05-16,MEX,OAX,Aeromexico,R$685
2025-12-15,2026-05-16,MEX,OAX,Aeromexico,R$685
2025-12-15,2026-05-16,MEX,OAX,Aeromexico,R$685
2025-12-15,2026-05-16,MEX,OAX,Volaris,Price unavailable
2025-12-15,2026-05-10,LAX,MEX,Delta,R$1727
2025-12-15,2026-05-10,LAX,MEX,American,R$1727
2025-12-15,2026-05-10,LAX,MEX,Aeromexico,R$1727
2025-12-15,2026-05-10,LAX,MEX,Viva,Price unavailable
2025-12-15,2026-05-10,LAX,MEX,Volaris,Price unavailable
2025-12-15,2026-05-10,LAX,MEX,Aeromexico,R$1727
2025-12-15,2026-05-10,LAX,MEX,Aeromexico,R$1727
2025-12-15,2026-05-10,LAX,MEX,Aeromexico,R$1727
2025-12-15,2026-05-10,LAX,MEX,Delta,R$1727
2025-12-15,2026-05-10,LAX,MEX,American,R$1727
2025-12-15,2026-05-10,LAX,MEX,Aeromexico,R$1727
2025-12-15,2026-05-10,LAX,MEX,Viva,Price unavailable
2025-12-15,2026-05-10,LAX,MEX,Aeromexico,R$1727
2025-12-15,2026-05-10,LAX,MEX,Aeromexico,R$1727
2025-12-15,2026-05-10,LAX,MEX,Aeromexico,R$1727
2025-12-15,2026-05-11,LAX,MEX,Aeromexico,R$1619
2025-12-15,2026-05-11,LAX,MEX,Delta,R$1619
2025-12-15,2026-05-11,LAX,MEX,Aeromexico,R$1619
2025-12-15,2026-05-11,LAX,MEX,American,R$1727
2025-12-15,2026-05-11,LAX,MEX,Viva,Price unavailable
2025-12-15,2026-05-11,LAX,MEX,Volaris,Price unavailable
2025-12-15,2026-05-11,LAX,MEX,Aeromexico,R$1619
2025-12-15,2026-05-11,LAX,MEX,Aeromexico,R$1619
2025-12-15,2026-05-11,LAX,MEX,Aeromexico,R$1619
2025-12-15,2026-05-11,LAX,MEX,Delta,R$1619
2025-12-15,2026-05-11,LAX,MEX,Aeromexico,R$1619
2025-12-15,2026-05-11,LAX,MEX,American,R$1727
2025-12-15,2026-05-11,LAX,MEX,Viva,Price unavailable
2025-12-15,2026-05-11,LAX,MEX,Aeromexico,R$1619
2025-12-15,2026-05-11,LAX,MEX,Aeromexico,R$1619
2025-12-15,2026-05-12,LAX,MEX,Aeromexico,R$1619
2025-12-15,2026-05-12,LAX,MEX,Delta,R$1619
2025-12-15,2026-05-12,LAX,MEX,American,R$1619
2025-12-15,2026-05-12,LAX,MEX,Viva,Price unavailable
2025-12-15,2026-05-12,LAX,MEX,Volaris,Price unavailable
2025-12-15,2026-05-12,LAX,MEX,Aeromexico,R$1619
2025-12-15,2026-05-12,LAX,MEX,Aeromexico,R$1619
2025-12-15,2026-05-12,LAX,MEX,Aeromexico,R$1619
2025-12-15,2026-05-12,LAX,MEX,Aeromexico,R$1619
2025-12-15,2026-05-12,LAX,MEX,Delta,R$1619
2025-12-15,2026-05-12,LAX,MEX,American,R$1619
2025-12-15,2026-05-12,LAX,MEX,Viva,Price unavailable
2025-12-15,2026-05-12,LAX,MEX,Aeromexico,R$1619
2025-12-15,2026-05-12,LAX,MEX,Aeromexico,R$1619
2025-12-15,2026-05-12,LAX,MEX,Aeromexico,R$1619
2025-12-15,2026-05-13,LAX,MEX,Aeromexico,R$1619
2025-12-15,2026-05-13,LAX,MEX,Delta,R$1619
2025-12-15,2026-05-13,LAX,MEX,American,R$1619
2025-12-15,2026-05-13,LAX,MEX,Viva,Price unavailable
2025-12-15,2026-05-13,LAX,MEX,Volaris,Price unavailable
2025-12-15,2026-05-13,LAX,MEX,Aeromexico,R$1619
2025-12-15,2026-05-13,LAX,MEX,Aeromexico,R$1619
2025-12-15,2026-05-13,LAX,MEX,Aeromexico,R$1619
2025-12-15,2026-05-13,LAX,MEX,Aeromexico,R$1619
2025-12-15,2026-05-13,LAX,MEX,Delta,R$1619
2025-12-15,2026-05-13,LAX,MEX,American,R$1619
2025-12-15,2026-05-13,LAX,MEX,Viva,Price unavailable
2025-12-15,2026-05-13,LAX,MEX,Aeromexico,R$1619
2025-12-15,2026-05-13,LAX,MEX,Aeromexico,R$1619
2025-12-15,2026-05-13,LAX,MEX,Aeromexico,R$1619
2025-12-15,2026-05-14,LAX,MEX,Aeromexico,R$1619
2025-12-15,2026-05-14,LAX,MEX,Delta,R$1619
2025-12-15,2026-05-14,LAX,MEX,American,R$1619
2025-12-15,2026-05-14,LAX,MEX,Aeromexico,R$1619
2025-12-15,2026-05-14,LAX,MEX,Viva,Price unavailable
2025-12-15,2026-05-14,LAX,MEX,Volaris,Price unavailable
2025-12-15,2026-05-14,LAX,MEX,Aeromexico,R$1619
2025-12-15,2026-05-14,LAX,MEX,Aeromexico,R$1619
2025-12-15,2026-05-14,LAX,MEX,Aeromexico,R$1619
2025-12-15,2026-05-14,LAX,MEX,Delta,R$1619
2025-12-15,2026-05-14,LAX,MEX,American,R$1619
2025-12-15,2026-05-14,LAX,MEX,Aeromexico,R$1619
2025-12-15,2026-05-14,LAX,MEX,Viva,Price unavailable
2025-12-15,2026-05-14,LAX,MEX,Aeromexico,R$1619
2025-12-15,2026-05-14,LAX,MEX,Aeromexico,R$1619
2025-12-15,2026-05-15,LAX,MEX,American,R$1619
2025-12-15,2026-05-15,LAX,MEX,Aeromexico,R$1727
2025-12-15,2026-05-15,LAX,MEX,Delta,R$1727
2025-12-15,2026-05-15,LAX,MEX,Viva,Price unavailable
2025-12-15,2026-05-15,LAX,MEX,Volaris,Price unavailable
2025-12-15,2026-05-15,LAX,MEX,Aeromexico,R$1727
2025-12-15,2026-05-15,LAX,MEX,Aeromexico,R$1727
2025-12-15,2026-05-15,LAX,MEX,Aeromexico,R$1727
2025-12-15,2026-05-15,LAX,MEX,American,R$1619
2025-12-15,2026-05-15,LAX,MEX,Aeromexico,R$1727
2025-12-15,2026-05-15,LAX,MEX,Delta,R$1727
2025-12-15,2026-05-15,LAX,MEX,Viva,Price unavailable
2025-12-15,2026-05-15,LAX,MEX,Aeromexico,R$1727
2025-12-15,2026-05-15,LAX,MEX,Aeromexico,R$1727
2025-12-15,2026-05-15,LAX,MEX,Aeromexico,R$1727
2025-12-15,2026-05-16,LAX,MEX,Aeromexico,R$1727
2025-12-15,2026-05-16,LAX,MEX,Delta,R$1727
2025-12-15,2026-05-16,LAX,MEX,American,R$1727
2025-12-15,2026-05-16,LAX,MEX,Viva,Price unavailable
2025-12-15,2026-05-16,LAX,MEX,Volaris,Price unavailable
2025-12-15,2026-05-16,LAX,MEX,Aeromexico,R$1727
2025-12-15,2026-05-16,LAX,MEX,Aeromexico,R$1727
2025-12-15,2026-05-16,LAX,MEX,Aeromexico,R$1727
2025-12-15,2026-05-16,LAX,MEX,Aeromexico,R$1727
2025-12-15,2026-05-16,LAX,MEX,Delta,R$1727
2025-12-15,2026-05-16,LAX,MEX,American,R$1727
2025-12-15,2026-05-16,LAX,MEX,Viva,Price unavailable
2025-12-15,2026-05-16,LAX,MEX,Aeromexico,R$1727
2025-12-15,2026-05-16,LAX,MEX,Aeromexico,R$1727
2025-12-15,2026-05-16,LAX,MEX,Aeromexico,R$1727
2025-12-15,2026-05-10,MEX,REX,Aeromexico,R$813
2025-12-15,2026-05-10,MEX,REX,Viva,Price unavailable
2025-12-15,2026-05-10,MEX,REX,Aeromexico,R$813
2025-12-15,2026-05-11,MEX,REX,Aeromexico,R$598
2025-12-15,2026-05-11,MEX,REX,Viva,Price unavailable
2025-12-15,2026-05-11,MEX,REX,Aeromexico,R$598
2025-12-15,2026-05-12,MEX,REX,Aeromexico,R$719
2025-12-15,2026-05-12,MEX,REX,Viva,Price unavailable
2025-12-15,2026-05-12,MEX,REX,Aeromexico,R$719
2025-12-15,2026-05-13,MEX,REX,Aeromexico,R$719
2025-12-15,2026-05-13,MEX,REX,Viva,Price unavailable
2025-12-15,2026-05-13,MEX,REX,Aeromexico,R$719
2025-12-15,2026-05-14,MEX,REX,Aeromexico,R$719
2025-12-15,2026-05-14,MEX,REX,Viva,Price unavailable
2025-12-15,2026-05-14,MEX,REX,Aeromexico,R$719
2025-12-15,2026-05-15,MEX,REX,Aeromexico,R$719
2025-12-15,2026-05-15,MEX,REX,Viva,Price unavailable
2025-12-15,2026-05-15,MEX,REX,Aeromexico,R$719
2025-12-15,2026-05-16,MEX,REX,Aeromexico,R$719
2025-12-15,2026-05-16,MEX,REX,Viva,Price unavailable
2025-12-15,2026-05-16,MEX,REX,Aeromexico,R$719
2025-12-15,2026-05-10,PHL,MEX,Aeromexico,R$1960
2025-12-15,2026-05-11,PHL,MEX,Aeromexico,R$1852
2025-12-15,2026-05-12,PHL,MEX,Aeromexico,R$1852
2025-12-15,2026-05-13,PHL,MEX,Aeromexico,R$1852
2025-12-15,2026-05-14,PHL,MEX,Aeromexico,R$1852
2025-12-15,2026-05-15,PHL,MEX,Aeromexico,R$1960
2025-12-15,2026-05-16,PHL,MEX,Aeromexico,R$1960
2025-12-15,2026-05-10,MEX,LIM,LATAM,R$2680
2025-12-15,2026-05-10,MEX,LIM,Aeromexico,R$2698
2025-12-15,2026-05-10,MEX,LIM,Volaris,Price unavailable
2025-12-15,2026-05-10,MEX,LIM,LATAM,R$2680
2025-12-15,2026-05-10,MEX,LIM,Aeromexico,R$2698
2025-12-15,2026-05-11,MEX,LIM,LATAM,R$2606
2025-12-15,2026-05-11,MEX,LIM,Aeromexico,R$2630
2025-12-15,2026-05-11,MEX,LIM,Volaris,Price unavailable
2025-12-15,2026-05-11,MEX,LIM,LATAM,R$2606
2025-12-15,2026-05-11,MEX,LIM,Aeromexico,R$2630
2025-12-15,2026-05-12,MEX,LIM,LATAM,R$2606
2025-12-15,2026-05-12,MEX,LIM,Aeromexico,R$2630
2025-12-15,2026-05-12,MEX,LIM,Volaris,Price unavailable
2025-12-15,2026-05-12,MEX,LIM,LATAM,R$2606
2025-12-15,2026-05-12,MEX,LIM,Aeromexico,R$2630
2025-12-15,2026-05-13,MEX,LIM,LATAM,R$2606
2025-12-15,2026-05-13,MEX,LIM,Aeromexico,R$2630
2025-12-15,2026-05-13,MEX,LIM,Volaris,Price unavailable
2025-12-15,2026-05-13,MEX,LIM,LATAM,R$2606
2025-12-15,2026-05-13,MEX,LIM,Aeromexico,R$2630
2025-12-15,2026-05-14,MEX,LIM,LATAM,R$2606
2025-12-15,2026-05-14,MEX,LIM,Aeromexico,R$2630
2025-12-15,2026-05-14,MEX,LIM,Volaris,Price unavailable
2025-12-15,2026-05-14,MEX,LIM,LATAM,R$2606
2025-12-15,2026-05-14,MEX,LIM,Aeromexico,R$2630
2025-12-15,2026-05-15,MEX,LIM,LATAM,R$2680
2025-12-15,2026-05-15,MEX,LIM,Aeromexico,R$2698
2025-12-15,2026-05-15,MEX,LIM,Volaris,Price unavailable
2025-12-15,2026-05-15,MEX,LIM,LATAM,R$2680
2025-12-15,2026-05-15,MEX,LIM,Aeromexico,R$2698
2025-12-15,2026-05-16,MEX,LIM,LATAM,R$2680
2025-12-15,2026-05-16,MEX,LIM,Aeromexico,R$2698
2025-12-15,2026-05-16,MEX,LIM,Volaris,Price unavailable
2025-12-15,2026-05-16,MEX,LIM,LATAM,R$2680
2025-12-15,2026-05-16,MEX,LIM,Aeromexico,R$2698
2025-12-15,2026-05-10,MEX,TIJ,Aeromexico,R$1072
2025-12-15,2026-05-10,MEX,TIJ,Aeromexico,R$1103
2025-12-15,2026-05-10,MEX,TIJ,Aeromexico,R$1103
2025-12-15,2026-05-10,MEX,TIJ,Aeromexico,R$1198
2025-12-15,2026-05-10,MEX,TIJ,Volaris,Price unavailable
2025-12-15,2026-05-10,MEX,TIJ,Viva,Price unavailable
2025-12-15,2026-05-10,MEX,TIJ,Aeromexico,R$1198
2025-12-15,2026-05-10,MEX,TIJ,Aeromexico,R$1198
2025-12-15,2026-05-10,MEX,TIJ,Viva,Price unavailable
2025-12-15,2026-05-10,MEX,TIJ,Volaris,Price unavailable
2025-12-15,2026-05-10,MEX,TIJ,Volaris,Price unavailable
2025-12-15,2026-05-10,MEX,TIJ,Viva,Price unavailable
2025-12-15,2026-05-10,MEX,TIJ,Aeromexico,R$1072
2025-12-15,2026-05-10,MEX,TIJ,Aeromexico,R$1103
2025-12-15,2026-05-10,MEX,TIJ,Aeromexico,R$1103
2025-12-15,2026-05-10,MEX,TIJ,Aeromexico,R$1198
2025-12-15,2026-05-10,MEX,TIJ,Volaris,Price unavailable
2025-12-15,2026-05-10,MEX,TIJ,Aeromexico,R$1198
2025-12-15,2026-05-10,MEX,TIJ,Aeromexico,R$1198
2025-12-15,2026-05-10,MEX,TIJ,Viva,Price unavailable
2025-12-15,2026-05-10,MEX,TIJ,Volaris,Price unavailable
2025-12-15,2026-05-10,MEX,TIJ,Volaris,Price unavailable
2025-12-15,2026-05-10,MEX,TIJ,Viva,Price unavailable
2025-12-15,2026-05-11,MEX,TIJ,Aeromexico,R$1056
2025-12-15,2026-05-11,MEX,TIJ,Aeromexico,R$1088
2025-12-15,2026-05-11,MEX,TIJ,Aeromexico,R$1151
2025-12-15,2026-05-11,MEX,TIJ,Aeromexico,R$1182
2025-12-15,2026-05-11,MEX,TIJ,Volaris,Price unavailable
2025-12-15,2026-05-11,MEX,TIJ,Viva,Price unavailable
2025-12-15,2026-05-11,MEX,TIJ,Aeromexico,R$1088
2025-12-15,2026-05-11,MEX,TIJ,Aeromexico,R$1182
2025-12-15,2026-05-11,MEX,TIJ,Aeromexico,R$1182
2025-12-15,2026-05-11,MEX,TIJ,Aeromexico,R$1182
2025-12-15,2026-05-11,MEX,TIJ,Viva,Price unavailable
2025-12-15,2026-05-11,MEX,TIJ,Volaris,Price unavailable
2025-12-15,2026-05-11,MEX,TIJ,Volaris,Price unavailable
2025-12-15,2026-05-11,MEX,TIJ,Viva,Price unavailable
2025-12-15,2026-05-11,MEX,TIJ,Aeromexico,R$1056
2025-12-15,2026-05-11,MEX,TIJ,Aeromexico,R$1088
2025-12-15,2026-05-11,MEX,TIJ,Aeromexico,R$1151
2025-12-15,2026-05-11,MEX,TIJ,Aeromexico,R$1182
2025-12-15,2026-05-11,MEX,TIJ,Volaris,Price unavailable
2025-12-15,2026-05-11,MEX,TIJ,Aeromexico,R$1088
2025-12-15,2026-05-11,MEX,TIJ,Aeromexico,R$1182
2025-12-15,2026-05-11,MEX,TIJ,Aeromexico,R$1182
2025-12-15,2026-05-11,MEX,TIJ,Aeromexico,R$1182
2025-12-15,2026-05-11,MEX,TIJ,Viva,Price unavailable
2025-12-15,2026-05-11,MEX,TIJ,Volaris,Price unavailable
2025-12-15,2026-05-11,MEX,TIJ,Volaris,Price unavailable
2025-12-15,2026-05-11,MEX,TIJ,Viva,Price unavailable
2025-12-15,2026-05-12,MEX,TIJ,Aeromexico,R$1009
2025-12-15,2026-05-12,MEX,TIJ,Aeromexico,R$1009
2025-12-15,2026-05-12,MEX,TIJ,Aeromexico,R$1009
2025-12-15,2026-05-12,MEX,TIJ,Volaris,Price unavailable
2025-12-15,2026-05-12,MEX,TIJ,Viva,Price unavailable
2025-12-15,2026-05-12,MEX,TIJ,Aeromexico,R$1009
2025-12-15,2026-05-12,MEX,TIJ,Aeromexico,R$1009
2025-12-15,2026-05-12,MEX,TIJ,Aeromexico,R$1009
2025-12-15,2026-05-12,MEX,TIJ,Aeromexico,R$1041
2025-12-15,2026-05-12,MEX,TIJ,Aeromexico,R$1041
2025-12-15,2026-05-12,MEX,TIJ,Viva,Price unavailable
2025-12-15,2026-05-12,MEX,TIJ,Volaris,Price unavailable
2025-12-15,2026-05-12,MEX,TIJ,Volaris,Price unavailable
2025-12-15,2026-05-12,MEX,TIJ,Viva,Price unavailable
2025-12-15,2026-05-12,MEX,TIJ,Aeromexico,R$1009
2025-12-15,2026-05-12,MEX,TIJ,Aeromexico,R$1009
2025-12-15,2026-05-12,MEX,TIJ,Aeromexico,R$1009
2025-12-15,2026-05-12,MEX,TIJ,Volaris,Price unavailable
2025-12-15,2026-05-12,MEX,TIJ,Aeromexico,R$1009
2025-12-15,2026-05-12,MEX,TIJ,Aeromexico,R$1009
2025-12-15,2026-05-12,MEX,TIJ,Aeromexico,R$1009
2025-12-15,2026-05-12,MEX,TIJ,Aeromexico,R$1041
2025-12-15,2026-05-12,MEX,TIJ,Aeromexico,R$1041
2025-12-15,2026-05-12,MEX,TIJ,Viva,Price unavailable
2025-12-15,2026-05-12,MEX,TIJ,Volaris,Price unavailable
2025-12-15,2026-05-12,MEX,TIJ,Volaris,Price unavailable
2025-12-15,2026-05-12,MEX,TIJ,Viva,Price unavailable
2025-12-15,2026-05-13,MEX,TIJ,Aeromexico,R$1009
2025-12-15,2026-05-13,MEX,TIJ,Aeromexico,R$1009
2025-12-15,2026-05-13,MEX,TIJ,Aeromexico,R$1009
2025-12-15,2026-05-13,MEX,TIJ,Aeromexico,R$1009
2025-12-15,2026-05-13,MEX,TIJ,Volaris,Price unavailable
2025-12-15,2026-05-13,MEX,TIJ,Viva,Price unavailable
2025-12-15,2026-05-13,MEX,TIJ,Aeromexico,R$1009
2025-12-15,2026-05-13,MEX,TIJ,Aeromexico,R$1009
2025-12-15,2026-05-13,MEX,TIJ,Aeromexico,R$1009
2025-12-15,2026-05-13,MEX,TIJ,Aeromexico,R$1009
2025-12-15,2026-05-13,MEX,TIJ,Viva,Price unavailable
2025-12-15,2026-05-13,MEX,TIJ,Volaris,Price unavailable
2025-12-15,2026-05-13,MEX,TIJ,Volaris,Price unavailable
2025-12-15,2026-05-13,MEX,TIJ,Viva,Price unavailable
2025-12-15,2026-05-13,MEX,TIJ,Aeromexico,R$1009
2025-12-15,2026-05-13,MEX,TIJ,Aeromexico,R$1009
2025-12-15,2026-05-13,MEX,TIJ,Aeromexico,R$1009
2025-12-15,2026-05-13,MEX,TIJ,Aeromexico,R$1009
2025-12-15,2026-05-13,MEX,TIJ,Volaris,Price unavailable
2025-12-15,2026-05-13,MEX,TIJ,Aeromexico,R$1009
2025-12-15,2026-05-13,MEX,TIJ,Aeromexico,R$1009
2025-12-15,2026-05-13,MEX,TIJ,Aeromexico,R$1009
2025-12-15,2026-05-13,MEX,TIJ,Aeromexico,R$1009
2025-12-15,2026-05-13,MEX,TIJ,Viva,Price unavailable
2025-12-15,2026-05-13,MEX,TIJ,Volaris,Price unavailable
2025-12-15,2026-05-13,MEX,TIJ,Volaris,Price unavailable
2025-12-15,2026-05-13,MEX,TIJ,Viva,Price unavailable
2025-12-15,2026-05-14,MEX,TIJ,Aeromexico,R$1009
2025-12-15,2026-05-14,MEX,TIJ,Aeromexico,R$1009
2025-12-15,2026-05-14,MEX,TIJ,Aeromexico,R$1041
2025-12-15,2026-05-14,MEX,TIJ,Aeromexico,R$1041
2025-12-15,2026-05-14,MEX,TIJ,Volaris,Price unavailable
2025-12-15,2026-05-14,MEX,TIJ,Viva,Price unavailable
2025-12-15,2026-05-14,MEX,TIJ,Aeromexico,R$1009
2025-12-15,2026-05-14,MEX,TIJ,Aeromexico,R$1009
2025-12-15,2026-05-14,MEX,TIJ,Aeromexico,R$1041
2025-12-15,2026-05-14,MEX,TIJ,Aeromexico,R$1041
2025-12-15,2026-05-14,MEX,TIJ,Viva,Price unavailable
2025-12-15,2026-05-14,MEX,TIJ,Volaris,Price unavailable
2025-12-15,2026-05-14,MEX,TIJ,Volaris,Price unavailable
2025-12-15,2026-05-14,MEX,TIJ,Viva,Price unavailable
2025-12-15,2026-05-14,MEX,TIJ,Aeromexico,R$1009
2025-12-15,2026-05-14,MEX,TIJ,Aeromexico,R$1009
2025-12-15,2026-05-14,MEX,TIJ,Aeromexico,R$1041
2025-12-15,2026-05-14,MEX,TIJ,Aeromexico,R$1041
2025-12-15,2026-05-14,MEX,TIJ,Volaris,Price unavailable
2025-12-15,2026-05-14,MEX,TIJ,Aeromexico,R$1009
2025-12-15,2026-05-14,MEX,TIJ,Aeromexico,R$1009
2025-12-15,2026-05-14,MEX,TIJ,Aeromexico,R$1041
2025-12-15,2026-05-14,MEX,TIJ,Aeromexico,R$1041
2025-12-15,2026-05-14,MEX,TIJ,Viva,Price unavailable
2025-12-15,2026-05-14,MEX,TIJ,Volaris,Price unavailable
2025-12-15,2026-05-14,MEX,TIJ,Volaris,Price unavailable
2025-12-15,2026-05-14,MEX,TIJ,Viva,Price unavailable
2025-12-15,2026-05-15,MEX,TIJ,Aeromexico,R$1009
2025-12-15,2026-05-15,MEX,TIJ,Aeromexico,R$1041
2025-12-15,2026-05-15,MEX,TIJ,Aeromexico,R$1041
2025-12-15,2026-05-15,MEX,TIJ,Volaris,Price unavailable
2025-12-15,2026-05-15,MEX,TIJ,Viva,Price unavailable
2025-12-15,2026-05-15,MEX,TIJ,Aeromexico,R$1009
2025-12-15,2026-05-15,MEX,TIJ,Aeromexico,R$1009
2025-12-15,2026-05-15,MEX,TIJ,Aeromexico,R$1009
2025-12-15,2026-05-15,MEX,TIJ,Aeromexico,R$1009
2025-12-15,2026-05-15,MEX,TIJ,Aeromexico,R$1009
2025-12-15,2026-05-15,MEX,TIJ,Viva,Price unavailable
2025-12-15,2026-05-15,MEX,TIJ,Volaris,Price unavailable
2025-12-15,2026-05-15,MEX,TIJ,Volaris,Price unavailable
2025-12-15,2026-05-15,MEX,TIJ,Viva,Price unavailable
2025-12-15,2026-05-15,MEX,TIJ,Aeromexico,R$1009
2025-12-15,2026-05-15,MEX,TIJ,Aeromexico,R$1041
2025-12-15,2026-05-15,MEX,TIJ,Aeromexico,R$1041
2025-12-15,2026-05-15,MEX,TIJ,Volaris,Price unavailable
2025-12-15,2026-05-15,MEX,TIJ,Aeromexico,R$1009
2025-12-15,2026-05-15,MEX,TIJ,Aeromexico,R$1009
2025-12-15,2026-05-15,MEX,TIJ,Aeromexico,R$1009
2025-12-15,2026-05-15,MEX,TIJ,Aeromexico,R$1009
2025-12-15,2026-05-15,MEX,TIJ,Aeromexico,R$1009
2025-12-15,2026-05-15,MEX,TIJ,Viva,Price unavailable
2025-12-15,2026-05-15,MEX,TIJ,Volaris,Price unavailable
2025-12-15,2026-05-15,MEX,TIJ,Volaris,Price unavailable
2025-12-15,2026-05-15,MEX,TIJ,Viva,Price unavailable
2025-12-15,2026-05-16,MEX,TIJ,Aeromexico,R$1009
2025-12-15,2026-05-16,MEX,TIJ,Aeromexico,R$1009
2025-12-15,2026-05-16,MEX,TIJ,Aeromexico,R$1009
2025-12-15,2026-05-16,MEX,TIJ,Aeromexico,R$1009
2025-12-15,2026-05-16,MEX,TIJ,Volaris,Price unavailable
2025-12-15,2026-05-16,MEX,TIJ,Viva,Price unavailable
2025-12-15,2026-05-16,MEX,TIJ,Aeromexico,R$1009
2025-12-15,2026-05-16,MEX,TIJ,Aeromexico,R$1009
2025-12-15,2026-05-16,MEX,TIJ,Aeromexico,R$1009
2025-12-15,2026-05-16,MEX,TIJ,Aeromexico,R$1009
2025-12-15,2026-05-16,MEX,TIJ,Viva,Price unavailable
2025-12-15,2026-05-16,MEX,TIJ,Volaris,Price unavailable
2025-12-15,2026-05-16,MEX,TIJ,Volaris,Price unavailable
2025-12-15,2026-05-16,MEX,TIJ,Viva,Price unavailable
2025-12-15,2026-05-16,MEX,TIJ,Aeromexico,R$1009
2025-12-15,2026-05-16,MEX,TIJ,Aeromexico,R$1009
2025-12-15,2026-05-16,MEX,TIJ,Aeromexico,R$1009
2025-12-15,2026-05-16,MEX,TIJ,Aeromexico,R$1009
2025-12-15,2026-05-16,MEX,TIJ,Volaris,Price unavailable
2025-12-15,2026-05-16,MEX,TIJ,Aeromexico,R$1009
2025-12-15,2026-05-16,MEX,TIJ,Aeromexico,R$1009
2025-12-15,2026-05-16,MEX,TIJ,Aeromexico,R$1009
2025-12-15,2026-05-16,MEX,TIJ,Aeromexico,R$1009
2025-12-15,2026-05-16,MEX,TIJ,Viva,Price unavailable
2025-12-15,2026-05-16,MEX,TIJ,Volaris,Price unavailable
2025-12-15,2026-05-16,MEX,TIJ,Volaris,Price unavailable
2025-12-15,2026-05-16,MEX,TIJ,Viva,Price unavailable
2025-12-15,2026-05-10,MEX,SJO,Avianca,R$936
2025-12-15,2026-05-10,MEX,SJO,Aeromexico,R$1073
2025-12-15,2026-05-10,MEX,SJO,Aeromexico,R$1073
2025-12-15,2026-05-10,MEX,SJO,Volaris Costa Rica,Price unavailable
2025-12-15,2026-05-10,MEX,SJO,Avianca,R$936
2025-12-15,2026-05-10,MEX,SJO,Aeromexico,R$1073
2025-12-15,2026-05-10,MEX,SJO,Aeromexico,R$1073
2025-12-15,2026-05-11,MEX,SJO,Avianca,R$851
2025-12-15,2026-05-11,MEX,SJO,Aeromexico,R$1073
2025-12-15,2026-05-11,MEX,SJO,Aeromexico,R$1073
2025-12-15,2026-05-11,MEX,SJO,Volaris Costa Rica,Price unavailable
2025-12-15,2026-05-11,MEX,SJO,Avianca,R$851
2025-12-15,2026-05-11,MEX,SJO,Aeromexico,R$1073
2025-12-15,2026-05-11,MEX,SJO,Aeromexico,R$1073
2025-12-15,2026-05-12,MEX,SJO,Avianca,R$851
2025-12-15,2026-05-12,MEX,SJO,Aeromexico,R$1073
2025-12-15,2026-05-12,MEX,SJO,Aeromexico,R$1073
2025-12-15,2026-05-12,MEX,SJO,Volaris Costa Rica,Price unavailable
2025-12-15,2026-05-12,MEX,SJO,Avianca,R$851
2025-12-15,2026-05-12,MEX,SJO,Aeromexico,R$1073
2025-12-15,2026-05-12,MEX,SJO,Aeromexico,R$1073
2025-12-15,2026-05-13,MEX,SJO,Avianca,R$851
2025-12-15,2026-05-13,MEX,SJO,Aeromexico,R$1073
2025-12-15,2026-05-13,MEX,SJO,Aeromexico,R$1073
2025-12-15,2026-05-13,MEX,SJO,Volaris Costa Rica,Price unavailable
2025-12-15,2026-05-13,MEX,SJO,Avianca,R$851
2025-12-15,2026-05-13,MEX,SJO,Aeromexico,R$1073
2025-12-15,2026-05-13,MEX,SJO,Aeromexico,R$1073
2025-12-15,2026-05-14,MEX,SJO,Avianca,R$851
2025-12-15,2026-05-14,MEX,SJO,Aeromexico,R$1073
2025-12-15,2026-05-14,MEX,SJO,Aeromexico,R$1073
2025-12-15,2026-05-14,MEX,SJO,Volaris Costa Rica,Price unavailable
2025-12-15,2026-05-14,MEX,SJO,Avianca,R$851
2025-12-15,2026-05-14,MEX,SJO,Aeromexico,R$1073
2025-12-15,2026-05-14,MEX,SJO,Aeromexico,R$1073
2025-12-15,2026-05-15,MEX,SJO,Avianca,R$851
2025-12-15,2026-05-15,MEX,SJO,Aeromexico,R$1073
2025-12-15,2026-05-15,MEX,SJO,Aeromexico,R$1073
2025-12-15,2026-05-15,MEX,SJO,Volaris Costa Rica,Price unavailable
2025-12-15,2026-05-15,MEX,SJO,Avianca,R$851
2025-12-15,2026-05-15,MEX,SJO,Aeromexico,R$1073
2025-12-15,2026-05-15,MEX,SJO,Aeromexico,R$1073
2025-12-15,2026-05-16,MEX,SJO,Avianca,R$851
2025-12-15,2026-05-16,MEX,SJO,Aeromexico,R$1073
2025-12-15,2026-05-16,MEX,SJO,Aeromexico,R$1073
2025-12-15,2026-05-16,MEX,SJO,Volaris Costa Rica,Price unavailable
2025-12-15,2026-05-16,MEX,SJO,Avianca,R$851
2025-12-15,2026-05-16,MEX,SJO,Aeromexico,R$1073
2025-12-15,2026-05-16,MEX,SJO,Aeromexico,R$1073
2025-12-15,2026-05-10,MEX,CEN,Aeromexico,R$879
2025-12-15,2026-05-11,MEX,CEN,Aeromexico,R$1019
2025-12-15,2026-05-11,MEX,CEN,Aeromexico,R$1019
2025-12-15,2026-05-11,MEX,CEN,Aeromexico,R$1019
2025-12-15,2026-05-12,MEX,CEN,Aeromexico,R$809
2025-12-15,2026-05-12,MEX,CEN,Aeromexico,R$809
2025-12-15,2026-05-12,MEX,CEN,Aeromexico,R$809
2025-12-15,2026-05-13,MEX,CEN,Aeromexico,R$809
2025-12-15,2026-05-13,MEX,CEN,Aeromexico,R$809
2025-12-15,2026-05-13,MEX,CEN,Aeromexico,R$809
2025-12-15,2026-05-14,MEX,CEN,Aeromexico,R$809
2025-12-15,2026-05-14,MEX,CEN,Aeromexico,R$809
2025-12-15,2026-05-14,MEX,CEN,Aeromexico,R$809
2025-12-15,2026-05-15,MEX,CEN,Aeromexico,R$809
2025-12-15,2026-05-15,MEX,CEN,Aeromexico,R$844
2025-12-15,2026-05-15,MEX,CEN,Aeromexico,R$809
2025-12-15,2026-05-16,MEX,CEN,Aeromexico,R$809
2025-12-15,2026-05-10,MEX,ZLO,Aeromexico,R$1006
2025-12-15,2026-05-10,MEX,ZLO,Aeromexico,R$1006
2025-12-15,2026-05-10,MEX,ZLO,Aeromexico,R$1006
2025-12-15,2026-05-11,MEX,ZLO,Aeromexico,R$1041
2025-12-15,2026-05-11,MEX,ZLO,Aeromexico,R$1181
2025-12-15,2026-05-11,MEX,ZLO,Aeromexico,R$1041
2025-12-15,2026-05-12,MEX,ZLO,Aeromexico,R$1006
2025-12-15,2026-05-12,MEX,ZLO,Aeromexico,R$1076
2025-12-15,2026-05-12,MEX,ZLO,Aeromexico,R$1006
2025-12-15,2026-05-13,MEX,ZLO,Aeromexico,R$1006
2025-12-15,2026-05-13,MEX,ZLO,Aeromexico,R$1041
2025-12-15,2026-05-13,MEX,ZLO,Aeromexico,R$1006
2025-12-15,2026-05-14,MEX,ZLO,Aeromexico,R$1129
2025-12-15,2026-05-14,MEX,ZLO,Aeromexico,R$1199
2025-12-15,2026-05-14,MEX,ZLO,Aeromexico,R$1129
2025-12-15,2026-05-15,MEX,ZLO,Aeromexico,R$1006
2025-12-15,2026-05-15,MEX,ZLO,Aeromexico,R$1111
2025-12-15,2026-05-15,MEX,ZLO,Aeromexico,R$1006
2025-12-15,2026-05-16,MEX,ZLO,Aeromexico,R$1006
2025-12-15,2026-05-16,MEX,ZLO,Aeromexico,R$1006
2025-12-15,2026-05-16,MEX,ZLO,Aeromexico,R$1006
2025-12-15,2026-05-10,NLU,MTY,Aeromexico,R$361
2025-12-15,2026-05-10,NLU,MTY,Mexicana,Price unavailable
2025-12-15,2026-05-10,NLU,MTY,Viva,Price unavailable
2025-12-15,2026-05-10,NLU,MTY,Viva,Price unavailable
2025-12-15,2026-05-10,NLU,MTY,Viva,Price unavailable
2025-12-15,2026-05-10,NLU,MTY,Viva,Price unavailable
2025-12-15,2026-05-10,NLU,MTY,Mexicana,Price unavailable
2025-12-15,2026-05-10,NLU,MTY,Aeromexico,R$361
2025-12-15,2026-05-10,NLU,MTY,Mexicana,Price unavailable
2025-12-15,2026-05-10,NLU,MTY,Viva,Price unavailable
2025-12-15,2026-05-10,NLU,MTY,Viva,Price unavailable
2025-12-15,2026-05-10,NLU,MTY,Viva,Price unavailable
2025-12-15,2026-05-10,NLU,MTY,Mexicana,Price unavailable
2025-12-15,2026-05-11,NLU,MTY,Aeromexico,R$361
2025-12-15,2026-05-11,NLU,MTY,Mexicana,Price unavailable
2025-12-15,2026-05-11,NLU,MTY,Viva,Price unavailable
2025-12-15,2026-05-11,NLU,MTY,Viva,Price unavailable
2025-12-15,2026-05-11,NLU,MTY,Viva,Price unavailable
2025-12-15,2026-05-11,NLU,MTY,Viva,Price unavailable
2025-12-15,2026-05-11,NLU,MTY,Viva,Price unavailable
2025-12-15,2026-05-11,NLU,MTY,Mexicana,Price unavailable
2025-12-15,2026-05-11,NLU,MTY,Aeromexico,R$361
2025-12-15,2026-05-11,NLU,MTY,Mexicana,Price unavailable
2025-12-15,2026-05-11,NLU,MTY,Viva,Price unavailable
2025-12-15,2026-05-11,NLU,MTY,Viva,Price unavailable
2025-12-15,2026-05-11,NLU,MTY,Viva,Price unavailable
2025-12-15,2026-05-11,NLU,MTY,Viva,Price unavailable
2025-12-15,2026-05-11,NLU,MTY,Mexicana,Price unavailable
2025-12-15,2026-05-12,NLU,MTY,Aeromexico,R$361
2025-12-15,2026-05-12,NLU,MTY,Mexicana,Price unavailable
2025-12-15,2026-05-12,NLU,MTY,Viva,Price unavailable
2025-12-15,2026-05-12,NLU,MTY,Viva,Price unavailable
2025-12-15,2026-05-12,NLU,MTY,Viva,Price unavailable
2025-12-15,2026-05-12,NLU,MTY,Viva,Price unavailable
2025-12-15,2026-05-12,NLU,MTY,Mexicana,Price unavailable
2025-12-15,2026-05-12,NLU,MTY,Aeromexico,R$361
2025-12-15,2026-05-12,NLU,MTY,Mexicana,Price unavailable
2025-12-15,2026-05-12,NLU,MTY,Viva,Price unavailable
2025-12-15,2026-05-12,NLU,MTY,Viva,Price unavailable
2025-12-15,2026-05-12,NLU,MTY,Viva,Price unavailable
2025-12-15,2026-05-12,NLU,MTY,Mexicana,Price unavailable
2025-12-15,2026-05-13,NLU,MTY,Aeromexico,R$361
2025-12-15,2026-05-13,NLU,MTY,Mexicana,Price unavailable
2025-12-15,2026-05-13,NLU,MTY,Viva,Price unavailable
2025-12-15,2026-05-13,NLU,MTY,Viva,Price unavailable
2025-12-15,2026-05-13,NLU,MTY,Viva,Price unavailable
2025-12-15,2026-05-13,NLU,MTY,Viva,Price unavailable
2025-12-15,2026-05-13,NLU,MTY,Viva,Price unavailable
2025-12-15,2026-05-13,NLU,MTY,Mexicana,Price unavailable
2025-12-15,2026-05-13,NLU,MTY,Aeromexico,R$361
2025-12-15,2026-05-13,NLU,MTY,Mexicana,Price unavailable
2025-12-15,2026-05-13,NLU,MTY,Viva,Price unavailable
2025-12-15,2026-05-13,NLU,MTY,Viva,Price unavailable
2025-12-15,2026-05-13,NLU,MTY,Viva,Price unavailable
2025-12-15,2026-05-13,NLU,MTY,Viva,Price unavailable
2025-12-15,2026-05-13,NLU,MTY,Mexicana,Price unavailable
2025-12-15,2026-05-14,NLU,MTY,Aeromexico,R$361
2025-12-15,2026-05-14,NLU,MTY,Mexicana,Price unavailable
2025-12-15,2026-05-14,NLU,MTY,Viva,Price unavailable
2025-12-15,2026-05-14,NLU,MTY,Viva,Price unavailable
2025-12-15,2026-05-14,NLU,MTY,Viva,Price unavailable
2025-12-15,2026-05-14,NLU,MTY,Viva,Price unavailable
2025-12-15,2026-05-14,NLU,MTY,Viva,Price unavailable
2025-12-15,2026-05-14,NLU,MTY,Mexicana,Price unavailable
2025-12-15,2026-05-14,NLU,MTY,Aeromexico,R$361
2025-12-15,2026-05-14,NLU,MTY,Mexicana,Price unavailable
2025-12-15,2026-05-14,NLU,MTY,Viva,Price unavailable
2025-12-15,2026-05-14,NLU,MTY,Viva,Price unavailable
2025-12-15,2026-05-14,NLU,MTY,Viva,Price unavailable
2025-12-15,2026-05-14,NLU,MTY,Viva,Price unavailable
2025-12-15,2026-05-14,NLU,MTY,Mexicana,Price unavailable
2025-12-15,2026-05-15,NLU,MTY,Aeromexico,R$361
2025-12-15,2026-05-15,NLU,MTY,Mexicana,Price unavailable
2025-12-15,2026-05-15,NLU,MTY,Viva,Price unavailable
2025-12-15,2026-05-15,NLU,MTY,Viva,Price unavailable
2025-12-15,2026-05-15,NLU,MTY,Viva,Price unavailable
2025-12-15,2026-05-15,NLU,MTY,Viva,Price unavailable
2025-12-15,2026-05-15,NLU,MTY,Viva,Price unavailable
2025-12-15,2026-05-15,NLU,MTY,Mexicana,Price unavailable
2025-12-15,2026-05-15,NLU,MTY,Aeromexico,R$361
2025-12-15,2026-05-15,NLU,MTY,Mexicana,Price unavailable
2025-12-15,2026-05-15,NLU,MTY,Viva,Price unavailable
2025-12-15,2026-05-15,NLU,MTY,Viva,Price unavailable
2025-12-15,2026-05-15,NLU,MTY,Viva,Price unavailable
2025-12-15,2026-05-15,NLU,MTY,Viva,Price unavailable
2025-12-15,2026-05-15,NLU,MTY,Mexicana,Price unavailable
2025-12-15,2026-05-16,NLU,MTY,Aeromexico,R$361
2025-12-15,2026-05-16,NLU,MTY,Mexicana,Price unavailable
2025-12-15,2026-05-16,NLU,MTY,Viva,Price unavailable
2025-12-15,2026-05-16,NLU,MTY,Viva,Price unavailable
2025-12-15,2026-05-16,NLU,MTY,Viva,Price unavailable
2025-12-15,2026-05-16,NLU,MTY,Aeromexico,R$361
2025-12-15,2026-05-16,NLU,MTY,Mexicana,Price unavailable
2025-12-15,2026-05-16,NLU,MTY,Viva,Price unavailable
2025-12-15,2026-05-16,NLU,MTY,Viva,Price unavailable
2025-12-15,2026-05-10,ORD,GDL,Aeromexico,R$957
2025-12-15,2026-05-10,ORD,GDL,Volaris,Price unavailable
2025-12-15,2026-05-10,ORD,GDL,Viva,Price unavailable
2025-12-15,2026-05-10,ORD,GDL,Volaris,Price unavailable
2025-12-15,2026-05-10,ORD,GDL,Aeromexico,R$957
2025-12-15,2026-05-10,ORD,GDL,Volaris,Price unavailable
2025-12-15,2026-05-10,ORD,GDL,Viva,Price unavailable
2025-12-15,2026-05-11,ORD,GDL,Aeromexico,R$957
2025-12-15,2026-05-11,ORD,GDL,Viva,Price unavailable
2025-12-15,2026-05-11,ORD,GDL,Volaris,Price unavailable
2025-12-15,2026-05-11,ORD,GDL,Aeromexico,R$957
2025-12-15,2026-05-11,ORD,GDL,Viva,Price unavailable
2025-12-15,2026-05-12,ORD,GDL,Aeromexico,R$957
2025-12-15,2026-05-12,ORD,GDL,Volaris,Price unavailable
2025-12-15,2026-05-12,ORD,GDL,Viva,Price unavailable
2025-12-15,2026-05-12,ORD,GDL,Volaris,Price unavailable
2025-12-15,2026-05-12,ORD,GDL,Aeromexico,R$957
2025-12-15,2026-05-12,ORD,GDL,Volaris,Price unavailable
2025-12-15,2026-05-12,ORD,GDL,Viva,Price unavailable
2025-12-15,2026-05-13,ORD,GDL,Aeromexico,R$957
2025-12-15,2026-05-13,ORD,GDL,Volaris,Price unavailable
2025-12-15,2026-05-13,ORD,GDL,Viva,Price unavailable
2025-12-15,2026-05-13,ORD,GDL,Volaris,Price unavailable
2025-12-15,2026-05-13,ORD,GDL,Aeromexico,R$957
2025-12-15,2026-05-13,ORD,GDL,Volaris,Price unavailable
2025-12-15,2026-05-13,ORD,GDL,Viva,Price unavailable
2025-12-15,2026-05-14,ORD,GDL,Aeromexico,R$957
2025-12-15,2026-05-14,ORD,GDL,Viva,Price unavailable
2025-12-15,2026-05-14,ORD,GDL,Volaris,Price unavailable
2025-12-15,2026-05-14,ORD,GDL,Aeromexico,R$957
2025-12-15,2026-05-14,ORD,GDL,Viva,Price unavailable
2025-12-15,2026-05-15,ORD,GDL,Aeromexico,R$957
2025-12-15,2026-05-15,ORD,GDL,Volaris,Price unavailable
2025-12-15,2026-05-15,ORD,GDL,Viva,Price unavailable
2025-12-15,2026-05-15,ORD,GDL,Volaris,Price unavailable
2025-12-15,2026-05-15,ORD,GDL,Aeromexico,R$957
2025-12-15,2026-05-15,ORD,GDL,Volaris,Price unavailable
2025-12-15,2026-05-15,ORD,GDL,Viva,Price unavailable
2025-12-15,2026-05-16,ORD,GDL,Aeromexico,R$957
2025-12-15,2026-05-16,ORD,GDL,Viva,Price unavailable
2025-12-15,2026-05-16,ORD,GDL,Volaris,Price unavailable
2025-12-15,2026-05-16,ORD,GDL,Viva,Price unavailable
2025-12-15,2026-05-16,ORD,GDL,Aeromexico,R$957
2025-12-15,2026-05-16,ORD,GDL,Viva,Price unavailable
2025-12-15,2026-05-16,ORD,GDL,Volaris,Price unavailable
2025-12-15,2026-05-10,GDL,SFO,Aeromexico,R$1133
2025-12-15,2026-05-11,GDL,SFO,Aeromexico,R$1133
2025-12-15,2026-05-12,GDL,SFO,Aeromexico,R$1133
2025-12-15,2026-05-13,GDL,SFO,Aeromexico,R$1133
2025-12-15,2026-05-14,GDL,SFO,Aeromexico,R$1133
2025-12-15,2026-05-15,GDL,SFO,Aeromexico,R$1133
2025-12-15,2026-05-16,GDL,SFO,Aeromexico,R$1133
2025-12-15,2026-05-10,QRO,MTY,Viva,Price unavailable
2025-12-15,2026-05-10,QRO,MTY,Volaris,Price unavailable
2025-12-15,2026-05-10,QRO,MTY,Viva,Price unavailable
2025-12-15,2026-05-10,QRO,MTY,Volaris,Price unavailable
2025-12-15,2026-05-10,QRO,MTY,Viva,Price unavailable
2025-12-15,2026-05-10,QRO,MTY,Viva,Price unavailable
2025-12-15,2026-05-10,QRO,MTY,Viva,Price unavailable
2025-12-15,2026-05-10,QRO,MTY,Volaris,Price unavailable
2025-12-15,2026-05-10,QRO,MTY,Viva,Price unavailable
2025-12-15,2026-05-10,QRO,MTY,Volaris,Price unavailable
2025-12-15,2026-05-10,QRO,MTY,Viva,Price unavailable
2025-12-15,2026-05-11,QRO,MTY,Viva,Price unavailable
2025-12-15,2026-05-11,QRO,MTY,Volaris,Price unavailable
2025-12-15,2026-05-11,QRO,MTY,Viva,Price unavailable
2025-12-15,2026-05-11,QRO,MTY,Viva,Price unavailable
2025-12-15,2026-05-11,QRO,MTY,Volaris,Price unavailable
2025-12-15,2026-05-11,QRO,MTY,Viva,Price unavailable
2025-12-15,2026-05-11,QRO,MTY,Viva,Price unavailable
2025-12-15,2026-05-11,QRO,MTY,Viva,Price unavailable
2025-12-15,2026-05-11,QRO,MTY,Volaris,Price unavailable
2025-12-15,2026-05-11,QRO,MTY,Viva,Price unavailable
2025-12-15,2026-05-11,QRO,MTY,Viva,Price unavailable
2025-12-15,2026-05-11,QRO,MTY,Volaris,Price unavailable
2025-12-15,2026-05-11,QRO,MTY,Viva,Price unavailable
2025-12-15,2026-05-12,QRO,MTY,Viva,Price unavailable
2025-12-15,2026-05-12,QRO,MTY,Volaris,Price unavailable
2025-12-15,2026-05-12,QRO,MTY,Viva,Price unavailable
2025-12-15,2026-05-12,QRO,MTY,Viva,Price unavailable
2025-12-15,2026-05-12,QRO,MTY,Volaris,Price unavailable
2025-12-15,2026-05-12,QRO,MTY,Viva,Price unavailable
2025-12-15,2026-05-12,QRO,MTY,Viva,Price unavailable
2025-12-15,2026-05-12,QRO,MTY,Viva,Price unavailable
2025-12-15,2026-05-12,QRO,MTY,Volaris,Price unavailable
2025-12-15,2026-05-12,QRO,MTY,Viva,Price unavailable
2025-12-15,2026-05-12,QRO,MTY,Viva,Price unavailable
2025-12-15,2026-05-12,QRO,MTY,Volaris,Price unavailable
2025-12-15,2026-05-12,QRO,MTY,Viva,Price unavailable
2025-12-15,2026-05-13,QRO,MTY,Viva,Price unavailable
2025-12-15,2026-05-13,QRO,MTY,Volaris,Price unavailable
2025-12-15,2026-05-13,QRO,MTY,Viva,Price unavailable
2025-12-15,2026-05-13,QRO,MTY,Viva,Price unavailable
2025-12-15,2026-05-13,QRO,MTY,Volaris,Price unavailable
2025-12-15,2026-05-13,QRO,MTY,Viva,Price unavailable
2025-12-15,2026-05-13,QRO,MTY,Viva,Price unavailable
2025-12-15,2026-05-13,QRO,MTY,Viva,Price unavailable
2025-12-15,2026-05-13,QRO,MTY,Volaris,Price unavailable
2025-12-15,2026-05-13,QRO,MTY,Viva,Price unavailable
2025-12-15,2026-05-13,QRO,MTY,Viva,Price unavailable
2025-12-15,2026-05-13,QRO,MTY,Volaris,Price unavailable
2025-12-15,2026-05-13,QRO,MTY,Viva,Price unavailable
2025-12-15,2026-05-14,QRO,MTY,Viva,Price unavailable
2025-12-15,2026-05-14,QRO,MTY,Volaris,Price unavailable
2025-12-15,2026-05-14,QRO,MTY,Viva,Price unavailable
2025-12-15,2026-05-14,QRO,MTY,Viva,Price unavailable
2025-12-15,2026-05-14,QRO,MTY,Volaris,Price unavailable
2025-12-15,2026-05-14,QRO,MTY,Viva,Price unavailable
2025-12-15,2026-05-14,QRO,MTY,Viva,Price unavailable
2025-12-15,2026-05-14,QRO,MTY,Viva,Price unavailable
2025-12-15,2026-05-14,QRO,MTY,Volaris,Price unavailable
2025-12-15,2026-05-14,QRO,MTY,Viva,Price unavailable
2025-12-15,2026-05-14,QRO,MTY,Viva,Price unavailable
2025-12-15,2026-05-14,QRO,MTY,Volaris,Price unavailable
2025-12-15,2026-05-14,QRO,MTY,Viva,Price unavailable
2025-12-15,2026-05-15,QRO,MTY,Viva,Price unavailable
2025-12-15,2026-05-15,QRO,MTY,Volaris,Price unavailable
2025-12-15,2026-05-15,QRO,MTY,Viva,Price unavailable
2025-12-15,2026-05-15,QRO,MTY,Viva,Price unavailable
2025-12-15,2026-05-15,QRO,MTY,Volaris,Price unavailable
2025-12-15,2026-05-15,QRO,MTY,Viva,Price unavailable
2025-12-15,2026-05-15,QRO,MTY,Viva,Price unavailable
2025-12-15,2026-05-15,QRO,MTY,Viva,Price unavailable
2025-12-15,2026-05-15,QRO,MTY,Volaris,Price unavailable
2025-12-15,2026-05-15,QRO,MTY,Viva,Price unavailable
2025-12-15,2026-05-15,QRO,MTY,Viva,Price unavailable
2025-12-15,2026-05-15,QRO,MTY,Volaris,Price unavailable
2025-12-15,2026-05-15,QRO,MTY,Viva,Price unavailable
2025-12-15,2026-05-16,QRO,MTY,Viva,Price unavailable
2025-12-15,2026-05-16,QRO,MTY,Volaris,Price unavailable
2025-12-15,2026-05-16,QRO,MTY,Viva,Price unavailable
2025-12-15,2026-05-16,QRO,MTY,Volaris,Price unavailable
2025-12-15,2026-05-16,QRO,MTY,Viva,Price unavailable
2025-12-15,2026-05-16,QRO,MTY,Viva,Price unavailable
2025-12-15,2026-05-16,QRO,MTY,Viva,Price unavailable
2025-12-15,2026-05-16,QRO,MTY,Volaris,Price unavailable
2025-12-15,2026-05-16,QRO,MTY,Viva,Price unavailable
2025-12-15,2026-05-16,QRO,MTY,Volaris,Price unavailable
2025-12-15,2026-05-16,QRO,MTY,Viva,Price unavailable
2025-12-15,2026-05-10,MEX,CTG,Aeromexico,R$1391
2025-12-15,2026-05-11,MEX,CTG,Aeromexico,R$1391
2025-12-15,2026-05-12,MEX,CTG,Aeromexico,R$1391
2025-12-15,2026-05-13,MEX,CTG,Aeromexico,R$1561
2025-12-15,2026-05-14,MEX,CTG,Aeromexico,R$1561
2025-12-15,2026-05-15,MEX,CTG,Aeromexico,R$1561
2025-12-15,2026-05-16,MEX,CTG,Aeromexico,R$1391
2025-12-15,2026-05-10,MEX,LMM,Aeromexico,R$1312
2025-12-15,2026-05-10,MEX,LMM,Volaris,Price unavailable
2025-12-15,2026-05-10,MEX,LMM,Aeromexico,R$1312
2025-12-15,2026-05-11,MEX,LMM,Aeromexico,R$742
2025-12-15,2026-05-11,MEX,LMM,Aeromexico,R$1102
2025-12-15,2026-05-11,MEX,LMM,Volaris,Price unavailable
2025-12-15,2026-05-11,MEX,LMM,Aeromexico,R$742
2025-12-15,2026-05-11,MEX,LMM,Aeromexico,R$1102
2025-12-15,2026-05-12,MEX,LMM,Aeromexico,R$742
2025-12-15,2026-05-12,MEX,LMM,Aeromexico,R$742
2025-12-15,2026-05-12,MEX,LMM,Volaris,Price unavailable
2025-12-15,2026-05-12,MEX,LMM,Aeromexico,R$742
2025-12-15,2026-05-12,MEX,LMM,Aeromexico,R$742
2025-12-15,2026-05-13,MEX,LMM,Aeromexico,R$742
2025-12-15,2026-05-13,MEX,LMM,Aeromexico,R$742
2025-12-15,2026-05-13,MEX,LMM,Volaris,Price unavailable
2025-12-15,2026-05-13,MEX,LMM,Aeromexico,R$742
2025-12-15,2026-05-13,MEX,LMM,Aeromexico,R$742
2025-12-15,2026-05-14,MEX,LMM,Aeromexico,R$742
2025-12-15,2026-05-14,MEX,LMM,Aeromexico,R$812
2025-12-15,2026-05-14,MEX,LMM,Volaris,Price unavailable
2025-12-15,2026-05-14,MEX,LMM,Aeromexico,R$742
2025-12-15,2026-05-14,MEX,LMM,Aeromexico,R$812
2025-12-15,2026-05-15,MEX,LMM,Aeromexico,R$882
2025-12-15,2026-05-15,MEX,LMM,Aeromexico,R$1242
2025-12-15,2026-05-15,MEX,LMM,Volaris,Price unavailable
2025-12-15,2026-05-15,MEX,LMM,Aeromexico,R$882
2025-12-15,2026-05-15,MEX,LMM,Aeromexico,R$1242
2025-12-15,2026-05-16,MEX,LMM,Aeromexico,R$1137
2025-12-15,2026-05-16,MEX,LMM,Volaris,Price unavailable
2025-12-15,2026-05-16,MEX,LMM,Aeromexico,R$1137
2025-12-15,2026-05-10,MEX,AUS,Aeromexico,R$1095
2025-12-15,2026-05-11,MEX,AUS,Aeromexico,R$1095
2025-12-15,2026-05-12,MEX,AUS,Aeromexico,R$1095
2025-12-15,2026-05-13,MEX,AUS,Aeromexico,R$1095
2025-12-15,2026-05-14,MEX,AUS,Aeromexico,R$1095
2025-12-15,2026-05-15,MEX,AUS,Aeromexico,R$1095
2025-12-15,2026-05-16,MEX,AUS,Aeromexico,R$1095
2025-12-15,2026-05-10,MEX,PTY,Aeromexico,R$3002
2025-12-15,2026-05-10,MEX,PTY,COPA,R$3015
2025-12-15,2026-05-10,MEX,PTY,COPA,R$3015
2025-12-15,2026-05-10,MEX,PTY,COPA,R$3015
2025-12-15,2026-05-10,MEX,PTY,COPA,R$3015
2025-12-15,2026-05-10,MEX,PTY,COPA,R$3015
2025-12-15,2026-05-10,MEX,PTY,COPA,R$3015
2025-12-15,2026-05-10,MEX,PTY,Aeromexico,R$3002
2025-12-15,2026-05-10,MEX,PTY,COPA,R$3015
2025-12-15,2026-05-10,MEX,PTY,COPA,R$3015
2025-12-15,2026-05-10,MEX,PTY,COPA,R$3015
2025-12-15,2026-05-10,MEX,PTY,COPA,R$3015
2025-12-15,2026-05-10,MEX,PTY,COPA,R$3015
2025-12-15,2026-05-11,MEX,PTY,Aeromexico,R$3002
2025-12-15,2026-05-11,MEX,PTY,COPA,R$3015
2025-12-15,2026-05-11,MEX,PTY,COPA,R$3015
2025-12-15,2026-05-11,MEX,PTY,COPA,R$3015
2025-12-15,2026-05-11,MEX,PTY,COPA,R$3015
2025-12-15,2026-05-11,MEX,PTY,COPA,R$3015
2025-12-15,2026-05-11,MEX,PTY,COPA,R$3015
2025-12-15,2026-05-11,MEX,PTY,COPA,R$3015
2025-12-15,2026-05-11,MEX,PTY,COPA,R$3015
2025-12-15,2026-05-12,MEX,PTY,Aeromexico,R$3002
2025-12-15,2026-05-12,MEX,PTY,COPA,R$3015
2025-12-15,2026-05-12,MEX,PTY,COPA,R$3015
2025-12-15,2026-05-12,MEX,PTY,COPA,R$3015
2025-12-15,2026-05-12,MEX,PTY,COPA,R$3015
2025-12-15,2026-05-12,MEX,PTY,COPA,R$3015
2025-12-15,2026-05-12,MEX,PTY,COPA,R$3015
2025-12-15,2026-05-12,MEX,PTY,COPA,R$3015
2025-12-15,2026-05-12,MEX,PTY,COPA,R$3015
2025-12-15,2026-05-12,MEX,PTY,COPA,R$3015
2025-12-15,2026-05-12,MEX,PTY,COPA,R$3015
2025-12-15,2026-05-13,MEX,PTY,Aeromexico,R$3189
2025-12-15,2026-05-13,MEX,PTY,COPA,R$3015
2025-12-15,2026-05-13,MEX,PTY,COPA,R$3015
2025-12-15,2026-05-13,MEX,PTY,COPA,R$3015
2025-12-15,2026-05-13,MEX,PTY,COPA,R$3015
2025-12-15,2026-05-13,MEX,PTY,COPA,R$3015
2025-12-15,2026-05-13,MEX,PTY,COPA,R$3015
2025-12-15,2026-05-13,MEX,PTY,COPA,R$3015
2025-12-15,2026-05-13,MEX,PTY,COPA,R$3015
2025-12-15,2026-05-14,MEX,PTY,Aeromexico,R$3002
2025-12-15,2026-05-14,MEX,PTY,COPA,R$3015
2025-12-15,2026-05-14,MEX,PTY,COPA,R$3015
2025-12-15,2026-05-14,MEX,PTY,COPA,R$3015
2025-12-15,2026-05-14,MEX,PTY,COPA,R$3015
2025-12-15,2026-05-14,MEX,PTY,COPA,R$3015
2025-12-15,2026-05-14,MEX,PTY,COPA,R$3015
2025-12-15,2026-05-14,MEX,PTY,COPA,R$3015
2025-12-15,2026-05-14,MEX,PTY,COPA,R$3015
2025-12-15,2026-05-15,MEX,PTY,Aeromexico,R$3002
2025-12-15,2026-05-15,MEX,PTY,COPA,R$3015
2025-12-15,2026-05-15,MEX,PTY,COPA,R$3015
2025-12-15,2026-05-15,MEX,PTY,COPA,R$3015
2025-12-15,2026-05-15,MEX,PTY,COPA,R$3015
2025-12-15,2026-05-15,MEX,PTY,COPA,R$3015
2025-12-15,2026-05-15,MEX,PTY,COPA,R$3015
2025-12-15,2026-05-15,MEX,PTY,COPA,R$3015
2025-12-15,2026-05-15,MEX,PTY,COPA,R$3015
2025-12-15,2026-05-16,MEX,PTY,Aeromexico,R$3002
2025-12-15,2026-05-16,MEX,PTY,COPA,R$3015
2025-12-15,2026-05-16,MEX,PTY,COPA,R$3015
2025-12-15,2026-05-16,MEX,PTY,COPA,R$3015
2025-12-15,2026-05-16,MEX,PTY,COPA,R$3015
2025-12-15,2026-05-16,MEX,PTY,COPA,R$3015
2025-12-15,2026-05-16,MEX,PTY,COPA,R$3015
2025-12-15,2026-05-16,MEX,PTY,COPA,R$3015
2025-12-15,2026-05-16,MEX,PTY,COPA,R$3015
2025-12-15,2026-05-10,HMO,MEX,Aeromexico,R$864
2025-12-15,2026-05-10,HMO,MEX,Aeromexico,R$864
2025-12-15,2026-05-10,HMO,MEX,Aeromexico,R$864
2025-12-15,2026-05-10,HMO,MEX,Volaris,Price unavailable
2025-12-15,2026-05-10,HMO,MEX,Viva,Price unavailable
2025-12-15,2026-05-10,HMO,MEX,Aeromexico,R$864
2025-12-15,2026-05-10,HMO,MEX,Aeromexico,R$864
2025-12-15,2026-05-10,HMO,MEX,Aeromexico,R$864
2025-12-15,2026-05-10,HMO,MEX,Aeromexico,R$864
2025-12-15,2026-05-10,HMO,MEX,Aeromexico,R$864
2025-12-15,2026-05-10,HMO,MEX,Volaris,Price unavailable
2025-12-15,2026-05-10,HMO,MEX,Aeromexico,R$864
2025-12-15,2026-05-10,HMO,MEX,Aeromexico,R$864
2025-12-15,2026-05-11,HMO,MEX,Aeromexico,R$864
2025-12-15,2026-05-11,HMO,MEX,Aeromexico,R$899
2025-12-15,2026-05-11,HMO,MEX,Aeromexico,R$899
2025-12-15,2026-05-11,HMO,MEX,Volaris,Price unavailable
2025-12-15,2026-05-11,HMO,MEX,Viva,Price unavailable
2025-12-15,2026-05-11,HMO,MEX,Aeromexico,R$864
2025-12-15,2026-05-11,HMO,MEX,Aeromexico,R$864
2025-12-15,2026-05-11,HMO,MEX,Aeromexico,R$864
2025-12-15,2026-05-11,HMO,MEX,Aeromexico,R$899
2025-12-15,2026-05-11,HMO,MEX,Aeromexico,R$899
2025-12-15,2026-05-11,HMO,MEX,Volaris,Price unavailable
2025-12-15,2026-05-11,HMO,MEX,Aeromexico,R$864
2025-12-15,2026-05-11,HMO,MEX,Aeromexico,R$864
2025-12-15,2026-05-12,HMO,MEX,Aeromexico,R$864
2025-12-15,2026-05-12,HMO,MEX,Aeromexico,R$864
2025-12-15,2026-05-12,HMO,MEX,Aeromexico,R$864
2025-12-15,2026-05-12,HMO,MEX,Volaris,Price unavailable
2025-12-15,2026-05-12,HMO,MEX,Viva,Price unavailable
2025-12-15,2026-05-12,HMO,MEX,Aeromexico,R$864
2025-12-15,2026-05-12,HMO,MEX,Aeromexico,R$864
2025-12-15,2026-05-12,HMO,MEX,Aeromexico,R$864
2025-12-15,2026-05-12,HMO,MEX,Aeromexico,R$864
2025-12-15,2026-05-12,HMO,MEX,Aeromexico,R$864
2025-12-15,2026-05-12,HMO,MEX,Volaris,Price unavailable
2025-12-15,2026-05-12,HMO,MEX,Aeromexico,R$864
2025-12-15,2026-05-12,HMO,MEX,Aeromexico,R$864
2025-12-15,2026-05-13,HMO,MEX,Aeromexico,R$864
2025-12-15,2026-05-13,HMO,MEX,Aeromexico,R$864
2025-12-15,2026-05-13,HMO,MEX,Aeromexico,R$864
2025-12-15,2026-05-13,HMO,MEX,Volaris,Price unavailable
2025-12-15,2026-05-13,HMO,MEX,Viva,Price unavailable
2025-12-15,2026-05-13,HMO,MEX,Aeromexico,R$864
2025-12-15,2026-05-13,HMO,MEX,Aeromexico,R$864
2025-12-15,2026-05-13,HMO,MEX,Aeromexico,R$864
2025-12-15,2026-05-13,HMO,MEX,Aeromexico,R$864
2025-12-15,2026-05-13,HMO,MEX,Aeromexico,R$864
2025-12-15,2026-05-13,HMO,MEX,Volaris,Price unavailable
2025-12-15,2026-05-13,HMO,MEX,Aeromexico,R$864
2025-12-15,2026-05-13,HMO,MEX,Aeromexico,R$864
2025-12-15,2026-05-14,HMO,MEX,Aeromexico,R$899
2025-12-15,2026-05-14,HMO,MEX,Aeromexico,R$934
2025-12-15,2026-05-14,HMO,MEX,Aeromexico,R$934
2025-12-15,2026-05-14,HMO,MEX,Aeromexico,R$934
2025-12-15,2026-05-14,HMO,MEX,Volaris,Price unavailable
2025-12-15,2026-05-14,HMO,MEX,Viva,Price unavailable
2025-12-15,2026-05-14,HMO,MEX,Aeromexico,R$934
2025-12-15,2026-05-14,HMO,MEX,Aeromexico,R$899
2025-12-15,2026-05-14,HMO,MEX,Aeromexico,R$934
2025-12-15,2026-05-14,HMO,MEX,Aeromexico,R$934
2025-12-15,2026-05-14,HMO,MEX,Aeromexico,R$934
2025-12-15,2026-05-14,HMO,MEX,Volaris,Price unavailable
2025-12-15,2026-05-14,HMO,MEX,Aeromexico,R$934
2025-12-15,2026-05-15,HMO,MEX,Aeromexico,R$934
2025-12-15,2026-05-15,HMO,MEX,Aeromexico,R$969
2025-12-15,2026-05-15,HMO,MEX,Aeromexico,R$969
2025-12-15,2026-05-15,HMO,MEX,Aeromexico,R$1004
2025-12-15,2026-05-15,HMO,MEX,Aeromexico,R$1004
2025-12-15,2026-05-15,HMO,MEX,Volaris,Price unavailable
2025-12-15,2026-05-15,HMO,MEX,Viva,Price unavailable
2025-12-15,2026-05-15,HMO,MEX,Aeromexico,R$934
2025-12-15,2026-05-15,HMO,MEX,Aeromexico,R$969
2025-12-15,2026-05-15,HMO,MEX,Aeromexico,R$969
2025-12-15,2026-05-15,HMO,MEX,Aeromexico,R$1004
2025-12-15,2026-05-15,HMO,MEX,Aeromexico,R$1004
2025-12-15,2026-05-15,HMO,MEX,Volaris,Price unavailable
2025-12-15,2026-05-16,HMO,MEX,Aeromexico,R$864
2025-12-15,2026-05-16,HMO,MEX,Aeromexico,R$864
2025-12-15,2026-05-16,HMO,MEX,Aeromexico,R$864
2025-12-15,2026-05-16,HMO,MEX,Volaris,Price unavailable
2025-12-15,2026-05-16,HMO,MEX,Viva,Price unavailable
2025-12-15,2026-05-16,HMO,MEX,Aeromexico,R$864
2025-12-15,2026-05-16,HMO,MEX,Aeromexico,R$864
2025-12-15,2026-05-16,HMO,MEX,Aeromexico,R$864
2025-12-15,2026-05-16,HMO,MEX,Aeromexico,R$864
2025-12-15,2026-05-16,HMO,MEX,Volaris,Price unavailable
2025-12-15,2026-05-16,HMO,MEX,Aeromexico,R$864
2025-12-15,2026-05-10,SCL,MEX,LATAM,R$3785
2025-12-15,2026-05-11,SCL,MEX,LATAM,R$3785
2025-12-15,2026-05-12,SCL,MEX,LATAM,R$3648
2025-12-15,2026-05-13,SCL,MEX,LATAM,R$3648
2025-12-15,2026-05-14,SCL,MEX,LATAM,R$3648
2025-12-15,2026-05-15,SCL,MEX,LATAM,R$3648
2025-12-15,2026-05-16,SCL,MEX,LATAM,R$3648
2025-12-15,2026-05-10,NLU,OAX,Aeromexico,R$280
2025-12-15,2026-05-10,NLU,OAX,Viva,Price unavailable
2025-12-15,2026-05-10,NLU,OAX,Aeromexico,R$280
2025-12-15,2026-05-11,NLU,OAX,Aeromexico,R$280
2025-12-15,2026-05-11,NLU,OAX,Viva,Price unavailable
2025-12-15,2026-05-11,NLU,OAX,Aeromexico,R$280
2025-12-15,2026-05-12,NLU,OAX,Aeromexico,R$280
2025-12-15,2026-05-12,NLU,OAX,Viva,Price unavailable
2025-12-15,2026-05-12,NLU,OAX,Aeromexico,R$280
2025-12-15,2026-05-13,NLU,OAX,Aeromexico,R$280
2025-12-15,2026-05-13,NLU,OAX,Viva,Price unavailable
2025-12-15,2026-05-13,NLU,OAX,Aeromexico,R$280
2025-12-15,2026-05-14,NLU,OAX,Aeromexico,R$280
2025-12-15,2026-05-15,NLU,OAX,Aeromexico,R$280
2025-12-15,2026-05-15,NLU,OAX,Viva,Price unavailable
2025-12-15,2026-05-15,NLU,OAX,Aeromexico,R$280
2025-12-15,2026-05-16,NLU,OAX,Aeromexico,R$280
2025-12-15,2026-05-16,NLU,OAX,Viva,Price unavailable
2025-12-15,2026-05-16,NLU,OAX,Aeromexico,R$280
2025-12-15,2026-05-10,MEX,HAV,Aeromexico,R$1863
2025-12-15,2026-05-11,MEX,HAV,Aeromexico,R$1863
2025-12-15,2026-05-12,MEX,HAV,Aeromexico,R$1863
2025-12-15,2026-05-13,MEX,HAV,Aeromexico,R$1863
2025-12-15,2026-05-14,MEX,HAV,Aeromexico,R$1863
2025-12-15,2026-05-15,MEX,HAV,Aeromexico,R$1863
2025-12-15,2026-05-16,MEX,HAV,Aeromexico,R$1863
2025-12-15,2026-05-10,MEX,ZCL,Aeromexico,R$957
2025-12-15,2026-05-11,MEX,ZCL,Aeromexico,R$747
2025-12-15,2026-05-11,MEX,ZCL,Aeromexico,R$852
2025-12-15,2026-05-11,MEX,ZCL,Aeromexico,R$747
2025-12-15,2026-05-12,MEX,ZCL,Aeromexico,R$747
2025-12-15,2026-05-12,MEX,ZCL,Aeromexico,R$747
2025-12-15,2026-05-12,MEX,ZCL,Aeromexico,R$747
2025-12-15,2026-05-13,MEX,ZCL,Aeromexico,R$747
2025-12-15,2026-05-13,MEX,ZCL,Aeromexico,R$747
2025-12-15,2026-05-13,MEX,ZCL,Aeromexico,R$747
2025-12-15,2026-05-14,MEX,ZCL,Aeromexico,R$747
2025-12-15,2026-05-14,MEX,ZCL,Aeromexico,R$747
2025-12-15,2026-05-14,MEX,ZCL,Aeromexico,R$747
2025-12-15,2026-05-15,MEX,ZCL,Aeromexico,R$747
2025-12-15,2026-05-15,MEX,ZCL,Aeromexico,R$747
2025-12-15,2026-05-15,MEX,ZCL,Aeromexico,R$747
2025-12-15,2026-05-16,MEX,ZCL,Aeromexico,R$747
2025-12-15,2026-05-10,MEX,SJD,Aeromexico,R$718
2025-12-15,2026-05-10,MEX,SJD,Aeromexico,R$718
2025-12-15,2026-05-10,MEX,SJD,Aeromexico,R$718
2025-12-15,2026-05-10,MEX,SJD,Viva,Price unavailable
2025-12-15,2026-05-10,MEX,SJD,Volaris,Price unavailable
2025-12-15,2026-05-10,MEX,SJD,Aeromexico,R$1158
2025-12-15,2026-05-10,MEX,SJD,Aeromexico,R$718
2025-12-15,2026-05-10,MEX,SJD,Aeromexico,R$718
2025-12-15,2026-05-10,MEX,SJD,Aeromexico,R$718
2025-12-15,2026-05-10,MEX,SJD,Viva,Price unavailable
2025-12-15,2026-05-10,MEX,SJD,Aeromexico,R$1158
2025-12-15,2026-05-11,MEX,SJD,Aeromexico,R$718
2025-12-15,2026-05-11,MEX,SJD,Aeromexico,R$718
2025-12-15,2026-05-11,MEX,SJD,Viva,Price unavailable
2025-12-15,2026-05-11,MEX,SJD,Volaris,Price unavailable
2025-12-15,2026-05-11,MEX,SJD,Aeromexico,R$718
2025-12-15,2026-05-11,MEX,SJD,Aeromexico,R$791
2025-12-15,2026-05-11,MEX,SJD,Aeromexico,R$718
2025-12-15,2026-05-11,MEX,SJD,Aeromexico,R$718
2025-12-15,2026-05-11,MEX,SJD,Viva,Price unavailable
2025-12-15,2026-05-11,MEX,SJD,Aeromexico,R$718
2025-12-15,2026-05-11,MEX,SJD,Aeromexico,R$791
2025-12-15,2026-05-12,MEX,SJD,Aeromexico,R$718
2025-12-15,2026-05-12,MEX,SJD,Aeromexico,R$718
2025-12-15,2026-05-12,MEX,SJD,Aeromexico,R$718
2025-12-15,2026-05-12,MEX,SJD,Viva,Price unavailable
2025-12-15,2026-05-12,MEX,SJD,Volaris,Price unavailable
2025-12-15,2026-05-12,MEX,SJD,Aeromexico,R$718
2025-12-15,2026-05-12,MEX,SJD,Aeromexico,R$718
2025-12-15,2026-05-12,MEX,SJD,Aeromexico,R$718
2025-12-15,2026-05-12,MEX,SJD,Aeromexico,R$718
2025-12-15,2026-05-12,MEX,SJD,Viva,Price unavailable
2025-12-15,2026-05-12,MEX,SJD,Aeromexico,R$718
2025-12-15,2026-05-13,MEX,SJD,Aeromexico,R$753
2025-12-15,2026-05-13,MEX,SJD,Aeromexico,R$753
2025-12-15,2026-05-13,MEX,SJD,Aeromexico,R$753
2025-12-15,2026-05-13,MEX,SJD,Viva,Price unavailable
2025-12-15,2026-05-13,MEX,SJD,Volaris,Price unavailable
2025-12-15,2026-05-13,MEX,SJD,Aeromexico,R$753
2025-12-15,2026-05-13,MEX,SJD,Aeromexico,R$753
2025-12-15,2026-05-13,MEX,SJD,Aeromexico,R$753
2025-12-15,2026-05-13,MEX,SJD,Aeromexico,R$753
2025-12-15,2026-05-13,MEX,SJD,Viva,Price unavailable
2025-12-15,2026-05-13,MEX,SJD,Aeromexico,R$753
2025-12-15,2026-05-14,MEX,SJD,Aeromexico,R$788
2025-12-15,2026-05-14,MEX,SJD,Aeromexico,R$788
2025-12-15,2026-05-14,MEX,SJD,Viva,Price unavailable
2025-12-15,2026-05-14,MEX,SJD,Volaris,Price unavailable
2025-12-15,2026-05-14,MEX,SJD,Aeromexico,R$788
2025-12-15,2026-05-14,MEX,SJD,Aeromexico,R$861
2025-12-15,2026-05-14,MEX,SJD,Aeromexico,R$788
2025-12-15,2026-05-14,MEX,SJD,Aeromexico,R$788
2025-12-15,2026-05-14,MEX,SJD,Viva,Price unavailable
2025-12-15,2026-05-14,MEX,SJD,Aeromexico,R$788
2025-12-15,2026-05-14,MEX,SJD,Aeromexico,R$861
2025-12-15,2026-05-15,MEX,SJD,Aeromexico,R$718
2025-12-15,2026-05-15,MEX,SJD,Viva,Price unavailable
2025-12-15,2026-05-15,MEX,SJD,Volaris,Price unavailable
2025-12-15,2026-05-15,MEX,SJD,Aeromexico,R$718
2025-12-15,2026-05-15,MEX,SJD,Aeromexico,R$718
2025-12-15,2026-05-15,MEX,SJD,Aeromexico,R$791
2025-12-15,2026-05-15,MEX,SJD,Aeromexico,R$718
2025-12-15,2026-05-15,MEX,SJD,Viva,Price unavailable
2025-12-15,2026-05-15,MEX,SJD,Aeromexico,R$718
2025-12-15,2026-05-15,MEX,SJD,Aeromexico,R$718
2025-12-15,2026-05-15,MEX,SJD,Aeromexico,R$791
2025-12-15,2026-05-16,MEX,SJD,Aeromexico,R$718
2025-12-15,2026-05-16,MEX,SJD,Aeromexico,R$718
2025-12-15,2026-05-16,MEX,SJD,Aeromexico,R$718
2025-12-15,2026-05-16,MEX,SJD,Viva,Price unavailable
2025-12-15,2026-05-16,MEX,SJD,Volaris,Price unavailable
2025-12-15,2026-05-16,MEX,SJD,Aeromexico,R$718
2025-12-15,2026-05-16,MEX,SJD,Aeromexico,R$718
2025-12-15,2026-05-16,MEX,SJD,Aeromexico,R$718
2025-12-15,2026-05-16,MEX,SJD,Aeromexico,R$718
2025-12-15,2026-05-16,MEX,SJD,Viva,Price unavailable
2025-12-15,2026-05-16,MEX,SJD,Aeromexico,R$718
2025-12-15,2026-05-10,SLC,GDL,Aeromexico,R$1960
2025-12-15,2026-05-11,SLC,GDL,Aeromexico,R$1852
2025-12-15,2026-05-12,SLC,GDL,Aeromexico,R$1852
2025-12-15,2026-05-13,SLC,GDL,Aeromexico,R$1852
2025-12-15,2026-05-14,SLC,GDL,Aeromexico,R$1852
2025-12-15,2026-05-15,SLC,GDL,Aeromexico,R$1960
2025-12-15,2026-05-16,SLC,GDL,Aeromexico,R$1960
2025-12-15,2026-05-10,NLU,DGO,Aeromexico,R$589
2025-12-15,2026-05-11,NLU,DGO,Aeromexico,R$428
2025-12-15,2026-05-12,NLU,DGO,Aeromexico,R$320
2025-12-15,2026-05-13,NLU,DGO,Aeromexico,R$320
2025-12-15,2026-05-14,NLU,DGO,Aeromexico,R$320
2025-12-15,2026-05-15,NLU,DGO,Aeromexico,R$320
2025-12-15,2026-05-16,NLU,DGO,Aeromexico,R$428
2025-12-15,2026-05-10,LHR,MEX,Aeromexico,R$3963
2025-12-15,2026-05-10,LHR,MEX,British Airways,R$4753
2025-12-15,2026-05-10,LHR,MEX,Aeromexico,R$3963
2025-12-15,2026-05-11,LHR,MEX,Aeromexico,R$3658
2025-12-15,2026-05-11,LHR,MEX,British Airways,R$5043
2025-12-15,2026-05-11,LHR,MEX,Aeromexico,R$3658
2025-12-15,2026-05-12,LHR,MEX,Aeromexico,R$3658
2025-12-15,2026-05-12,LHR,MEX,British Airways,R$3897
2025-12-15,2026-05-12,LHR,MEX,Aeromexico,R$3658
2025-12-15,2026-05-13,LHR,MEX,Aeromexico,R$3658
2025-12-15,2026-05-13,LHR,MEX,British Airways,R$4448
2025-12-15,2026-05-13,LHR,MEX,Aeromexico,R$3658
2025-12-15,2026-05-14,LHR,MEX,Aeromexico,R$3658
2025-12-15,2026-05-14,LHR,MEX,British Airways,R$4448
2025-12-15,2026-05-14,LHR,MEX,Aeromexico,R$3658
2025-12-15,2026-05-15,LHR,MEX,Aeromexico,R$3963
2025-12-15,2026-05-15,LHR,MEX,British Airways,R$4753
2025-12-15,2026-05-15,LHR,MEX,Aeromexico,R$3963
2025-12-15,2026-05-16,LHR,MEX,Aeromexico,R$4369
2025-12-15,2026-05-16,LHR,MEX,British Airways,R$6746
2025-12-15,2026-05-16,LHR,MEX,Aeromexico,R$4369
2025-12-15,2026-05-10,MEX,TQO,Aeromexico,R$679
2025-12-15,2026-05-11,MEX,TQO,Aeromexico,R$714
2025-12-15,2026-05-12,MEX,TQO,Aeromexico,R$679
2025-12-15,2026-05-13,MEX,TQO,Aeromexico,R$679
2025-12-15,2026-05-14,MEX,TQO,Aeromexico,R$854
2025-12-15,2026-05-15,MEX,TQO,Aeromexico,R$819
2025-12-15,2026-05-16,MEX,TQO,Aeromexico,R$679
2025-12-15,2026-05-10,ZCL,MEX,Aeromexico,R$815
2025-12-15,2026-05-11,ZCL,MEX,Aeromexico,R$815
2025-12-15,2026-05-11,ZCL,MEX,Aeromexico,R$885
2025-12-15,2026-05-11,ZCL,MEX,Aeromexico,R$815
2025-12-15,2026-05-12,ZCL,MEX,Aeromexico,R$815
2025-12-15,2026-05-12,ZCL,MEX,Aeromexico,R$815
2025-12-15,2026-05-12,ZCL,MEX,Aeromexico,R$815
2025-12-15,2026-05-13,ZCL,MEX,Aeromexico,R$815
2025-12-15,2026-05-13,ZCL,MEX,Aeromexico,R$815
2025-12-15,2026-05-13,ZCL,MEX,Aeromexico,R$815
2025-12-15,2026-05-14,ZCL,MEX,Aeromexico,R$815
2025-12-15,2026-05-14,ZCL,MEX,Aeromexico,R$815
2025-12-15,2026-05-14,ZCL,MEX,Aeromexico,R$815
2025-12-15,2026-05-15,ZCL,MEX,Aeromexico,R$867
2025-12-15,2026-05-15,ZCL,MEX,Aeromexico,R$972
2025-12-15,2026-05-15,ZCL,MEX,Aeromexico,R$867
2025-12-15,2026-05-16,ZCL,MEX,Aeromexico,R$850
2025-12-15,2026-05-10,RDU,MEX,Aeromexico,R$1662
2025-12-15,2026-05-11,RDU,MEX,Aeromexico,R$1554
2025-12-15,2026-05-12,RDU,MEX,Aeromexico,R$1554
2025-12-15,2026-05-13,RDU,MEX,Aeromexico,R$1554
2025-12-15,2026-05-14,RDU,MEX,Aeromexico,R$1554
2025-12-15,2026-05-15,RDU,MEX,Aeromexico,R$1662
2025-12-15,2026-05-16,RDU,MEX,Aeromexico,R$1662
2025-12-15,2026-05-10,NLU,MID,Aeromexico,R$391
2025-12-15,2026-05-10,NLU,MID,Mexicana,Price unavailable
2025-12-15,2026-05-10,NLU,MID,Viva,Price unavailable
2025-12-15,2026-05-10,NLU,MID,Volaris,Price unavailable
2025-12-15,2026-05-10,NLU,MID,Viva,Price unavailable
2025-12-15,2026-05-10,NLU,MID,Aeromexico,R$391
2025-12-15,2026-05-10,NLU,MID,Mexicana,Price unavailable
2025-12-15,2026-05-10,NLU,MID,Viva,Price unavailable
2025-12-15,2026-05-10,NLU,MID,Volaris,Price unavailable
2025-12-15,2026-05-11,NLU,MID,Aeromexico,R$391
2025-12-15,2026-05-11,NLU,MID,Viva,Price unavailable
2025-12-15,2026-05-11,NLU,MID,Mexicana,Price unavailable
2025-12-15,2026-05-11,NLU,MID,Viva,Price unavailable
2025-12-15,2026-05-11,NLU,MID,Mexicana,Price unavailable
2025-12-15,2026-05-11,NLU,MID,Volaris,Price unavailable
2025-12-15,2026-05-11,NLU,MID,Viva,Price unavailable
2025-12-15,2026-05-11,NLU,MID,Aeromexico,R$391
2025-12-15,2026-05-11,NLU,MID,Viva,Price unavailable
2025-12-15,2026-05-11,NLU,MID,Mexicana,Price unavailable
2025-12-15,2026-05-11,NLU,MID,Viva,Price unavailable
2025-12-15,2026-05-11,NLU,MID,Mexicana,Price unavailable
2025-12-15,2026-05-11,NLU,MID,Volaris,Price unavailable
2025-12-15,2026-05-12,NLU,MID,Aeromexico,R$391
2025-12-15,2026-05-12,NLU,MID,Volaris,Price unavailable
2025-12-15,2026-05-12,NLU,MID,Viva,Price unavailable
2025-12-15,2026-05-12,NLU,MID,Mexicana,Price unavailable
2025-12-15,2026-05-12,NLU,MID,Viva,Price unavailable
2025-12-15,2026-05-12,NLU,MID,Aeromexico,R$391
2025-12-15,2026-05-12,NLU,MID,Volaris,Price unavailable
2025-12-15,2026-05-12,NLU,MID,Viva,Price unavailable
2025-12-15,2026-05-12,NLU,MID,Mexicana,Price unavailable
2025-12-15,2026-05-13,NLU,MID,Aeromexico,R$563
2025-12-15,2026-05-13,NLU,MID,Viva,Price unavailable
2025-12-15,2026-05-13,NLU,MID,Mexicana,Price unavailable
2025-12-15,2026-05-13,NLU,MID,Viva,Price unavailable
2025-12-15,2026-05-13,NLU,MID,Volaris,Price unavailable
2025-12-15,2026-05-13,NLU,MID,Viva,Price unavailable
2025-12-15,2026-05-13,NLU,MID,Aeromexico,R$563
2025-12-15,2026-05-13,NLU,MID,Viva,Price unavailable
2025-12-15,2026-05-13,NLU,MID,Mexicana,Price unavailable
2025-12-15,2026-05-13,NLU,MID,Viva,Price unavailable
2025-12-15,2026-05-13,NLU,MID,Volaris,Price unavailable
2025-12-15,2026-05-14,NLU,MID,Aeromexico,R$563
2025-12-15,2026-05-14,NLU,MID,Volaris,Price unavailable
2025-12-15,2026-05-14,NLU,MID,Viva,Price unavailable
2025-12-15,2026-05-14,NLU,MID,Mexicana,Price unavailable
2025-12-15,2026-05-14,NLU,MID,Viva,Price unavailable
2025-12-15,2026-05-14,NLU,MID,Aeromexico,R$563
2025-12-15,2026-05-14,NLU,MID,Volaris,Price unavailable
2025-12-15,2026-05-14,NLU,MID,Viva,Price unavailable
2025-12-15,2026-05-14,NLU,MID,Mexicana,Price unavailable
2025-12-15,2026-05-15,NLU,MID,Aeromexico,R$391
2025-12-15,2026-05-15,NLU,MID,Viva,Price unavailable
2025-12-15,2026-05-15,NLU,MID,Mexicana,Price unavailable
2025-12-15,2026-05-15,NLU,MID,Viva,Price unavailable
2025-12-15,2026-05-15,NLU,MID,Volaris,Price unavailable
2025-12-15,2026-05-15,NLU,MID,Mexicana,Price unavailable
2025-12-15,2026-05-15,NLU,MID,Viva,Price unavailable
2025-12-15,2026-05-15,NLU,MID,Aeromexico,R$391
2025-12-15,2026-05-15,NLU,MID,Viva,Price unavailable
2025-12-15,2026-05-15,NLU,MID,Mexicana,Price unavailable
2025-12-15,2026-05-15,NLU,MID,Viva,Price unavailable
2025-12-15,2026-05-15,NLU,MID,Volaris,Price unavailable
2025-12-15,2026-05-15,NLU,MID,Mexicana,Price unavailable
2025-12-15,2026-05-16,NLU,MID,Aeromexico,R$563
2025-12-15,2026-05-16,NLU,MID,Volaris,Price unavailable
2025-12-15,2026-05-16,NLU,MID,Viva,Price unavailable
2025-12-15,2026-05-16,NLU,MID,Mexicana,Price unavailable
2025-12-15,2026-05-16,NLU,MID,Viva,Price unavailable
2025-12-15,2026-05-16,NLU,MID,Aeromexico,R$563
2025-12-15,2026-05-16,NLU,MID,Volaris,Price unavailable
2025-12-15,2026-05-16,NLU,MID,Viva,Price unavailable
2025-12-15,2026-05-16,NLU,MID,Mexicana,Price unavailable
2025-12-15,2026-05-10,MEX,CJS,Aeromexico,R$676
2025-12-15,2026-05-10,MEX,CJS,Aeromexico,R$676
2025-12-15,2026-05-10,MEX,CJS,Aeromexico,R$1044
2025-12-15,2026-05-10,MEX,CJS,Viva,Price unavailable
2025-12-15,2026-05-10,MEX,CJS,Volaris,Price unavailable
2025-12-15,2026-05-10,MEX,CJS,Aeromexico,R$676
2025-12-15,2026-05-10,MEX,CJS,Aeromexico,R$676
2025-12-15,2026-05-10,MEX,CJS,Aeromexico,R$1044
2025-12-15,2026-05-10,MEX,CJS,Viva,Price unavailable
2025-12-15,2026-05-11,MEX,CJS,Aeromexico,R$707
2025-12-15,2026-05-11,MEX,CJS,Aeromexico,R$801
2025-12-15,2026-05-11,MEX,CJS,Viva,Price unavailable
2025-12-15,2026-05-11,MEX,CJS,Volaris,Price unavailable
2025-12-15,2026-05-11,MEX,CJS,Aeromexico,R$1170
2025-12-15,2026-05-11,MEX,CJS,Aeromexico,R$707
2025-12-15,2026-05-11,MEX,CJS,Aeromexico,R$801
2025-12-15,2026-05-11,MEX,CJS,Viva,Price unavailable
2025-12-15,2026-05-11,MEX,CJS,Aeromexico,R$1170
2025-12-15,2026-05-12,MEX,CJS,Aeromexico,R$613
2025-12-15,2026-05-12,MEX,CJS,Aeromexico,R$613
2025-12-15,2026-05-12,MEX,CJS,Aeromexico,R$613
2025-12-15,2026-05-12,MEX,CJS,Viva,Price unavailable
2025-12-15,2026-05-12,MEX,CJS,Volaris,Price unavailable
2025-12-15,2026-05-12,MEX,CJS,Aeromexico,R$613
2025-12-15,2026-05-12,MEX,CJS,Aeromexico,R$613
2025-12-15,2026-05-12,MEX,CJS,Aeromexico,R$613
2025-12-15,2026-05-12,MEX,CJS,Viva,Price unavailable
2025-12-15,2026-05-13,MEX,CJS,Aeromexico,R$613
2025-12-15,2026-05-13,MEX,CJS,Aeromexico,R$613
2025-12-15,2026-05-13,MEX,CJS,Aeromexico,R$613
2025-12-15,2026-05-13,MEX,CJS,Viva,Price unavailable
2025-12-15,2026-05-13,MEX,CJS,Volaris,Price unavailable
2025-12-15,2026-05-13,MEX,CJS,Aeromexico,R$613
2025-12-15,2026-05-13,MEX,CJS,Aeromexico,R$613
2025-12-15,2026-05-13,MEX,CJS,Aeromexico,R$613
2025-12-15,2026-05-13,MEX,CJS,Viva,Price unavailable
2025-12-15,2026-05-14,MEX,CJS,Aeromexico,R$613
2025-12-15,2026-05-14,MEX,CJS,Aeromexico,R$613
2025-12-15,2026-05-14,MEX,CJS,Aeromexico,R$613
2025-12-15,2026-05-14,MEX,CJS,Viva,Price unavailable
2025-12-15,2026-05-14,MEX,CJS,Volaris,Price unavailable
2025-12-15,2026-05-14,MEX,CJS,Aeromexico,R$613
2025-12-15,2026-05-14,MEX,CJS,Aeromexico,R$613
2025-12-15,2026-05-14,MEX,CJS,Aeromexico,R$613
2025-12-15,2026-05-14,MEX,CJS,Viva,Price unavailable
2025-12-15,2026-05-15,MEX,CJS,Aeromexico,R$613
2025-12-15,2026-05-15,MEX,CJS,Aeromexico,R$613
2025-12-15,2026-05-15,MEX,CJS,Aeromexico,R$613
2025-12-15,2026-05-15,MEX,CJS,Viva,Price unavailable
2025-12-15,2026-05-15,MEX,CJS,Volaris,Price unavailable
2025-12-15,2026-05-15,MEX,CJS,Aeromexico,R$613
2025-12-15,2026-05-15,MEX,CJS,Aeromexico,R$613
2025-12-15,2026-05-15,MEX,CJS,Aeromexico,R$613
2025-12-15,2026-05-15,MEX,CJS,Viva,Price unavailable
2025-12-15,2026-05-16,MEX,CJS,Aeromexico,R$613
2025-12-15,2026-05-16,MEX,CJS,Aeromexico,R$613
2025-12-15,2026-05-16,MEX,CJS,Aeromexico,R$613
2025-12-15,2026-05-16,MEX,CJS,Viva,Price unavailable
2025-12-15,2026-05-16,MEX,CJS,Volaris,Price unavailable
2025-12-15,2026-05-16,MEX,CJS,Aeromexico,R$613
2025-12-15,2026-05-16,MEX,CJS,Aeromexico,R$613
2025-12-15,2026-05-16,MEX,CJS,Aeromexico,R$613
2025-12-15,2026-05-16,MEX,CJS,Viva,Price unavailable
2025-12-15,2026-05-10,MEX,DGO,Aeromexico,R$866
2025-12-15,2026-05-10,MEX,DGO,Aeromexico,R$917
2025-12-15,2026-05-10,MEX,DGO,Aeromexico,R$866
2025-12-15,2026-05-11,MEX,DGO,Aeromexico,R$919
2025-12-15,2026-05-11,MEX,DGO,Aeromexico,R$919
2025-12-15,2026-05-11,MEX,DGO,Aeromexico,R$919
2025-12-15,2026-05-11,MEX,DGO,Aeromexico,R$919
2025-12-15,2026-05-11,MEX,DGO,Aeromexico,R$919
2025-12-15,2026-05-12,MEX,DGO,Aeromexico,R$866
2025-12-15,2026-05-12,MEX,DGO,Aeromexico,R$866
2025-12-15,2026-05-12,MEX,DGO,Aeromexico,R$901
2025-12-15,2026-05-12,MEX,DGO,Aeromexico,R$866
2025-12-15,2026-05-12,MEX,DGO,Aeromexico,R$866
2025-12-15,2026-05-13,MEX,DGO,Aeromexico,R$866
2025-12-15,2026-05-13,MEX,DGO,Aeromexico,R$866
2025-12-15,2026-05-13,MEX,DGO,Aeromexico,R$936
2025-12-15,2026-05-13,MEX,DGO,Aeromexico,R$866
2025-12-15,2026-05-13,MEX,DGO,Aeromexico,R$866
2025-12-15,2026-05-14,MEX,DGO,Aeromexico,R$866
2025-12-15,2026-05-14,MEX,DGO,Aeromexico,R$866
2025-12-15,2026-05-14,MEX,DGO,Aeromexico,R$866
2025-12-15,2026-05-14,MEX,DGO,Aeromexico,R$866
2025-12-15,2026-05-14,MEX,DGO,Aeromexico,R$866
2025-12-15,2026-05-15,MEX,DGO,Aeromexico,R$936
2025-12-15,2026-05-15,MEX,DGO,Aeromexico,R$936
2025-12-15,2026-05-15,MEX,DGO,Aeromexico,R$971
2025-12-15,2026-05-15,MEX,DGO,Aeromexico,R$936
2025-12-15,2026-05-15,MEX,DGO,Aeromexico,R$936
2025-12-15,2026-05-16,MEX,DGO,Aeromexico,R$917
2025-12-15,2026-05-10,TAP,MEX,Aeromexico,R$607
2025-12-15,2026-05-10,TAP,MEX,Aeromexico,R$607
2025-12-15,2026-05-10,TAP,MEX,Aeromexico,R$642
2025-12-15,2026-05-10,TAP,MEX,Volaris,Price unavailable
2025-12-15,2026-05-10,TAP,MEX,Aeromexico,R$607
2025-12-15,2026-05-10,TAP,MEX,Aeromexico,R$607
2025-12-15,2026-05-10,TAP,MEX,Aeromexico,R$642
2025-12-15,2026-05-11,TAP,MEX,Aeromexico,R$607
2025-12-15,2026-05-11,TAP,MEX,Aeromexico,R$607
2025-12-15,2026-05-11,TAP,MEX,Aeromexico,R$607
2025-12-15,2026-05-11,TAP,MEX,Volaris,Price unavailable
2025-12-15,2026-05-11,TAP,MEX,Aeromexico,R$607
2025-12-15,2026-05-11,TAP,MEX,Aeromexico,R$607
2025-12-15,2026-05-11,TAP,MEX,Aeromexico,R$607
2025-12-15,2026-05-12,TAP,MEX,Aeromexico,R$607
2025-12-15,2026-05-12,TAP,MEX,Aeromexico,R$607
2025-12-15,2026-05-12,TAP,MEX,Aeromexico,R$712
2025-12-15,2026-05-12,TAP,MEX,Volaris,Price unavailable
2025-12-15,2026-05-12,TAP,MEX,Aeromexico,R$607
2025-12-15,2026-05-12,TAP,MEX,Aeromexico,R$607
2025-12-15,2026-05-12,TAP,MEX,Aeromexico,R$712
2025-12-15,2026-05-13,TAP,MEX,Aeromexico,R$607
2025-12-15,2026-05-13,TAP,MEX,Aeromexico,R$607
2025-12-15,2026-05-13,TAP,MEX,Aeromexico,R$607
2025-12-15,2026-05-13,TAP,MEX,Volaris,Price unavailable
2025-12-15,2026-05-13,TAP,MEX,Aeromexico,R$607
2025-12-15,2026-05-13,TAP,MEX,Aeromexico,R$607
2025-12-15,2026-05-13,TAP,MEX,Aeromexico,R$607
2025-12-15,2026-05-14,TAP,MEX,Aeromexico,R$607
2025-12-15,2026-05-14,TAP,MEX,Aeromexico,R$607
2025-12-15,2026-05-14,TAP,MEX,Aeromexico,R$607
2025-12-15,2026-05-14,TAP,MEX,Volaris,Price unavailable
2025-12-15,2026-05-14,TAP,MEX,Aeromexico,R$607
2025-12-15,2026-05-14,TAP,MEX,Aeromexico,R$607
2025-12-15,2026-05-14,TAP,MEX,Aeromexico,R$607
2025-12-15,2026-05-15,TAP,MEX,Aeromexico,R$677
2025-12-15,2026-05-15,TAP,MEX,Aeromexico,R$677
2025-12-15,2026-05-15,TAP,MEX,Aeromexico,R$677
2025-12-15,2026-05-15,TAP,MEX,Volaris,Price unavailable
2025-12-15,2026-05-15,TAP,MEX,Aeromexico,R$677
2025-12-15,2026-05-15,TAP,MEX,Aeromexico,R$677
2025-12-15,2026-05-15,TAP,MEX,Aeromexico,R$677
2025-12-15,2026-05-16,TAP,MEX,Aeromexico,R$642
2025-12-15,2026-05-16,TAP,MEX,Aeromexico,R$723
2025-12-15,2026-05-16,TAP,MEX,Volaris,Price unavailable
2025-12-15,2026-05-16,TAP,MEX,Aeromexico,R$642
2025-12-15,2026-05-16,TAP,MEX,Aeromexico,R$723
2025-12-15,2026-05-10,MEX,IAH,United,R$1067
2025-12-15,2026-05-10,MEX,IAH,United,R$1067
2025-12-15,2026-05-10,MEX,IAH,Aeromexico,R$1067
2025-12-15,2026-05-10,MEX,IAH,Aeromexico,R$1067
2025-12-15,2026-05-10,MEX,IAH,Viva,Price unavailable
2025-12-15,2026-05-10,MEX,IAH,Volaris,Price unavailable
2025-12-15,2026-05-10,MEX,IAH,United,R$1344
2025-12-15,2026-05-10,MEX,IAH,United,R$1344
2025-12-15,2026-05-10,MEX,IAH,United,R$1067
2025-12-15,2026-05-10,MEX,IAH,United,R$1067
2025-12-15,2026-05-10,MEX,IAH,Aeromexico,R$1067
2025-12-15,2026-05-10,MEX,IAH,Aeromexico,R$1067
2025-12-15,2026-05-10,MEX,IAH,Viva,Price unavailable
2025-12-15,2026-05-10,MEX,IAH,United,R$1344
2025-12-15,2026-05-10,MEX,IAH,United,R$1344
2025-12-15,2026-05-11,MEX,IAH,United,R$1067
2025-12-15,2026-05-11,MEX,IAH,United,R$1067
2025-12-15,2026-05-11,MEX,IAH,Aeromexico,R$1067
2025-12-15,2026-05-11,MEX,IAH,Aeromexico,R$1067
2025-12-15,2026-05-11,MEX,IAH,Viva,Price unavailable
2025-12-15,2026-05-11,MEX,IAH,Volaris,Price unavailable
2025-12-15,2026-05-11,MEX,IAH,United,R$1067
2025-12-15,2026-05-11,MEX,IAH,United,R$1067
2025-12-15,2026-05-11,MEX,IAH,United,R$1913
2025-12-15,2026-05-11,MEX,IAH,United,R$1067
2025-12-15,2026-05-11,MEX,IAH,United,R$1067
2025-12-15,2026-05-11,MEX,IAH,Aeromexico,R$1067
2025-12-15,2026-05-11,MEX,IAH,Aeromexico,R$1067
2025-12-15,2026-05-11,MEX,IAH,Viva,Price unavailable
2025-12-15,2026-05-11,MEX,IAH,United,R$1067
2025-12-15,2026-05-11,MEX,IAH,United,R$1067
2025-12-15,2026-05-11,MEX,IAH,United,R$1913
2025-12-15,2026-05-12,MEX,IAH,United,R$1067
2025-12-15,2026-05-12,MEX,IAH,United,R$1067
2025-12-15,2026-05-12,MEX,IAH,Aeromexico,R$1067
2025-12-15,2026-05-12,MEX,IAH,Aeromexico,R$1067
2025-12-15,2026-05-12,MEX,IAH,Viva,Price unavailable
2025-12-15,2026-05-12,MEX,IAH,Volaris,Price unavailable
2025-12-15,2026-05-12,MEX,IAH,United,R$1067
2025-12-15,2026-05-12,MEX,IAH,United,R$1067
2025-12-15,2026-05-12,MEX,IAH,United,R$1913
2025-12-15,2026-05-12,MEX,IAH,United,R$1067
2025-12-15,2026-05-12,MEX,IAH,United,R$1067
2025-12-15,2026-05-12,MEX,IAH,Aeromexico,R$1067
2025-12-15,2026-05-12,MEX,IAH,Aeromexico,R$1067
2025-12-15,2026-05-12,MEX,IAH,Viva,Price unavailable
2025-12-15,2026-05-12,MEX,IAH,United,R$1067
2025-12-15,2026-05-12,MEX,IAH,United,R$1067
2025-12-15,2026-05-12,MEX,IAH,United,R$1913
2025-12-15,2026-05-13,MEX,IAH,Aeromexico,R$1067
2025-12-15,2026-05-13,MEX,IAH,United,R$1067
2025-12-15,2026-05-13,MEX,IAH,United,R$1067
2025-12-15,2026-05-13,MEX,IAH,Aeromexico,R$1067
2025-12-15,2026-05-13,MEX,IAH,Viva,Price unavailable
2025-12-15,2026-05-13,MEX,IAH,Volaris,Price unavailable
2025-12-15,2026-05-13,MEX,IAH,United,R$1067
2025-12-15,2026-05-13,MEX,IAH,United,R$1067
2025-12-15,2026-05-13,MEX,IAH,United,R$1913
2025-12-15,2026-05-13,MEX,IAH,Aeromexico,R$1067
2025-12-15,2026-05-13,MEX,IAH,United,R$1067
2025-12-15,2026-05-13,MEX,IAH,United,R$1067
2025-12-15,2026-05-13,MEX,IAH,Aeromexico,R$1067
2025-12-15,2026-05-13,MEX,IAH,Viva,Price unavailable
2025-12-15,2026-05-13,MEX,IAH,United,R$1067
2025-12-15,2026-05-13,MEX,IAH,United,R$1067
2025-12-15,2026-05-13,MEX,IAH,United,R$1913
2025-12-15,2026-05-14,MEX,IAH,United,R$1067
2025-12-15,2026-05-14,MEX,IAH,United,R$1067
2025-12-15,2026-05-14,MEX,IAH,Aeromexico,R$1067
2025-12-15,2026-05-14,MEX,IAH,Aeromexico,R$1067
2025-12-15,2026-05-14,MEX,IAH,Viva,Price unavailable
2025-12-15,2026-05-14,MEX,IAH,Volaris,Price unavailable
2025-12-15,2026-05-14,MEX,IAH,United,R$1067
2025-12-15,2026-05-14,MEX,IAH,United,R$1067
2025-12-15,2026-05-14,MEX,IAH,United,R$1913
2025-12-15,2026-05-14,MEX,IAH,United,R$1067
2025-12-15,2026-05-14,MEX,IAH,United,R$1067
2025-12-15,2026-05-14,MEX,IAH,Aeromexico,R$1067
2025-12-15,2026-05-14,MEX,IAH,Aeromexico,R$1067
2025-12-15,2026-05-14,MEX,IAH,Viva,Price unavailable
2025-12-15,2026-05-14,MEX,IAH,United,R$1067
2025-12-15,2026-05-14,MEX,IAH,United,R$1067
2025-12-15,2026-05-14,MEX,IAH,United,R$1913
2025-12-15,2026-05-15,MEX,IAH,United,R$1067
2025-12-15,2026-05-15,MEX,IAH,United,R$1067
2025-12-15,2026-05-15,MEX,IAH,Aeromexico,R$1067
2025-12-15,2026-05-15,MEX,IAH,Aeromexico,R$1067
2025-12-15,2026-05-15,MEX,IAH,Viva,Price unavailable
2025-12-15,2026-05-15,MEX,IAH,Volaris,Price unavailable
2025-12-15,2026-05-15,MEX,IAH,United,R$1067
2025-12-15,2026-05-15,MEX,IAH,United,R$1067
2025-12-15,2026-05-15,MEX,IAH,United,R$2026
2025-12-15,2026-05-15,MEX,IAH,United,R$1067
2025-12-15,2026-05-15,MEX,IAH,United,R$1067
2025-12-15,2026-05-15,MEX,IAH,Aeromexico,R$1067
2025-12-15,2026-05-15,MEX,IAH,Aeromexico,R$1067
2025-12-15,2026-05-15,MEX,IAH,Viva,Price unavailable
2025-12-15,2026-05-15,MEX,IAH,United,R$1067
2025-12-15,2026-05-15,MEX,IAH,United,R$1067
2025-12-15,2026-05-15,MEX,IAH,United,R$2026
2025-12-15,2026-05-16,MEX,IAH,Aeromexico,R$1067
2025-12-15,2026-05-16,MEX,IAH,Viva,Price unavailable
2025-12-15,2026-05-16,MEX,IAH,Volaris,Price unavailable
2025-12-15,2026-05-16,MEX,IAH,United,R$1067
2025-12-15,2026-05-16,MEX,IAH,United,R$1067
2025-12-15,2026-05-16,MEX,IAH,United,R$1067
2025-12-15,2026-05-16,MEX,IAH,Aeromexico,R$1067
2025-12-15,2026-05-16,MEX,IAH,Viva,Price unavailable
2025-12-15,2026-05-16,MEX,IAH,United,R$1067
2025-12-15,2026-05-16,MEX,IAH,United,R$1067
2025-12-15,2026-05-16,MEX,IAH,United,R$1067
2025-12-15,2026-05-10,MEX,CUU,Aeromexico,R$1067
2025-12-15,2026-05-10,MEX,CUU,Volaris,Price unavailable
2025-12-15,2026-05-10,MEX,CUU,Viva,Price unavailable
2025-12-15,2026-05-10,MEX,CUU,Aeromexico,R$1067
2025-12-15,2026-05-10,MEX,CUU,Aeromexico,R$1067
2025-12-15,2026-05-10,MEX,CUU,Aeromexico,R$1102
2025-12-15,2026-05-10,MEX,CUU,Aeromexico,R$1067
2025-12-15,2026-05-10,MEX,CUU,Volaris,Price unavailable
2025-12-15,2026-05-10,MEX,CUU,Aeromexico,R$1067
2025-12-15,2026-05-10,MEX,CUU,Aeromexico,R$1067
2025-12-15,2026-05-10,MEX,CUU,Aeromexico,R$1102
2025-12-15,2026-05-11,MEX,CUU,Aeromexico,R$1120
2025-12-15,2026-05-11,MEX,CUU,Volaris,Price unavailable
2025-12-15,2026-05-11,MEX,CUU,Viva,Price unavailable
2025-12-15,2026-05-11,MEX,CUU,Aeromexico,R$1120
2025-12-15,2026-05-11,MEX,CUU,Aeromexico,R$1190
2025-12-15,2026-05-11,MEX,CUU,Aeromexico,R$1225
2025-12-15,2026-05-11,MEX,CUU,Aeromexico,R$1120
2025-12-15,2026-05-11,MEX,CUU,Volaris,Price unavailable
2025-12-15,2026-05-11,MEX,CUU,Aeromexico,R$1120
2025-12-15,2026-05-11,MEX,CUU,Aeromexico,R$1190
2025-12-15,2026-05-11,MEX,CUU,Aeromexico,R$1225
2025-12-15,2026-05-12,MEX,CUU,Aeromexico,R$1067
2025-12-15,2026-05-12,MEX,CUU,Aeromexico,R$1067
2025-12-15,2026-05-12,MEX,CUU,Aeromexico,R$1067
2025-12-15,2026-05-12,MEX,CUU,Volaris,Price unavailable
2025-12-15,2026-05-12,MEX,CUU,Viva,Price unavailable
2025-12-15,2026-05-12,MEX,CUU,Aeromexico,R$1067
2025-12-15,2026-05-12,MEX,CUU,Aeromexico,R$1067
2025-12-15,2026-05-12,MEX,CUU,Aeromexico,R$1067
2025-12-15,2026-05-12,MEX,CUU,Aeromexico,R$1067
2025-12-15,2026-05-12,MEX,CUU,Volaris,Price unavailable
2025-12-15,2026-05-12,MEX,CUU,Aeromexico,R$1067
2025-12-15,2026-05-13,MEX,CUU,Aeromexico,R$1067
2025-12-15,2026-05-13,MEX,CUU,Aeromexico,R$1067
2025-12-15,2026-05-13,MEX,CUU,Aeromexico,R$1067
2025-12-15,2026-05-13,MEX,CUU,Volaris,Price unavailable
2025-12-15,2026-05-13,MEX,CUU,Viva,Price unavailable
2025-12-15,2026-05-13,MEX,CUU,Aeromexico,R$1067
2025-12-15,2026-05-13,MEX,CUU,Aeromexico,R$1067
2025-12-15,2026-05-13,MEX,CUU,Aeromexico,R$1067
2025-12-15,2026-05-13,MEX,CUU,Aeromexico,R$1067
2025-12-15,2026-05-13,MEX,CUU,Volaris,Price unavailable
2025-12-15,2026-05-13,MEX,CUU,Aeromexico,R$1067
2025-12-15,2026-05-14,MEX,CUU,Aeromexico,R$1067
2025-12-15,2026-05-14,MEX,CUU,Aeromexico,R$1067
2025-12-15,2026-05-14,MEX,CUU,Aeromexico,R$1067
2025-12-15,2026-05-14,MEX,CUU,Volaris,Price unavailable
2025-12-15,2026-05-14,MEX,CUU,Viva,Price unavailable
2025-12-15,2026-05-14,MEX,CUU,Aeromexico,R$1067
2025-12-15,2026-05-14,MEX,CUU,Aeromexico,R$1067
2025-12-15,2026-05-14,MEX,CUU,Aeromexico,R$1067
2025-12-15,2026-05-14,MEX,CUU,Aeromexico,R$1067
2025-12-15,2026-05-14,MEX,CUU,Volaris,Price unavailable
2025-12-15,2026-05-14,MEX,CUU,Aeromexico,R$1067
2025-12-15,2026-05-15,MEX,CUU,Aeromexico,R$1067
2025-12-15,2026-05-15,MEX,CUU,Aeromexico,R$1067
2025-12-15,2026-05-15,MEX,CUU,Aeromexico,R$1067
2025-12-15,2026-05-15,MEX,CUU,Volaris,Price unavailable
2025-12-15,2026-05-15,MEX,CUU,Viva,Price unavailable
2025-12-15,2026-05-15,MEX,CUU,Aeromexico,R$1067
2025-12-15,2026-05-15,MEX,CUU,Aeromexico,R$1067
2025-12-15,2026-05-15,MEX,CUU,Aeromexico,R$1067
2025-12-15,2026-05-15,MEX,CUU,Aeromexico,R$1067
2025-12-15,2026-05-15,MEX,CUU,Volaris,Price unavailable
2025-12-15,2026-05-15,MEX,CUU,Aeromexico,R$1067
2025-12-15,2026-05-16,MEX,CUU,Aeromexico,R$1067
2025-12-15,2026-05-16,MEX,CUU,Aeromexico,R$1067
2025-12-15,2026-05-16,MEX,CUU,Aeromexico,R$1067
2025-12-15,2026-05-16,MEX,CUU,Volaris,Price unavailable
2025-12-15,2026-05-16,MEX,CUU,Viva,Price unavailable
2025-12-15,2026-05-16,MEX,CUU,Aeromexico,R$1067
2025-12-15,2026-05-16,MEX,CUU,Aeromexico,R$1067
2025-12-15,2026-05-16,MEX,CUU,Aeromexico,R$1067
2025-12-15,2026-05-16,MEX,CUU,Volaris,Price unavailable
2025-12-15,2026-05-10,MEX,TRC,Aeromexico,R$857
2025-12-15,2026-05-10,MEX,TRC,Aeromexico,R$857
2025-12-15,2026-05-10,MEX,TRC,Aeromexico,R$857
2025-12-15,2026-05-10,MEX,TRC,Viva,Price unavailable
2025-12-15,2026-05-10,MEX,TRC,Aeromexico,R$857
2025-12-15,2026-05-10,MEX,TRC,Aeromexico,R$857
2025-12-15,2026-05-10,MEX,TRC,Aeromexico,R$857
2025-12-15,2026-05-11,MEX,TRC,Aeromexico,R$804
2025-12-15,2026-05-11,MEX,TRC,Viva,Price unavailable
2025-12-15,2026-05-11,MEX,TRC,Aeromexico,R$804
2025-12-15,2026-05-11,MEX,TRC,Aeromexico,R$839
2025-12-15,2026-05-11,MEX,TRC,Aeromexico,R$839
2025-12-15,2026-05-11,MEX,TRC,Aeromexico,R$804
2025-12-15,2026-05-11,MEX,TRC,Aeromexico,R$804
2025-12-15,2026-05-11,MEX,TRC,Aeromexico,R$839
2025-12-15,2026-05-11,MEX,TRC,Aeromexico,R$839
2025-12-15,2026-05-12,MEX,TRC,Aeromexico,R$769
2025-12-15,2026-05-12,MEX,TRC,Viva,Price unavailable
2025-12-15,2026-05-12,MEX,TRC,Aeromexico,R$769
2025-12-15,2026-05-12,MEX,TRC,Aeromexico,R$769
2025-12-15,2026-05-12,MEX,TRC,Aeromexico,R$769
2025-12-15,2026-05-12,MEX,TRC,Aeromexico,R$769
2025-12-15,2026-05-12,MEX,TRC,Aeromexico,R$769
2025-12-15,2026-05-12,MEX,TRC,Aeromexico,R$769
2025-12-15,2026-05-12,MEX,TRC,Aeromexico,R$769
2025-12-15,2026-05-13,MEX,TRC,Aeromexico,R$769
2025-12-15,2026-05-13,MEX,TRC,Aeromexico,R$769
2025-12-15,2026-05-13,MEX,TRC,Aeromexico,R$769
2025-12-15,2026-05-13,MEX,TRC,Viva,Price unavailable
2025-12-15,2026-05-13,MEX,TRC,Aeromexico,R$769
2025-12-15,2026-05-13,MEX,TRC,Aeromexico,R$769
2025-12-15,2026-05-13,MEX,TRC,Aeromexico,R$769
2025-12-15,2026-05-13,MEX,TRC,Aeromexico,R$769
2025-12-15,2026-05-13,MEX,TRC,Aeromexico,R$769
2025-12-15,2026-05-14,MEX,TRC,Aeromexico,R$769
2025-12-15,2026-05-14,MEX,TRC,Aeromexico,R$769
2025-12-15,2026-05-14,MEX,TRC,Aeromexico,R$769
2025-12-15,2026-05-14,MEX,TRC,Viva,Price unavailable
2025-12-15,2026-05-14,MEX,TRC,Aeromexico,R$769
2025-12-15,2026-05-14,MEX,TRC,Aeromexico,R$769
2025-12-15,2026-05-14,MEX,TRC,Aeromexico,R$769
2025-12-15,2026-05-14,MEX,TRC,Aeromexico,R$769
2025-12-15,2026-05-14,MEX,TRC,Aeromexico,R$769
2025-12-15,2026-05-15,MEX,TRC,Aeromexico,R$804
2025-12-15,2026-05-15,MEX,TRC,Aeromexico,R$839
2025-12-15,2026-05-15,MEX,TRC,Aeromexico,R$839
2025-12-15,2026-05-15,MEX,TRC,Viva,Price unavailable
2025-12-15,2026-05-15,MEX,TRC,Aeromexico,R$804
2025-12-15,2026-05-15,MEX,TRC,Aeromexico,R$804
2025-12-15,2026-05-15,MEX,TRC,Aeromexico,R$839
2025-12-15,2026-05-15,MEX,TRC,Aeromexico,R$839
2025-12-15,2026-05-15,MEX,TRC,Aeromexico,R$804
2025-12-15,2026-05-16,MEX,TRC,Aeromexico,R$769
2025-12-15,2026-05-16,MEX,TRC,Aeromexico,R$769
2025-12-15,2026-05-16,MEX,TRC,Viva,Price unavailable
2025-12-15,2026-05-16,MEX,TRC,Aeromexico,R$769
2025-12-15,2026-05-16,MEX,TRC,Aeromexico,R$769
2025-12-15,2026-05-10,MEX,BOS,Aeromexico,R$3690
2025-12-15,2026-05-11,MEX,BOS,Aeromexico,R$1744
2025-12-15,2026-05-12,MEX,BOS,Aeromexico,R$1744
2025-12-15,2026-05-13,MEX,BOS,Aeromexico,R$1744
2025-12-15,2026-05-14,MEX,BOS,Aeromexico,R$3578
2025-12-15,2026-05-15,MEX,BOS,Aeromexico,R$1744
2025-12-15,2026-05-16,MEX,BOS,Aeromexico,R$1744
2025-12-15,2026-05-10,CME,MEX,Aeromexico,R$763
2025-12-15,2026-05-10,CME,MEX,Aeromexico,R$798
2025-12-15,2026-05-10,CME,MEX,Aeromexico,R$763
2025-12-15,2026-05-11,CME,MEX,Aeromexico,R$763
2025-12-15,2026-05-11,CME,MEX,Aeromexico,R$763
2025-12-15,2026-05-11,CME,MEX,Aeromexico,R$763
2025-12-15,2026-05-12,CME,MEX,Aeromexico,R$763
2025-12-15,2026-05-12,CME,MEX,Aeromexico,R$763
2025-12-15,2026-05-12,CME,MEX,Aeromexico,R$763
2025-12-15,2026-05-13,CME,MEX,Aeromexico,R$763
2025-12-15,2026-05-13,CME,MEX,Aeromexico,R$763
2025-12-15,2026-05-13,CME,MEX,Aeromexico,R$763
2025-12-15,2026-05-14,CME,MEX,Aeromexico,R$851
2025-12-15,2026-05-14,CME,MEX,Aeromexico,R$956
2025-12-15,2026-05-14,CME,MEX,Aeromexico,R$851
2025-12-15,2026-05-15,CME,MEX,Aeromexico,R$921
2025-12-15,2026-05-15,CME,MEX,Aeromexico,R$921
2025-12-15,2026-05-15,CME,MEX,Aeromexico,R$921
2025-12-15,2026-05-16,CME,MEX,Aeromexico,R$763
2025-12-15,2026-05-10,MEX,TGZ,Aeromexico,R$739
2025-12-15,2026-05-10,MEX,TGZ,Aeromexico,R$739
2025-12-15,2026-05-10,MEX,TGZ,Aeromexico,R$739
2025-12-15,2026-05-10,MEX,TGZ,Volaris,Price unavailable
2025-12-15,2026-05-10,MEX,TGZ,Viva,Price unavailable
2025-12-15,2026-05-10,MEX,TGZ,Aeromexico,R$739
2025-12-15,2026-05-10,MEX,TGZ,Aeromexico,R$739
2025-12-15,2026-05-10,MEX,TGZ,Aeromexico,R$739
2025-12-15,2026-05-10,MEX,TGZ,Volaris,Price unavailable
2025-12-15,2026-05-11,MEX,TGZ,Aeromexico,R$739
2025-12-15,2026-05-11,MEX,TGZ,Aeromexico,R$739
2025-12-15,2026-05-11,MEX,TGZ,Aeromexico,R$739
2025-12-15,2026-05-11,MEX,TGZ,Volaris,Price unavailable
2025-12-15,2026-05-11,MEX,TGZ,Viva,Price unavailable
2025-12-15,2026-05-11,MEX,TGZ,Aeromexico,R$739
2025-12-15,2026-05-11,MEX,TGZ,Aeromexico,R$739
2025-12-15,2026-05-11,MEX,TGZ,Aeromexico,R$739
2025-12-15,2026-05-11,MEX,TGZ,Aeromexico,R$739
2025-12-15,2026-05-11,MEX,TGZ,Aeromexico,R$739
2025-12-15,2026-05-11,MEX,TGZ,Volaris,Price unavailable
2025-12-15,2026-05-11,MEX,TGZ,Aeromexico,R$739
2025-12-15,2026-05-11,MEX,TGZ,Aeromexico,R$739
2025-12-15,2026-05-12,MEX,TGZ,Aeromexico,R$704
2025-12-15,2026-05-12,MEX,TGZ,Aeromexico,R$704
2025-12-15,2026-05-12,MEX,TGZ,Aeromexico,R$704
2025-12-15,2026-05-12,MEX,TGZ,Aeromexico,R$704
2025-12-15,2026-05-12,MEX,TGZ,Aeromexico,R$704
2025-12-15,2026-05-12,MEX,TGZ,Volaris,Price unavailable
2025-12-15,2026-05-12,MEX,TGZ,Viva,Price unavailable
2025-12-15,2026-05-12,MEX,TGZ,Aeromexico,R$704
2025-12-15,2026-05-12,MEX,TGZ,Aeromexico,R$704
2025-12-15,2026-05-12,MEX,TGZ,Aeromexico,R$704
2025-12-15,2026-05-12,MEX,TGZ,Aeromexico,R$704
2025-12-15,2026-05-12,MEX,TGZ,Aeromexico,R$704
2025-12-15,2026-05-12,MEX,TGZ,Volaris,Price unavailable
2025-12-15,2026-05-13,MEX,TGZ,Volaris,Price unavailable
2025-12-15,2026-05-13,MEX,TGZ,Viva,Price unavailable
2025-12-15,2026-05-13,MEX,TGZ,Volaris,Price unavailable
2025-12-15,2026-05-14,MEX,TGZ,Aeromexico,R$704
2025-12-15,2026-05-14,MEX,TGZ,Aeromexico,R$704
2025-12-15,2026-05-14,MEX,TGZ,Aeromexico,R$704
2025-12-15,2026-05-14,MEX,TGZ,Volaris,Price unavailable
2025-12-15,2026-05-14,MEX,TGZ,Viva,Price unavailable
2025-12-15,2026-05-14,MEX,TGZ,Aeromexico,R$704
2025-12-15,2026-05-14,MEX,TGZ,Aeromexico,R$704
2025-12-15,2026-05-14,MEX,TGZ,Aeromexico,R$704
2025-12-15,2026-05-14,MEX,TGZ,Aeromexico,R$704
2025-12-15,2026-05-14,MEX,TGZ,Aeromexico,R$704
2025-12-15,2026-05-14,MEX,TGZ,Volaris,Price unavailable
2025-12-15,2026-05-14,MEX,TGZ,Aeromexico,R$704
2025-12-15,2026-05-14,MEX,TGZ,Aeromexico,R$704
2025-12-15,2026-05-15,MEX,TGZ,Aeromexico,R$704
2025-12-15,2026-05-15,MEX,TGZ,Aeromexico,R$704
2025-12-15,2026-05-15,MEX,TGZ,Aeromexico,R$704
2025-12-15,2026-05-15,MEX,TGZ,Volaris,Price unavailable
2025-12-15,2026-05-15,MEX,TGZ,Viva,Price unavailable
2025-12-15,2026-05-15,MEX,TGZ,Aeromexico,R$704
2025-12-15,2026-05-15,MEX,TGZ,Aeromexico,R$704
2025-12-15,2026-05-15,MEX,TGZ,Aeromexico,R$704
2025-12-15,2026-05-15,MEX,TGZ,Aeromexico,R$704
2025-12-15,2026-05-15,MEX,TGZ,Aeromexico,R$704
2025-12-15,2026-05-15,MEX,TGZ,Volaris,Price unavailable
2025-12-15,2026-05-15,MEX,TGZ,Aeromexico,R$704
2025-12-15,2026-05-15,MEX,TGZ,Aeromexico,R$704
2025-12-15,2026-05-16,MEX,TGZ,Aeromexico,R$704
2025-12-15,2026-05-16,MEX,TGZ,Aeromexico,R$704
2025-12-15,2026-05-16,MEX,TGZ,Volaris,Price unavailable
2025-12-15,2026-05-16,MEX,TGZ,Viva,Price unavailable
2025-12-15,2026-05-16,MEX,TGZ,Aeromexico,R$704
2025-12-15,2026-05-16,MEX,TGZ,Aeromexico,R$704
2025-12-15,2026-05-16,MEX,TGZ,Aeromexico,R$704
2025-12-15,2026-05-16,MEX,TGZ,Aeromexico,R$704
2025-12-15,2026-05-16,MEX,TGZ,Volaris,Price unavailable
2025-12-15,2026-05-16,MEX,TGZ,Aeromexico,R$704
2025-12-15,2026-05-16,MEX,TGZ,Aeromexico,R$704
2025-12-15,2026-05-10,MEX,YUL,Air Canada,R$2934
2025-12-15,2026-05-10,MEX,YUL,Aeromexico,R$2958
2025-12-15,2026-05-10,MEX,YUL,Air Canada,R$2934
2025-12-15,2026-05-11,MEX,YUL,Air Canada,R$2934
2025-12-15,2026-05-11,MEX,YUL,Aeromexico,R$2958
2025-12-15,2026-05-11,MEX,YUL,Air Canada,R$2934
2025-12-15,2026-05-12,MEX,YUL,Air Canada,R$2934
2025-12-15,2026-05-12,MEX,YUL,Aeromexico,R$5167
2025-12-15,2026-05-12,MEX,YUL,Air Canada,R$2934
2025-12-15,2026-05-13,MEX,YUL,Air Canada,R$2934
2025-12-15,2026-05-13,MEX,YUL,Aeromexico,R$5167
2025-12-15,2026-05-13,MEX,YUL,Air Canada,R$2934
2025-12-15,2026-05-14,MEX,YUL,Air Canada,R$2934
2025-12-15,2026-05-14,MEX,YUL,Aeromexico,R$5167
2025-12-15,2026-05-14,MEX,YUL,Air Canada,R$2934
2025-12-15,2026-05-15,MEX,YUL,Air Canada,R$2934
2025-12-15,2026-05-15,MEX,YUL,Aeromexico,R$4663
2025-12-15,2026-05-15,MEX,YUL,Air Canada,R$2934
2025-12-15,2026-05-16,MEX,YUL,Air Canada,R$2934
2025-12-15,2026-05-16,MEX,YUL,Aeromexico,R$2958
2025-12-15,2026-05-16,MEX,YUL,Air Canada,R$2934
2025-12-15,2026-05-10,MEX,MCO,Aeromexico,R$1050
2025-12-15,2026-05-10,MEX,MCO,Aeromexico,R$1050
2025-12-15,2026-05-10,MEX,MCO,Aeromexico,R$1050
2025-12-15,2026-05-10,MEX,MCO,Volaris,Price unavailable
2025-12-15,2026-05-10,MEX,MCO,Aeromexico,R$1050
2025-12-15,2026-05-10,MEX,MCO,Aeromexico,R$1050
2025-12-15,2026-05-10,MEX,MCO,Aeromexico,R$1050
2025-12-15,2026-05-11,MEX,MCO,Aeromexico,R$1050
2025-12-15,2026-05-11,MEX,MCO,Aeromexico,R$1050
2025-12-15,2026-05-11,MEX,MCO,Aeromexico,R$1050
2025-12-15,2026-05-11,MEX,MCO,Volaris,Price unavailable
2025-12-15,2026-05-11,MEX,MCO,Aeromexico,R$1050
2025-12-15,2026-05-11,MEX,MCO,Aeromexico,R$1050
2025-12-15,2026-05-11,MEX,MCO,Aeromexico,R$1050
2025-12-15,2026-05-12,MEX,MCO,Aeromexico,R$1050
2025-12-15,2026-05-12,MEX,MCO,Aeromexico,R$1050
2025-12-15,2026-05-12,MEX,MCO,Aeromexico,R$1050
2025-12-15,2026-05-12,MEX,MCO,Volaris,Price unavailable
2025-12-15,2026-05-12,MEX,MCO,Aeromexico,R$1050
2025-12-15,2026-05-12,MEX,MCO,Aeromexico,R$1050
2025-12-15,2026-05-12,MEX,MCO,Aeromexico,R$1050
2025-12-15,2026-05-13,MEX,MCO,Aeromexico,R$1050
2025-12-15,2026-05-13,MEX,MCO,Aeromexico,R$1050
2025-12-15,2026-05-13,MEX,MCO,Aeromexico,R$1050
2025-12-15,2026-05-13,MEX,MCO,Volaris,Price unavailable
2025-12-15,2026-05-13,MEX,MCO,Aeromexico,R$1050
2025-12-15,2026-05-13,MEX,MCO,Aeromexico,R$1050
2025-12-15,2026-05-13,MEX,MCO,Aeromexico,R$1050
2025-12-15,2026-05-14,MEX,MCO,Aeromexico,R$1050
2025-12-15,2026-05-14,MEX,MCO,Aeromexico,R$1050
2025-12-15,2026-05-14,MEX,MCO,Aeromexico,R$1050
2025-12-15,2026-05-14,MEX,MCO,Volaris,Price unavailable
2025-12-15,2026-05-14,MEX,MCO,Aeromexico,R$1050
2025-12-15,2026-05-14,MEX,MCO,Aeromexico,R$1050
2025-12-15,2026-05-14,MEX,MCO,Aeromexico,R$1050
2025-12-15,2026-05-15,MEX,MCO,Aeromexico,R$1050
2025-12-15,2026-05-15,MEX,MCO,Aeromexico,R$1050
2025-12-15,2026-05-15,MEX,MCO,Aeromexico,R$1050
2025-12-15,2026-05-15,MEX,MCO,Volaris,Price unavailable
2025-12-15,2026-05-15,MEX,MCO,Aeromexico,R$1050
2025-12-15,2026-05-15,MEX,MCO,Aeromexico,R$1050
2025-12-15,2026-05-15,MEX,MCO,Aeromexico,R$1050
2025-12-15,2026-05-16,MEX,MCO,Aeromexico,R$1050
2025-12-15,2026-05-16,MEX,MCO,Aeromexico,R$1050
2025-12-15,2026-05-16,MEX,MCO,Aeromexico,R$1050
2025-12-15,2026-05-16,MEX,MCO,Volaris,Price unavailable
2025-12-15,2026-05-16,MEX,MCO,Aeromexico,R$1050
2025-12-15,2026-05-16,MEX,MCO,Aeromexico,R$1050
2025-12-15,2026-05-16,MEX,MCO,Aeromexico,R$1050
2025-12-15,2026-05-10,CJS,MEX,Aeromexico,R$578
2025-12-15,2026-05-10,CJS,MEX,Viva,Price unavailable
2025-12-15,2026-05-10,CJS,MEX,Volaris,Price unavailable
2025-12-15,2026-05-10,CJS,MEX,Aeromexico,R$578
2025-12-15,2026-05-10,CJS,MEX,Aeromexico,R$578
2025-12-15,2026-05-10,CJS,MEX,Aeromexico,R$578
2025-12-15,2026-05-10,CJS,MEX,Viva,Price unavailable
2025-12-15,2026-05-10,CJS,MEX,Aeromexico,R$578
2025-12-15,2026-05-10,CJS,MEX,Aeromexico,R$578
2025-12-15,2026-05-11,CJS,MEX,Viva,Price unavailable
2025-12-15,2026-05-11,CJS,MEX,Volaris,Price unavailable
2025-12-15,2026-05-11,CJS,MEX,Viva,Price unavailable
2025-12-15,2026-05-12,CJS,MEX,Aeromexico,R$578
2025-12-15,2026-05-12,CJS,MEX,Aeromexico,R$578
2025-12-15,2026-05-12,CJS,MEX,Aeromexico,R$578
2025-12-15,2026-05-12,CJS,MEX,Viva,Price unavailable
2025-12-15,2026-05-12,CJS,MEX,Volaris,Price unavailable
2025-12-15,2026-05-12,CJS,MEX,Aeromexico,R$578
2025-12-15,2026-05-12,CJS,MEX,Aeromexico,R$578
2025-12-15,2026-05-12,CJS,MEX,Aeromexico,R$578
2025-12-15,2026-05-12,CJS,MEX,Viva,Price unavailable
2025-12-15,2026-05-13,CJS,MEX,Aeromexico,R$578
2025-12-15,2026-05-13,CJS,MEX,Aeromexico,R$578
2025-12-15,2026-05-13,CJS,MEX,Aeromexico,R$613
2025-12-15,2026-05-13,CJS,MEX,Viva,Price unavailable
2025-12-15,2026-05-13,CJS,MEX,Volaris,Price unavailable
2025-12-15,2026-05-13,CJS,MEX,Aeromexico,R$578
2025-12-15,2026-05-13,CJS,MEX,Aeromexico,R$578
2025-12-15,2026-05-13,CJS,MEX,Aeromexico,R$613
2025-12-15,2026-05-13,CJS,MEX,Viva,Price unavailable
2025-12-15,2026-05-14,CJS,MEX,Aeromexico,R$613
2025-12-15,2026-05-14,CJS,MEX,Aeromexico,R$648
2025-12-15,2026-05-14,CJS,MEX,Aeromexico,R$718
2025-12-15,2026-05-14,CJS,MEX,Viva,Price unavailable
2025-12-15,2026-05-14,CJS,MEX,Volaris,Price unavailable
2025-12-15,2026-05-14,CJS,MEX,Aeromexico,R$613
2025-12-15,2026-05-14,CJS,MEX,Aeromexico,R$648
2025-12-15,2026-05-14,CJS,MEX,Aeromexico,R$718
2025-12-15,2026-05-14,CJS,MEX,Viva,Price unavailable
2025-12-15,2026-05-15,CJS,MEX,Aeromexico,R$683
2025-12-15,2026-05-15,CJS,MEX,Aeromexico,R$753
2025-12-15,2026-05-15,CJS,MEX,Aeromexico,R$788
2025-12-15,2026-05-15,CJS,MEX,Viva,Price unavailable
2025-12-15,2026-05-15,CJS,MEX,Volaris,Price unavailable
2025-12-15,2026-05-15,CJS,MEX,Aeromexico,R$683
2025-12-15,2026-05-15,CJS,MEX,Aeromexico,R$753
2025-12-15,2026-05-15,CJS,MEX,Aeromexico,R$788
2025-12-15,2026-05-15,CJS,MEX,Viva,Price unavailable
2025-12-15,2026-05-16,CJS,MEX,Aeromexico,R$578
2025-12-15,2026-05-16,CJS,MEX,Aeromexico,R$1049
2025-12-15,2026-05-16,CJS,MEX,Viva,Price unavailable
2025-12-15,2026-05-16,CJS,MEX,Volaris,Price unavailable
2025-12-15,2026-05-16,CJS,MEX,Aeromexico,R$578
2025-12-15,2026-05-16,CJS,MEX,Aeromexico,R$1049
2025-12-15,2026-05-16,CJS,MEX,Viva,Price unavailable
2025-12-15,2026-05-10,BOS,MEX,Aeromexico,R$1527
2025-12-15,2026-05-11,BOS,MEX,Aeromexico,R$1527
2025-12-15,2026-05-12,BOS,MEX,Aeromexico,R$1527
2025-12-15,2026-05-13,BOS,MEX,Aeromexico,R$1527
2025-12-15,2026-05-14,BOS,MEX,Aeromexico,R$1527
2025-12-15,2026-05-15,BOS,MEX,Aeromexico,R$1527
2025-12-15,2026-05-16,BOS,MEX,Aeromexico,R$1527
2025-12-15,2026-05-10,MIA,CUN,American,R$957
2025-12-15,2026-05-10,MIA,CUN,American,R$957
2025-12-15,2026-05-10,MIA,CUN,American,R$957
2025-12-15,2026-05-10,MIA,CUN,Aeromexico,R$957
2025-12-15,2026-05-10,MIA,CUN,American,R$957
2025-12-15,2026-05-10,MIA,CUN,American,R$957
2025-12-15,2026-05-10,MIA,CUN,Aeromexico,R$957
2025-12-15,2026-05-11,MIA,CUN,American,R$957
2025-12-15,2026-05-11,MIA,CUN,American,R$957
2025-12-15,2026-05-11,MIA,CUN,American,R$957
2025-12-15,2026-05-11,MIA,CUN,Aeromexico,R$957
2025-12-15,2026-05-11,MIA,CUN,American,R$957
2025-12-15,2026-05-11,MIA,CUN,American,R$957
2025-12-15,2026-05-11,MIA,CUN,Aeromexico,R$957
2025-12-15,2026-05-12,MIA,CUN,American,R$957
2025-12-15,2026-05-12,MIA,CUN,Aeromexico,R$957
2025-12-15,2026-05-12,MIA,CUN,American,R$957
2025-12-15,2026-05-12,MIA,CUN,American,R$957
2025-12-15,2026-05-12,MIA,CUN,American,R$957
2025-12-15,2026-05-12,MIA,CUN,Aeromexico,R$957
2025-12-15,2026-05-12,MIA,CUN,American,R$957
2025-12-15,2026-05-13,MIA,CUN,American,R$957
2025-12-15,2026-05-13,MIA,CUN,Aeromexico,R$957
2025-12-15,2026-05-13,MIA,CUN,American,R$957
2025-12-15,2026-05-13,MIA,CUN,American,R$957
2025-12-15,2026-05-13,MIA,CUN,American,R$957
2025-12-15,2026-05-13,MIA,CUN,Aeromexico,R$957
2025-12-15,2026-05-13,MIA,CUN,American,R$957
2025-12-15,2026-05-14,MIA,CUN,American,R$957
2025-12-15,2026-05-14,MIA,CUN,Aeromexico,R$957
2025-12-15,2026-05-14,MIA,CUN,American,R$957
2025-12-15,2026-05-14,MIA,CUN,American,R$957
2025-12-15,2026-05-14,MIA,CUN,Aeromexico,R$957
2025-12-15,2026-05-14,MIA,CUN,American,R$957
2025-12-15,2026-05-14,MIA,CUN,American,R$957
2025-12-15,2026-05-15,MIA,CUN,American,R$957
2025-12-15,2026-05-15,MIA,CUN,Aeromexico,R$957
2025-12-15,2026-05-15,MIA,CUN,American,R$957
2025-12-15,2026-05-15,MIA,CUN,American,R$957
2025-12-15,2026-05-15,MIA,CUN,Aeromexico,R$957
2025-12-15,2026-05-15,MIA,CUN,American,R$957
2025-12-15,2026-05-15,MIA,CUN,American,R$957
2025-12-15,2026-05-16,MIA,CUN,Aeromexico,R$957
2025-12-15,2026-05-16,MIA,CUN,American,R$957
2025-12-15,2026-05-16,MIA,CUN,American,R$957
2025-12-15,2026-05-16,MIA,CUN,American,R$957
2025-12-15,2026-05-16,MIA,CUN,Aeromexico,R$957
2025-12-15,2026-05-16,MIA,CUN,American,R$957
2025-12-15,2026-05-16,MIA,CUN,American,R$957
2025-12-15,2026-05-10,MTY,ATL,Aeromexico,R$1860
2025-12-15,2026-05-10,MTY,ATL,Delta,R$1860
2025-12-15,2026-05-10,MTY,ATL,Aeromexico,R$1860
2025-12-15,2026-05-11,MTY,ATL,Aeromexico,R$1860
2025-12-15,2026-05-11,MTY,ATL,Delta,R$1860
2025-12-15,2026-05-11,MTY,ATL,Aeromexico,R$1860
2025-12-15,2026-05-12,MTY,ATL,Aeromexico,R$1860
2025-12-15,2026-05-12,MTY,ATL,Delta,R$1860
2025-12-15,2026-05-12,MTY,ATL,Aeromexico,R$1860
2025-12-15,2026-05-13,MTY,ATL,Aeromexico,R$1860
2025-12-15,2026-05-13,MTY,ATL,Delta,R$1860
2025-12-15,2026-05-13,MTY,ATL,Aeromexico,R$1860
2025-12-15,2026-05-14,MTY,ATL,Aeromexico,R$1860
2025-12-15,2026-05-14,MTY,ATL,Delta,R$1860
2025-12-15,2026-05-14,MTY,ATL,Aeromexico,R$1860
2025-12-15,2026-05-15,MTY,ATL,Delta,R$1860
2025-12-15,2026-05-15,MTY,ATL,Aeromexico,R$2029
2025-12-15,2026-05-15,MTY,ATL,Delta,R$1860
2025-12-15,2026-05-16,MTY,ATL,Aeromexico,R$1860
2025-12-15,2026-05-16,MTY,ATL,Delta,R$1860
2025-12-15,2026-05-16,MTY,ATL,Aeromexico,R$1860
2025-12-15,2026-05-12,DEN,MTY,Viva,Price unavailable
2025-12-15,2026-05-16,DEN,MTY,Viva,Price unavailable
2025-12-15,2026-05-10,DGO,NLU,Aeromexico,R$433
2025-12-15,2026-05-11,DGO,NLU,Aeromexico,R$376
2025-12-15,2026-05-12,DGO,NLU,Aeromexico,R$376
2025-12-15,2026-05-13,DGO,NLU,Aeromexico,R$376
2025-12-15,2026-05-14,DGO,NLU,Aeromexico,R$433
2025-12-15,2026-05-16,DGO,NLU,Aeromexico,R$631
2025-12-15,2026-05-10,LAS,MEX,Aeromexico,R$1255
2025-12-15,2026-05-10,LAS,MEX,Viva,Price unavailable
2025-12-15,2026-05-10,LAS,MEX,Volaris,Price unavailable
2025-12-15,2026-05-10,LAS,MEX,Aeromexico,R$1255
2025-12-15,2026-05-10,LAS,MEX,Viva,Price unavailable
2025-12-15,2026-05-11,LAS,MEX,Aeromexico,R$1255
2025-12-15,2026-05-11,LAS,MEX,Viva,Price unavailable
2025-12-15,2026-05-11,LAS,MEX,Volaris,Price unavailable
2025-12-15,2026-05-11,LAS,MEX,Aeromexico,R$1255
2025-12-15,2026-05-11,LAS,MEX,Viva,Price unavailable
2025-12-15,2026-05-12,LAS,MEX,Aeromexico,R$1255
2025-12-15,2026-05-12,LAS,MEX,Viva,Price unavailable
2025-12-15,2026-05-12,LAS,MEX,Volaris,Price unavailable
2025-12-15,2026-05-12,LAS,MEX,Aeromexico,R$1255
2025-12-15,2026-05-12,LAS,MEX,Viva,Price unavailable
2025-12-15,2026-05-13,LAS,MEX,Aeromexico,R$1255
2025-12-15,2026-05-13,LAS,MEX,Viva,Price unavailable
2025-12-15,2026-05-13,LAS,MEX,Volaris,Price unavailable
2025-12-15,2026-05-13,LAS,MEX,Aeromexico,R$1255
2025-12-15,2026-05-13,LAS,MEX,Viva,Price unavailable
2025-12-15,2026-05-14,LAS,MEX,Aeromexico,R$1255
2025-12-15,2026-05-14,LAS,MEX,Viva,Price unavailable
2025-12-15,2026-05-14,LAS,MEX,Volaris,Price unavailable
2025-12-15,2026-05-14,LAS,MEX,Aeromexico,R$1255
2025-12-15,2026-05-14,LAS,MEX,Viva,Price unavailable
2025-12-15,2026-05-15,LAS,MEX,Aeromexico,R$1255
2025-12-15,2026-05-15,LAS,MEX,Viva,Price unavailable
2025-12-15,2026-05-15,LAS,MEX,Volaris,Price unavailable
2025-12-15,2026-05-15,LAS,MEX,Aeromexico,R$1255
2025-12-15,2026-05-15,LAS,MEX,Viva,Price unavailable
2025-12-15,2026-05-16,LAS,MEX,Aeromexico,R$1255
2025-12-15,2026-05-16,LAS,MEX,Viva,Price unavailable
2025-12-15,2026-05-16,LAS,MEX,Volaris,Price unavailable
2025-12-15,2026-05-16,LAS,MEX,Aeromexico,R$1255
2025-12-15,2026-05-16,LAS,MEX,Viva,Price unavailable
2025-12-15,2026-05-10,MEX,MID,Aeromexico,R$880
2025-12-15,2026-05-10,MEX,MID,Aeromexico,R$880
2025-12-15,2026-05-10,MEX,MID,Aeromexico,R$880
2025-12-15,2026-05-10,MEX,MID,Viva,Price unavailable
2025-12-15,2026-05-10,MEX,MID,Volaris,Price unavailable
2025-12-15,2026-05-10,MEX,MID,Aeromexico,R$880
2025-12-15,2026-05-10,MEX,MID,Aeromexico,R$880
2025-12-15,2026-05-10,MEX,MID,Aeromexico,R$880
2025-12-15,2026-05-10,MEX,MID,Aeromexico,R$880
2025-12-15,2026-05-10,MEX,MID,Aeromexico,R$880
2025-12-15,2026-05-10,MEX,MID,Viva,Price unavailable
2025-12-15,2026-05-10,MEX,MID,Volaris,Price unavailable
2025-12-15,2026-05-10,MEX,MID,Aeromexico,R$880
2025-12-15,2026-05-10,MEX,MID,Aeromexico,R$880
2025-12-15,2026-05-10,MEX,MID,Aeromexico,R$880
2025-12-15,2026-05-10,MEX,MID,Viva,Price unavailable
2025-12-15,2026-05-10,MEX,MID,Aeromexico,R$880
2025-12-15,2026-05-10,MEX,MID,Aeromexico,R$880
2025-12-15,2026-05-10,MEX,MID,Aeromexico,R$880
2025-12-15,2026-05-10,MEX,MID,Aeromexico,R$880
2025-12-15,2026-05-10,MEX,MID,Aeromexico,R$880
2025-12-15,2026-05-10,MEX,MID,Viva,Price unavailable
2025-12-15,2026-05-10,MEX,MID,Volaris,Price unavailable
2025-12-15,2026-05-11,MEX,MID,Aeromexico,R$880
2025-12-15,2026-05-11,MEX,MID,Aeromexico,R$880
2025-12-15,2026-05-11,MEX,MID,Aeromexico,R$880
2025-12-15,2026-05-11,MEX,MID,Aeromexico,R$915
2025-12-15,2026-05-11,MEX,MID,Aeromexico,R$915
2025-12-15,2026-05-11,MEX,MID,Viva,Price unavailable
2025-12-15,2026-05-11,MEX,MID,Volaris,Price unavailable
2025-12-15,2026-05-11,MEX,MID,Aeromexico,R$880
2025-12-15,2026-05-11,MEX,MID,Aeromexico,R$880
2025-12-15,2026-05-11,MEX,MID,Aeromexico,R$915
2025-12-15,2026-05-11,MEX,MID,Aeromexico,R$915
2025-12-15,2026-05-11,MEX,MID,Viva,Price unavailable
2025-12-15,2026-05-11,MEX,MID,Volaris,Price unavailable
2025-12-15,2026-05-11,MEX,MID,Aeromexico,R$880
2025-12-15,2026-05-11,MEX,MID,Aeromexico,R$880
2025-12-15,2026-05-11,MEX,MID,Aeromexico,R$880
2025-12-15,2026-05-11,MEX,MID,Aeromexico,R$915
2025-12-15,2026-05-11,MEX,MID,Aeromexico,R$915
2025-12-15,2026-05-11,MEX,MID,Viva,Price unavailable
2025-12-15,2026-05-11,MEX,MID,Aeromexico,R$880
2025-12-15,2026-05-11,MEX,MID,Aeromexico,R$880
2025-12-15,2026-05-11,MEX,MID,Aeromexico,R$915
2025-12-15,2026-05-11,MEX,MID,Aeromexico,R$915
2025-12-15,2026-05-11,MEX,MID,Viva,Price unavailable
2025-12-15,2026-05-11,MEX,MID,Volaris,Price unavailable
2025-12-15,2026-05-12,MEX,MID,Aeromexico,R$880
2025-12-15,2026-05-12,MEX,MID,Aeromexico,R$880
2025-12-15,2026-05-12,MEX,MID,Aeromexico,R$880
2025-12-15,2026-05-12,MEX,MID,Aeromexico,R$880
2025-12-15,2026-05-12,MEX,MID,Viva,Price unavailable
2025-12-15,2026-05-12,MEX,MID,Volaris,Price unavailable
2025-12-15,2026-05-12,MEX,MID,Aeromexico,R$880
2025-12-15,2026-05-12,MEX,MID,Aeromexico,R$880
2025-12-15,2026-05-12,MEX,MID,Aeromexico,R$880
2025-12-15,2026-05-12,MEX,MID,Aeromexico,R$915
2025-12-15,2026-05-12,MEX,MID,Aeromexico,R$915
2025-12-15,2026-05-12,MEX,MID,Viva,Price unavailable
2025-12-15,2026-05-12,MEX,MID,Volaris,Price unavailable
2025-12-15,2026-05-12,MEX,MID,Aeromexico,R$880
2025-12-15,2026-05-12,MEX,MID,Aeromexico,R$880
2025-12-15,2026-05-12,MEX,MID,Aeromexico,R$880
2025-12-15,2026-05-12,MEX,MID,Aeromexico,R$880
2025-12-15,2026-05-12,MEX,MID,Viva,Price unavailable
2025-12-15,2026-05-12,MEX,MID,Aeromexico,R$880
2025-12-15,2026-05-12,MEX,MID,Aeromexico,R$880
2025-12-15,2026-05-12,MEX,MID,Aeromexico,R$880
2025-12-15,2026-05-12,MEX,MID,Aeromexico,R$915
2025-12-15,2026-05-12,MEX,MID,Aeromexico,R$915
2025-12-15,2026-05-12,MEX,MID,Viva,Price unavailable
2025-12-15,2026-05-12,MEX,MID,Volaris,Price unavailable
2025-12-15,2026-05-13,MEX,MID,Aeromexico,R$880
2025-12-15,2026-05-13,MEX,MID,Aeromexico,R$880
2025-12-15,2026-05-13,MEX,MID,Aeromexico,R$880
2025-12-15,2026-05-13,MEX,MID,Viva,Price unavailable
2025-12-15,2026-05-13,MEX,MID,Volaris,Price unavailable
2025-12-15,2026-05-13,MEX,MID,Aeromexico,R$880
2025-12-15,2026-05-13,MEX,MID,Aeromexico,R$880
2025-12-15,2026-05-13,MEX,MID,Aeromexico,R$880
2025-12-15,2026-05-13,MEX,MID,Aeromexico,R$950
2025-12-15,2026-05-13,MEX,MID,Aeromexico,R$985
2025-12-15,2026-05-13,MEX,MID,Aeromexico,R$985
2025-12-15,2026-05-13,MEX,MID,Viva,Price unavailable
2025-12-15,2026-05-13,MEX,MID,Volaris,Price unavailable
2025-12-15,2026-05-13,MEX,MID,Aeromexico,R$880
2025-12-15,2026-05-13,MEX,MID,Aeromexico,R$880
2025-12-15,2026-05-13,MEX,MID,Aeromexico,R$880
2025-12-15,2026-05-13,MEX,MID,Viva,Price unavailable
2025-12-15,2026-05-13,MEX,MID,Aeromexico,R$880
2025-12-15,2026-05-13,MEX,MID,Aeromexico,R$880
2025-12-15,2026-05-13,MEX,MID,Aeromexico,R$880
2025-12-15,2026-05-13,MEX,MID,Aeromexico,R$950
2025-12-15,2026-05-13,MEX,MID,Aeromexico,R$985
2025-12-15,2026-05-13,MEX,MID,Aeromexico,R$985
2025-12-15,2026-05-13,MEX,MID,Viva,Price unavailable
2025-12-15,2026-05-13,MEX,MID,Volaris,Price unavailable
2025-12-15,2026-05-14,MEX,MID,Aeromexico,R$933
2025-12-15,2026-05-14,MEX,MID,Aeromexico,R$968
2025-12-15,2026-05-14,MEX,MID,Aeromexico,R$968
2025-12-15,2026-05-14,MEX,MID,Aeromexico,R$1003
2025-12-15,2026-05-14,MEX,MID,Aeromexico,R$1003
2025-12-15,2026-05-14,MEX,MID,Viva,Price unavailable
2025-12-15,2026-05-14,MEX,MID,Volaris,Price unavailable
2025-12-15,2026-05-14,MEX,MID,Aeromexico,R$968
2025-12-15,2026-05-14,MEX,MID,Aeromexico,R$968
2025-12-15,2026-05-14,MEX,MID,Aeromexico,R$968
2025-12-15,2026-05-14,MEX,MID,Aeromexico,R$1073
2025-12-15,2026-05-14,MEX,MID,Viva,Price unavailable
2025-12-15,2026-05-14,MEX,MID,Volaris,Price unavailable
2025-12-15,2026-05-14,MEX,MID,Aeromexico,R$933
2025-12-15,2026-05-14,MEX,MID,Aeromexico,R$968
2025-12-15,2026-05-14,MEX,MID,Aeromexico,R$968
2025-12-15,2026-05-14,MEX,MID,Aeromexico,R$1003
2025-12-15,2026-05-14,MEX,MID,Aeromexico,R$1003
2025-12-15,2026-05-14,MEX,MID,Viva,Price unavailable
2025-12-15,2026-05-14,MEX,MID,Aeromexico,R$968
2025-12-15,2026-05-14,MEX,MID,Aeromexico,R$968
2025-12-15,2026-05-14,MEX,MID,Aeromexico,R$968
2025-12-15,2026-05-14,MEX,MID,Aeromexico,R$1073
2025-12-15,2026-05-14,MEX,MID,Viva,Price unavailable
2025-12-15,2026-05-14,MEX,MID,Volaris,Price unavailable
2025-12-15,2026-05-15,MEX,MID,Aeromexico,R$880
2025-12-15,2026-05-15,MEX,MID,Aeromexico,R$880
2025-12-15,2026-05-15,MEX,MID,Aeromexico,R$880
2025-12-15,2026-05-15,MEX,MID,Aeromexico,R$915
2025-12-15,2026-05-15,MEX,MID,Viva,Price unavailable
2025-12-15,2026-05-15,MEX,MID,Volaris,Price unavailable
2025-12-15,2026-05-15,MEX,MID,Aeromexico,R$880
2025-12-15,2026-05-15,MEX,MID,Aeromexico,R$880
2025-12-15,2026-05-15,MEX,MID,Aeromexico,R$1020
2025-12-15,2026-05-15,MEX,MID,Aeromexico,R$1020
2025-12-15,2026-05-15,MEX,MID,Aeromexico,R$1020
2025-12-15,2026-05-15,MEX,MID,Viva,Price unavailable
2025-12-15,2026-05-15,MEX,MID,Volaris,Price unavailable
2025-12-15,2026-05-15,MEX,MID,Aeromexico,R$880
2025-12-15,2026-05-15,MEX,MID,Aeromexico,R$880
2025-12-15,2026-05-15,MEX,MID,Aeromexico,R$880
2025-12-15,2026-05-15,MEX,MID,Aeromexico,R$915
2025-12-15,2026-05-15,MEX,MID,Viva,Price unavailable
2025-12-15,2026-05-15,MEX,MID,Aeromexico,R$880
2025-12-15,2026-05-15,MEX,MID,Aeromexico,R$880
2025-12-15,2026-05-15,MEX,MID,Aeromexico,R$1020
2025-12-15,2026-05-15,MEX,MID,Aeromexico,R$1020
2025-12-15,2026-05-15,MEX,MID,Aeromexico,R$1020
2025-12-15,2026-05-15,MEX,MID,Viva,Price unavailable
2025-12-15,2026-05-15,MEX,MID,Volaris,Price unavailable
2025-12-15,2026-05-16,MEX,MID,Aeromexico,R$880
2025-12-15,2026-05-16,MEX,MID,Aeromexico,R$880
2025-12-15,2026-05-16,MEX,MID,Aeromexico,R$880
2025-12-15,2026-05-16,MEX,MID,Viva,Price unavailable
2025-12-15,2026-05-16,MEX,MID,Volaris,Price unavailable
2025-12-15,2026-05-16,MEX,MID,Aeromexico,R$880
2025-12-15,2026-05-16,MEX,MID,Aeromexico,R$880
2025-12-15,2026-05-16,MEX,MID,Aeromexico,R$915
2025-12-15,2026-05-16,MEX,MID,Aeromexico,R$915
2025-12-15,2026-05-16,MEX,MID,Viva,Price unavailable
2025-12-15,2026-05-16,MEX,MID,Volaris,Price unavailable
2025-12-15,2026-05-16,MEX,MID,Aeromexico,R$880
2025-12-15,2026-05-16,MEX,MID,Aeromexico,R$880
2025-12-15,2026-05-16,MEX,MID,Aeromexico,R$880
2025-12-15,2026-05-16,MEX,MID,Viva,Price unavailable
2025-12-15,2026-05-16,MEX,MID,Aeromexico,R$880
2025-12-15,2026-05-16,MEX,MID,Aeromexico,R$880
2025-12-15,2026-05-16,MEX,MID,Aeromexico,R$915
2025-12-15,2026-05-16,MEX,MID,Aeromexico,R$915
2025-12-15,2026-05-16,MEX,MID,Viva,Price unavailable
2025-12-15,2026-05-16,MEX,MID,Volaris,Price unavailable
2025-12-15,2026-05-10,BJX,MEX,Aeromexico,R$1243
2025-12-15,2026-05-10,BJX,MEX,Aeromexico,R$1243
2025-12-15,2026-05-10,BJX,MEX,Aeromexico,R$1243
2025-12-15,2026-05-10,BJX,MEX,Aeromexico,R$1243
2025-12-15,2026-05-10,BJX,MEX,Aeromexico,R$1243
2025-12-15,2026-05-10,BJX,MEX,Aeromexico,R$1243
2025-12-15,2026-05-10,BJX,MEX,Aeromexico,R$1243
2025-12-15,2026-05-10,BJX,MEX,Aeromexico,R$1243
2025-12-15,2026-05-10,BJX,MEX,Aeromexico,R$1243
2025-12-15,2026-05-11,BJX,MEX,Aeromexico,R$1243
2025-12-15,2026-05-11,BJX,MEX,Aeromexico,R$1243
2025-12-15,2026-05-11,BJX,MEX,Aeromexico,R$1243
2025-12-15,2026-05-11,BJX,MEX,Aeromexico,R$1243
2025-12-15,2026-05-11,BJX,MEX,Aeromexico,R$1243
2025-12-15,2026-05-11,BJX,MEX,Aeromexico,R$1243
2025-12-15,2026-05-11,BJX,MEX,Aeromexico,R$1243
2025-12-15,2026-05-11,BJX,MEX,Aeromexico,R$1243
2025-12-15,2026-05-11,BJX,MEX,Aeromexico,R$1243
2025-12-15,2026-05-12,BJX,MEX,Aeromexico,R$1243
2025-12-15,2026-05-12,BJX,MEX,Aeromexico,R$1243
2025-12-15,2026-05-12,BJX,MEX,Aeromexico,R$1243
2025-12-15,2026-05-12,BJX,MEX,Aeromexico,R$1243
2025-12-15,2026-05-12,BJX,MEX,Aeromexico,R$1243
2025-12-15,2026-05-12,BJX,MEX,Aeromexico,R$1243
2025-12-15,2026-05-12,BJX,MEX,Aeromexico,R$1243
2025-12-15,2026-05-12,BJX,MEX,Aeromexico,R$1243
2025-12-15,2026-05-12,BJX,MEX,Aeromexico,R$1243
2025-12-15,2026-05-13,BJX,MEX,Aeromexico,R$1243
2025-12-15,2026-05-13,BJX,MEX,Aeromexico,R$1243
2025-12-15,2026-05-13,BJX,MEX,Aeromexico,R$1243
2025-12-15,2026-05-13,BJX,MEX,Aeromexico,R$1243
2025-12-15,2026-05-13,BJX,MEX,Aeromexico,R$1243
2025-12-15,2026-05-13,BJX,MEX,Aeromexico,R$1243
2025-12-15,2026-05-13,BJX,MEX,Aeromexico,R$1243
2025-12-15,2026-05-13,BJX,MEX,Aeromexico,R$1243
2025-12-15,2026-05-13,BJX,MEX,Aeromexico,R$1243
2025-12-15,2026-05-14,BJX,MEX,Aeromexico,R$1295
2025-12-15,2026-05-14,BJX,MEX,Aeromexico,R$1295
2025-12-15,2026-05-14,BJX,MEX,Aeromexico,R$1295
2025-12-15,2026-05-14,BJX,MEX,Aeromexico,R$1295
2025-12-15,2026-05-14,BJX,MEX,Aeromexico,R$1295
2025-12-15,2026-05-14,BJX,MEX,Aeromexico,R$1295
2025-12-15,2026-05-14,BJX,MEX,Aeromexico,R$1295
2025-12-15,2026-05-14,BJX,MEX,Aeromexico,R$1295
2025-12-15,2026-05-14,BJX,MEX,Aeromexico,R$1295
2025-12-15,2026-05-15,BJX,MEX,Aeromexico,R$1295
2025-12-15,2026-05-15,BJX,MEX,Aeromexico,R$1295
2025-12-15,2026-05-15,BJX,MEX,Aeromexico,R$1295
2025-12-15,2026-05-15,BJX,MEX,Aeromexico,R$1365
2025-12-15,2026-05-15,BJX,MEX,Aeromexico,R$1400
2025-12-15,2026-05-15,BJX,MEX,Aeromexico,R$1295
2025-12-15,2026-05-15,BJX,MEX,Aeromexico,R$1295
2025-12-15,2026-05-15,BJX,MEX,Aeromexico,R$1365
2025-12-15,2026-05-15,BJX,MEX,Aeromexico,R$1400
2025-12-15,2026-05-16,BJX,MEX,Aeromexico,R$1243
2025-12-15,2026-05-16,BJX,MEX,Aeromexico,R$1243
2025-12-15,2026-05-16,BJX,MEX,Aeromexico,R$1243
2025-12-15,2026-05-16,BJX,MEX,Aeromexico,R$1243
2025-12-15,2026-05-16,BJX,MEX,Aeromexico,R$1243
2025-12-15,2026-05-16,BJX,MEX,Aeromexico,R$1243
2025-12-15,2026-05-16,BJX,MEX,Aeromexico,R$1243
2025-12-15,2026-05-10,MZT,MEX,Aeromexico,R$770
2025-12-15,2026-05-10,MZT,MEX,Aeromexico,R$770
2025-12-15,2026-05-10,MZT,MEX,Aeromexico,R$819
2025-12-15,2026-05-10,MZT,MEX,Volaris,Price unavailable
2025-12-15,2026-05-10,MZT,MEX,Viva,Price unavailable
2025-12-15,2026-05-10,MZT,MEX,Aeromexico,R$770
2025-12-15,2026-05-10,MZT,MEX,Aeromexico,R$770
2025-12-15,2026-05-10,MZT,MEX,Aeromexico,R$819
2025-12-15,2026-05-10,MZT,MEX,Volaris,Price unavailable
2025-12-15,2026-05-11,MZT,MEX,Aeromexico,R$787
2025-12-15,2026-05-11,MZT,MEX,Aeromexico,R$787
2025-12-15,2026-05-11,MZT,MEX,Aeromexico,R$822
2025-12-15,2026-05-11,MZT,MEX,Volaris,Price unavailable
2025-12-15,2026-05-11,MZT,MEX,Viva,Price unavailable
2025-12-15,2026-05-11,MZT,MEX,Aeromexico,R$787
2025-12-15,2026-05-11,MZT,MEX,Aeromexico,R$787
2025-12-15,2026-05-11,MZT,MEX,Aeromexico,R$822
2025-12-15,2026-05-11,MZT,MEX,Volaris,Price unavailable
2025-12-15,2026-05-12,MZT,MEX,Aeromexico,R$735
2025-12-15,2026-05-12,MZT,MEX,Aeromexico,R$735
2025-12-15,2026-05-12,MZT,MEX,Aeromexico,R$735
2025-12-15,2026-05-12,MZT,MEX,Viva,Price unavailable
2025-12-15,2026-05-12,MZT,MEX,Volaris,Price unavailable
2025-12-15,2026-05-12,MZT,MEX,Aeromexico,R$735
2025-12-15,2026-05-12,MZT,MEX,Aeromexico,R$735
2025-12-15,2026-05-12,MZT,MEX,Aeromexico,R$735
2025-12-15,2026-05-12,MZT,MEX,Viva,Price unavailable
2025-12-15,2026-05-13,MZT,MEX,Aeromexico,R$735
2025-12-15,2026-05-13,MZT,MEX,Aeromexico,R$735
2025-12-15,2026-05-13,MZT,MEX,Aeromexico,R$735
2025-12-15,2026-05-13,MZT,MEX,Volaris,Price unavailable
2025-12-15,2026-05-13,MZT,MEX,Viva,Price unavailable
2025-12-15,2026-05-13,MZT,MEX,Aeromexico,R$735
2025-12-15,2026-05-13,MZT,MEX,Aeromexico,R$735
2025-12-15,2026-05-13,MZT,MEX,Aeromexico,R$735
2025-12-15,2026-05-13,MZT,MEX,Volaris,Price unavailable
2025-12-15,2026-05-14,MZT,MEX,Aeromexico,R$735
2025-12-15,2026-05-14,MZT,MEX,Aeromexico,R$735
2025-12-15,2026-05-14,MZT,MEX,Aeromexico,R$1176
2025-12-15,2026-05-14,MZT,MEX,Viva,Price unavailable
2025-12-15,2026-05-14,MZT,MEX,Volaris,Price unavailable
2025-12-15,2026-05-14,MZT,MEX,Aeromexico,R$735
2025-12-15,2026-05-14,MZT,MEX,Aeromexico,R$735
2025-12-15,2026-05-14,MZT,MEX,Aeromexico,R$1176
2025-12-15,2026-05-14,MZT,MEX,Viva,Price unavailable
2025-12-15,2026-05-15,MZT,MEX,Aeromexico,R$735
2025-12-15,2026-05-15,MZT,MEX,Aeromexico,R$735
2025-12-15,2026-05-15,MZT,MEX,Aeromexico,R$735
2025-12-15,2026-05-15,MZT,MEX,Volaris,Price unavailable
2025-12-15,2026-05-15,MZT,MEX,Viva,Price unavailable
2025-12-15,2026-05-15,MZT,MEX,Aeromexico,R$735
2025-12-15,2026-05-15,MZT,MEX,Aeromexico,R$735
2025-12-15,2026-05-15,MZT,MEX,Aeromexico,R$735
2025-12-15,2026-05-15,MZT,MEX,Volaris,Price unavailable
2025-12-15,2026-05-16,MZT,MEX,Aeromexico,R$735
2025-12-15,2026-05-16,MZT,MEX,Aeromexico,R$875
2025-12-15,2026-05-16,MZT,MEX,Viva,Price unavailable
2025-12-15,2026-05-16,MZT,MEX,Volaris,Price unavailable
2025-12-15,2026-05-16,MZT,MEX,Aeromexico,R$735
2025-12-15,2026-05-16,MZT,MEX,Aeromexico,R$875
2025-12-15,2026-05-16,MZT,MEX,Viva,Price unavailable
2025-12-15,2026-05-10,MEX,BOG,Avianca,R$999
2025-12-15,2026-05-10,MEX,BOG,Avianca,R$999
2025-12-15,2026-05-10,MEX,BOG,Avianca,R$999
2025-12-15,2026-05-10,MEX,BOG,Avianca,R$1083
2025-12-15,2026-05-10,MEX,BOG,Aeromexico,R$1238
2025-12-15,2026-05-10,MEX,BOG,Aeromexico,R$1504
2025-12-15,2026-05-10,MEX,BOG,Avianca,R$999
2025-12-15,2026-05-10,MEX,BOG,Avianca,R$999
2025-12-15,2026-05-10,MEX,BOG,Avianca,R$1083
2025-12-15,2026-05-10,MEX,BOG,Aeromexico,R$1238
2025-12-15,2026-05-10,MEX,BOG,Aeromexico,R$1504
2025-12-15,2026-05-11,MEX,BOG,Avianca,R$999
2025-12-15,2026-05-11,MEX,BOG,Avianca,R$999
2025-12-15,2026-05-11,MEX,BOG,Avianca,R$999
2025-12-15,2026-05-11,MEX,BOG,Avianca,R$999
2025-12-15,2026-05-11,MEX,BOG,Aeromexico,R$1238
2025-12-15,2026-05-11,MEX,BOG,Aeromexico,R$1238
2025-12-15,2026-05-11,MEX,BOG,Avianca,R$999
2025-12-15,2026-05-11,MEX,BOG,Avianca,R$999
2025-12-15,2026-05-11,MEX,BOG,Avianca,R$999
2025-12-15,2026-05-11,MEX,BOG,Aeromexico,R$1238
2025-12-15,2026-05-11,MEX,BOG,Aeromexico,R$1238
2025-12-15,2026-05-12,MEX,BOG,Avianca,R$999
2025-12-15,2026-05-12,MEX,BOG,Avianca,R$999
2025-12-15,2026-05-12,MEX,BOG,Avianca,R$999
2025-12-15,2026-05-12,MEX,BOG,Avianca,R$999
2025-12-15,2026-05-12,MEX,BOG,Aeromexico,R$1238
2025-12-15,2026-05-12,MEX,BOG,Aeromexico,R$1238
2025-12-15,2026-05-12,MEX,BOG,Avianca,R$999
2025-12-15,2026-05-12,MEX,BOG,Avianca,R$999
2025-12-15,2026-05-12,MEX,BOG,Avianca,R$999
2025-12-15,2026-05-12,MEX,BOG,Aeromexico,R$1238
2025-12-15,2026-05-12,MEX,BOG,Aeromexico,R$1238
2025-12-15,2026-05-13,MEX,BOG,Avianca,R$999
2025-12-15,2026-05-13,MEX,BOG,Avianca,R$999
2025-12-15,2026-05-13,MEX,BOG,Avianca,R$999
2025-12-15,2026-05-13,MEX,BOG,Avianca,R$999
2025-12-15,2026-05-13,MEX,BOG,Aeromexico,R$1238
2025-12-15,2026-05-13,MEX,BOG,Aeromexico,R$1238
2025-12-15,2026-05-13,MEX,BOG,Avianca,R$999
2025-12-15,2026-05-13,MEX,BOG,Avianca,R$999
2025-12-15,2026-05-13,MEX,BOG,Avianca,R$999
2025-12-15,2026-05-13,MEX,BOG,Aeromexico,R$1238
2025-12-15,2026-05-13,MEX,BOG,Aeromexico,R$1238
2025-12-15,2026-05-14,MEX,BOG,Avianca,R$999
2025-12-15,2026-05-14,MEX,BOG,Avianca,R$999
2025-12-15,2026-05-14,MEX,BOG,Avianca,R$999
2025-12-15,2026-05-14,MEX,BOG,Avianca,R$999
2025-12-15,2026-05-14,MEX,BOG,Aeromexico,R$1238
2025-12-15,2026-05-14,MEX,BOG,Aeromexico,R$1238
2025-12-15,2026-05-14,MEX,BOG,Avianca,R$999
2025-12-15,2026-05-14,MEX,BOG,Avianca,R$999
2025-12-15,2026-05-14,MEX,BOG,Avianca,R$999
2025-12-15,2026-05-14,MEX,BOG,Aeromexico,R$1238
2025-12-15,2026-05-14,MEX,BOG,Aeromexico,R$1238
2025-12-15,2026-05-15,MEX,BOG,Avianca,R$999
2025-12-15,2026-05-15,MEX,BOG,Aeromexico,R$1238
2025-12-15,2026-05-15,MEX,BOG,Avianca,R$999
2025-12-15,2026-05-15,MEX,BOG,Avianca,R$999
2025-12-15,2026-05-15,MEX,BOG,Avianca,R$1179
2025-12-15,2026-05-15,MEX,BOG,Aeromexico,R$1504
2025-12-15,2026-05-15,MEX,BOG,Avianca,R$999
2025-12-15,2026-05-15,MEX,BOG,Avianca,R$999
2025-12-15,2026-05-15,MEX,BOG,Avianca,R$999
2025-12-15,2026-05-15,MEX,BOG,Avianca,R$1179
2025-12-15,2026-05-15,MEX,BOG,Aeromexico,R$1504
2025-12-15,2026-05-16,MEX,BOG,Avianca,R$999
2025-12-15,2026-05-16,MEX,BOG,Aeromexico,R$1238
2025-12-15,2026-05-16,MEX,BOG,Avianca,R$999
2025-12-15,2026-05-16,MEX,BOG,Avianca,R$999
2025-12-15,2026-05-16,MEX,BOG,Avianca,R$999
2025-12-15,2026-05-16,MEX,BOG,Aeromexico,R$1238
2025-12-15,2026-05-16,MEX,BOG,Avianca,R$999
2025-12-15,2026-05-16,MEX,BOG,Avianca,R$999
2025-12-15,2026-05-16,MEX,BOG,Avianca,R$999
2025-12-15,2026-05-16,MEX,BOG,Avianca,R$999
2025-12-15,2026-05-16,MEX,BOG,Aeromexico,R$1238
2025-12-15,2026-05-10,MEX,CUL,Aeromexico,R$826
2025-12-15,2026-05-10,MEX,CUL,Aeromexico,R$826
2025-12-15,2026-05-10,MEX,CUL,Aeromexico,R$1151
2025-12-15,2026-05-10,MEX,CUL,Volaris,Price unavailable
2025-12-15,2026-05-10,MEX,CUL,Aeromexico,R$826
2025-12-15,2026-05-10,MEX,CUL,Aeromexico,R$826
2025-12-15,2026-05-10,MEX,CUL,Aeromexico,R$1151
2025-12-15,2026-05-11,MEX,CUL,Aeromexico,R$826
2025-12-15,2026-05-11,MEX,CUL,Aeromexico,R$966
2025-12-15,2026-05-11,MEX,CUL,Aeromexico,R$966
2025-12-15,2026-05-11,MEX,CUL,Volaris,Price unavailable
2025-12-15,2026-05-11,MEX,CUL,Aeromexico,R$826
2025-12-15,2026-05-11,MEX,CUL,Aeromexico,R$966
2025-12-15,2026-05-11,MEX,CUL,Aeromexico,R$966
2025-12-15,2026-05-12,MEX,CUL,Aeromexico,R$826
2025-12-15,2026-05-12,MEX,CUL,Aeromexico,R$861
2025-12-15,2026-05-12,MEX,CUL,Aeromexico,R$861
2025-12-15,2026-05-12,MEX,CUL,Volaris,Price unavailable
2025-12-15,2026-05-12,MEX,CUL,Aeromexico,R$826
2025-12-15,2026-05-12,MEX,CUL,Aeromexico,R$861
2025-12-15,2026-05-12,MEX,CUL,Aeromexico,R$861
2025-12-15,2026-05-13,MEX,CUL,Aeromexico,R$826
2025-12-15,2026-05-13,MEX,CUL,Aeromexico,R$826
2025-12-15,2026-05-13,MEX,CUL,Aeromexico,R$861
2025-12-15,2026-05-13,MEX,CUL,Volaris,Price unavailable
2025-12-15,2026-05-13,MEX,CUL,Aeromexico,R$826
2025-12-15,2026-05-13,MEX,CUL,Aeromexico,R$826
2025-12-15,2026-05-13,MEX,CUL,Aeromexico,R$861
2025-12-15,2026-05-14,MEX,CUL,Aeromexico,R$826
2025-12-15,2026-05-14,MEX,CUL,Aeromexico,R$861
2025-12-15,2026-05-14,MEX,CUL,Aeromexico,R$1151
2025-12-15,2026-05-14,MEX,CUL,Volaris,Price unavailable
2025-12-15,2026-05-14,MEX,CUL,Aeromexico,R$826
2025-12-15,2026-05-14,MEX,CUL,Aeromexico,R$861
2025-12-15,2026-05-14,MEX,CUL,Aeromexico,R$1151
2025-12-15,2026-05-15,MEX,CUL,Aeromexico,R$931
2025-12-15,2026-05-15,MEX,CUL,Aeromexico,R$1036
2025-12-15,2026-05-15,MEX,CUL,Aeromexico,R$1423
2025-12-15,2026-05-15,MEX,CUL,Volaris,Price unavailable
2025-12-15,2026-05-15,MEX,CUL,Aeromexico,R$931
2025-12-15,2026-05-15,MEX,CUL,Aeromexico,R$1036
2025-12-15,2026-05-15,MEX,CUL,Aeromexico,R$1423
2025-12-15,2026-05-16,MEX,CUL,Aeromexico,R$826
2025-12-15,2026-05-16,MEX,CUL,Aeromexico,R$861
2025-12-15,2026-05-16,MEX,CUL,Volaris,Price unavailable
2025-12-15,2026-05-16,MEX,CUL,Aeromexico,R$826
2025-12-15,2026-05-16,MEX,CUL,Aeromexico,R$861
2025-12-15,2026-05-10,EWR,MEX,Aeromexico,R$1825
2025-12-15,2026-05-10,EWR,MEX,United,R$1825
2025-12-15,2026-05-10,EWR,MEX,United,R$1825
2025-12-15,2026-05-10,EWR,MEX,Volaris,Price unavailable
2025-12-15,2026-05-10,EWR,MEX,Aeromexico,R$1825
2025-12-15,2026-05-10,EWR,MEX,United,R$1825
2025-12-15,2026-05-10,EWR,MEX,United,R$1825
2025-12-15,2026-05-11,EWR,MEX,Aeromexico,R$1716
2025-12-15,2026-05-11,EWR,MEX,United,R$1716
2025-12-15,2026-05-11,EWR,MEX,United,R$1716
2025-12-15,2026-05-11,EWR,MEX,Volaris,Price unavailable
2025-12-15,2026-05-11,EWR,MEX,Aeromexico,R$1716
2025-12-15,2026-05-11,EWR,MEX,United,R$1716
2025-12-15,2026-05-11,EWR,MEX,United,R$1716
2025-12-15,2026-05-12,EWR,MEX,Aeromexico,R$1716
2025-12-15,2026-05-12,EWR,MEX,United,R$1716
2025-12-15,2026-05-12,EWR,MEX,United,R$1716
2025-12-15,2026-05-12,EWR,MEX,Volaris,Price unavailable
2025-12-15,2026-05-12,EWR,MEX,Aeromexico,R$1716
2025-12-15,2026-05-12,EWR,MEX,United,R$1716
2025-12-15,2026-05-12,EWR,MEX,United,R$1716
2025-12-15,2026-05-13,EWR,MEX,Aeromexico,R$1716
2025-12-15,2026-05-13,EWR,MEX,United,R$1716
2025-12-15,2026-05-13,EWR,MEX,United,R$1716
2025-12-15,2026-05-13,EWR,MEX,Volaris,Price unavailable
2025-12-15,2026-05-13,EWR,MEX,Aeromexico,R$1716
2025-12-15,2026-05-13,EWR,MEX,United,R$1716
2025-12-15,2026-05-13,EWR,MEX,United,R$1716
2025-12-15,2026-05-14,EWR,MEX,Aeromexico,R$1716
2025-12-15,2026-05-14,EWR,MEX,United,R$1716
2025-12-15,2026-05-14,EWR,MEX,United,R$2964
2025-12-15,2026-05-14,EWR,MEX,Volaris,Price unavailable
2025-12-15,2026-05-14,EWR,MEX,Aeromexico,R$1716
2025-12-15,2026-05-14,EWR,MEX,United,R$1716
2025-12-15,2026-05-14,EWR,MEX,United,R$2964
2025-12-15,2026-05-15,EWR,MEX,Aeromexico,R$1825
2025-12-15,2026-05-15,EWR,MEX,United,R$1825
2025-12-15,2026-05-15,EWR,MEX,United,R$1825
2025-12-15,2026-05-15,EWR,MEX,Volaris,Price unavailable
2025-12-15,2026-05-15,EWR,MEX,Aeromexico,R$1825
2025-12-15,2026-05-15,EWR,MEX,United,R$1825
2025-12-15,2026-05-15,EWR,MEX,United,R$1825
2025-12-15,2026-05-16,EWR,MEX,Aeromexico,R$1825
2025-12-15,2026-05-16,EWR,MEX,United,R$1825
2025-12-15,2026-05-16,EWR,MEX,United,R$1825
2025-12-15,2026-05-16,EWR,MEX,Volaris,Price unavailable
2025-12-15,2026-05-16,EWR,MEX,Aeromexico,R$1825
2025-12-15,2026-05-16,EWR,MEX,United,R$1825
2025-12-15,2026-05-16,EWR,MEX,United,R$1825
2025-12-15,2026-05-10,MEX,MLM,Aeromexico,R$790
2025-12-15,2026-05-11,MEX,MLM,Aeromexico,R$790
2025-12-15,2026-05-12,MEX,MLM,Aeromexico,R$790
2025-12-15,2026-05-13,MEX,MLM,Aeromexico,R$895
2025-12-15,2026-05-14,MEX,MLM,Aeromexico,R$860
2025-12-15,2026-05-15,MEX,MLM,Aeromexico,R$895
2025-12-15,2026-05-16,MEX,MLM,Aeromexico,R$790
2025-12-15,2026-05-10,MEX,SEA,Aeromexico,R$2816
2025-12-15,2026-05-11,MEX,SEA,Aeromexico,R$2703
2025-12-15,2026-05-12,MEX,SEA,Aeromexico,R$2703
2025-12-15,2026-05-13,MEX,SEA,Aeromexico,R$2703
2025-12-15,2026-05-14,MEX,SEA,Aeromexico,R$2703
2025-12-15,2026-05-15,MEX,SEA,Aeromexico,R$2816
2025-12-15,2026-05-16,MEX,SEA,Aeromexico,R$2816
2025-12-15,2026-05-10,NLD,MEX,Aeromexico,R$692
2025-12-15,2026-05-11,NLD,MEX,Aeromexico,R$692
2025-12-15,2026-05-13,NLD,MEX,Aeromexico,R$727
2025-12-15,2026-05-15,NLD,MEX,Aeromexico,R$762
2025-12-15,2026-05-11,LAX,ZLO,Alaska,R$1125
2025-12-15,2026-05-12,LAX,ZLO,Alaska,R$1125
2025-12-15,2026-05-14,LAX,ZLO,Alaska,R$1304
2025-12-15,2026-05-16,LAX,ZLO,Alaska,R$1304
2025-12-15,2026-05-10,CPE,MEX,Aeromexico,R$842
2025-12-15,2026-05-10,CPE,MEX,Aeromexico,R$842
2025-12-15,2026-05-10,CPE,MEX,Aeromexico,R$842
2025-12-15,2026-05-11,CPE,MEX,Aeromexico,R$842
2025-12-15,2026-05-11,CPE,MEX,Aeromexico,R$842
2025-12-15,2026-05-11,CPE,MEX,Aeromexico,R$842
2025-12-15,2026-05-12,CPE,MEX,Aeromexico,R$842
2025-12-15,2026-05-12,CPE,MEX,Aeromexico,R$842
2025-12-15,2026-05-12,CPE,MEX,Aeromexico,R$842
2025-12-15,2026-05-13,CPE,MEX,Aeromexico,R$842
2025-12-15,2026-05-13,CPE,MEX,Aeromexico,R$912
2025-12-15,2026-05-13,CPE,MEX,Aeromexico,R$842
2025-12-15,2026-05-14,CPE,MEX,Aeromexico,R$842
2025-12-15,2026-05-14,CPE,MEX,Aeromexico,R$982
2025-12-15,2026-05-14,CPE,MEX,Aeromexico,R$842
2025-12-15,2026-05-15,CPE,MEX,Aeromexico,R$999
2025-12-15,2026-05-15,CPE,MEX,Aeromexico,R$1034
2025-12-15,2026-05-15,CPE,MEX,Aeromexico,R$999
2025-12-15,2026-05-16,CPE,MEX,Aeromexico,R$894
