TabelaReferenciaCodigo,CodigoTipoVeiculo,CodigoMarca,CodigoModelo,AnoModeloParam,CodigoTipoCombustivelParam,Valor,Marca,Modelo,AnoModelo,CodigoFipe,Combustivel,TipoVeiculo,SiglaCombustivel,MesReferencia,Autenticacao,DataConsulta,ValorNum
332,1,,,32000,5,"R$ 73.032,00",Fiat,MOBI LIKE 1.0 Fire Flex 5p.,32000,001461-3,Flex,1,F,abril de 2026 ,6ymcfryb70cz,"quarta-feira, 1 de abril de 2026 05:18",73032.0
332,1,,,32000,5,"R$ 92.100,00",Fiat,ARGO DRIVE 1.0 6V Flex,32000,001494-0,Flex,1,F,abril de 2026 ,cf45z7zs2g5cz,"quarta-feira, 1 de abril de 2026 05:18",92100.0
332,1,,,32000,5,"R$ 170.057,00",Fiat,Toro Freedom 1.3 T270 4x2 Flex Aut.,32000,001538-5,Flex,1,F,abril de 2026 ,jrqdfgxgpycz,"quarta-feira, 1 de abril de 2026 05:18",170057.0
332,1,,,32000,3,"R$ 212.806,00",Fiat,Scudo Cargo 1.5 16V Turbo Diesel,32000,001550-4,Diesel,1,D,abril de 2026 ,lct53sphnxcb,"quarta-feira, 1 de abril de 2026 05:18",212806.0
332,1,,,32000,5,"R$ 115.372,00",Fiat,CRONOS DRIVE 1.3 8V Flex Aut.,32000,001554-7,Flex,1,F,abril de 2026 ,gplrsf9p4fcz,"quarta-feira, 1 de abril de 2026 05:18",115372.0
332,1,,,32000,3,"R$ 277.990,00",Fiat,Ducato Cargo 2.2 Diesel (E6),32000,001563-6,Diesel,1,D,abril de 2026 ,nt8fkwwk8yj1gy,"quarta-feira, 1 de abril de 2026 05:18",277990.0
332,1,,,32000,5,"R$ 122.422,00",Fiat,Fastback 1.0 200 Turbo Flex Aut,32000,001568-7,Flex,1,F,abril de 2026 ,gyv0dxt12fj1hl,"quarta-feira, 1 de abril de 2026 05:18",122422.0
332,1,,,32000,5,"R$ 111.140,00",Fiat,Strada Endurance 1.3 Flex 8V CS Plus,32000,001569-5,Flex,1,F,abril de 2026 ,gjmyb165bzj1hl,"quarta-feira, 1 de abril de 2026 05:18",111140.0
332,1,,,32000,5,"R$ 123.688,00",Fiat,Fiorino Endurance 1.3 Flex 8V 2p,32000,001589-0,Flex,1,F,abril de 2026 ,g0b0wlb32hj1hl,"quarta-feira, 1 de abril de 2026 05:18",123688.0
332,1,,,32000,5,"R$ 117.737,00",Fiat,PULSE 1.0 Turbo 200  Flex Aut.,32000,001592-0,Flex,1,F,abril de 2026 ,gscqkjpw2xj1hl,"quarta-feira, 1 de abril de 2026 05:18",117737.0
332,1,,,32000,5,"R$ 174.408,00",Toyota,Corolla XEi 2.0 Flex 16V Aut.,32000,002111-3,Flex,1,F,abril de 2026 ,jxtjyd7rhncz,"quarta-feira, 1 de abril de 2026 05:18",174408.0
332,1,,,32000,3,"R$ 305.996,00",Toyota,Hilux CD SR 4x4 2.8 TDI Diesel Aut.,32000,002142-3,Diesel,1,D,abril de 2026 ,pw3chlx4f9cb,"quarta-feira, 1 de abril de 2026 05:18",305996.0
332,1,,,32000,5,"R$ 190.226,00",Toyota,Corolla Cross XRE 2.0 16V Flex Aut.,32000,002203-9,Flex,1,F,abril de 2026 ,kjcgy6djhtcz,"quarta-feira, 1 de abril de 2026 05:18",190226.0
332,1,,,32000,5,"R$ 112.201,00",Toyota,YARIS XL 1.5 Flex 16V 5p Aut.,32000,002207-1,Flex,1,F,abril de 2026 ,gkwht632g5cz,"quarta-feira, 1 de abril de 2026 05:18",112201.0
332,1,,,32000,3,"R$ 288.070,00",Ford,TRANSIT Furgão 2.0 Medio Turbo Diesel,32000,003487-8,Diesel,1,D,abril de 2026 ,n62s8kzt24j1gy,"quarta-feira, 1 de abril de 2026 05:18",288070.0
332,1,,,32000,3,"R$ 249.540,00",Ford,Ranger XL 2.0 4x4 CD Diesel Mec. ,32000,003502-5,Diesel,1,D,abril de 2026 ,mrxccjtb1lj1gy,"quarta-feira, 1 de abril de 2026 05:18",249540.0
332,1,,,32000,5,"R$ 133.860,00",GM - Chevrolet,SPIN LT 1.8 8V Econo.Flex 5p Mec.,32000,004414-8,Flex,1,F,abril de 2026 ,hc8q7sqr24cz,"quarta-feira, 1 de abril de 2026 05:18",133860.0
332,1,,,32000,5,"R$ 160.591,00",GM - Chevrolet,SPIN PREMIER 1.8 8V Econo.Flex 5p Aut.,32000,004494-6,Flex,1,F,abril de 2026 ,jdmbkgj6qycz,"quarta-feira, 1 de abril de 2026 05:18",160591.0
332,1,,,32000,5,"R$ 120.055,00",GM - Chevrolet,ONIX SEDAN Plus LT 1.0 12V TB Flex Aut.,32000,004501-2,Flex,1,F,abril de 2026 ,gv2zczpt9dcz,"quarta-feira, 1 de abril de 2026 05:18",120055.0
332,1,,,32000,5,"R$ 102.850,00",GM - Chevrolet,ONIX HATCH LT 1.0 12V Flex 5p Mec.,32000,004517-9,Flex,1,F,abril de 2026 ,f6xmj254rdcz,"quarta-feira, 1 de abril de 2026 05:18",102850.0
332,1,,,32000,5,"R$ 174.135,00",GM - Chevrolet,TRACKER Premier 1.2 Turbo 12V Flex Aut.,32000,004525-0,Flex,1,F,abril de 2026 ,jxhmbpv770cz,"quarta-feira, 1 de abril de 2026 05:18",174135.0
332,1,,,32000,5,"R$ 155.452,00",GM - Chevrolet,MONTANA LTZ 1.2 Turbo Flex 12V 4p Aut.,32000,004541-1,Flex,1,F,abril de 2026 ,h6lj42q7zyj1hl,"quarta-feira, 1 de abril de 2026 05:18",155452.0
332,1,,,32000,3,"R$ 293.496,00",GM - Chevrolet,S10 Pick-Up WT 2.8 TDI 4x4 CD Diesel Aut,32000,004550-0,Diesel,1,D,abril de 2026 ,pff01n3z3tj1gy,"quarta-feira, 1 de abril de 2026 05:18",293496.0
332,1,,,32000,3,"R$ 366.441,00",VW - VolksWagen,AMAROK Highline CD 3.0 4x4 TB Dies. Aut.,32000,005483-6,Diesel,1,D,abril de 2026 ,r5zb74447dcb,"quarta-feira, 1 de abril de 2026 05:19",366441.0
332,1,,,32000,5,"R$ 150.835,00",VW - VolksWagen,VIRTUS Highline 200 TSI 1.0 Flex 12V Aut,32000,005484-4,Flex,1,F,abril de 2026 ,h05qxxmc4kcz,"quarta-feira, 1 de abril de 2026 05:19",150835.0
332,1,,,32000,5,"R$ 163.575,00",VW - VolksWagen,T-Cross Comfor. 200 TSI 1.0 Flex 5p Aut.,32000,005509-3,Flex,1,F,abril de 2026 ,jh3ssvyqm3j1hl,"quarta-feira, 1 de abril de 2026 05:19",163575.0
332,1,,,32000,5,"R$ 154.943,00",VW - VolksWagen,Nivus Highline 1.0 200 TSI Flex Aut.,32000,005526-3,Flex,1,F,abril de 2026 ,h5z1m03f9qcz,"quarta-feira, 1 de abril de 2026 05:19",154943.0
332,1,,,32000,5,"R$ 212.297,00",VW - VolksWagen,TAOS Highline 1.4 250 TSI Flex Aut.,32000,005528-0,Flex,1,F,abril de 2026 ,lb7plp35hccz,"quarta-feira, 1 de abril de 2026 05:19",212297.0
332,1,,,32000,5,"R$ 125.340,00",VW - VolksWagen,Saveiro Robust 1.6 Total Flex 16V CD,32000,005537-9,Flex,1,F,abril de 2026 ,g18180fv32j1hl,"quarta-feira, 1 de abril de 2026 05:19",125340.0
332,1,,,32000,5,"R$ 91.406,00",VW - VolksWagen,Polo Track 1.0 Flex 12V 5p,32000,005540-9,Flex,1,F,abril de 2026 ,cfw1rkg4w38cz,"quarta-feira, 1 de abril de 2026 05:19",91406.0
332,1,,,32000,5,"R$ 122.228,00",VW - VolksWagen,Tera 1.0 170 TSI Flex 12V 5p Mec.,32000,005554-9,Flex,1,F,abril de 2026 ,gymytl7gkzj1hl,"quarta-feira, 1 de abril de 2026 05:19",122228.0
332,1,,,32000,1,"R$ 329.671,00",BMW,X1 SDRIVE 20i GP 2.0 TB Aut.,32000,009323-8,Gasolina,1,G,abril de 2026 ,qsvwfw1973j1f9,"quarta-feira, 1 de abril de 2026 05:19",329671.0
332,1,,,32000,5,"R$ 86.790,00",Citroën,C3 Live Pack 1.0 Flex 6V 5p Mec.,32000,011223-2,Flex,1,F,abril de 2026 ,cc4xzhv8ynxcz,"quarta-feira, 1 de abril de 2026 05:19",86790.0
332,1,,,32000,5,"R$ 97.238,00",Citroën,BASALT Feel 1.0 Flex 6V 5p Mec.,32000,011238-0,Flex,1,F,abril de 2026 ,ch3fhyz08h9cz,"quarta-feira, 1 de abril de 2026 05:19",97238.0
332,1,,,32000,5,"R$ 118.596,00",Honda,CITY Sedan LX 1.5 Flex 16V 4p Aut.,32000,014059-7,Flex,1,F,abril de 2026 ,gtcyfxzdy0cz,"quarta-feira, 1 de abril de 2026 05:19",118596.0
332,1,,,32000,5,"R$ 148.794,00",Honda,WR-V EX 1.5 Flexone 16V 5p Aut.,32000,014094-5,Flex,1,F,abril de 2026 ,hysj6ygdvbcz,"quarta-feira, 1 de abril de 2026 05:19",148794.0
332,1,,,32000,5,"R$ 203.549,00",Honda,HR-V Advance 1.5  Flex TB 16V 5p Aut.,32000,014111-9,Flex,1,F,abril de 2026 ,k0zqqz7n5wj1hl,"quarta-feira, 1 de abril de 2026 05:19",203549.0
332,1,,,32000,5,"R$ 120.987,00",Honda,CITY Hatchback LX 1.5 Flex 16V Aut.,32000,014116-0,Flex,1,F,abril de 2026 ,gw5vh501zvj1hl,"quarta-feira, 1 de abril de 2026 05:19",120987.0
332,1,,,32000,5,"R$ 149.282,00",Hyundai,Creta Comfort 1.0 TB 12V Flex Aut.,32000,015200-5,Flex,1,F,abril de 2026 ,hzb82h28djcz,"quarta-feira, 1 de abril de 2026 05:19",149282.0
332,1,,,32000,5,"R$ 93.145,00",Hyundai,HB20S Comfort Plus 1.0 Flex 12V Mec.,32000,015239-0,Flex,1,F,abril de 2026 ,cgkftt91by5cz,"quarta-feira, 1 de abril de 2026 05:19",93145.0
332,1,,,32000,5,"R$ 90.356,00",Hyundai,HB20 Comfort Plus 1.0 Flex 12V Mec.,32000,015245-5,Flex,1,F,abril de 2026 ,cfhq3mfxmzlcz,"quarta-feira, 1 de abril de 2026 05:19",90356.0
332,1,,,32000,5,"R$ 195.575,00",Jeep,COMPASS LONG. T270 1.3 TB 4x2 Flex Aut.,32000,017071-2,Flex,1,F,abril de 2026 ,kqmwzqz075cz,"quarta-feira, 1 de abril de 2026 05:19",195575.0
332,1,,,32000,5,"R$ 251.266,00",Jeep,Commander Limited T270 1.3 TB Flex Aut.,32000,017081-0,Flex,1,F,abril de 2026 ,mtx24rys4pcz,"quarta-feira, 1 de abril de 2026 05:19",251266.0
332,1,,,32000,5,"R$ 120.545,00",Jeep,Renegade Sport T270 1.3 TB 4x2 Flex Aut.,32000,017085-2,Flex,1,F,abril de 2026 ,gwnshdwf4hcz,"quarta-feira, 1 de abril de 2026 05:19",120545.0
332,1,,,32000,3,"R$ 300.890,00",Mitsubishi,Triton HPE 2.4 CD 4x4 TB Diesel Aut.,32000,022213-5,Diesel,1,D,abril de 2026 ,pp3r8w2xb6j1gy,"quarta-feira, 1 de abril de 2026 05:19",300890.0
332,1,,,32000,3,"R$ 271.521,00",Nissan,Frontier ATTAC.CD 4x4 2.3 Bi-TB Die. Aut,32000,023160-6,Diesel,1,D,abril de 2026 ,nln9ld6rljcb,"quarta-feira, 1 de abril de 2026 05:19",271521.0
332,1,,,32000,5,"R$ 145.942,00",Nissan,VERSA Exclusive 1.6 16V Flex Aut.,32000,023174-6,Flex,1,F,abril de 2026 ,hvfwp6l12bcz,"quarta-feira, 1 de abril de 2026 05:19",145942.0
332,1,,,32000,1,"R$ 175.002,00",Nissan,Sentra Advance 2.0 16V Aut.,32000,023187-8,Gasolina,1,G,abril de 2026 ,jyh37hcld4j1f9,"quarta-feira, 1 de abril de 2026 05:19",175002.0
332,1,,,32000,5,"R$ 187.788,00",Nissan,KICKS Exclusive 1.0 Turbo Flex Aut.,32000,023196-7,Flex,1,F,abril de 2026 ,kfhvx6vt0tj1hl,"quarta-feira, 1 de abril de 2026 05:19",187788.0
332,1,,,32000,3,"R$ 198.538,00",Peugeot,Expert Cargo 1.5 Turbo Diesel,32000,024260-8,Diesel,1,D,abril de 2026 ,kt3lkm6cwwcb,"quarta-feira, 1 de abril de 2026 05:19",198538.0
332,1,,,32000,5,"R$ 95.254,00",Peugeot,208 Style 1.0 Flex 6V 5p Mec.,32000,024265-9,Flex,1,F,abril de 2026 ,chb5c4b8jf3cz,"quarta-feira, 1 de abril de 2026 05:19",95254.0
332,1,,,32000,5,"R$ 135.121,00",Peugeot,2008 Active 1.0 Turbo Flex 5p Aut.,32000,024274-8,Flex,1,F,abril de 2026 ,hfrk2smygjj1hl,"quarta-feira, 1 de abril de 2026 05:19",135121.0
332,1,,,32000,3,"R$ 261.639,00",Renault,Master 2.3 dCi Furgão 16V Diesel,32000,025196-8,Diesel,1,D,abril de 2026 ,m623zrq4h3cb,"quarta-feira, 1 de abril de 2026 05:19",261639.0
332,1,,,32000,5,"R$ 68.618,00",Renault,KWID Zen 1.0 Flex 12V 5p Mec.,32000,025266-2,Flex,1,F,abril de 2026 ,48v0fmn0sqcz,"quarta-feira, 1 de abril de 2026 05:19",68618.0
332,1,,,32000,5,"R$ 121.183,00",Renault,OROCH Intense 1.6 Flex 16V Mec.,32000,025312-0,Flex,1,F,abril de 2026 ,gxdzcc6p7bcz,"quarta-feira, 1 de abril de 2026 05:19",121183.0
332,1,,,32000,5,"R$ 131.110,00",Renault,DUSTER Intense Plus 1.6 16V Flex Mec.,32000,025325-1,Flex,1,F,abril de 2026 ,g81snt1y33j1hl,"quarta-feira, 1 de abril de 2026 05:19",131110.0
332,1,,,32000,5,"R$ 113.990,00",Renault,Kardian Authentic 1.0 TB 12V 5p Aut.,32000,025335-9,Flex,1,F,abril de 2026 ,gmzjlylsztj1hl,"quarta-feira, 1 de abril de 2026 05:19",113990.0
332,1,,,32000,3,"R$ 494.814,00",RAM,3500 LARAMIE 6.7 TB CD 4x4 Diesel,32000,083007-0,Diesel,1,D,abril de 2026 ,x1g986wmkycb,"quarta-feira, 1 de abril de 2026 05:19",494814.0
332,1,,,32000,3,"R$ 220.801,00",RAM,RAMPAGE BIG HORN 2.2 TB CD 4X4 Die Aut.,32000,083026-7,Diesel,1,D,abril de 2026 ,ln6sjkyvbjj1gy,"quarta-feira, 1 de abril de 2026 05:19",220801.0
332,1,,,32000,4,"R$ 137.039,00",GEELY,EX2 MAX ,32000,088006-0,Elétrico,1,E,abril de 2026 ,hhz86fvgcfj1g8,"quarta-feira, 1 de abril de 2026 05:20",137039.0
332,1,,,32000,1,"R$ 178.117,00",Caoa Chery,Tiggo 7 Pro Max Drive 1.6 Turbo 16V Aut.,32000,093011-3,Gasolina,1,G,abril de 2026 ,j15b2n0t5sj1f9,"quarta-feira, 1 de abril de 2026 05:20",178117.0
332,1,,,32000,5,"R$ 125.997,00",Caoa Chery,Tiggo 5X SPORT 1.5 Turbo Flex Aut.,32000,093014-8,Flex,1,F,abril de 2026 ,g21ykm6fk1j1hl,"quarta-feira, 1 de abril de 2026 05:20",125997.0
332,1,,,32000,1,"R$ 201.517,00",Caoa Chery,Tiggo 8 PRO 1.6 TGDi Aut.,32000,093018-0,Gasolina,1,G,abril de 2026 ,kylv5dfnhwj1f9,"quarta-feira, 1 de abril de 2026 05:20",201517.0
332,1,,,32000,6,"R$ 249.998,00",BYD,Song Plus 1.5 16V Aut. (Hibrido),32000,095005-0,Híbrido,1,H,abril de 2026 ,msf0d6w1ckj1hx,"quarta-feira, 1 de abril de 2026 05:20",249998.0
332,1,,,32000,4,"R$ 149.997,00",BYD,Dolphin EV (Elétrico),32000,095007-6,Elétrico,1,E,abril de 2026 ,hz58p01q4qj1g8,"quarta-feira, 1 de abril de 2026 05:20",149997.0
332,1,,,32000,4,"R$ 259.900,00",BYD,Seal (Elétrico),32000,095008-4,Elétrico,1,E,abril de 2026 ,m41xkgc1t9j1g8,"quarta-feira, 1 de abril de 2026 05:20",259900.0
332,1,,,32000,4,"R$ 119.560,00",BYD,Dolphin Mini (Elétrico),32000,095010-6,Elétrico,1,E,abril de 2026 ,gvhzmwqgq3j1g8,"quarta-feira, 1 de abril de 2026 05:20",119560.0
332,1,,,32000,6,"R$ 170.347,00",BYD,King GL 1.5 16V Aut. (Hibrido),32000,095012-2,Híbrido,1,H,abril de 2026 ,jr1x5zlwnfj1hx,"quarta-feira, 1 de abril de 2026 05:20",170347.0
332,1,,,32000,4,"R$ 183.000,00",BYD,Yuan Pro (Elétrico),32000,095015-7,Elétrico,1,E,abril de 2026 ,j7wt020531j1g8,"quarta-feira, 1 de abril de 2026 05:20",183000.0
332,1,,,32000,6,"R$ 345.084,00",BYD,SHARK GS 1.5 16V 4x4 Aut. (Híbrido),32000,095016-5,Híbrido,1,H,abril de 2026 ,rcx237rdwgj1hx,"quarta-feira, 1 de abril de 2026 05:20",345084.0
332,1,,,32000,6,"R$ 248.749,00",GWM,Haval H6 19 1.5 (Hibrido),32000,096008-0,Híbrido,1,H,abril de 2026 ,mqzl3b6jtdj1hx,"quarta-feira, 1 de abril de 2026 05:20",248749.0
332,1,,,32000,3,"R$ 330.887,00",GWM,Haval H9 Exclusive TD480,32000,096012-8,Diesel,1,D,abril de 2026 ,qt82k2y11cj1gy,"quarta-feira, 1 de abril de 2026 05:20",330887.0
332,1,,,32000,6,"R$ 160.061,00",Omoda,5 Luxury 1.5 TB FWD,32000,302002-9,Híbrido,1,H,abril de 2026 ,jcz2ct42mbj1hx,"quarta-feira, 1 de abril de 2026 05:20",160061.0
332,1,,,32000,6,"R$ 256.990,00",Omoda,7 Luxury 1.5 TB FWD,32000,302004-5,Híbrido,1,H,abril de 2026 ,m1m4ps8trvj1hx,"quarta-feira, 1 de abril de 2026 05:20",256990.0
331,1,,,32000,5,"R$ 71.862,00",Fiat,MOBI LIKE 1.0 Fire Flex 5p.,32000,001461-3,Flex,1,F,março de 2026 ,6hw3c1xgdncz,"quarta-feira, 1 de abril de 2026 05:20",71862.0
331,1,,,32000,5,"R$ 90.350,00",Fiat,ARGO DRIVE 1.0 6V Flex,32000,001494-0,Flex,1,F,março de 2026 ,cfhnx0kssx8cz,"quarta-feira, 1 de abril de 2026 05:20",90350.0
331,1,,,32000,5,"R$ 169.141,00",Fiat,Toro Freedom 1.3 T270 4x2 Flex Aut.,32000,001538-5,Flex,1,F,março de 2026 ,jqm292nps3cz,"quarta-feira, 1 de abril de 2026 05:20",169141.0
331,1,,,32000,3,"R$ 213.331,00",Fiat,Scudo Cargo 1.5 16V Turbo Diesel,32000,001550-4,Diesel,1,D,março de 2026 ,ldf8np3xdtcb,"quarta-feira, 1 de abril de 2026 05:20",213331.0
331,1,,,32000,5,"R$ 116.296,00",Fiat,CRONOS DRIVE 1.3 8V Flex Aut.,32000,001554-7,Flex,1,F,março de 2026 ,gqpbw6wtn8cz,"quarta-feira, 1 de abril de 2026 05:20",116296.0
331,1,,,32000,3,"R$ 279.342,00",Fiat,Ducato Cargo 2.2 Diesel (E6),32000,001563-6,Diesel,1,D,março de 2026 ,nwvkyf5rppj1gy,"quarta-feira, 1 de abril de 2026 05:20",279342.0
331,1,,,32000,5,"R$ 121.223,00",Fiat,Fastback 1.0 200 Turbo Flex Aut,32000,001568-7,Flex,1,F,março de 2026 ,gxgffhn0mjj1hl,"quarta-feira, 1 de abril de 2026 05:20",121223.0
331,1,,,32000,5,"R$ 112.235,00",Fiat,Strada Endurance 1.3 Flex 8V CS Plus,32000,001569-5,Flex,1,F,março de 2026 ,gkxq4rqv22j1hl,"quarta-feira, 1 de abril de 2026 05:20",112235.0
331,1,,,32000,5,"R$ 121.630,00",Fiat,Fiorino Endurance 1.3 Flex 8V 2p,32000,001589-0,Flex,1,F,março de 2026 ,gxx60sbdp7j1hl,"quarta-feira, 1 de abril de 2026 05:20",121630.0
331,1,,,32000,5,"R$ 117.848,00",Fiat,PULSE 1.0 Turbo 200  Flex Aut.,32000,001592-0,Flex,1,F,março de 2026 ,gshrmnst34j1hl,"quarta-feira, 1 de abril de 2026 05:20",117848.0
331,1,,,32000,5,"R$ 173.634,00",Toyota,Corolla XEi 2.0 Flex 16V Aut.,32000,002111-3,Flex,1,F,março de 2026 ,jwxdt0b6q3cz,"quarta-feira, 1 de abril de 2026 05:20",173634.0
331,1,,,32000,3,"R$ 308.764,00",Toyota,Hilux CD SR 4x4 2.8 TDI Diesel Aut.,32000,002142-3,Diesel,1,D,março de 2026 ,p0bzb7lwbwcb,"quarta-feira, 1 de abril de 2026 05:20",308764.0
331,1,,,32000,5,"R$ 190.772,00",Toyota,Corolla Cross XRE 2.0 16V Flex Aut.,32000,002203-9,Flex,1,F,março de 2026 ,kjz95mwthkcz,"quarta-feira, 1 de abril de 2026 05:20",190772.0
331,1,,,32000,5,"R$ 114.615,00",Toyota,YARIS XL 1.5 Flex 16V 5p Aut.,32000,002207-1,Flex,1,F,março de 2026 ,gnp7tt6d71cz,"quarta-feira, 1 de abril de 2026 05:20",114615.0
331,1,,,32000,3,"R$ 286.090,00",Ford,TRANSIT Furgão 2.0 Medio Turbo Diesel,32000,003487-8,Diesel,1,D,março de 2026 ,n4rt88bjc4j1gy,"quarta-feira, 1 de abril de 2026 05:20",286090.0
331,1,,,32000,3,"R$ 240.533,00",Ford,Ranger XL 2.0 4x4 CD Diesel Mec. ,32000,003502-5,Diesel,1,D,março de 2026 ,mfbzn3b0frj1gy,"quarta-feira, 1 de abril de 2026 05:20",240533.0
331,1,,,32000,5,"R$ 132.340,00",GM - Chevrolet,SPIN LT 1.8 8V Econo.Flex 5p Mec.,32000,004414-8,Flex,1,F,março de 2026 ,hbhhk0sfhkcz,"quarta-feira, 1 de abril de 2026 05:20",132340.0
331,1,,,32000,5,"R$ 160.965,00",GM - Chevrolet,SPIN PREMIER 1.8 8V Econo.Flex 5p Aut.,32000,004494-6,Flex,1,F,março de 2026 ,jd1xy09qsxcz,"quarta-feira, 1 de abril de 2026 05:20",160965.0
331,1,,,32000,5,"R$ 121.027,00",GM - Chevrolet,ONIX SEDAN Plus LT 1.0 12V TB Flex Aut.,32000,004501-2,Flex,1,F,março de 2026 ,gw69lb8tp0cz,"quarta-feira, 1 de abril de 2026 05:20",121027.0
331,1,,,32000,5,"R$ 102.300,00",GM - Chevrolet,ONIX HATCH LT 1.0 12V Flex 5p Mec.,32000,004517-9,Flex,1,F,março de 2026 ,f58mtv8zpgcz,"quarta-feira, 1 de abril de 2026 05:21",102300.0
331,1,,,32000,5,"R$ 172.262,00",GM - Chevrolet,TRACKER Premier 1.2 Turbo 12V Flex Aut.,32000,004525-0,Flex,1,F,março de 2026 ,jt9jxt4p77cz,"quarta-feira, 1 de abril de 2026 05:21",172262.0
331,1,,,32000,5,"R$ 161.487,00",GM - Chevrolet,MONTANA LTZ 1.2 Turbo Flex 12V 4p Aut.,32000,004541-1,Flex,1,F,março de 2026 ,jfnw35kgsqj1hl,"quarta-feira, 1 de abril de 2026 05:21",161487.0
331,1,,,32000,3,"R$ 290.215,00",GM - Chevrolet,S10 Pick-Up WT 2.8 TDI 4x4 CD Diesel Aut,32000,004550-0,Diesel,1,D,março de 2026 ,n9lr45jcgbj1gy,"quarta-feira, 1 de abril de 2026 05:21",290215.0
331,1,,,32000,3,"R$ 368.007,00",VW - VolksWagen,AMAROK Highline CD 3.0 4x4 TB Dies. Aut.,32000,005483-6,Diesel,1,D,março de 2026 ,r7s8rl9v2lcb,"quarta-feira, 1 de abril de 2026 05:21",368007.0
331,1,,,32000,5,"R$ 146.865,00",VW - VolksWagen,VIRTUS Highline 200 TSI 1.0 Flex 12V Aut,32000,005484-4,Flex,1,F,março de 2026 ,hwjfp08g1gcz,"quarta-feira, 1 de abril de 2026 05:21",146865.0
331,1,,,32000,5,"R$ 166.903,00",VW - VolksWagen,T-Cross Comfor. 200 TSI 1.0 Flex 5p Aut.,32000,005509-3,Flex,1,F,março de 2026 ,jm0rmzkw8qj1hl,"quarta-feira, 1 de abril de 2026 05:21",166903.0
331,1,,,32000,5,"R$ 156.109,00",VW - VolksWagen,Nivus Highline 1.0 200 TSI Flex Aut.,32000,005526-3,Flex,1,F,março de 2026 ,h7cffp88mgcz,"quarta-feira, 1 de abril de 2026 05:21",156109.0
331,1,,,32000,5,"R$ 213.577,00",VW - VolksWagen,TAOS Highline 1.4 250 TSI Flex Aut.,32000,005528-0,Flex,1,F,março de 2026 ,ldq6vbx1lycz,"quarta-feira, 1 de abril de 2026 05:21",213577.0
331,1,,,32000,5,"R$ 125.218,00",VW - VolksWagen,Saveiro Robust 1.6 Total Flex 16V CD,32000,005537-9,Flex,1,F,março de 2026 ,g14mtk7rx1j1hl,"quarta-feira, 1 de abril de 2026 05:21",125218.0
331,1,,,32000,5,"R$ 91.221,00",VW - VolksWagen,Polo Track 1.0 Flex 12V 5p,32000,005540-9,Flex,1,F,março de 2026 ,cftwh1pchlscz,"quarta-feira, 1 de abril de 2026 05:21",91221.0
331,1,,,32000,5,"R$ 120.573,00",VW - VolksWagen,Tera 1.0 170 TSI Flex 12V 5p Mec.,32000,005554-9,Flex,1,F,março de 2026 ,gwps1cl5xqj1hl,"quarta-feira, 1 de abril de 2026 05:21",120573.0
331,1,,,32000,1,"R$ 328.473,00",BMW,X1 SDRIVE 20i GP 2.0 TB Aut.,32000,009323-8,Gasolina,1,G,março de 2026 ,qrgbldqgjqj1f9,"quarta-feira, 1 de abril de 2026 05:21",328473.0
331,1,,,32000,5,"R$ 85.936,00",Citroën,C3 Live Pack 1.0 Flex 6V 5p Mec.,32000,011223-2,Flex,1,F,março de 2026 ,cctxkz5gr0jcz,"quarta-feira, 1 de abril de 2026 05:21",85936.0
331,1,,,32000,5,"R$ 96.743,00",Citroën,BASALT Feel 1.0 Flex 6V 5p Mec.,32000,011238-0,Flex,1,F,março de 2026 ,chxmlhyr7ctcz,"quarta-feira, 1 de abril de 2026 05:21",96743.0
331,1,,,32000,5,"R$ 120.103,00",Honda,CITY Sedan LX 1.5 Flex 16V 4p Aut.,32000,014059-7,Flex,1,F,março de 2026 ,gv4qgj56yrcz,"quarta-feira, 1 de abril de 2026 05:21",120103.0
331,1,,,32000,5,"R$ 148.715,00",Honda,WR-V EX 1.5 Flexone 16V 5p Aut.,32000,014094-5,Flex,1,F,março de 2026 ,hypn6g57whcz,"quarta-feira, 1 de abril de 2026 05:21",148715.0
331,1,,,32000,5,"R$ 203.957,00",Honda,HR-V Advance 1.5  Flex TB 16V 5p Aut.,32000,014111-9,Flex,1,F,março de 2026 ,k1gkf5mgydj1hl,"quarta-feira, 1 de abril de 2026 05:21",203957.0
331,1,,,32000,5,"R$ 121.558,00",Honda,CITY Hatchback LX 1.5 Flex 16V Aut.,32000,014116-0,Flex,1,F,março de 2026 ,gxvlwvty4hj1hl,"quarta-feira, 1 de abril de 2026 05:21",121558.0
331,1,,,32000,5,"R$ 146.012,00",Hyundai,Creta Comfort 1.0 TB 12V Flex Aut.,32000,015200-5,Flex,1,F,março de 2026 ,hvjfk7fnqqcz,"quarta-feira, 1 de abril de 2026 05:21",146012.0
331,1,,,32000,5,"R$ 93.310,00",Hyundai,HB20S Comfort Plus 1.0 Flex 12V Mec.,32000,015239-0,Flex,1,F,março de 2026 ,cgmcszjpgk4cz,"quarta-feira, 1 de abril de 2026 05:21",93310.0
331,1,,,32000,5,"R$ 88.352,00",Hyundai,HB20 Comfort Plus 1.0 Flex 12V Mec.,32000,015245-5,Flex,1,F,março de 2026 ,cdq7qd8c5kqcz,"quarta-feira, 1 de abril de 2026 05:21",88352.0
331,1,,,32000,5,"R$ 194.697,00",Jeep,COMPASS LONG. T270 1.3 TB 4x2 Flex Aut.,32000,017071-2,Flex,1,F,março de 2026 ,kplzpnl8yycz,"quarta-feira, 1 de abril de 2026 05:21",194697.0
331,1,,,32000,5,"R$ 249.854,00",Jeep,Commander Limited T270 1.3 TB Flex Aut.,32000,017081-0,Flex,1,F,março de 2026 ,mr8r5crdzvcz,"quarta-feira, 1 de abril de 2026 05:21",249854.0
331,1,,,32000,5,"R$ 122.050,00",Jeep,Renegade Sport T270 1.3 TB 4x2 Flex Aut.,32000,017085-2,Flex,1,F,março de 2026 ,gyfg75gwn6cz,"quarta-feira, 1 de abril de 2026 05:21",122050.0
331,1,,,32000,3,"R$ 298.897,00",Mitsubishi,Triton HPE 2.4 CD 4x4 TB Diesel Aut.,32000,022213-5,Diesel,1,D,março de 2026 ,pmsbnhv56hj1gy,"quarta-feira, 1 de abril de 2026 05:21",298897.0
331,1,,,32000,3,"R$ 268.804,00",Nissan,Frontier ATTAC.CD 4x4 2.3 Bi-TB Die. Aut,32000,023160-6,Diesel,1,D,março de 2026 ,nhhj53s9k4cb,"quarta-feira, 1 de abril de 2026 05:21",268804.0
331,1,,,32000,5,"R$ 145.603,00",Nissan,VERSA Exclusive 1.6 16V Flex Aut.,32000,023174-6,Flex,1,F,março de 2026 ,ht1kq23v79cz,"quarta-feira, 1 de abril de 2026 05:21",145603.0
331,1,,,32000,1,"R$ 175.015,00",Nissan,Sentra Advance 2.0 16V Aut.,32000,023187-8,Gasolina,1,G,março de 2026 ,jyjlwjvd8sj1f9,"quarta-feira, 1 de abril de 2026 05:21",175015.0
331,1,,,32000,5,"R$ 187.322,00",Nissan,KICKS Exclusive 1.0 Turbo Flex Aut.,32000,023196-7,Flex,1,F,março de 2026 ,kdyxv155y7j1hl,"quarta-feira, 1 de abril de 2026 05:21",187322.0
331,1,,,32000,3,"R$ 200.696,00",Peugeot,Expert Cargo 1.5 Turbo Diesel,32000,024260-8,Diesel,1,D,março de 2026 ,kxm0299fqmcb,"quarta-feira, 1 de abril de 2026 05:21",200696.0
331,1,,,32000,5,"R$ 94.998,00",Peugeot,208 Style 1.0 Flex 6V 5p Mec.,32000,024265-9,Flex,1,F,março de 2026 ,cg75bmnny65cz,"quarta-feira, 1 de abril de 2026 05:21",94998.0
331,1,,,32000,5,"R$ 135.972,00",Peugeot,2008 Active 1.0 Turbo Flex 5p Aut.,32000,024274-8,Flex,1,F,março de 2026 ,hgrhypxkzpj1hl,"quarta-feira, 1 de abril de 2026 05:21",135972.0
331,1,,,32000,3,"R$ 265.091,00",Renault,Master 2.3 dCi Furgão 16V Diesel,32000,025196-8,Diesel,1,D,março de 2026 ,nb4lj3266qcb,"quarta-feira, 1 de abril de 2026 05:21",265091.0
331,1,,,32000,5,"R$ 66.989,00",Renault,KWID Zen 1.0 Flex 12V 5p Mec.,32000,025266-2,Flex,1,F,março de 2026 ,4nrxktn73bcz,"quarta-feira, 1 de abril de 2026 05:21",66989.0
331,1,,,32000,5,"R$ 122.857,00",Renault,OROCH Intense 1.6 Flex 16V Mec.,32000,025312-0,Flex,1,F,março de 2026 ,gzctj63ch8cz,"quarta-feira, 1 de abril de 2026 05:21",122857.0
331,1,,,32000,5,"R$ 134.008,00",Renault,DUSTER Intense Plus 1.6 16V Flex Mec.,32000,025325-1,Flex,1,F,março de 2026 ,hdf3z9bqfsj1hl,"quarta-feira, 1 de abril de 2026 05:22",134008.0
331,1,,,32000,5,"R$ 114.323,00",Renault,Kardian Authentic 1.0 TB 12V 5p Aut.,32000,025335-9,Flex,1,F,março de 2026 ,gncmtd1q8mj1hl,"quarta-feira, 1 de abril de 2026 05:22",114323.0
331,1,,,32000,3,"R$ 489.516,00",RAM,3500 LARAMIE 6.7 TB CD 4x4 Diesel,32000,083007-0,Diesel,1,D,março de 2026 ,xt8rq1ndxfcb,"quarta-feira, 1 de abril de 2026 05:22",489516.0
331,1,,,32000,3,"R$ 226.702,00",RAM,RAMPAGE BIG HORN 2.2 TB CD 4X4 Die Aut.,32000,083026-7,Diesel,1,D,março de 2026 ,lw38h3w9s4j1gy,"quarta-feira, 1 de abril de 2026 05:22",226702.0
331,1,,,32000,4,"R$ 137.105,00",GEELY,EX2 MAX ,32000,088006-0,Elétrico,1,E,março de 2026 ,hh2pkrc2qfj1g8,"quarta-feira, 1 de abril de 2026 05:22",137105.0
331,1,,,32000,1,"R$ 177.995,00",Caoa Chery,Tiggo 7 Pro Max Drive 1.6 Turbo 16V Aut.,32000,093011-3,Gasolina,1,G,março de 2026 ,j10xl7tqzrj1f9,"quarta-feira, 1 de abril de 2026 05:22",177995.0
331,1,,,32000,5,"R$ 130.925,00",Caoa Chery,Tiggo 5X SPORT 1.5 Turbo Flex Aut.,32000,093014-8,Flex,1,F,março de 2026 ,g8t16vn5bgj1hl,"quarta-feira, 1 de abril de 2026 05:22",130925.0
331,1,,,32000,1,"R$ 197.998,00",Caoa Chery,Tiggo 8 PRO 1.6 TGDi Aut.,32000,093018-0,Gasolina,1,G,março de 2026 ,ktgy3pg1zkj1f9,"quarta-feira, 1 de abril de 2026 05:22",197998.0
331,1,,,32000,6,"R$ 250.036,00",BYD,Song Plus 1.5 16V Aut. (Hibrido),32000,095005-0,Híbrido,1,H,março de 2026 ,mshc7hphc3j1hx,"quarta-feira, 1 de abril de 2026 05:22",250036.0
331,1,,,32000,4,"R$ 151.038,00",BYD,Dolphin EV (Elétrico),32000,095007-6,Elétrico,1,E,março de 2026 ,h1d3njpgnyj1g8,"quarta-feira, 1 de abril de 2026 05:22",151038.0
331,1,,,32000,4,"R$ 249.990,00",BYD,Seal (Elétrico),32000,095008-4,Elétrico,1,E,março de 2026 ,msfqdq9xcdj1g8,"quarta-feira, 1 de abril de 2026 05:22",249990.0
331,1,,,32000,4,"R$ 120.148,00",BYD,Dolphin Mini (Elétrico),32000,095010-6,Elétrico,1,E,março de 2026 ,gv6b5cbh7jj1g8,"quarta-feira, 1 de abril de 2026 05:22",120148.0
331,1,,,32000,6,"R$ 170.319,00",BYD,King GL 1.5 16V Aut. (Hibrido),32000,095012-2,Híbrido,1,H,março de 2026 ,jr0xmxr4qxj1hx,"quarta-feira, 1 de abril de 2026 05:22",170319.0
331,1,,,32000,4,"R$ 182.990,00",BYD,Yuan Pro (Elétrico),32000,095015-7,Elétrico,1,E,março de 2026 ,j7wgrrtr8tj1g8,"quarta-feira, 1 de abril de 2026 05:22",182990.0
331,1,,,32000,6,"R$ 345.382,00",BYD,SHARK GS 1.5 16V 4x4 Aut. (Híbrido),32000,095016-5,Híbrido,1,H,março de 2026 ,rc8xw5rwq6j1hx,"quarta-feira, 1 de abril de 2026 05:22",345382.0
331,1,,,32000,6,"R$ 247.852,00",GWM,Haval H6 19 1.5 (Hibrido),32000,096008-0,Híbrido,1,H,março de 2026 ,mpx0dmc8qcj1hx,"quarta-feira, 1 de abril de 2026 05:22",247852.0
331,1,,,32000,3,"R$ 331.228,00",GWM,Haval H9 Exclusive TD480,32000,096012-8,Diesel,1,D,março de 2026 ,qvpgszxg39j1gy,"quarta-feira, 1 de abril de 2026 05:22",331228.0
331,1,,,32000,6,"R$ 162.085,00",Omoda,5 Luxury 1.5 TB FWD,32000,302002-9,Híbrido,1,H,março de 2026 ,jgcmxzdc3xj1hx,"quarta-feira, 1 de abril de 2026 05:22",162085.0
331,1,,,32000,6,"R$ 254.682,00",Omoda,7 Luxury 1.5 TB FWD,32000,302004-5,Híbrido,1,H,março de 2026 ,myx74m4xtkj1hx,"quarta-feira, 1 de abril de 2026 05:22",254682.0
330,1,,,32000,5,"R$ 71.872,00",Fiat,MOBI LIKE 1.0 Fire Flex 5p.,32000,001461-3,Flex,1,F,fevereiro de 2026 ,6h0q1m976mcz,"quarta-feira, 1 de abril de 2026 05:22",71872.0
330,1,,,32000,5,"R$ 88.145,00",Fiat,ARGO DRIVE 1.0 6V Flex,32000,001494-0,Flex,1,F,fevereiro de 2026 ,cdntg0691lzcz,"quarta-feira, 1 de abril de 2026 05:22",88145.0
330,1,,,32000,5,"R$ 163.277,00",Fiat,Toro Freedom 1.3 T270 4x2 Flex Aut.,32000,001538-5,Flex,1,F,fevereiro de 2026 ,jhry0vlx1gcz,"quarta-feira, 1 de abril de 2026 05:22",163277.0
330,1,,,32000,3,"R$ 211.943,00",Fiat,Scudo Cargo 1.5 16V Turbo Diesel,32000,001550-4,Diesel,1,D,fevereiro de 2026 ,lbttqmdypccb,"quarta-feira, 1 de abril de 2026 05:22",211943.0
330,1,,,32000,5,"R$ 112.124,00",Fiat,CRONOS DRIVE 1.3 8V Flex Aut.,32000,001554-7,Flex,1,F,fevereiro de 2026 ,gksp2lflvxcz,"quarta-feira, 1 de abril de 2026 05:22",112124.0
330,1,,,32000,3,"R$ 277.224,00",Fiat,Ducato Cargo 2.2 Diesel (E6),32000,001563-6,Diesel,1,D,fevereiro de 2026 ,ntclgwdyrgj1gy,"quarta-feira, 1 de abril de 2026 05:22",277224.0
330,1,,,32000,5,"R$ 118.080,00",Fiat,Fastback 1.0 200 Turbo Flex Aut,32000,001568-7,Flex,1,F,fevereiro de 2026 ,gsr5075v58j1hl,"quarta-feira, 1 de abril de 2026 05:22",118080.0
330,1,,,32000,5,"R$ 107.490,00",Fiat,Strada Endurance 1.3 Flex 8V CS Plus,32000,001569-5,Flex,1,F,fevereiro de 2026 ,gdb8pkrs2zj1hl,"quarta-feira, 1 de abril de 2026 05:22",107490.0
330,1,,,32000,5,"R$ 120.499,00",Fiat,Fiorino Endurance 1.3 Flex 8V 2p,32000,001589-0,Flex,1,F,fevereiro de 2026 ,gwl3nkdxnfj1hl,"quarta-feira, 1 de abril de 2026 05:22",120499.0
330,1,,,32000,5,"R$ 115.455,00",Fiat,PULSE 1.0 Turbo 200  Flex Aut.,32000,001592-0,Flex,1,F,fevereiro de 2026 ,gppr9hl7fzj1hl,"quarta-feira, 1 de abril de 2026 05:22",115455.0
330,1,,,32000,5,"R$ 172.981,00",Toyota,Corolla XEi 2.0 Flex 16V Aut.,32000,002111-3,Flex,1,F,fevereiro de 2026 ,jv4n11r0v0cz,"quarta-feira, 1 de abril de 2026 05:22",172981.0
330,1,,,32000,3,"R$ 307.156,00",Toyota,Hilux CD SR 4x4 2.8 TDI Diesel Aut.,32000,002142-3,Diesel,1,D,fevereiro de 2026 ,pygjjn48twcb,"quarta-feira, 1 de abril de 2026 05:22",307156.0
330,1,,,32000,5,"R$ 191.702,00",Toyota,Corolla Cross XRE 2.0 16V Flex Aut.,32000,002203-9,Flex,1,F,fevereiro de 2026 ,kk231zb1dhcz,"quarta-feira, 1 de abril de 2026 05:22",191702.0
330,1,,,32000,5,"R$ 115.085,00",Toyota,YARIS XL 1.5 Flex 16V 5p Aut.,32000,002207-1,Flex,1,F,fevereiro de 2026 ,gn8bdmyn1kcz,"quarta-feira, 1 de abril de 2026 05:22",115085.0
330,1,,,32000,3,"R$ 296.819,00",Ford,TRANSIT Furgão 2.0 Medio Turbo Diesel,32000,003487-8,Diesel,1,D,fevereiro de 2026 ,pkbs73ltkmj1gy,"quarta-feira, 1 de abril de 2026 05:22",296819.0
330,1,,,32000,3,"R$ 231.308,00",Ford,Ranger XL 2.0 4x4 CD Diesel Mec. ,32000,003502-5,Diesel,1,D,fevereiro de 2026 ,l2jpb1sdhdj1gy,"quarta-feira, 1 de abril de 2026 05:23",231308.0
330,1,,,32000,5,"R$ 133.996,00",GM - Chevrolet,SPIN LT 1.8 8V Econo.Flex 5p Mec.,32000,004414-8,Flex,1,F,fevereiro de 2026 ,hdfpg31rp6cz,"quarta-feira, 1 de abril de 2026 05:23",133996.0
330,1,,,32000,5,"R$ 161.382,00",GM - Chevrolet,SPIN PREMIER 1.8 8V Econo.Flex 5p Aut.,32000,004494-6,Flex,1,F,fevereiro de 2026 ,jfj2tkz522cz,"quarta-feira, 1 de abril de 2026 05:23",161382.0
330,1,,,32000,5,"R$ 122.255,00",GM - Chevrolet,ONIX SEDAN Plus LT 1.0 12V TB Flex Aut.,32000,004501-2,Flex,1,F,fevereiro de 2026 ,gynx7nt21rcz,"quarta-feira, 1 de abril de 2026 05:23",122255.0
330,1,,,32000,5,"R$ 101.007,00",GM - Chevrolet,ONIX HATCH LT 1.0 12V Flex 5p Mec.,32000,004517-9,Flex,1,F,fevereiro de 2026 ,f4rmx2rky1cz,"quarta-feira, 1 de abril de 2026 05:23",101007.0
330,1,,,32000,5,"R$ 176.762,00",GM - Chevrolet,TRACKER Premier 1.2 Turbo 12V Flex Aut.,32000,004525-0,Flex,1,F,fevereiro de 2026 ,j0k297xc4rcz,"quarta-feira, 1 de abril de 2026 05:23",176762.0
330,1,,,32000,5,"R$ 165.322,00",GM - Chevrolet,MONTANA LTZ 1.2 Turbo Flex 12V 4p Aut.,32000,004541-1,Flex,1,F,fevereiro de 2026 ,jk487h19n0j1hl,"quarta-feira, 1 de abril de 2026 05:23",165322.0
330,1,,,32000,3,"R$ 296.110,00",GM - Chevrolet,S10 Pick-Up WT 2.8 TDI 4x4 CD Diesel Aut,32000,004550-0,Diesel,1,D,fevereiro de 2026 ,pjh1c4lqkvj1gy,"quarta-feira, 1 de abril de 2026 05:23",296110.0
330,1,,,32000,3,"R$ 354.587,00",VW - VolksWagen,AMAROK Highline CD 3.0 4x4 TB Dies. Aut.,32000,005483-6,Diesel,1,D,fevereiro de 2026 ,rq2hplpb52cb,"quarta-feira, 1 de abril de 2026 05:23",354587.0
330,1,,,32000,5,"R$ 150.526,00",VW - VolksWagen,VIRTUS Highline 200 TSI 1.0 Flex 12V Aut,32000,005484-4,Flex,1,F,fevereiro de 2026 ,h0thrnd5jycz,"quarta-feira, 1 de abril de 2026 05:23",150526.0
330,1,,,32000,5,"R$ 170.020,00",VW - VolksWagen,T-Cross Comfor. 200 TSI 1.0 Flex 5p Aut.,32000,005509-3,Flex,1,F,fevereiro de 2026 ,jrn1qzr3nfj1hl,"quarta-feira, 1 de abril de 2026 05:23",170020.0
330,1,,,32000,5,"R$ 159.442,00",VW - VolksWagen,Nivus Highline 1.0 200 TSI Flex Aut.,32000,005526-3,Flex,1,F,fevereiro de 2026 ,jb8kxgzcwncz,"quarta-feira, 1 de abril de 2026 05:23",159442.0
330,1,,,32000,5,"R$ 212.540,00",VW - VolksWagen,TAOS Highline 1.4 250 TSI Flex Aut.,32000,005528-0,Flex,1,F,fevereiro de 2026 ,lcjjdhcxtncz,"quarta-feira, 1 de abril de 2026 05:23",212540.0
330,1,,,32000,5,"R$ 122.697,00",VW - VolksWagen,Saveiro Robust 1.6 Total Flex 16V CD,32000,005537-9,Flex,1,F,fevereiro de 2026 ,gy5z8f2h8tj1hl,"quarta-feira, 1 de abril de 2026 05:23",122697.0
330,1,,,32000,5,"R$ 90.705,00",VW - VolksWagen,Polo Track 1.0 Flex 12V 5p,32000,005540-9,Flex,1,F,fevereiro de 2026 ,cfmtyzghnxxcz,"quarta-feira, 1 de abril de 2026 05:23",90705.0
330,1,,,32000,5,"R$ 119.623,00",VW - VolksWagen,Tera 1.0 170 TSI Flex 12V 5p Mec.,32000,005554-9,Flex,1,F,fevereiro de 2026 ,gvk8mcq4bbj1hl,"quarta-feira, 1 de abril de 2026 05:23",119623.0
330,1,,,32000,1,"R$ 319.059,00",BMW,X1 SDRIVE 20i GP 2.0 TB Aut.,32000,009323-8,Gasolina,1,G,fevereiro de 2026 ,qdd49plx9tj1f9,"quarta-feira, 1 de abril de 2026 05:23",319059.0
330,1,,,32000,5,"R$ 85.523,00",Citroën,C3 Live Pack 1.0 Flex 6V 5p Mec.,32000,011223-2,Flex,1,F,fevereiro de 2026 ,ccn2gg8c6f8cz,"quarta-feira, 1 de abril de 2026 05:23",85523.0
330,1,,,32000,5,"R$ 95.651,00",Citroën,BASALT Feel 1.0 Flex 6V 5p Mec.,32000,011238-0,Flex,1,F,fevereiro de 2026 ,chhtn96fd11cz,"quarta-feira, 1 de abril de 2026 05:23",95651.0
330,1,,,32000,5,"R$ 119.678,00",Honda,CITY Sedan LX 1.5 Flex 16V 4p Aut.,32000,014059-7,Flex,1,F,fevereiro de 2026 ,gvm8lht4pbcz,"quarta-feira, 1 de abril de 2026 05:23",119678.0
330,1,,,32000,5,"R$ 150.273,00",Honda,WR-V EX 1.5 Flexone 16V 5p Aut.,32000,014094-5,Flex,1,F,fevereiro de 2026 ,h0h9phvgxkcz,"quarta-feira, 1 de abril de 2026 05:23",150273.0
330,1,,,32000,5,"R$ 204.158,00",Honda,HR-V Advance 1.5  Flex TB 16V 5p Aut.,32000,014111-9,Flex,1,F,fevereiro de 2026 ,k1pvxyt1b2j1hl,"quarta-feira, 1 de abril de 2026 05:23",204158.0
330,1,,,32000,5,"R$ 119.478,00",Honda,CITY Hatchback LX 1.5 Flex 16V Aut.,32000,014116-0,Flex,1,F,fevereiro de 2026 ,gvdz7lx5swj1hl,"quarta-feira, 1 de abril de 2026 05:23",119478.0
330,1,,,32000,5,"R$ 140.584,00",Hyundai,Creta Comfort 1.0 TB 12V Flex Aut.,32000,015200-5,Flex,1,F,fevereiro de 2026 ,hm44j7lfm3cz,"quarta-feira, 1 de abril de 2026 05:23",140584.0
330,1,,,32000,5,"R$ 94.064,00",Hyundai,HB20S Comfort Plus 1.0 Flex 12V Mec.,32000,015239-0,Flex,1,F,fevereiro de 2026 ,cgw6vp3fk73cz,"quarta-feira, 1 de abril de 2026 05:23",94064.0
330,1,,,32000,5,"R$ 88.652,00",Hyundai,HB20 Comfort Plus 1.0 Flex 12V Mec.,32000,015245-5,Flex,1,F,fevereiro de 2026 ,cdvrrn6snqgcz,"quarta-feira, 1 de abril de 2026 05:23",88652.0
330,1,,,32000,5,"R$ 197.356,00",Jeep,COMPASS LONG. T270 1.3 TB 4x2 Flex Aut.,32000,017071-2,Flex,1,F,fevereiro de 2026 ,ksqmqzqwn8cz,"quarta-feira, 1 de abril de 2026 05:23",197356.0
330,1,,,32000,5,"R$ 249.409,00",Jeep,Commander Limited T270 1.3 TB Flex Aut.,32000,017081-0,Flex,1,F,fevereiro de 2026 ,mrrlrq4m53cz,"quarta-feira, 1 de abril de 2026 05:23",249409.0
330,1,,,32000,5,"R$ 122.526,00",Jeep,Renegade Sport T270 1.3 TB 4x2 Flex Aut.,32000,017085-2,Flex,1,F,fevereiro de 2026 ,gyzslj27ttcz,"quarta-feira, 1 de abril de 2026 05:23",122526.0
330,1,,,32000,3,"R$ 297.907,00",Mitsubishi,Triton HPE 2.4 CD 4x4 TB Diesel Aut.,32000,022213-5,Diesel,1,D,fevereiro de 2026 ,plmb5bhrkgj1gy,"quarta-feira, 1 de abril de 2026 05:23",297907.0
330,1,,,32000,3,"R$ 272.919,00",Nissan,Frontier ATTAC.CD 4x4 2.3 Bi-TB Die. Aut,32000,023160-6,Diesel,1,D,fevereiro de 2026 ,nm93spsvtycb,"quarta-feira, 1 de abril de 2026 05:23",272919.0
330,1,,,32000,5,"R$ 146.187,00",Nissan,VERSA Exclusive 1.6 16V Flex Aut.,32000,023174-6,Flex,1,F,fevereiro de 2026 ,hvqsrvg5vncz,"quarta-feira, 1 de abril de 2026 05:23",146187.0
330,1,,,32000,5,"R$ 108.636,00",Nissan,KICKS Active 1.6 16V Flex Aut.,32000,023186-0,Flex,1,F,fevereiro de 2026 ,gfpxypr5ckj1hl,"quarta-feira, 1 de abril de 2026 05:23",108636.0
330,1,,,32000,1,"R$ 175.727,00",Nissan,Sentra Advance 2.0 16V Aut.,32000,023187-8,Gasolina,1,G,fevereiro de 2026 ,jzcg376ct6j1f9,"quarta-feira, 1 de abril de 2026 05:23",175727.0
330,1,,,32000,5,"R$ 186.573,00",Nissan,KICKS Exclusive 1.0 Turbo Flex Aut.,32000,023196-7,Flex,1,F,fevereiro de 2026 ,kc2pxwl8clj1hl,"quarta-feira, 1 de abril de 2026 05:23",186573.0
330,1,,,32000,3,"R$ 198.938,00",Peugeot,Expert Cargo 1.5 Turbo Diesel,32000,024260-8,Diesel,1,D,fevereiro de 2026 ,kvk38bz376cb,"quarta-feira, 1 de abril de 2026 05:23",198938.0
330,1,,,32000,5,"R$ 94.889,00",Peugeot,208 Style 1.0 Flex 6V 5p Mec.,32000,024265-9,Flex,1,F,fevereiro de 2026 ,cg6wqf69ypycz,"quarta-feira, 1 de abril de 2026 05:24",94889.0
330,1,,,32000,5,"R$ 136.833,00",Peugeot,2008 Active 1.0 Turbo Flex 5p Aut.,32000,024274-8,Flex,1,F,fevereiro de 2026 ,hhrs2w91r0j1hl,"quarta-feira, 1 de abril de 2026 05:24",136833.0
330,1,,,32000,3,"R$ 266.931,00",Renault,Master 2.3 dCi Furgão 16V Diesel,32000,025196-8,Diesel,1,D,fevereiro de 2026 ,nd9gr7vj2bcb,"quarta-feira, 1 de abril de 2026 05:24",266931.0
330,1,,,32000,5,"R$ 66.776,00",Renault,KWID Zen 1.0 Flex 12V 5p Mec.,32000,025266-2,Flex,1,F,fevereiro de 2026 ,4k8hksd36bcz,"quarta-feira, 1 de abril de 2026 05:24",66776.0
330,1,,,32000,5,"R$ 122.857,00",Renault,OROCH Intense 1.6 Flex 16V Mec.,32000,025312-0,Flex,1,F,fevereiro de 2026 ,gzctj50sx6cz,"quarta-feira, 1 de abril de 2026 05:24",122857.0
330,1,,,32000,5,"R$ 133.449,00",Renault,DUSTER Intense Plus 1.6 16V Flex Mec.,32000,025325-1,Flex,1,F,fevereiro de 2026 ,hcss4p3wt6j1hl,"quarta-feira, 1 de abril de 2026 05:24",133449.0
330,1,,,32000,5,"R$ 113.990,00",Renault,Kardian Authentic 1.0 TB 12V 5p Aut.,32000,025335-9,Flex,1,F,fevereiro de 2026 ,gmzjlwfntpj1hl,"quarta-feira, 1 de abril de 2026 05:24",113990.0
330,1,,,32000,3,"R$ 505.000,00",RAM,3500 LARAMIE 6.7 TB CD 4x4 Diesel,32000,083007-0,Diesel,1,D,fevereiro de 2026 ,yffkfbx1r3cb,"quarta-feira, 1 de abril de 2026 05:24",505000.0
330,1,,,32000,3,"R$ 225.430,00",RAM,RAMPAGE BIG HORN 2.2 TB CD 4X4 Die Aut.,32000,083026-7,Diesel,1,D,fevereiro de 2026 ,lvm08vfsbkj1gy,"quarta-feira, 1 de abril de 2026 05:24",225430.0
330,1,,,32000,4,"R$ 136.508,00",GEELY,EX2 MAX ,32000,088006-0,Elétrico,1,E,fevereiro de 2026 ,hhczwt87h7j1g8,"quarta-feira, 1 de abril de 2026 05:24",136508.0
330,1,,,32000,1,"R$ 175.014,00",Caoa Chery,Tiggo 7 Pro Max Drive 1.6 Turbo 16V Aut.,32000,093011-3,Gasolina,1,G,fevereiro de 2026 ,jyjkrkyh63j1f9,"quarta-feira, 1 de abril de 2026 05:24",175014.0
330,1,,,32000,5,"R$ 130.735,00",Caoa Chery,Tiggo 5X SPORT 1.5 Turbo Flex Aut.,32000,093014-8,Flex,1,F,fevereiro de 2026 ,g8l4367hrbj1hl,"quarta-feira, 1 de abril de 2026 05:24",130735.0
330,1,,,32000,1,"R$ 196.585,00",Caoa Chery,Tiggo 8 PRO 1.6 TGDi Aut.,32000,093018-0,Gasolina,1,G,fevereiro de 2026 ,krtl0cgg26j1f9,"quarta-feira, 1 de abril de 2026 05:24",196585.0
330,1,,,32000,6,"R$ 250.978,00",BYD,Song Plus 1.5 16V Aut. (Hibrido),32000,095005-0,Híbrido,1,H,fevereiro de 2026 ,mtlmmzwxz7j1hx,"quarta-feira, 1 de abril de 2026 05:24",250978.0
330,1,,,32000,4,"R$ 151.338,00",BYD,Dolphin EV (Elétrico),32000,095007-6,Elétrico,1,E,fevereiro de 2026 ,h1r0n999zqj1g8,"quarta-feira, 1 de abril de 2026 05:24",151338.0
330,1,,,32000,4,"R$ 252.577,00",BYD,Seal (Elétrico),32000,095008-4,Elétrico,1,E,fevereiro de 2026 ,mwgq94x6skj1g8,"quarta-feira, 1 de abril de 2026 05:24",252577.0
330,1,,,32000,4,"R$ 120.382,00",BYD,Dolphin Mini (Elétrico),32000,095010-6,Elétrico,1,E,fevereiro de 2026 ,gwgvttb5l7j1g8,"quarta-feira, 1 de abril de 2026 05:24",120382.0
330,1,,,32000,6,"R$ 170.107,00",BYD,King GL 1.5 16V Aut. (Hibrido),32000,095012-2,Híbrido,1,H,fevereiro de 2026 ,jrr6rvgd5fj1hx,"quarta-feira, 1 de abril de 2026 05:24",170107.0
330,1,,,32000,4,"R$ 182.989,00",BYD,Yuan Pro (Elétrico),32000,095015-7,Elétrico,1,E,fevereiro de 2026 ,j7wfmsx0y7j1g8,"quarta-feira, 1 de abril de 2026 05:24",182989.0
330,1,,,32000,6,"R$ 344.990,00",BYD,SHARK GS 1.5 16V 4x4 Aut. (Híbrido),32000,095016-5,Híbrido,1,H,fevereiro de 2026 ,rctn6s6xftj1hx,"quarta-feira, 1 de abril de 2026 05:24",344990.0
330,1,,,32000,6,"R$ 248.000,00",GWM,Haval H6 19 1.5 (Hibrido),32000,096008-0,Híbrido,1,H,fevereiro de 2026 ,mp3c44j1mpj1hx,"quarta-feira, 1 de abril de 2026 05:24",248000.0
330,1,,,32000,3,"R$ 330.983,00",GWM,Haval H9 Exclusive TD480,32000,096012-8,Diesel,1,D,fevereiro de 2026 ,qvdkq7snlsj1gy,"quarta-feira, 1 de abril de 2026 05:24",330983.0
330,1,,,32000,6,"R$ 162.492,00",Omoda,5 Luxury 1.5 TB FWD,32000,302002-9,Híbrido,1,H,fevereiro de 2026 ,jgvfh6yz4xj1hx,"quarta-feira, 1 de abril de 2026 05:24",162492.0
330,1,,,32000,6,"R$ 254.606,00",Omoda,7 Luxury 1.5 TB FWD,32000,302004-5,Híbrido,1,H,fevereiro de 2026 ,myvhhy9908j1hx,"quarta-feira, 1 de abril de 2026 05:24",254606.0
329,1,,,32000,5,"R$ 70.358,00",Fiat,MOBI LIKE 1.0 Fire Flex 5p.,32000,001461-3,Flex,1,F,janeiro de 2026 ,5x8fyplxsscz,"quarta-feira, 1 de abril de 2026 05:24",70358.0
329,1,,,32000,5,"R$ 86.442,00",Fiat,ARGO DRIVE 1.0 6V Flex,32000,001494-0,Flex,1,F,janeiro de 2026 ,cc0vhcm4lfncz,"quarta-feira, 1 de abril de 2026 05:24",86442.0
329,1,,,32000,5,"R$ 165.321,00",Fiat,Toro Freedom 1.3 T270 4x2 Flex Aut.,32000,001538-5,Flex,1,F,janeiro de 2026 ,jk473k2x2ccz,"quarta-feira, 1 de abril de 2026 05:24",165321.0
329,1,,,32000,3,"R$ 211.857,00",Fiat,Scudo Cargo 1.5 16V Turbo Diesel,32000,001550-4,Diesel,1,D,janeiro de 2026 ,lbqptnghmxcb,"quarta-feira, 1 de abril de 2026 05:24",211857.0
329,1,,,32000,5,"R$ 116.637,00",Fiat,CRONOS DRIVE 1.3 8V Flex Aut.,32000,001554-7,Flex,1,F,janeiro de 2026 ,gq2q32rn54cz,"quarta-feira, 1 de abril de 2026 05:24",116637.0
329,1,,,32000,3,"R$ 286.194,00",Fiat,Ducato Cargo 2.2 Diesel (E6),32000,001563-6,Diesel,1,D,janeiro de 2026 ,n4wmgvm992j1gy,"quarta-feira, 1 de abril de 2026 05:24",286194.0
329,1,,,32000,5,"R$ 119.114,00",Fiat,Fastback 1.0 200 Turbo Flex Aut,32000,001568-7,Flex,1,F,janeiro de 2026 ,gtzr2739mwj1hl,"quarta-feira, 1 de abril de 2026 05:24",119114.0
329,1,,,32000,5,"R$ 111.037,00",Fiat,Strada Endurance 1.3 Flex 8V CS Plus,32000,001569-5,Flex,1,F,janeiro de 2026 ,gjh5869fsmj1hl,"quarta-feira, 1 de abril de 2026 05:24",111037.0
329,1,,,32000,5,"R$ 119.492,00",Fiat,Fiorino Endurance 1.3 Flex 8V 2p,32000,001589-0,Flex,1,F,janeiro de 2026 ,gvfh0k7bnmj1hl,"quarta-feira, 1 de abril de 2026 05:24",119492.0
329,1,,,32000,5,"R$ 117.339,00",Fiat,PULSE 1.0 Turbo 200  Flex Aut.,32000,001592-0,Flex,1,F,janeiro de 2026 ,grw73h3n79j1hl,"quarta-feira, 1 de abril de 2026 05:24",117339.0
329,1,,,32000,5,"R$ 173.639,00",Toyota,Corolla XEi 2.0 Flex 16V Aut.,32000,002111-3,Flex,1,F,janeiro de 2026 ,jwxlgk7z6kcz,"quarta-feira, 1 de abril de 2026 05:24",173639.0
329,1,,,32000,3,"R$ 293.272,00",Toyota,Hilux CD SR 4x4 2.8 TDI Diesel Aut.,32000,002142-3,Diesel,1,D,janeiro de 2026 ,pd5wndk1xwcb,"quarta-feira, 1 de abril de 2026 05:24",293272.0
329,1,,,32000,5,"R$ 191.091,00",Toyota,Corolla Cross XRE 2.0 16V Flex Aut.,32000,002203-9,Flex,1,F,janeiro de 2026 ,kkcxl1wl02cz,"quarta-feira, 1 de abril de 2026 05:25",191091.0
329,1,,,32000,5,"R$ 115.055,00",Toyota,YARIS XL 1.5 Flex 16V 5p Aut.,32000,002207-1,Flex,1,F,janeiro de 2026 ,gn67lqhkn0cz,"quarta-feira, 1 de abril de 2026 05:25",115055.0
329,1,,,32000,3,"R$ 286.703,00",Ford,TRANSIT Furgão 2.0 Medio Turbo Diesel,32000,003487-8,Diesel,1,D,janeiro de 2026 ,n5g3zx5mgdj1gy,"quarta-feira, 1 de abril de 2026 05:25",286703.0
329,1,,,32000,3,"R$ 241.900,00",Ford,Ranger XL 2.0 4x4 CD Diesel Mec. ,32000,003502-5,Diesel,1,D,janeiro de 2026 ,mgynykrc45j1gy,"quarta-feira, 1 de abril de 2026 05:25",241900.0
329,1,,,32000,5,"R$ 129.805,00",GM - Chevrolet,SPIN LT 1.8 8V Econo.Flex 5p Mec.,32000,004414-8,Flex,1,F,janeiro de 2026 ,g7jb7t4021cz,"quarta-feira, 1 de abril de 2026 05:25",129805.0
329,1,,,32000,5,"R$ 156.136,00",GM - Chevrolet,SPIN PREMIER 1.8 8V Econo.Flex 5p Aut.,32000,004494-6,Flex,1,F,janeiro de 2026 ,h7ddvq0k6dcz,"quarta-feira, 1 de abril de 2026 05:25",156136.0
329,1,,,32000,5,"R$ 118.530,00",GM - Chevrolet,ONIX SEDAN Plus LT 1.0 12V TB Flex Aut.,32000,004501-2,Flex,1,F,janeiro de 2026 ,gs9j2hjfw3cz,"quarta-feira, 1 de abril de 2026 05:25",118530.0
329,1,,,32000,5,"R$ 104.111,00",GM - Chevrolet,ONIX HATCH LT 1.0 12V Flex 5p Mec.,32000,004517-9,Flex,1,F,janeiro de 2026 ,f8dgc0dcw1cz,"quarta-feira, 1 de abril de 2026 05:25",104111.0
329,1,,,32000,5,"R$ 173.652,00",GM - Chevrolet,TRACKER Premier 1.2 Turbo 12V Flex Aut.,32000,004525-0,Flex,1,F,janeiro de 2026 ,jwx13n7bpjcz,"quarta-feira, 1 de abril de 2026 05:25",173652.0
329,1,,,32000,5,"R$ 162.507,00",GM - Chevrolet,MONTANA LTZ 1.2 Turbo Flex 12V 4p Aut.,32000,004541-1,Flex,1,F,janeiro de 2026 ,jgvzd31rg1j1hl,"quarta-feira, 1 de abril de 2026 05:25",162507.0
329,1,,,32000,3,"R$ 287.928,00",GM - Chevrolet,S10 Pick-Up WT 2.8 TDI 4x4 CD Diesel Aut,32000,004550-0,Diesel,1,D,janeiro de 2026 ,n6xm8hcr5tj1gy,"quarta-feira, 1 de abril de 2026 05:25",287928.0
329,1,,,32000,3,"R$ 355.023,00",VW - VolksWagen,AMAROK Highline CD 3.0 4x4 TB Dies. Aut.,32000,005483-6,Diesel,1,D,janeiro de 2026 ,rrlbyss981cb,"quarta-feira, 1 de abril de 2026 05:25",355023.0
329,1,,,32000,5,"R$ 146.300,00",VW - VolksWagen,VIRTUS Highline 200 TSI 1.0 Flex 12V Aut,32000,005484-4,Flex,1,F,janeiro de 2026 ,hvvw2t2zhqcz,"quarta-feira, 1 de abril de 2026 05:25",146300.0
329,1,,,32000,5,"R$ 165.394,00",VW - VolksWagen,T-Cross Comfor. 200 TSI 1.0 Flex 5p Aut.,32000,005509-3,Flex,1,F,janeiro de 2026 ,jk7xcdg02rj1hl,"quarta-feira, 1 de abril de 2026 05:25",165394.0
329,1,,,32000,5,"R$ 154.252,00",VW - VolksWagen,Nivus Highline 1.0 200 TSI Flex Aut.,32000,005526-3,Flex,1,F,janeiro de 2026 ,h45x1pg3nwcz,"quarta-feira, 1 de abril de 2026 05:25",154252.0
329,1,,,32000,5,"R$ 213.734,00",VW - VolksWagen,TAOS Highline 1.4 250 TSI Flex Aut.,32000,005528-0,Flex,1,F,janeiro de 2026 ,ldxxq59xgvcz,"quarta-feira, 1 de abril de 2026 05:25",213734.0
329,1,,,32000,5,"R$ 124.276,00",VW - VolksWagen,Saveiro Robust 1.6 Total Flex 16V CD,32000,005537-9,Flex,1,F,janeiro de 2026 ,g01ddzsmkqj1hl,"quarta-feira, 1 de abril de 2026 05:25",124276.0
329,1,,,32000,5,"R$ 89.817,00",VW - VolksWagen,Polo Track 1.0 Flex 12V 5p,32000,005540-9,Flex,1,F,janeiro de 2026 ,cd9d6crgn91cz,"quarta-feira, 1 de abril de 2026 05:25",89817.0
329,1,,,32000,5,"R$ 118.306,00",VW - VolksWagen,Tera 1.0 170 TSI Flex 12V 5p Mec.,32000,005554-9,Flex,1,F,janeiro de 2026 ,gs1dn8p85jj1hl,"quarta-feira, 1 de abril de 2026 05:25",118306.0
329,1,,,32000,1,"R$ 319.278,00",BMW,X1 SDRIVE 20i GP 2.0 TB Aut.,32000,009323-8,Gasolina,1,G,janeiro de 2026 ,qdn316ftssj1f9,"quarta-feira, 1 de abril de 2026 05:25",319278.0
329,1,,,32000,5,"R$ 85.222,00",Citroën,C3 Live Pack 1.0 Flex 6V 5p Mec.,32000,011223-2,Flex,1,F,janeiro de 2026 ,cckj1x96jc2cz,"quarta-feira, 1 de abril de 2026 05:25",85222.0
329,1,,,32000,5,"R$ 95.510,00",Citroën,BASALT Feel 1.0 Flex 6V 5p Mec.,32000,011238-0,Flex,1,F,janeiro de 2026 ,chf5flb283ncz,"quarta-feira, 1 de abril de 2026 05:25",95510.0
329,1,,,32000,5,"R$ 119.332,00",Honda,CITY Sedan LX 1.5 Flex 16V 4p Aut.,32000,014059-7,Flex,1,F,janeiro de 2026 ,gt7pqwnnspcz,"quarta-feira, 1 de abril de 2026 05:25",119332.0
329,1,,,32000,5,"R$ 146.747,00",Honda,WR-V EX 1.5 Flexone 16V 5p Aut.,32000,014094-5,Flex,1,F,janeiro de 2026 ,hwc4q86k9mcz,"quarta-feira, 1 de abril de 2026 05:25",146747.0
329,1,,,32000,5,"R$ 200.982,00",Honda,HR-V Advance 1.5  Flex TB 16V 5p Aut.,32000,014111-9,Flex,1,F,janeiro de 2026 ,kxzfb1jsysj1hl,"quarta-feira, 1 de abril de 2026 05:25",200982.0
329,1,,,32000,5,"R$ 120.158,00",Honda,CITY Hatchback LX 1.5 Flex 16V Aut.,32000,014116-0,Flex,1,F,janeiro de 2026 ,gv6qfk863sj1hl,"quarta-feira, 1 de abril de 2026 05:25",120158.0
329,1,,,32000,5,"R$ 140.699,00",Hyundai,Creta Comfort 1.0 TB 12V Flex Aut.,32000,015200-5,Flex,1,F,janeiro de 2026 ,hm8932x3ldcz,"quarta-feira, 1 de abril de 2026 05:25",140699.0
329,1,,,32000,5,"R$ 94.768,00",Hyundai,HB20S Comfort Plus 1.0 Flex 12V Mec.,32000,015239-0,Flex,1,F,janeiro de 2026 ,cg5gq1yzbr0cz,"quarta-feira, 1 de abril de 2026 05:25",94768.0
329,1,,,32000,5,"R$ 88.406,00",Hyundai,HB20 Comfort Plus 1.0 Flex 12V Mec.,32000,015245-5,Flex,1,F,janeiro de 2026 ,cdrwbvgfk34cz,"quarta-feira, 1 de abril de 2026 05:25",88406.0
329,1,,,32000,5,"R$ 192.480,00",Jeep,COMPASS LONG. T270 1.3 TB 4x2 Flex Aut.,32000,017071-2,Flex,1,F,janeiro de 2026 ,kl0dn1bmjkcz,"quarta-feira, 1 de abril de 2026 05:25",192480.0
329,1,,,32000,5,"R$ 245.548,00",Jeep,Commander Limited T270 1.3 TB Flex Aut.,32000,017081-0,Flex,1,F,janeiro de 2026 ,ml68b5bv78cz,"quarta-feira, 1 de abril de 2026 05:25",245548.0
329,1,,,32000,5,"R$ 122.633,00",Jeep,Renegade Sport T270 1.3 TB 4x2 Flex Aut.,32000,017085-2,Flex,1,F,janeiro de 2026 ,gy3n4yyfyzcz,"quarta-feira, 1 de abril de 2026 05:25",122633.0
329,1,,,32000,3,"R$ 297.388,00",Mitsubishi,Triton HPE 2.4 CD 4x4 TB Diesel Aut.,32000,022213-5,Diesel,1,D,janeiro de 2026 ,pk0hcxr90jj1gy,"quarta-feira, 1 de abril de 2026 05:25",297388.0
329,1,,,32000,3,"R$ 272.816,00",Nissan,Frontier ATTAC.CD 4x4 2.3 Bi-TB Die. Aut,32000,023160-6,Diesel,1,D,janeiro de 2026 ,nm6cqx08fqcb,"quarta-feira, 1 de abril de 2026 05:25",272816.0
329,1,,,32000,5,"R$ 145.945,00",Nissan,VERSA Exclusive 1.6 16V Flex Aut.,32000,023174-6,Flex,1,F,janeiro de 2026 ,hvfz2wsxhpcz,"quarta-feira, 1 de abril de 2026 05:26",145945.0
329,1,,,32000,5,"R$ 110.000,00",Nissan,KICKS Active 1.6 16V Flex Aut.,32000,023186-0,Flex,1,F,janeiro de 2026 ,gg9hvdtkhhj1hl,"quarta-feira, 1 de abril de 2026 05:26",110000.0
329,1,,,32000,1,"R$ 176.035,00",Nissan,Sentra Advance 2.0 16V Aut.,32000,023187-8,Gasolina,1,G,janeiro de 2026 ,jzqn5hbpy3j1f9,"quarta-feira, 1 de abril de 2026 05:26",176035.0
329,1,,,32000,5,"R$ 185.907,00",Nissan,KICKS Exclusive 1.0 Turbo Flex Aut.,32000,023196-7,Flex,1,F,janeiro de 2026 ,kb9hhvgn1sj1hl,"quarta-feira, 1 de abril de 2026 05:26",185907.0
329,1,,,32000,3,"R$ 197.175,00",Peugeot,Expert Cargo 1.5 Turbo Diesel,32000,024260-8,Diesel,1,D,janeiro de 2026 ,ksh1sqmw46cb,"quarta-feira, 1 de abril de 2026 05:26",197175.0
329,1,,,32000,5,"R$ 94.336,00",Peugeot,208 Style 1.0 Flex 6V 5p Mec.,32000,024265-9,Flex,1,F,janeiro de 2026 ,cg0dqg3vr83cz,"quarta-feira, 1 de abril de 2026 05:26",94336.0
329,1,,,32000,5,"R$ 134.732,00",Peugeot,2008 Active 1.0 Turbo Flex 5p Aut.,32000,024274-8,Flex,1,F,janeiro de 2026 ,hd9fr4cc5kj1hl,"quarta-feira, 1 de abril de 2026 05:26",134732.0
329,1,,,32000,3,"R$ 263.160,00",Renault,Master 2.3 dCi Furgão 16V Diesel,32000,025196-8,Diesel,1,D,janeiro de 2026 ,m8wdr95dhycb,"quarta-feira, 1 de abril de 2026 05:26",263160.0
329,1,,,32000,5,"R$ 67.456,00",Renault,KWID Zen 1.0 Flex 12V 5p Mec.,32000,025266-2,Flex,1,F,janeiro de 2026 ,4t7nhkzkdccz,"quarta-feira, 1 de abril de 2026 05:26",67456.0
329,1,,,32000,5,"R$ 123.430,00",Renault,OROCH Intense 1.6 Flex 16V Mec.,32000,025312-0,Flex,1,F,janeiro de 2026 ,gz1m5qf2jwcz,"quarta-feira, 1 de abril de 2026 05:26",123430.0
329,1,,,32000,5,"R$ 132.169,00",Renault,DUSTER Intense Plus 1.6 16V Flex Mec.,32000,025325-1,Flex,1,F,janeiro de 2026 ,g988wz4wkhj1hl,"quarta-feira, 1 de abril de 2026 05:26",132169.0
329,1,,,32000,5,"R$ 113.192,00",Renault,Kardian Authentic 1.0 TB 12V 5p Aut.,32000,025335-9,Flex,1,F,janeiro de 2026 ,gl1jf41pmrj1hl,"quarta-feira, 1 de abril de 2026 05:26",113192.0
329,1,,,32000,3,"R$ 506.156,00",RAM,3500 LARAMIE 6.7 TB CD 4x4 Diesel,32000,083007-0,Diesel,1,D,janeiro de 2026 ,ygskyqz0tpcb,"quarta-feira, 1 de abril de 2026 05:26",506156.0
329,1,,,32000,3,"R$ 230.060,00",RAM,RAMPAGE BIG HORN 2.2 TB CD 4X4 Die Aut.,32000,083026-7,Diesel,1,D,janeiro de 2026 ,l01942tgm5j1gy,"quarta-feira, 1 de abril de 2026 05:26",230060.0
329,1,,,32000,4,"R$ 135.100,00",GEELY,EX2 MAX ,32000,088006-0,Elétrico,1,E,janeiro de 2026 ,hfqtd5bk8gj1g8,"quarta-feira, 1 de abril de 2026 05:26",135100.0
329,1,,,32000,1,"R$ 171.055,00",Caoa Chery,Tiggo 7 Pro Max Drive 1.6 Turbo 16V Aut.,32000,093011-3,Gasolina,1,G,janeiro de 2026 ,jswnxxjm3pj1f9,"quarta-feira, 1 de abril de 2026 05:26",171055.0
329,1,,,32000,5,"R$ 131.055,00",Caoa Chery,Tiggo 5X SPORT 1.5 Turbo Flex Aut.,32000,093014-8,Flex,1,F,janeiro de 2026 ,g8zspl31lfj1hl,"quarta-feira, 1 de abril de 2026 05:26",131055.0
329,1,,,32000,1,"R$ 198.677,00",Caoa Chery,Tiggo 8 PRO 1.6 TGDi Aut.,32000,093018-0,Gasolina,1,G,janeiro de 2026 ,kt8m5pybzwj1f9,"quarta-feira, 1 de abril de 2026 05:26",198677.0
329,1,,,32000,6,"R$ 250.627,00",BYD,Song Plus 1.5 16V Aut. (Hibrido),32000,095005-0,Híbrido,1,H,janeiro de 2026 ,ms5v4qnjg0j1hx,"quarta-feira, 1 de abril de 2026 05:26",250627.0
329,1,,,32000,4,"R$ 151.156,00",BYD,Dolphin EV (Elétrico),32000,095007-6,Elétrico,1,E,janeiro de 2026 ,h1kdl4c36qj1g8,"quarta-feira, 1 de abril de 2026 05:26",151156.0
329,1,,,32000,4,"R$ 252.860,00",BYD,Seal (Elétrico),32000,095008-4,Elétrico,1,E,janeiro de 2026 ,mws054rxrkj1g8,"quarta-feira, 1 de abril de 2026 05:26",252860.0
329,1,,,32000,4,"R$ 120.297,00",BYD,Dolphin Mini (Elétrico),32000,095010-6,Elétrico,1,E,janeiro de 2026 ,gwcr1r6w89j1g8,"quarta-feira, 1 de abril de 2026 05:26",120297.0
329,1,,,32000,6,"R$ 170.435,00",BYD,King GL 1.5 16V Aut. (Hibrido),32000,095012-2,Híbrido,1,H,janeiro de 2026 ,jr44bnvftnj1hx,"quarta-feira, 1 de abril de 2026 05:26",170435.0
329,1,,,32000,4,"R$ 182.998,00",BYD,Yuan Pro (Elétrico),32000,095015-7,Elétrico,1,E,janeiro de 2026 ,j7wrr343xtj1g8,"quarta-feira, 1 de abril de 2026 05:26",182998.0
329,1,,,32000,6,"R$ 344.998,00",BYD,SHARK GS 1.5 16V 4x4 Aut. (Híbrido),32000,095016-5,Híbrido,1,H,janeiro de 2026 ,rcty66mtnwj1hx,"quarta-feira, 1 de abril de 2026 05:26",344998.0
329,1,,,32000,6,"R$ 248.041,00",GWM,Haval H6 19 1.5 (Hibrido),32000,096008-0,Híbrido,1,H,janeiro de 2026 ,mp4wb6r1tsj1hx,"quarta-feira, 1 de abril de 2026 05:26",248041.0
329,1,,,32000,3,"R$ 331.290,00",GWM,Haval H9 Exclusive TD480,32000,096012-8,Diesel,1,D,janeiro de 2026 ,qvrqnj3sz5j1gy,"quarta-feira, 1 de abril de 2026 05:26",331290.0
329,1,,,32000,6,"R$ 159.686,00",Omoda,5 Luxury 1.5 TB FWD,32000,302002-9,Híbrido,1,H,janeiro de 2026 ,jckft573hlj1hx,"quarta-feira, 1 de abril de 2026 05:26",159686.0
329,1,,,32000,6,"R$ 254.511,00",Omoda,7 Luxury 1.5 TB FWD,32000,302004-5,Híbrido,1,H,janeiro de 2026 ,myq1gm16f5j1hx,"quarta-feira, 1 de abril de 2026 05:26",254511.0
328,1,,,32000,5,"R$ 70.192,00",Fiat,MOBI LIKE 1.0 Fire Flex 5p.,32000,001461-3,Flex,1,F,dezembro de 2025 ,5v93jg5l8ccz,"segunda-feira, 1 de dezembro de 2025 08:47",70192.0
328,1,,,32000,5,"R$ 88.093,00",Fiat,ARGO DRIVE 1.0 6V Flex,32000,001494-0,Flex,1,F,dezembro de 2025 ,cdm6k266m79cz,"segunda-feira, 1 de dezembro de 2025 08:47",88093.0
328,1,,,32000,5,"R$ 160.010,00",Fiat,Toro Freedom 1.3 T270 4x2 Flex Aut.,32000,001538-5,Flex,1,F,dezembro de 2025 ,jcx6w989y4cz,"segunda-feira, 1 de dezembro de 2025 08:47",160010.0
328,1,,,32000,3,"R$ 210.968,00",Fiat,Scudo Cargo 1.5 16V Turbo Diesel,32000,001550-4,Diesel,1,D,dezembro de 2025 ,k9pc4b4qb0cb,"quarta-feira, 1 de abril de 2026 05:26",210968.0
328,1,,,32000,5,"R$ 117.848,00",Fiat,CRONOS DRIVE 1.3 8V Flex Aut.,32000,001554-7,Flex,1,F,dezembro de 2025 ,gshrmlhs53cz,"segunda-feira, 1 de dezembro de 2025 08:47",117848.0
328,1,,,32000,3,"R$ 288.143,00",Fiat,Ducato Cargo 2.2 Diesel (E6),32000,001563-6,Diesel,1,D,dezembro de 2025 ,n65gh8ysbyj1gy,"quarta-feira, 1 de abril de 2026 05:26",288143.0
328,1,,,32000,5,"R$ 118.479,00",Fiat,Fastback 1.0 200 Turbo Flex Aut,32000,001568-7,Flex,1,F,dezembro de 2025 ,gs7pl05ft2j1hl,"segunda-feira, 1 de dezembro de 2025 08:47",118479.0
328,1,,,32000,5,"R$ 110.364,00",Fiat,Strada Endurance 1.3 Flex 8V CS Plus,32000,001569-5,Flex,1,F,dezembro de 2025 ,ghqqzpgkc6j1hl,"segunda-feira, 1 de dezembro de 2025 08:47",110364.0
328,1,,,32000,5,"R$ 119.843,00",Fiat,Fiorino Endurance 1.3 Flex 8V 2p,32000,001589-0,Flex,1,F,dezembro de 2025 ,gvt8hr9l0qj1hl,"segunda-feira, 1 de dezembro de 2025 08:47",119843.0
328,1,,,32000,5,"R$ 116.666,00",Fiat,PULSE 1.0 Turbo 200  Flex Aut.,32000,001592-0,Flex,1,F,dezembro de 2025 ,gq3ssy8svwj1hl,"segunda-feira, 1 de dezembro de 2025 08:47",116666.0
328,1,,,32000,5,"R$ 174.173,00",Toyota,Corolla XEi 2.0 Flex 16V Aut.,32000,002111-3,Flex,1,F,dezembro de 2025 ,jxjz4vz2g3cz,"segunda-feira, 1 de dezembro de 2025 08:47",174173.0
328,1,,,32000,3,"R$ 299.327,00",Toyota,Hilux CD SR 4x4 2.8 TDI Diesel Aut.,32000,002142-3,Diesel,1,D,dezembro de 2025 ,pm8y42my7zcb,"segunda-feira, 1 de dezembro de 2025 08:47",299327.0
328,1,,,32000,5,"R$ 193.070,00",Toyota,Corolla Cross XRE 2.0 16V Flex Aut.,32000,002203-9,Flex,1,F,dezembro de 2025 ,kmpvgcklvfcz,"segunda-feira, 1 de dezembro de 2025 08:47",193070.0
328,1,,,32000,5,"R$ 114.282,00",Toyota,YARIS XL 1.5 Flex 16V 5p Aut.,32000,002207-1,Flex,1,F,dezembro de 2025 ,gm94l7d6mzcz,"segunda-feira, 1 de dezembro de 2025 08:47",114282.0
328,1,,,32000,3,"R$ 284.439,00",Ford,TRANSIT Furgão 2.0 Medio Turbo Diesel,32000,003487-8,Diesel,1,D,dezembro de 2025 ,n2tt0nsvgtj1gy,"quarta-feira, 1 de abril de 2026 05:26",284439.0
328,1,,,32000,3,"R$ 243.546,00",Ford,Ranger XL 2.0 4x4 CD Diesel Mec. ,32000,003502-5,Diesel,1,D,dezembro de 2025 ,mjwhlcwv3nj1gy,"segunda-feira, 1 de dezembro de 2025 08:47",243546.0
328,1,,,32000,5,"R$ 129.352,00",GM - Chevrolet,SPIN LT 1.8 8V Econo.Flex 5p Mec.,32000,004414-8,Flex,1,F,dezembro de 2025 ,g6zwtr1sg5cz,"quarta-feira, 1 de abril de 2026 05:26",129352.0
328,1,,,32000,5,"R$ 156.313,00",GM - Chevrolet,SPIN PREMIER 1.8 8V Econo.Flex 5p Aut.,32000,004494-6,Flex,1,F,dezembro de 2025 ,h7lt86qp5pcz,"segunda-feira, 1 de dezembro de 2025 08:47",156313.0
328,1,,,32000,5,"R$ 119.124,00",GM - Chevrolet,ONIX SEDAN Plus LT 1.0 12V TB Flex Aut.,32000,004501-2,Flex,1,F,dezembro de 2025 ,gtz4cj0lrmcz,"segunda-feira, 1 de dezembro de 2025 08:47",119124.0
328,1,,,32000,5,"R$ 106.798,00",GM - Chevrolet,ONIX HATCH LT 1.0 12V Flex 5p Mec.,32000,004517-9,Flex,1,F,dezembro de 2025 ,gcj3zb74ytcz,"segunda-feira, 1 de dezembro de 2025 08:47",106798.0
328,1,,,32000,5,"R$ 176.262,00",GM - Chevrolet,TRACKER Premier 1.2 Turbo 12V Flex Aut.,32000,004525-0,Flex,1,F,dezembro de 2025 ,jzzxygjwtkcz,"segunda-feira, 1 de dezembro de 2025 08:47",176262.0
328,1,,,32000,5,"R$ 159.624,00",GM - Chevrolet,MONTANA LTZ 1.2 Turbo Flex 12V 4p Aut.,32000,004541-1,Flex,1,F,dezembro de 2025 ,jcg5zjsmwzj1hl,"segunda-feira, 1 de dezembro de 2025 08:47",159624.0
328,1,,,32000,3,"R$ 289.005,00",GM - Chevrolet,S10 Pick-Up WT 2.8 TDI 4x4 CD Diesel Aut,32000,004550-0,Diesel,1,D,dezembro de 2025 ,n75ssf74vmj1gy,"segunda-feira, 1 de dezembro de 2025 08:47",289005.0
328,1,,,32000,3,"R$ 362.733,00",VW - VolksWagen,AMAROK Highline CD 3.0 4x4 TB Dies. Aut.,32000,005483-6,Diesel,1,D,dezembro de 2025 ,r1mk7pdypbcb,"quarta-feira, 1 de abril de 2026 05:27",362733.0
328,1,,,32000,5,"R$ 146.424,00",VW - VolksWagen,VIRTUS Highline 200 TSI 1.0 Flex 12V Aut,32000,005484-4,Flex,1,F,dezembro de 2025 ,hv0ds1q9zncz,"segunda-feira, 1 de dezembro de 2025 08:47",146424.0
328,1,,,32000,5,"R$ 167.288,00",VW - VolksWagen,T-Cross Comfor. 200 TSI 1.0 Flex 5p Aut.,32000,005509-3,Flex,1,F,dezembro de 2025 ,jngrfp2947j1hl,"segunda-feira, 1 de dezembro de 2025 08:48",167288.0
328,1,,,32000,5,"R$ 156.194,00",VW - VolksWagen,Nivus Highline 1.0 200 TSI Flex Aut.,32000,005526-3,Flex,1,F,dezembro de 2025 ,h7gh6l28l4cz,"segunda-feira, 1 de dezembro de 2025 08:48",156194.0
328,1,,,32000,5,"R$ 215.420,00",VW - VolksWagen,TAOS Highline 1.4 250 TSI Flex Aut.,32000,005528-0,Flex,1,F,dezembro de 2025 ,lgw6f5ysgzcz,"quarta-feira, 1 de abril de 2026 05:27",215420.0
328,1,,,32000,5,"R$ 125.466,00",VW - VolksWagen,Saveiro Robust 1.6 Total Flex 16V CD,32000,005537-9,Flex,1,F,dezembro de 2025 ,g2fm7zgv9vj1hl,"segunda-feira, 1 de dezembro de 2025 08:48",125466.0
328,1,,,32000,5,"R$ 89.429,00",VW - VolksWagen,Polo Track 1.0 Flex 12V 5p,32000,005540-9,Flex,1,F,dezembro de 2025 ,cd4v5j6g9btcz,"segunda-feira, 1 de dezembro de 2025 08:48",89429.0
328,1,,,32000,5,"R$ 118.409,00",VW - VolksWagen,Tera 1.0 170 TSI Flex 12V 5p Mec.,32000,005554-9,Flex,1,F,dezembro de 2025 ,gs44qy9rdmj1hl,"quarta-feira, 1 de abril de 2026 05:27",118409.0
328,1,,,32000,1,"R$ 319.322,00",BMW,X1 SDRIVE 20i GP 2.0 TB Aut.,32000,009323-8,Gasolina,1,G,dezembro de 2025 ,qdqqm13c5fj1f9,"quarta-feira, 1 de abril de 2026 05:27",319322.0
328,1,,,32000,5,"R$ 84.932,00",Citroën,C3 Live Pack 1.0 Flex 6V 5p Mec.,32000,011223-2,Flex,1,F,dezembro de 2025 ,ccf4nbmc46ncz,"segunda-feira, 1 de dezembro de 2025 08:48",84932.0
328,1,,,32000,5,"R$ 95.276,00",Citroën,BASALT Feel 1.0 Flex 6V 5p Mec.,32000,011238-0,Flex,1,F,dezembro de 2025 ,chcfcy37cn8cz,"quarta-feira, 1 de abril de 2026 05:27",95276.0
328,1,,,32000,5,"R$ 120.490,00",Honda,CITY Sedan LX 1.5 Flex 16V 4p Aut.,32000,014059-7,Flex,1,F,dezembro de 2025 ,gwlsh4bz89cz,"segunda-feira, 1 de dezembro de 2025 08:48",120490.0
328,1,,,32000,5,"R$ 144.907,00",Honda,WR-V EX 1.5 Flexone 16V 5p Aut.,32000,014094-5,Flex,1,F,dezembro de 2025 ,hs68h2838wcz,"quarta-feira, 1 de abril de 2026 05:27",144907.0
328,1,,,32000,5,"R$ 200.616,00",Honda,HR-V Advance 1.5  Flex TB 16V 5p Aut.,32000,014111-9,Flex,1,F,dezembro de 2025 ,kxj3yt3mjtj1hl,"segunda-feira, 1 de dezembro de 2025 08:48",200616.0
328,1,,,32000,5,"R$ 120.290,00",Honda,CITY Hatchback LX 1.5 Flex 16V Aut.,32000,014116-0,Flex,1,F,dezembro de 2025 ,gwch47f1dvj1hl,"segunda-feira, 1 de dezembro de 2025 08:48",120290.0
328,1,,,32000,5,"R$ 139.891,00",Hyundai,Creta Comfort 1.0 TB 12V Flex Aut.,32000,015200-5,Flex,1,F,dezembro de 2025 ,hmbyp2d839cz,"segunda-feira, 1 de dezembro de 2025 08:48",139891.0
328,1,,,32000,5,"R$ 95.477,00",Hyundai,HB20S Comfort Plus 1.0 Flex 12V Mec.,32000,015239-0,Flex,1,F,dezembro de 2025 ,chfsfq84blqcz,"segunda-feira, 1 de dezembro de 2025 08:48",95477.0
328,1,,,32000,5,"R$ 89.347,00",Hyundai,HB20 Comfort Plus 1.0 Flex 12V Mec.,32000,015245-5,Flex,1,F,dezembro de 2025 ,cd3xcl2c308cz,"segunda-feira, 1 de dezembro de 2025 08:48",89347.0
328,1,,,32000,5,"R$ 192.197,00",Jeep,COMPASS LONG. T270 1.3 TB 4x2 Flex Aut.,32000,017071-2,Flex,1,F,dezembro de 2025 ,kln3szbsdfcz,"segunda-feira, 1 de dezembro de 2025 08:48",192197.0
328,1,,,32000,5,"R$ 244.760,00",Jeep,Commander Limited T270 1.3 TB Flex Aut.,32000,017081-0,Flex,1,F,dezembro de 2025 ,mk9mgq2rbhcz,"quarta-feira, 1 de abril de 2026 05:27",244760.0
328,1,,,32000,5,"R$ 121.479,00",Jeep,Renegade Sport T270 1.3 TB 4x2 Flex Aut.,32000,017085-2,Flex,1,F,dezembro de 2025 ,gxrqwcbp59cz,"quarta-feira, 1 de abril de 2026 05:27",121479.0
328,1,,,32000,3,"R$ 292.749,00",Mitsubishi,Triton HPE 2.4 CD 4x4 TB Diesel Aut.,32000,022213-5,Diesel,1,D,dezembro de 2025 ,pdkwb7xtz4j1gy,"quarta-feira, 1 de abril de 2026 05:27",292749.0
328,1,,,32000,3,"R$ 272.922,00",Nissan,Frontier ATTAC.CD 4x4 2.3 Bi-TB Die. Aut,32000,023160-6,Diesel,1,D,dezembro de 2025 ,nm965d18vccb,"quarta-feira, 1 de abril de 2026 05:27",272922.0
328,1,,,32000,5,"R$ 145.064,00",Nissan,VERSA Exclusive 1.6 16V Flex Aut.,32000,023174-6,Flex,1,F,dezembro de 2025 ,htdzd0zl0xcz,"segunda-feira, 1 de dezembro de 2025 08:48",145064.0
328,1,,,32000,5,"R$ 112.276,00",Nissan,KICKS Active 1.6 16V Flex Aut.,32000,023186-0,Flex,1,F,dezembro de 2025 ,gky7brsd04j1hl,"segunda-feira, 1 de dezembro de 2025 08:48",112276.0
328,1,,,32000,1,"R$ 175.625,00",Nissan,Sentra Advance 2.0 16V Aut.,32000,023187-8,Gasolina,1,G,dezembro de 2025 ,jy7r6c5dlfj1f9,"segunda-feira, 1 de dezembro de 2025 08:48",175625.0
328,1,,,32000,5,"R$ 185.169,00",Nissan,KICKS Exclusive1.0 Turbo Flex Aut.,32000,023196-7,Flex,1,F,dezembro de 2025 ,kbfnywtpbcj1hl,"quarta-feira, 1 de abril de 2026 05:27",185169.0
328,1,,,32000,3,"R$ 194.200,00",Peugeot,Expert Cargo 1.5 Turbo Diesel,32000,024260-8,Diesel,1,D,dezembro de 2025 ,kn0xpmmsrncb,"quarta-feira, 1 de abril de 2026 05:27",194200.0
328,1,,,32000,5,"R$ 94.692,00",Peugeot,208 Style 1.0 Flex 6V 5p Mec.,32000,024265-9,Flex,1,F,dezembro de 2025 ,cg4k3qj6p5wcz,"segunda-feira, 1 de dezembro de 2025 08:48",94692.0
328,1,,,32000,5,"R$ 135.906,00",Peugeot,2008 Active 1.0 Turbo Flex 5p Aut.,32000,024274-8,Flex,1,F,dezembro de 2025 ,hgn3k71n9fj1hl,"quarta-feira, 1 de abril de 2026 05:27",135906.0
328,1,,,32000,3,"R$ 262.244,00",Renault,Master 2.3 dCi Furgão 16V Diesel,32000,025196-8,Diesel,1,D,dezembro de 2025 ,m7s3nxxml3cb,"quarta-feira, 1 de abril de 2026 05:27",262244.0
328,1,,,32000,5,"R$ 67.291,00",Renault,KWID Zen 1.0 Flex 12V 5p Mec.,32000,025266-2,Flex,1,F,dezembro de 2025 ,4r9pbnn233cz,"segunda-feira, 1 de dezembro de 2025 08:48",67291.0
328,1,,,32000,5,"R$ 124.355,00",Renault,OROCH Intense 1.6 Flex 16V Mec.,32000,025312-0,Flex,1,F,dezembro de 2025 ,g038fdvcs7cz,"quarta-feira, 1 de abril de 2026 05:27",124355.0
328,1,,,32000,5,"R$ 131.834,00",Renault,DUSTER Intense Plus 1.6 16V Flex Mec.,32000,025325-1,Flex,1,F,dezembro de 2025 ,g9w3flxfnjj1hl,"quarta-feira, 1 de abril de 2026 05:27",131834.0
328,1,,,32000,5,"R$ 113.990,00",Renault,Kardian Authentic 1.0 TB 12V 5p Aut.,32000,025335-9,Flex,1,F,dezembro de 2025 ,gmzjls8jnkj1hl,"quarta-feira, 1 de abril de 2026 05:27",113990.0
328,1,,,32000,3,"R$ 504.198,00",RAM,3500 LARAMIE 6.7 TB CD 4x4 Diesel,32000,083007-0,Diesel,1,D,dezembro de 2025 ,ydhdrv6r21cb,"quarta-feira, 1 de abril de 2026 05:27",504198.0
328,1,,,32000,3,"R$ 229.824,00",RAM,RAMPAGE BIG HORN 2.2 TB CD 4X4 Die Aut.,32000,083026-7,Diesel,1,D,dezembro de 2025 ,l0sq7pz9m9j1gy,"segunda-feira, 1 de dezembro de 2025 08:48",229824.0
328,1,,,32000,4,"R$ 149.900,00",GEELY,EX2 MAX ,32000,088006-0,Elétrico,1,E,dezembro de 2025 ,hz2rdqxv93j1g8,"quarta-feira, 1 de abril de 2026 05:27",149900.0
328,1,,,32000,1,"R$ 171.024,00",Caoa Chery,Tiggo 7 Pro Max Drive 1.6 Turbo 16V Aut.,32000,093011-3,Gasolina,1,G,dezembro de 2025 ,jsvjz18b0mj1f9,"quarta-feira, 1 de abril de 2026 05:27",171024.0
328,1,,,32000,5,"R$ 129.511,00",Caoa Chery,Tiggo 5X SPORT 1.5 Turbo Flex Aut.,32000,093014-8,Flex,1,F,dezembro de 2025 ,g65nzjn8kgj1hl,"quarta-feira, 1 de abril de 2026 05:27",129511.0
328,1,,,32000,1,"R$ 198.183,00",Caoa Chery,Tiggo 8 PRO 1.6 TGDi Aut.,32000,093018-0,Gasolina,1,G,dezembro de 2025 ,ktppkjjjlvj1f9,"quarta-feira, 1 de abril de 2026 05:27",198183.0
328,1,,,32000,6,"R$ 249.787,00",BYD,Song Plus 1.5 16V Aut. (Hibrido),32000,095005-0,Híbrido,1,H,dezembro de 2025 ,mr6bny4ssdj1hx,"quarta-feira, 1 de abril de 2026 05:27",249787.0
328,1,,,32000,4,"R$ 151.150,00",BYD,Dolphin EV (Elétrico),32000,095007-6,Elétrico,1,E,dezembro de 2025 ,h1j5vjff8kj1g8,"quarta-feira, 1 de abril de 2026 05:27",151150.0
328,1,,,32000,4,"R$ 254.413,00",BYD,Seal (Elétrico),32000,095008-4,Elétrico,1,E,dezembro de 2025 ,mymg1jb641j1g8,"segunda-feira, 1 de dezembro de 2025 08:48",254413.0
328,1,,,32000,4,"R$ 120.288,00",BYD,Dolphin Mini (Elétrico),32000,095010-6,Elétrico,1,E,dezembro de 2025 ,gwcfxctn5lj1g8,"segunda-feira, 1 de dezembro de 2025 08:48",120288.0
328,1,,,32000,6,"R$ 169.998,00",BYD,King GL 1.5 16V Aut. (Hibrido),32000,095012-2,Híbrido,1,H,dezembro de 2025 ,jrm7ygq4t1j1hx,"segunda-feira, 1 de dezembro de 2025 08:48",169998.0
328,1,,,32000,4,"R$ 182.916,00",BYD,Yuan Pro (Elétrico),32000,095015-7,Elétrico,1,E,dezembro de 2025 ,j7sscwgdsfj1g8,"quarta-feira, 1 de abril de 2026 05:27",182916.0
328,1,,,32000,6,"R$ 341.926,00",BYD,SHARK GS 1.5 16V 4x4 Aut. (Híbrido),32000,095016-5,Híbrido,1,H,dezembro de 2025 ,q769tytss8j1hx,"quarta-feira, 1 de abril de 2026 05:27",341926.0
328,1,,,32000,6,"R$ 244.673,00",GWM,Haval H6 19 1.5 (Hibrido),32000,096008-0,Híbrido,1,H,dezembro de 2025 ,mk6gfvhbzdj1hx,"quarta-feira, 1 de abril de 2026 05:27",244673.0
328,1,,,32000,3,"R$ 331.908,00",GWM,Haval H9 Exclusive TD480,32000,096012-8,Diesel,1,D,dezembro de 2025 ,qwg5zw3c82j1gy,"quarta-feira, 1 de abril de 2026 05:27",331908.0
328,1,,,32000,6,"R$ 159.992,00",Omoda,5 Luxury 1.5 TB FWD,32000,302002-9,Híbrido,1,H,dezembro de 2025 ,jcxkmkr15gj1hx,"quarta-feira, 1 de abril de 2026 05:27",159992.0
328,1,,,32000,6,"R$ 254.997,00",Omoda,7 Luxury 1.5 TB FWD,32000,302004-5,Híbrido,1,H,dezembro de 2025 ,my9p19tdvyj1hx,"quarta-feira, 1 de abril de 2026 05:27",254997.0
327,1,,,32000,5,"R$ 70.195,00",Fiat,MOBI LIKE 1.0 Fire Flex 5p.,32000,001461-3,Flex,1,F,novembro de 2025 ,5wb590qg66cz,"segunda-feira, 1 de dezembro de 2025 08:48",70195.0
327,1,,,32000,5,"R$ 89.396,00",Fiat,ARGO DRIVE 1.0 6V Flex,32000,001494-0,Flex,1,F,novembro de 2025 ,cd4g5qc2wgtcz,"segunda-feira, 1 de dezembro de 2025 08:48",89396.0
327,1,,,32000,5,"R$ 161.806,00",Fiat,Toro Freedom 1.3 T270 4x2 Flex Aut.,32000,001538-5,Flex,1,F,novembro de 2025 ,jf1hkj9hv1cz,"segunda-feira, 1 de dezembro de 2025 08:48",161806.0
327,1,,,32000,3,"R$ 210.611,00",Fiat,Scudo Cargo 1.5 16V Turbo Diesel,32000,001550-4,Diesel,1,D,novembro de 2025 ,k88dwh06gpcb,"quarta-feira, 1 de abril de 2026 05:27",210611.0
327,1,,,32000,5,"R$ 115.952,00",Fiat,CRONOS DRIVE 1.3 8V Flex Aut.,32000,001554-7,Flex,1,F,novembro de 2025 ,gp8t9b20hgcz,"segunda-feira, 1 de dezembro de 2025 08:48",115952.0
327,1,,,32000,3,"R$ 286.156,00",Fiat,Ducato Cargo 2.2 Diesel (E6),32000,001563-6,Diesel,1,D,novembro de 2025 ,n4t7ngl5kbj1gy,"quarta-feira, 1 de abril de 2026 05:27",286156.0
327,1,,,32000,5,"R$ 118.543,00",Fiat,Fastback 1.0 200 Turbo Flex Aut,32000,001568-7,Flex,1,F,novembro de 2025 ,gs90qg2pq1j1hl,"segunda-feira, 1 de dezembro de 2025 08:48",118543.0
327,1,,,32000,5,"R$ 112.155,00",Fiat,Strada Endurance 1.3 Flex 8V CS Plus,32000,001569-5,Flex,1,F,novembro de 2025 ,gkttz8dtnjj1hl,"segunda-feira, 1 de dezembro de 2025 08:48",112155.0
327,1,,,32000,5,"R$ 119.731,00",Fiat,Fiorino Endurance 1.3 Flex 8V 2p,32000,001589-0,Flex,1,F,novembro de 2025 ,gvp59m7b2vj1hl,"segunda-feira, 1 de dezembro de 2025 08:48",119731.0
327,1,,,32000,5,"R$ 115.919,00",Fiat,PULSE 1.0 Turbo 200  Flex Aut.,32000,001592-0,Flex,1,F,novembro de 2025 ,gp7m3m97p8j1hl,"segunda-feira, 1 de dezembro de 2025 08:49",115919.0
327,1,,,32000,5,"R$ 172.726,00",Toyota,Corolla XEi 2.0 Flex 16V Aut.,32000,002111-3,Flex,1,F,novembro de 2025 ,jvvdqyb6w6cz,"segunda-feira, 1 de dezembro de 2025 08:49",172726.0
327,1,,,32000,3,"R$ 298.537,00",Toyota,Hilux CD SR 4x4 2.8 TDI Diesel Aut.,32000,002142-3,Diesel,1,D,novembro de 2025 ,pmb70srgv5cb,"segunda-feira, 1 de dezembro de 2025 08:48",298537.0
327,1,,,32000,5,"R$ 192.917,00",Toyota,Corolla Cross XRE 2.0 16V Flex Aut.,32000,002203-9,Flex,1,F,novembro de 2025 ,kmh8135r4dcz,"segunda-feira, 1 de dezembro de 2025 08:48",192917.0
327,1,,,32000,5,"R$ 114.295,00",Toyota,YARIS XL 1.5 Flex 16V 5p Aut.,32000,002207-1,Flex,1,F,novembro de 2025 ,gnbl78w1hmcz,"segunda-feira, 1 de dezembro de 2025 08:48",114295.0
327,1,,,32000,3,"R$ 293.625,00",Ford,TRANSIT Furgão 2.0 Medio Turbo Diesel,32000,003487-8,Diesel,1,D,novembro de 2025 ,pflqddh3xxj1gy,"quarta-feira, 1 de abril de 2026 05:28",293625.0
327,1,,,32000,3,"R$ 245.985,00",Ford,Ranger XL 2.0 4x4 CD Diesel Mec. ,32000,003502-5,Diesel,1,D,novembro de 2025 ,mmq4q68t1fj1gy,"segunda-feira, 1 de dezembro de 2025 08:49",245985.0
327,1,,,32000,5,"R$ 131.576,00",GM - Chevrolet,SPIN LT 1.8 8V Econo.Flex 5p Mec.,32000,004414-8,Flex,1,F,novembro de 2025 ,g9lqqsr07zcz,"quarta-feira, 1 de abril de 2026 05:28",131576.0
327,1,,,32000,5,"R$ 156.856,00",GM - Chevrolet,SPIN PREMIER 1.8 8V Econo.Flex 5p Aut.,32000,004494-6,Flex,1,F,novembro de 2025 ,h77k3vsfzwcz,"segunda-feira, 1 de dezembro de 2025 08:48",156856.0
327,1,,,32000,5,"R$ 120.518,00",GM - Chevrolet,ONIX SEDAN Plus LT 1.0 12V TB Flex Aut.,32000,004501-2,Flex,1,F,novembro de 2025 ,gwms14fjn1cz,"segunda-feira, 1 de dezembro de 2025 08:48",120518.0
327,1,,,32000,5,"R$ 104.971,00",GM - Chevrolet,ONIX HATCH LT 1.0 12V Flex 5p Mec.,32000,004517-9,Flex,1,F,novembro de 2025 ,f9dqc7w3cscz,"segunda-feira, 1 de dezembro de 2025 08:48",104971.0
327,1,,,32000,5,"R$ 176.532,00",GM - Chevrolet,TRACKER Premier 1.2 Turbo 12V Flex Aut.,32000,004525-0,Flex,1,F,novembro de 2025 ,jz9q5cs6bvcz,"segunda-feira, 1 de dezembro de 2025 08:49",176532.0
327,1,,,32000,5,"R$ 161.546,00",GM - Chevrolet,MONTANA LTZ 1.2 Turbo Flex 12V 4p Aut.,32000,004541-1,Flex,1,F,novembro de 2025 ,jfq1lv429xj1hl,"segunda-feira, 1 de dezembro de 2025 08:48",161546.0
327,1,,,32000,3,"R$ 293.044,00",GM - Chevrolet,S10 Pick-Up WT 2.8 TDI 4x4 CD Diesel Aut,32000,004550-0,Diesel,1,D,novembro de 2025 ,pdxlrdhnw6j1gy,"segunda-feira, 1 de dezembro de 2025 08:49",293044.0
327,1,,,32000,3,"R$ 332.532,00",VW - VolksWagen,AMAROK Highline CD 3.0 4x4 TB Dies. Aut.,32000,005483-6,Diesel,1,D,novembro de 2025 ,qw6v2vqm9ncb,"quarta-feira, 1 de abril de 2026 05:28",332532.0
327,1,,,32000,5,"R$ 146.756,00",VW - VolksWagen,VIRTUS Highline 200 TSI 1.0 Flex 12V Aut,32000,005484-4,Flex,1,F,novembro de 2025 ,hwdgwlc2jycz,"segunda-feira, 1 de dezembro de 2025 08:48",146756.0
327,1,,,32000,5,"R$ 165.801,00",VW - VolksWagen,T-Cross Comfor. 200 TSI 1.0 Flex 5p Aut.,32000,005509-3,Flex,1,F,novembro de 2025 ,jlqpyly2jpj1hl,"segunda-feira, 1 de dezembro de 2025 08:48",165801.0
327,1,,,32000,5,"R$ 153.157,00",VW - VolksWagen,Nivus Highline 1.0 200 TSI Flex Aut.,32000,005526-3,Flex,1,F,novembro de 2025 ,h3w37wqp5lcz,"segunda-feira, 1 de dezembro de 2025 08:48",153157.0
327,1,,,32000,5,"R$ 218.290,00",VW - VolksWagen,TAOS Highline 1.4 250 TSI Flex Aut.,32000,005528-0,Flex,1,F,novembro de 2025 ,lk8h7mhcf6cz,"quarta-feira, 1 de abril de 2026 05:28",218290.0
327,1,,,32000,5,"R$ 124.520,00",VW - VolksWagen,Saveiro Robust 1.6 Total Flex 16V CD,32000,005537-9,Flex,1,F,novembro de 2025 ,g098bpvkmjj1hl,"segunda-feira, 1 de dezembro de 2025 08:49",124520.0
327,1,,,32000,5,"R$ 88.890,00",VW - VolksWagen,Polo Track 1.0 Flex 12V 5p,32000,005540-9,Flex,1,F,novembro de 2025 ,cdyj796rzl7cz,"segunda-feira, 1 de dezembro de 2025 08:49",88890.0
327,1,,,32000,5,"R$ 118.204,00",VW - VolksWagen,Tera 1.0 170 TSI Flex 12V 5p Mec.,32000,005554-9,Flex,1,F,novembro de 2025 ,gsxprdn9xrj1hl,"quarta-feira, 1 de abril de 2026 05:28",118204.0
327,1,,,32000,1,"R$ 318.895,00",BMW,X1 SDRIVE 20i GP 2.0 TB Aut.,32000,009323-8,Gasolina,1,G,novembro de 2025 ,qc66h43yfzj1f9,"quarta-feira, 1 de abril de 2026 05:28",318895.0
327,1,,,32000,5,"R$ 83.475,00",Citroën,C3 Live Pack 1.0 Flex 6V 5p Mec.,32000,011223-2,Flex,1,F,novembro de 2025 ,cbw12hfq3s0cz,"segunda-feira, 1 de dezembro de 2025 08:49",83475.0
327,1,,,32000,5,"R$ 93.944,00",Citroën,BASALT Feel 1.0 Flex 6V 5p Mec.,32000,011238-0,Flex,1,F,novembro de 2025 ,cgvs7kq265scz,"quarta-feira, 1 de abril de 2026 05:28",93944.0
327,1,,,32000,5,"R$ 119.791,00",Honda,CITY Sedan LX 1.5 Flex 16V 4p Aut.,32000,014059-7,Flex,1,F,novembro de 2025 ,gvscxfc90gcz,"segunda-feira, 1 de dezembro de 2025 08:49",119791.0
327,1,,,32000,5,"R$ 200.202,00",Honda,HR-V Advance 1.5  Flex TB 16V 5p Aut.,32000,014111-9,Flex,1,F,novembro de 2025 ,kw12g0pk72j1hl,"segunda-feira, 1 de dezembro de 2025 08:49",200202.0
327,1,,,32000,5,"R$ 119.874,00",Honda,CITY Hatchback LX 1.5 Flex 16V Aut.,32000,014116-0,Flex,1,F,novembro de 2025 ,gvwdfkdmn2j1hl,"segunda-feira, 1 de dezembro de 2025 08:49",119874.0
327,1,,,32000,5,"R$ 143.120,00",Hyundai,Creta Comfort 1.0 TB 12V Flex Aut.,32000,015200-5,Flex,1,F,novembro de 2025 ,hq39z5l5vtcz,"segunda-feira, 1 de dezembro de 2025 08:49",143120.0
327,1,,,32000,5,"R$ 95.597,00",Hyundai,HB20S Comfort Plus 1.0 Flex 12V Mec.,32000,015239-0,Flex,1,F,novembro de 2025 ,chg51t76bcfcz,"segunda-feira, 1 de dezembro de 2025 08:49",95597.0
327,1,,,32000,5,"R$ 89.575,00",Hyundai,HB20 Comfort Plus 1.0 Flex 12V Mec.,32000,015245-5,Flex,1,F,novembro de 2025 ,cd6k7ltvl7dcz,"segunda-feira, 1 de dezembro de 2025 08:49",89575.0
327,1,,,32000,5,"R$ 192.165,00",Jeep,COMPASS LONG. T270 1.3 TB 4x2 Flex Aut.,32000,017071-2,Flex,1,F,novembro de 2025 ,klmyq579kvcz,"segunda-feira, 1 de dezembro de 2025 08:49",192165.0
327,1,,,32000,5,"R$ 240.520,00",Jeep,Commander Limited T270 1.3 TB Flex Aut.,32000,017081-0,Flex,1,F,novembro de 2025 ,mfbh0xcy31cz,"quarta-feira, 1 de abril de 2026 05:28",240520.0
327,1,,,32000,5,"R$ 121.180,00",Jeep,Renegade Sport T270 1.3 TB 4x2 Flex Aut.,32000,017085-2,Flex,1,F,novembro de 2025 ,gxdvzfbxfxcz,"quarta-feira, 1 de abril de 2026 05:28",121180.0
327,1,,,32000,3,"R$ 291.803,00",Mitsubishi,Triton HPE 2.4 CD 4x4 TB Diesel Aut.,32000,022213-5,Diesel,1,D,novembro de 2025 ,pcghfy9h9tj1gy,"quarta-feira, 1 de abril de 2026 05:28",291803.0
327,1,,,32000,3,"R$ 269.245,00",Nissan,Frontier ATTAC.CD 4x4 2.3 Bi-TB Die. Aut,32000,023160-6,Diesel,1,D,novembro de 2025 ,nh0k2vrhkhcb,"quarta-feira, 1 de abril de 2026 05:28",269245.0
327,1,,,32000,5,"R$ 144.224,00",Nissan,VERSA Exclusive 1.6 16V Flex Aut.,32000,023174-6,Flex,1,F,novembro de 2025 ,hsffx8gv99cz,"segunda-feira, 1 de dezembro de 2025 08:49",144224.0
327,1,,,32000,5,"R$ 113.295,00",Nissan,KICKS Active 1.6 16V Flex Aut.,32000,023186-0,Flex,1,F,novembro de 2025 ,gl48htj2k0j1hl,"segunda-feira, 1 de dezembro de 2025 08:49",113295.0
327,1,,,32000,1,"R$ 173.713,00",Nissan,Sentra Advance 2.0 16V Aut.,32000,023187-8,Gasolina,1,G,novembro de 2025 ,jwz8t8rm8jj1f9,"segunda-feira, 1 de dezembro de 2025 08:49",173713.0
327,1,,,32000,5,"R$ 185.031,00",Nissan,KICKS Exclusive1.0 Turbo Flex Aut.,32000,023196-7,Flex,1,F,novembro de 2025 ,j98nglmmh2j1hl,"quarta-feira, 1 de abril de 2026 05:28",185031.0
327,1,,,32000,3,"R$ 199.303,00",Peugeot,Expert Cargo 1.5 Turbo Diesel,32000,024260-8,Diesel,1,D,novembro de 2025 ,kv0djg8vmdcb,"quarta-feira, 1 de abril de 2026 05:28",199303.0
327,1,,,32000,5,"R$ 93.584,00",Peugeot,208 Style 1.0 Flex 6V 5p Mec.,32000,024265-9,Flex,1,F,novembro de 2025 ,cgqlc72wbnjcz,"segunda-feira, 1 de dezembro de 2025 08:49",93584.0
327,1,,,32000,5,"R$ 132.683,00",Peugeot,2008 Active 1.0 Turbo Flex 5p Aut.,32000,024274-8,Flex,1,F,novembro de 2025 ,hbwy1nkrrwj1hl,"quarta-feira, 1 de abril de 2026 05:28",132683.0
327,1,,,32000,3,"R$ 261.944,00",Renault,Master 2.3 dCi Furgão 16V Diesel,32000,025196-8,Diesel,1,D,novembro de 2025 ,m7f6m13m36cb,"quarta-feira, 1 de abril de 2026 05:28",261944.0
327,1,,,32000,5,"R$ 66.647,00",Renault,KWID Zen 1.0 Flex 12V 5p Mec.,32000,025266-2,Flex,1,F,novembro de 2025 ,4jrl0rxtrlcz,"segunda-feira, 1 de dezembro de 2025 08:49",66647.0
327,1,,,32000,5,"R$ 123.213,00",Renault,OROCH Intense 1.6 Flex 16V Mec.,32000,025312-0,Flex,1,F,novembro de 2025 ,gzsrnyzvrrcz,"quarta-feira, 1 de abril de 2026 05:28",123213.0
327,1,,,32000,5,"R$ 128.125,00",Renault,DUSTER Intense Plus 1.6 16V Flex Mec.,32000,025325-1,Flex,1,F,novembro de 2025 ,g5j889lq34j1hl,"quarta-feira, 1 de abril de 2026 05:28",128125.0
327,1,,,32000,5,"R$ 119.995,00",Renault,Kardian Authentic 1.0 TB 12V 5p Aut.,32000,025335-9,Flex,1,F,novembro de 2025 ,gv0sr0p6nvj1hl,"quarta-feira, 1 de abril de 2026 05:28",119995.0
327,1,,,32000,3,"R$ 489.919,00",RAM,3500 LARAMIE 6.7 TB CD 4x4 Diesel,32000,083007-0,Diesel,1,D,novembro de 2025 ,xvrdtgqk85cb,"quarta-feira, 1 de abril de 2026 05:28",489919.0
327,1,,,32000,3,"R$ 227.761,00",RAM,RAMPAGE BIG HORN 2.2 TB CD 4X4 Die Aut.,32000,083026-7,Diesel,1,D,novembro de 2025 ,lycrq7xnngj1gy,"segunda-feira, 1 de dezembro de 2025 08:49",227761.0
327,1,,,32000,1,"R$ 170.775,00",Caoa Chery,Tiggo 7 Pro Max Drive 1.6 Turbo 16V Aut.,32000,093011-3,Gasolina,1,G,novembro de 2025 ,jskhflwsk1j1f9,"quarta-feira, 1 de abril de 2026 05:28",170775.0
327,1,,,32000,5,"R$ 121.403,00",Caoa Chery,Tiggo 5X SPORT 1.5 Turbo Flex Aut.,32000,093014-8,Flex,1,F,novembro de 2025 ,gxny7nkzxmj1hl,"quarta-feira, 1 de abril de 2026 05:28",121403.0
327,1,,,32000,1,"R$ 196.089,00",Caoa Chery,Tiggo 8 PRO 1.6 TGDi Aut.,32000,093018-0,Gasolina,1,G,novembro de 2025 ,kq7k377420j1f9,"quarta-feira, 1 de abril de 2026 05:28",196089.0
327,1,,,32000,6,"R$ 249.137,00",BYD,Song Plus 1.5 16V Aut. (Hibrido),32000,095005-0,Híbrido,1,H,novembro de 2025 ,mrfp8sz42vj1hx,"quarta-feira, 1 de abril de 2026 05:28",249137.0
327,1,,,32000,4,"R$ 149.995,00",BYD,Dolphin EV (Elétrico),32000,095007-6,Elétrico,1,E,novembro de 2025 ,hz56fz0jscj1g8,"quarta-feira, 1 de abril de 2026 05:28",149995.0
327,1,,,32000,4,"R$ 257.658,00",BYD,Seal (Elétrico),32000,095008-4,Elétrico,1,E,novembro de 2025 ,m2ffchj2htj1g8,"segunda-feira, 1 de dezembro de 2025 08:49",257658.0
327,1,,,32000,4,"R$ 120.153,00",BYD,Dolphin Mini (Elétrico),32000,095010-6,Elétrico,1,E,novembro de 2025 ,gv6jsv15jvj1g8,"segunda-feira, 1 de dezembro de 2025 08:49",120153.0
327,1,,,32000,6,"R$ 169.584,00",BYD,King GL 1.5 16V Aut. (Hibrido),32000,095012-2,Híbrido,1,H,novembro de 2025 ,jq46gm93j9j1hx,"segunda-feira, 1 de dezembro de 2025 08:49",169584.0
327,1,,,32000,4,"R$ 182.851,00",BYD,Yuan Pro (Elétrico),32000,095015-7,Elétrico,1,E,novembro de 2025 ,j7qd4fktztj1g8,"quarta-feira, 1 de abril de 2026 05:28",182851.0
327,1,,,32000,6,"R$ 343.287,00",BYD,SHARK GS 1.5 16V 4x4 Aut. (Híbrido),32000,095016-5,Híbrido,1,H,novembro de 2025 ,q9tsbwfmrnj1hx,"quarta-feira, 1 de abril de 2026 05:28",343287.0
327,1,,,32000,6,"R$ 242.595,00",GWM,Haval H6 19 1.5 (Hibrido),32000,096008-0,Híbrido,1,H,novembro de 2025 ,mhrx1f6x2tj1hx,"quarta-feira, 1 de abril de 2026 05:28",242595.0
327,1,,,32000,3,"R$ 329.000,00",GWM,Haval H9 Exclusive TD480,32000,096012-8,Diesel,1,D,novembro de 2025 ,qr2hc2jnj3j1gy,"quarta-feira, 1 de abril de 2026 05:28",329000.0
326,1,,,32000,5,"R$ 69.018,00",Fiat,MOBI LIKE 1.0 Fire Flex 5p.,32000,001461-3,Flex,1,F,outubro de 2025 ,5fkdc7tnjqcz,"quarta-feira, 1 de outubro de 2025 00:55",69018.0
326,1,,,32000,5,"R$ 88.993,00",Fiat,ARGO DRIVE 1.0 6V Flex,32000,001494-0,Flex,1,F,outubro de 2025 ,cdzrpwd7sj5cz,"quarta-feira, 1 de outubro de 2025 00:55",88993.0
326,1,,,32000,5,"R$ 163.389,00",Fiat,Toro Freedom 1.3 T270 4x2 Flex Aut.,32000,001538-5,Flex,1,F,outubro de 2025 ,jhw06s8b10cz,"quarta-feira, 1 de outubro de 2025 00:55",163389.0
326,1,,,32000,3,"R$ 211.496,00",Fiat,Scudo Cargo 1.5 16V Turbo Diesel,32000,001550-4,Diesel,1,D,outubro de 2025 ,k99k10x3pdcb,"quarta-feira, 1 de abril de 2026 05:28",211496.0
326,1,,,32000,5,"R$ 112.992,00",Fiat,CRONOS DRIVE 1.3 8V Flex Aut.,32000,001554-7,Flex,1,F,outubro de 2025 ,gls7258nzncz,"quarta-feira, 1 de outubro de 2025 00:55",112992.0
326,1,,,32000,3,"R$ 277.965,00",Fiat,Ducato Cargo 2.2 Diesel (E6),32000,001563-6,Diesel,1,D,outubro de 2025 ,nt7jdf2kmnj1gy,"quarta-feira, 1 de abril de 2026 05:28",277965.0
326,1,,,32000,5,"R$ 117.432,00",Fiat,Fastback 1.0 200 Turbo Flex Aut,32000,001568-7,Flex,1,F,outubro de 2025 ,gr0mwvdw6kj1hl,"quarta-feira, 1 de outubro de 2025 07:25",117432.0
326,1,,,32000,5,"R$ 111.250,00",Fiat,Strada Endurance 1.3 Flex 8V CS Plus,32000,001569-5,Flex,1,F,outubro de 2025 ,gjrx8222rcj1hl,"quarta-feira, 1 de outubro de 2025 00:55",111250.0
326,1,,,32000,5,"R$ 116.950,00",Fiat,Fiorino Endurance 1.3 Flex 8V 2p,32000,001589-0,Flex,1,F,outubro de 2025 ,grf3svt2lfj1hl,"quarta-feira, 1 de outubro de 2025 07:41",116950.0
326,1,,,32000,5,"R$ 116.110,00",Fiat,PULSE 1.0 Turbo 200  Flex Aut.,32000,001592-0,Flex,1,F,outubro de 2025 ,gqgk94dyvsj1hl,"quarta-feira, 1 de outubro de 2025 07:25",116110.0
326,1,,,32000,5,"R$ 171.598,00",Toyota,Corolla XEi 2.0 Flex 16V Aut.,32000,002111-3,Flex,1,F,outubro de 2025 ,jtjdrhv80ycz,"quarta-feira, 1 de outubro de 2025 00:55",171598.0
326,1,,,32000,3,"R$ 290.037,00",Toyota,Hilux CD SR 4x4 2.8 TDI Diesel Aut.,32000,002142-3,Diesel,1,D,outubro de 2025 ,n9c9lk5sh0cb,"quarta-feira, 1 de outubro de 2025 00:55",290037.0
326,1,,,32000,5,"R$ 189.453,00",Toyota,Corolla Cross XRE 2.0 16V Flex Aut.,32000,002203-9,Flex,1,F,outubro de 2025 ,khgczjxbkgcz,"quarta-feira, 1 de outubro de 2025 00:55",189453.0
326,1,,,32000,5,"R$ 113.194,00",Toyota,YARIS XL 1.5 Flex 16V 5p Aut.,32000,002207-1,Flex,1,F,outubro de 2025 ,gl1lpyb269cz,"quarta-feira, 1 de outubro de 2025 00:55",113194.0
326,1,,,32000,3,"R$ 291.976,00",Ford,TRANSIT Furgão 2.0 Medio Turbo Diesel,32000,003487-8,Diesel,1,D,outubro de 2025 ,pcnscqrymrj1gy,"quarta-feira, 1 de abril de 2026 05:29",291976.0
326,1,,,32000,3,"R$ 255.935,00",Ford,Ranger XL 2.0 4x4 CD Diesel Mec. ,32000,003502-5,Diesel,1,D,outubro de 2025 ,m0dsy1n7dvj1gy,"quarta-feira, 1 de outubro de 2025 00:55",255935.0
326,1,,,32000,5,"R$ 128.540,00",GM - Chevrolet,SPIN LT 1.8 8V Econo.Flex 5p Mec.,32000,004414-8,Flex,1,F,outubro de 2025 ,g51cwz6njycz,"quarta-feira, 1 de abril de 2026 05:29",128540.0
326,1,,,32000,5,"R$ 156.829,00",GM - Chevrolet,SPIN PREMIER 1.8 8V Econo.Flex 5p Aut.,32000,004494-6,Flex,1,F,outubro de 2025 ,h76lpqrwswcz,"quarta-feira, 1 de outubro de 2025 00:55",156829.0
326,1,,,32000,5,"R$ 120.869,00",GM - Chevrolet,ONIX SEDAN Plus LT 1.0 12V TB Flex Aut.,32000,004501-2,Flex,1,F,outubro de 2025 ,gw1kkbhs04cz,"quarta-feira, 1 de outubro de 2025 00:55",120869.0
326,1,,,32000,5,"R$ 105.757,00",GM - Chevrolet,ONIX HATCH LT 1.0 12V Flex 5p Mec.,32000,004517-9,Flex,1,F,outubro de 2025 ,f9980rcqpdcz,"quarta-feira, 1 de outubro de 2025 00:55",105757.0
326,1,,,32000,5,"R$ 184.521,00",GM - Chevrolet,TRACKER Premier 1.2 Turbo 12V Flex Aut.,32000,004525-0,Flex,1,F,outubro de 2025 ,j9n3tk2cc4cz,"quarta-feira, 1 de outubro de 2025 00:55",184521.0
326,1,,,32000,5,"R$ 158.606,00",GM - Chevrolet,MONTANA LTZ 1.2 Turbo Flex 12V 4p Aut.,32000,004541-1,Flex,1,F,outubro de 2025 ,h985x9lgbfj1hl,"quarta-feira, 1 de outubro de 2025 00:55",158606.0
326,1,,,32000,3,"R$ 282.897,00",GM - Chevrolet,S10 Pick-Up WT 2.8 TDI 4x4 CD Diesel Aut,32000,004550-0,Diesel,1,D,outubro de 2025 ,n00skdwq8zj1gy,"quarta-feira, 1 de outubro de 2025 07:25",282897.0
326,1,,,32000,3,"R$ 329.238,00",VW - VolksWagen,AMAROK Highline CD 3.0 4x4 TB Dies. Aut.,32000,005483-6,Diesel,1,D,outubro de 2025 ,qsb4j8kl6gcb,"quarta-feira, 1 de abril de 2026 05:29",329238.0
326,1,,,32000,5,"R$ 142.632,00",VW - VolksWagen,VIRTUS Highline 200 TSI 1.0 Flex 12V Aut,32000,005484-4,Flex,1,F,outubro de 2025 ,hqkk4kxqlccz,"quarta-feira, 1 de outubro de 2025 00:55",142632.0
326,1,,,32000,5,"R$ 163.646,00",VW - VolksWagen,T-Cross Comfor. 200 TSI 1.0 Flex 5p Aut.,32000,005509-3,Flex,1,F,outubro de 2025 ,jh6csm4fqcj1hl,"quarta-feira, 1 de outubro de 2025 00:55",163646.0
326,1,,,32000,5,"R$ 147.733,00",VW - VolksWagen,Nivus Highline 1.0 200 TSI Flex Aut.,32000,005526-3,Flex,1,F,outubro de 2025 ,hxjzql36z1cz,"quarta-feira, 1 de outubro de 2025 00:55",147733.0
326,1,,,32000,5,"R$ 212.141,00",VW - VolksWagen,TAOS Highline 1.4 250 TSI Flex Aut.,32000,005528-0,Flex,1,F,outubro de 2025 ,lb10thwypgcz,"quarta-feira, 1 de abril de 2026 05:29",212141.0
326,1,,,32000,5,"R$ 120.521,00",VW - VolksWagen,Saveiro Robust 1.6 Total Flex 16V CD,32000,005537-9,Flex,1,F,outubro de 2025 ,gwmxfvx9ggj1hl,"quarta-feira, 1 de outubro de 2025 00:55",120521.0
326,1,,,32000,5,"R$ 86.668,00",VW - VolksWagen,Polo Track 1.0 Flex 12V 5p,32000,005540-9,Flex,1,F,outubro de 2025 ,cc3hmsv5ts6cz,"quarta-feira, 1 de outubro de 2025 00:55",86668.0
326,1,,,32000,5,"R$ 118.596,00",VW - VolksWagen,Tera 1.0 170 TSI Flex 12V 5p Mec.,32000,005554-9,Flex,1,F,outubro de 2025 ,gtcyfp1410j1hl,"quarta-feira, 1 de abril de 2026 05:29",118596.0
326,1,,,32000,1,"R$ 322.437,00",BMW,X1 SDRIVE 20i GP 2.0 TB Aut.,32000,009323-8,Gasolina,1,G,outubro de 2025 ,qjcyg5lnh1j1f9,"quarta-feira, 1 de abril de 2026 05:29",322437.0
326,1,,,32000,5,"R$ 82.742,00",Citroën,C3 Live Pack 1.0 Flex 6V 5p Mec.,32000,011223-2,Flex,1,F,outubro de 2025 ,cbmgncbyfz4cz,"quarta-feira, 1 de outubro de 2025 00:55",82742.0
326,1,,,32000,5,"R$ 94.833,00",Citroën,BASALT Feel 1.0 Flex 6V 5p Mec.,32000,011238-0,Flex,1,F,outubro de 2025 ,cg57cd1lqdjcz,"quarta-feira, 1 de abril de 2026 05:29",94833.0
326,1,,,32000,5,"R$ 117.490,00",Honda,CITY Sedan LX 1.5 Flex 16V 4p Aut.,32000,014059-7,Flex,1,F,outubro de 2025 ,gr2q7ryp4scz,"quarta-feira, 1 de outubro de 2025 00:55",117490.0
326,1,,,32000,5,"R$ 202.365,00",Honda,HR-V Advance 1.5  Flex TB 16V 5p Aut.,32000,014111-9,Flex,1,F,outubro de 2025 ,kzlpnbvkqdj1hl,"quarta-feira, 1 de outubro de 2025 00:55",202365.0
326,1,,,32000,5,"R$ 117.210,00",Honda,CITY Hatchback LX 1.5 Flex 16V Aut.,32000,014116-0,Flex,1,F,outubro de 2025 ,grrkrh1y41j1hl,"quarta-feira, 1 de outubro de 2025 00:55",117210.0
326,1,,,32000,5,"R$ 145.020,00",Hyundai,Creta Comfort 1.0 TB 12V Flex Aut.,32000,015200-5,Flex,1,F,outubro de 2025 ,htcct13k9dcz,"quarta-feira, 1 de outubro de 2025 07:25",145020.0
326,1,,,32000,5,"R$ 95.348,00",Hyundai,HB20S Comfort Plus 1.0 Flex 12V Mec.,32000,015239-0,Flex,1,F,outubro de 2025 ,chc8j6mgpzmcz,"quarta-feira, 1 de outubro de 2025 07:25",95348.0
326,1,,,32000,5,"R$ 89.693,00",Hyundai,HB20 Comfort Plus 1.0 Flex 12V Mec.,32000,015245-5,Flex,1,F,outubro de 2025 ,cd7y346nxgscz,"quarta-feira, 1 de outubro de 2025 00:55",89693.0
326,1,,,32000,5,"R$ 196.616,00",Jeep,COMPASS LONG. T270 1.3 TB 4x2 Flex Aut.,32000,017071-2,Flex,1,F,outubro de 2025 ,krvqx16xv2cz,"quarta-feira, 1 de outubro de 2025 00:55",196616.0
326,1,,,32000,5,"R$ 223.793,00",Jeep,Commander Limited T270 1.3 TB Flex Aut.,32000,017081-0,Flex,1,F,outubro de 2025 ,lsqjr73k8pcz,"quarta-feira, 1 de abril de 2026 05:29",223793.0
326,1,,,32000,5,"R$ 119.990,00",Jeep,Renegade Sport T270 1.3 TB 4x2 Flex Aut.,32000,017085-2,Flex,1,F,outubro de 2025 ,gv0l4chjjncz,"quarta-feira, 1 de abril de 2026 05:29",119990.0
326,1,,,32000,3,"R$ 290.521,00",Mitsubishi,Triton HPE 2.4 CD 4x4 TB Diesel Aut.,32000,022213-5,Diesel,1,D,outubro de 2025 ,n9ywydp4k2j1gy,"quarta-feira, 1 de abril de 2026 05:29",290521.0
326,1,,,32000,3,"R$ 275.201,00",Nissan,Frontier ATTAC.CD 4x4 2.3 Bi-TB Die. Aut,32000,023160-6,Diesel,1,D,outubro de 2025 ,nqz11jc3zhcb,"quarta-feira, 1 de abril de 2026 05:29",275201.0
326,1,,,32000,5,"R$ 140.637,00",Nissan,VERSA Exclusive 1.6 16V Flex Aut.,32000,023174-6,Flex,1,F,outubro de 2025 ,hm618b8qdwcz,"quarta-feira, 1 de outubro de 2025 00:55",140637.0
326,1,,,32000,5,"R$ 114.318,00",Nissan,KICKS Active 1.6 16V Flex Aut.,32000,023186-0,Flex,1,F,outubro de 2025 ,gncf5lkg0yj1hl,"quarta-feira, 1 de outubro de 2025 00:55",114318.0
326,1,,,32000,1,"R$ 166.207,00",Nissan,Sentra Advance 2.0 16V Aut.,32000,023187-8,Gasolina,1,G,outubro de 2025 ,jl6gdxqkwdj1f9,"quarta-feira, 1 de outubro de 2025 00:56",166207.0
326,1,,,32000,5,"R$ 180.176,00",Nissan,KICKS Exclusive1.0 Turbo Flex Aut.,32000,023196-7,Flex,1,F,outubro de 2025 ,j4k51487l6j1hl,"quarta-feira, 1 de abril de 2026 05:29",180176.0
326,1,,,32000,3,"R$ 198.998,00",Peugeot,Expert Cargo 1.5 Turbo Diesel,32000,024260-8,Diesel,1,D,outubro de 2025 ,kvm9vzdyhxcb,"quarta-feira, 1 de abril de 2026 05:29",198998.0
326,1,,,32000,5,"R$ 94.038,00",Peugeot,208 Style 1.0 Flex 6V 5p Mec.,32000,024265-9,Flex,1,F,outubro de 2025 ,cgwxdqcc9b3cz,"quarta-feira, 1 de outubro de 2025 07:25",94038.0
326,1,,,32000,5,"R$ 130.326,00",Peugeot,2008 Active 1.0 Turbo Flex 5p Aut.,32000,024274-8,Flex,1,F,outubro de 2025 ,g7388yms69j1hl,"quarta-feira, 1 de abril de 2026 05:29",130326.0
326,1,,,32000,3,"R$ 259.317,00",Renault,Master 2.3 dCi Furgão 16V Diesel,32000,025196-8,Diesel,1,D,outubro de 2025 ,m4cqndttg8cb,"quarta-feira, 1 de abril de 2026 05:29",259317.0
326,1,,,32000,5,"R$ 66.390,00",Renault,KWID Zen 1.0 Flex 12V 5p Mec.,32000,025266-2,Flex,1,F,outubro de 2025 ,4fq57r6d8hcz,"quarta-feira, 1 de outubro de 2025 00:56",66390.0
326,1,,,32000,5,"R$ 123.443,00",Renault,OROCH Intense 1.6 Flex 16V Mec.,32000,025312-0,Flex,1,F,outubro de 2025 ,gz13tprr7dcz,"quarta-feira, 1 de abril de 2026 05:29",123443.0
326,1,,,32000,5,"R$ 128.829,00",Renault,DUSTER Intense Plus 1.6 16V Flex Mec.,32000,025325-1,Flex,1,F,outubro de 2025 ,g6cwjlf6wfj1hl,"quarta-feira, 1 de abril de 2026 05:29",128829.0
326,1,,,32000,5,"R$ 119.995,00",Renault,Kardian Authentic 1.0 TB 12V 5p Aut.,32000,025335-9,Flex,1,F,outubro de 2025 ,gv0srzmm2sj1hl,"quarta-feira, 1 de abril de 2026 05:29",119995.0
326,1,,,32000,3,"R$ 493.803,00",RAM,3500 LARAMIE 6.7 TB CD 4x4 Diesel,32000,083007-0,Diesel,1,D,outubro de 2025 ,xz9k4b1grrcb,"quarta-feira, 1 de abril de 2026 05:29",493803.0
326,1,,,32000,3,"R$ 226.520,00",RAM,RAMPAGE BIG HORN 2.2 TB CD 4X4 Die Aut.,32000,083026-7,Diesel,1,D,outubro de 2025 ,lwxnfsmvpwj1gy,"quarta-feira, 1 de outubro de 2025 00:56",226520.0
326,1,,,32000,1,"R$ 171.403,00",Caoa Chery,Tiggo 7 Pro Max Drive 1.6 Turbo 16V Aut.,32000,093011-3,Gasolina,1,G,outubro de 2025 ,js8907z633j1f9,"quarta-feira, 1 de abril de 2026 05:29",171403.0
326,1,,,32000,5,"R$ 121.080,00",Caoa Chery,Tiggo 5X SPORT 1.5 Turbo Flex Aut.,32000,093014-8,Flex,1,F,outubro de 2025 ,gw869d2rqvj1hl,"quarta-feira, 1 de abril de 2026 05:29",121080.0
326,1,,,32000,1,"R$ 196.391,00",Caoa Chery,Tiggo 8 PRO 1.6 TGDi Aut.,32000,093018-0,Gasolina,1,G,outubro de 2025 ,krlkdxjcvtj1f9,"quarta-feira, 1 de abril de 2026 05:29",196391.0
326,1,,,32000,6,"R$ 250.291,00",BYD,Song Plus 1.5 16V Aut. (Hibrido),32000,095005-0,Híbrido,1,H,outubro de 2025 ,mssnkbfrpdj1hx,"quarta-feira, 1 de abril de 2026 05:29",250291.0
326,1,,,32000,4,"R$ 148.867,00",BYD,Dolphin EV (Elétrico),32000,095007-6,Elétrico,1,E,outubro de 2025 ,hyv6gkjlw3j1g8,"quarta-feira, 1 de abril de 2026 05:29",148867.0
326,1,,,32000,4,"R$ 249.900,00",BYD,Seal (Elétrico),32000,095008-4,Elétrico,1,E,outubro de 2025 ,msbfzxsf2mj1g8,"quarta-feira, 1 de outubro de 2025 00:56",249900.0
326,1,,,32000,4,"R$ 120.023,00",BYD,Dolphin Mini (Elétrico),32000,095010-6,Elétrico,1,E,outubro de 2025 ,gv1s90cljpj1g8,"quarta-feira, 1 de outubro de 2025 00:56",120023.0
326,1,,,32000,6,"R$ 166.826,00",BYD,King GL 1.5 16V Aut. (Hibrido),32000,095012-2,Híbrido,1,H,outubro de 2025 ,jmxyv7l2rrj1hx,"quarta-feira, 1 de outubro de 2025 00:56",166826.0
326,1,,,32000,4,"R$ 182.990,00",BYD,Yuan Pro (Elétrico),32000,095015-7,Elétrico,1,E,outubro de 2025 ,j7wgrldychj1g8,"quarta-feira, 1 de abril de 2026 05:29",182990.0
326,1,,,32000,6,"R$ 339.900,00",BYD,SHARK GS 1.5 16V 4x4 Aut. (Híbrido),32000,095016-5,Híbrido,1,H,outubro de 2025 ,q5vn0vqd3gj1hx,"quarta-feira, 1 de abril de 2026 05:29",339900.0
326,1,,,32000,6,"R$ 244.058,00",GWM,Haval H6 PHEV19 (Hibrido),32000,096008-0,Híbrido,1,H,outubro de 2025 ,mkg3g5pddgj1hx,"quarta-feira, 1 de abril de 2026 05:29",244058.0
326,1,,,32000,3,"R$ 309.027,00",GWM,Haval H9 Exclusive TD480,32000,096012-8,Diesel,1,D,outubro de 2025 ,p0njpg5n1dj1gy,"quarta-feira, 1 de abril de 2026 05:29",309027.0
325,1,,,32000,5,"R$ 72.198,00",Fiat,MOBI LIKE 1.0 Fire Flex 5p.,32000,001461-3,Flex,1,F,setembro de 2025 ,6mt66vm2wzcz,"segunda-feira, 1 de setembro de 2025 05:57",72198.0
325,1,,,32000,5,"R$ 89.725,00",Fiat,ARGO DRIVE 1.0 6V Flex,32000,001494-0,Flex,1,F,setembro de 2025 ,cd8brqh78flcz,"segunda-feira, 1 de setembro de 2025 05:57",89725.0
325,1,,,32000,5,"R$ 114.293,00",Fiat,Fiorino Endurance EVO 1.4 Flex 8V 2p,32000,001531-8,Flex,1,F,setembro de 2025 ,gnbj0b1rjbcz,"segunda-feira, 1 de setembro de 2025 05:57",114293.0
325,1,,,32000,5,"R$ 166.796,00",Fiat,Toro Freedom 1.3 T270 4x2 Flex Aut.,32000,001538-5,Flex,1,F,setembro de 2025 ,jmwv2b132dcz,"segunda-feira, 1 de setembro de 2025 05:57",166796.0
325,1,,,32000,5,"R$ 101.884,00",Fiat,PULSE DRIVE 1.0 Turbo 200 Flex Aut.,32000,001543-1,Flex,1,F,setembro de 2025 ,f5sh20w2krcz,"segunda-feira, 1 de setembro de 2025 05:57",101884.0
325,1,,,32000,3,"R$ 210.997,00",Fiat,Scudo Cargo 1.5 16V Turbo Diesel,32000,001550-4,Diesel,1,D,setembro de 2025 ,k9qfs6gcnscb,"quarta-feira, 1 de abril de 2026 05:29",210997.0
325,1,,,32000,5,"R$ 113.756,00",Fiat,CRONOS DRIVE 1.3 8V Flex Aut.,32000,001554-7,Flex,1,F,setembro de 2025 ,gmp0x7v69xcz,"segunda-feira, 1 de setembro de 2025 05:57",113756.0
325,1,,,32000,5,"R$ 135.134,00",Fiat,Fastback Audace 1.0 200 T. Flex Aut,32000,001558-0,Flex,1,F,setembro de 2025 ,hfr1qml08cj1hl,"segunda-feira, 1 de setembro de 2025 05:57",135134.0
325,1,,,32000,3,"R$ 287.038,00",Fiat,Ducato Cargo 2.2 Diesel (E6),32000,001563-6,Diesel,1,D,setembro de 2025 ,n5v9f4zy0fj1gy,"quarta-feira, 1 de abril de 2026 05:29",287038.0
325,1,,,32000,5,"R$ 118.610,00",Fiat,Fastback 1.0 200 Turbo Flex Aut,32000,001568-7,Flex,1,F,setembro de 2025 ,gtdf6pbx7hj1hl,"quarta-feira, 1 de outubro de 2025 07:25",118610.0
325,1,,,32000,5,"R$ 111.353,00",Fiat,Strada Endurance 1.3 Flex 8V CS Plus,32000,001569-5,Flex,1,F,setembro de 2025 ,gjwpbspjzgj1hl,"segunda-feira, 1 de setembro de 2025 05:57",111353.0
325,1,,,32000,5,"R$ 120.211,00",Fiat,Fiorino Endurance 1.3 Flex 8V 2p,32000,001589-0,Flex,1,F,setembro de 2025 ,gv8m4p0wkgj1hl,"quarta-feira, 1 de outubro de 2025 07:41",120211.0
325,1,,,32000,5,"R$ 117.117,00",Fiat,PULSE 1.0 Turbo 200  Flex Aut.,32000,001592-0,Flex,1,F,setembro de 2025 ,grm5y1fdpgj1hl,"quarta-feira, 1 de outubro de 2025 07:25",117117.0
325,1,,,32000,5,"R$ 166.023,00",Toyota,Corolla XEi 2.0 Flex 16V Aut.,32000,002111-3,Flex,1,F,setembro de 2025 ,jlzr2wlw5gcz,"segunda-feira, 1 de setembro de 2025 05:57",166023.0
325,1,,,32000,3,"R$ 294.273,00",Toyota,Hilux CD SR 4x4 2.8 TDI Diesel Aut.,32000,002142-3,Diesel,1,D,setembro de 2025 ,pgb8jmgpm8cb,"segunda-feira, 1 de setembro de 2025 05:57",294273.0
325,1,,,32000,3,"R$ 399.280,00",Toyota,Hilux SW4 SRX 4x4 2.8 TDI 16V Dies. Aut.,32000,002146-6,Diesel,1,D,setembro de 2025 ,tfgysj7wzvcb,"quarta-feira, 1 de abril de 2026 05:29",399280.0
325,1,,,32000,5,"R$ 187.599,00",Toyota,Corolla Cross XRE 2.0 16V Flex Aut.,32000,002203-9,Flex,1,F,setembro de 2025 ,kd8zzbl9chcz,"segunda-feira, 1 de setembro de 2025 05:57",187599.0
325,1,,,32000,5,"R$ 112.301,00",Toyota,YARIS XL 1.5 Flex 16V 5p Aut.,32000,002207-1,Flex,1,F,setembro de 2025 ,gkz4hxsk1bcz,"segunda-feira, 1 de setembro de 2025 05:57",112301.0
325,1,,,32000,3,"R$ 295.100,00",Ford,TRANSIT Furgão 2.0 Medio Turbo Diesel,32000,003487-8,Diesel,1,D,setembro de 2025 ,phbbb7nf22j1gy,"quarta-feira, 1 de abril de 2026 05:29",295100.0
325,1,,,32000,3,"R$ 248.737,00",Ford,Ranger XL 2.0 4x4 CD Diesel Mec. ,32000,003502-5,Diesel,1,D,setembro de 2025 ,mqy5kyv1qpj1gy,"segunda-feira, 1 de setembro de 2025 05:57",248737.0
325,1,,,32000,3,"R$ 246.723,00",GM - Chevrolet,S10 Pick-Up LT 2.8 TDI 4x4 CD Diesel Aut,32000,004395-8,Diesel,1,D,setembro de 2025 ,mnly8255gxcb,"segunda-feira, 1 de setembro de 2025 05:57",246723.0
325,1,,,32000,5,"R$ 133.003,00",GM - Chevrolet,SPIN LT 1.8 8V Econo.Flex 5p Mec.,32000,004414-8,Flex,1,F,setembro de 2025 ,hb8ll0xhkccz,"quarta-feira, 1 de abril de 2026 05:29",133003.0
325,1,,,32000,5,"R$ 159.431,00",GM - Chevrolet,SPIN PREMIER 1.8 8V Econo.Flex 5p Aut.,32000,004494-6,Flex,1,F,setembro de 2025 ,jb75h2ky3scz,"segunda-feira, 1 de setembro de 2025 05:57",159431.0
325,1,,,32000,5,"R$ 116.517,00",GM - Chevrolet,ONIX SEDAN Plus LT 1.0 12V TB Flex Aut.,32000,004501-2,Flex,1,F,setembro de 2025 ,gqycxdtbgwcz,"segunda-feira, 1 de setembro de 2025 05:57",116517.0
325,1,,,32000,5,"R$ 101.521,00",GM - Chevrolet,ONIX HATCH LT 1.0 12V Flex 5p Mec.,32000,004517-9,Flex,1,F,setembro de 2025 ,f5b92mxpc0cz,"segunda-feira, 1 de setembro de 2025 05:57",101521.0
325,1,,,32000,5,"R$ 181.592,00",GM - Chevrolet,TRACKER Premier 1.2 Turbo 12V Flex Aut.,32000,004525-0,Flex,1,F,setembro de 2025 ,j57nj7frdbcz,"segunda-feira, 1 de setembro de 2025 05:57",181592.0
325,1,,,32000,5,"R$ 162.731,00",GM - Chevrolet,MONTANA LTZ 1.2 Turbo Flex 12V 4p Aut.,32000,004541-1,Flex,1,F,setembro de 2025 ,jg33s5pvvdj1hl,"segunda-feira, 1 de setembro de 2025 05:57",162731.0
325,1,,,32000,3,"R$ 294.404,00",GM - Chevrolet,S10 Pick-Up WT 2.8 TDI 4x4 CD Diesel Aut,32000,004550-0,Diesel,1,D,setembro de 2025 ,pgh04b6rj0j1gy,"quarta-feira, 1 de outubro de 2025 07:25",294404.0
325,1,,,32000,3,"R$ 332.900,00",VW - VolksWagen,AMAROK Highline CD 3.0 4x4 TB Dies. Aut.,32000,005483-6,Diesel,1,D,setembro de 2025 ,qxm7qtjhfgcb,"quarta-feira, 1 de abril de 2026 05:29",332900.0
325,1,,,32000,5,"R$ 140.100,00",VW - VolksWagen,VIRTUS Highline 200 TSI 1.0 Flex 12V Aut,32000,005484-4,Flex,1,F,setembro de 2025 ,hmlj56tfygcz,"segunda-feira, 1 de setembro de 2025 05:57",140100.0
325,1,,,32000,5,"R$ 163.031,00",VW - VolksWagen,T-Cross Comfor. 200 TSI 1.0 Flex 5p Aut.,32000,005509-3,Flex,1,F,setembro de 2025 ,jhg0t0d8fwj1hl,"segunda-feira, 1 de setembro de 2025 05:57",163031.0
325,1,,,32000,5,"R$ 151.080,00",VW - VolksWagen,Nivus Highline 1.0 200 TSI Flex Aut.,32000,005526-3,Flex,1,F,setembro de 2025 ,h1gmzc5xfgcz,"segunda-feira, 1 de setembro de 2025 05:57",151080.0
325,1,,,32000,5,"R$ 213.900,00",VW - VolksWagen,TAOS Highline 1.4 250 TSI Flex Aut.,32000,005528-0,Flex,1,F,setembro de 2025 ,ld3ysbt9p8cz,"quarta-feira, 1 de abril de 2026 05:30",213900.0
325,1,,,32000,5,"R$ 124.870,00",VW - VolksWagen,Saveiro Robust 1.6 Total Flex 16V CD,32000,005537-9,Flex,1,F,setembro de 2025 ,g1qzpx02n1j1hl,"segunda-feira, 1 de setembro de 2025 05:57",124870.0
325,1,,,32000,5,"R$ 85.832,00",VW - VolksWagen,Polo Track 1.0 Flex 12V 5p,32000,005540-9,Flex,1,F,setembro de 2025 ,ccspr3glwwqcz,"segunda-feira, 1 de setembro de 2025 05:57",85832.0
325,1,,,32000,5,"R$ 118.865,00",VW - VolksWagen,Tera 1.0 170 TSI Flex 12V 5p Mec.,32000,005554-9,Flex,1,F,setembro de 2025 ,gtpqjph8vsj1hl,"quarta-feira, 1 de abril de 2026 05:30",118865.0
325,1,,,32000,1,"R$ 319.957,00",BMW,X1 SDRIVE 20i GP 2.0 TB Aut.,32000,009323-8,Gasolina,1,G,setembro de 2025 ,qfgs34qzmzj1f9,"quarta-feira, 1 de abril de 2026 05:30",319957.0
325,1,,,32000,5,"R$ 81.783,00",Citroën,C3 Live Pack 1.0 Flex 6V 5p Mec.,32000,011223-2,Flex,1,F,setembro de 2025 ,9762rq29ptcz,"segunda-feira, 1 de setembro de 2025 06:47",81783.0
325,1,,,32000,5,"R$ 93.460,00",Citroën,BASALT Feel 1.0 Flex 6V 5p Mec.,32000,011238-0,Flex,1,F,setembro de 2025 ,cgn391lct3fcz,"quarta-feira, 1 de abril de 2026 05:30",93460.0
325,1,,,32000,5,"R$ 118.606,00",Honda,CITY Sedan LX 1.5 Flex 16V 4p Aut.,32000,014059-7,Flex,1,F,setembro de 2025 ,gtc9pzh84qcz,"segunda-feira, 1 de setembro de 2025 05:57",118606.0
325,1,,,32000,5,"R$ 202.083,00",Honda,HR-V Advance 1.5  Flex TB 16V 5p Aut.,32000,014111-9,Flex,1,F,setembro de 2025 ,ky8fw6nw9sj1hl,"segunda-feira, 1 de setembro de 2025 05:57",202083.0
325,1,,,32000,5,"R$ 118.767,00",Honda,CITY Hatchback LX 1.5 Flex 16V Aut.,32000,014116-0,Flex,1,F,setembro de 2025 ,gtk43lw0glj1hl,"segunda-feira, 1 de setembro de 2025 05:57",118767.0
325,1,,,32000,5,"R$ 145.494,00",Hyundai,Creta Comfort 1.0 TB 12V Flex Aut.,32000,015200-5,Flex,1,F,setembro de 2025 ,htxlxk3kzzcz,"quarta-feira, 1 de outubro de 2025 07:25",145494.0
325,1,,,32000,5,"R$ 95.432,00",Hyundai,HB20S Comfort Plus 1.0 Flex 12V Mec.,32000,015239-0,Flex,1,F,setembro de 2025 ,chd72nz158jcz,"quarta-feira, 1 de outubro de 2025 07:25",95432.0
325,1,,,32000,5,"R$ 110.680,00",Hyundai,HB20S Comfort Plus 1.0 TB Flex 12V Aut,32000,015240-4,Flex,1,F,setembro de 2025 ,gh2608x346j1hl,"segunda-feira, 1 de setembro de 2025 05:57",110680.0
325,1,,,32000,5,"R$ 137.273,00",Hyundai,Creta Comfort Plus 1.0 TB 12V Flex Aut.,32000,015244-7,Flex,1,F,setembro de 2025 ,hh8svpcdq7j1hl,"segunda-feira, 1 de setembro de 2025 05:57",137273.0
325,1,,,32000,5,"R$ 89.590,00",Hyundai,HB20 Comfort Plus 1.0 Flex 12V Mec.,32000,015245-5,Flex,1,F,setembro de 2025 ,cd6rplj1zjjcz,"segunda-feira, 1 de setembro de 2025 05:57",89590.0
325,1,,,32000,5,"R$ 196.616,00",Jeep,COMPASS LONG. T270 1.3 TB 4x2 Flex Aut.,32000,017071-2,Flex,1,F,setembro de 2025 ,krvqx04b80cz,"segunda-feira, 1 de setembro de 2025 05:57",196616.0
325,1,,,32000,5,"R$ 223.793,00",Jeep,Commander Limited T270 1.3 TB Flex Aut.,32000,017081-0,Flex,1,F,setembro de 2025 ,lsqjr600pmcz,"quarta-feira, 1 de abril de 2026 05:30",223793.0
325,1,,,32000,5,"R$ 120.636,00",Jeep,Renegade Sport T270 1.3 TB 4x2 Flex Aut.,32000,017085-2,Flex,1,F,setembro de 2025 ,gwr20q6840cz,"quarta-feira, 1 de abril de 2026 05:30",120636.0
325,1,,,32000,3,"R$ 287.475,00",Mitsubishi,Triton HPE 2.4 CD 4x4 TB Diesel Aut.,32000,022213-5,Diesel,1,D,setembro de 2025 ,n6c5t90xlwj1gy,"quarta-feira, 1 de abril de 2026 05:30",287475.0
325,1,,,32000,3,"R$ 262.413,00",Nissan,Frontier ATTAC.CD 4x4 2.3 Bi-TB Die. Aut,32000,023160-6,Diesel,1,D,setembro de 2025 ,m7z72w6b35cb,"quarta-feira, 1 de abril de 2026 05:30",262413.0
325,1,,,32000,5,"R$ 142.612,00",Nissan,VERSA Exclusive 1.6 16V Flex Aut.,32000,023174-6,Flex,1,F,setembro de 2025 ,hqjvlypy95cz,"segunda-feira, 1 de setembro de 2025 05:57",142612.0
325,1,,,32000,5,"R$ 115.921,00",Nissan,KICKS Active 1.6 16V Flex Aut.,32000,023186-0,Flex,1,F,setembro de 2025 ,gp7qcfr0q7j1hl,"segunda-feira, 1 de setembro de 2025 05:57",115921.0
325,1,,,32000,1,"R$ 171.960,00",Nissan,Sentra Advance 2.0 16V Aut.,32000,023187-8,Gasolina,1,G,setembro de 2025 ,jtykmxfpvmj1f9,"segunda-feira, 1 de setembro de 2025 05:57",171960.0
325,1,,,32000,5,"R$ 183.372,00",Nissan,KICKS Exclusive1.0 Turbo Flex Aut.,32000,023196-7,Flex,1,F,setembro de 2025 ,j8bb5ln1cpj1hl,"quarta-feira, 1 de abril de 2026 05:30",183372.0
325,1,,,32000,3,"R$ 198.985,00",Peugeot,Expert Cargo 1.5 Turbo Diesel,32000,024260-8,Diesel,1,D,setembro de 2025 ,kvmt6vrzg4cb,"quarta-feira, 1 de abril de 2026 05:30",198985.0
325,1,,,32000,5,"R$ 74.541,00",Peugeot,208 Like 1.0 Flex 6V 5p Mec.,32000,024264-0,Flex,1,F,setembro de 2025 ,7h9t3jxpkjcz,"segunda-feira, 1 de setembro de 2025 05:57",74541.0
325,1,,,32000,5,"R$ 93.750,00",Peugeot,208 Style 1.0 Flex 6V 5p Mec.,32000,024265-9,Flex,1,F,setembro de 2025 ,cgsjqm7tmp0cz,"quarta-feira, 1 de outubro de 2025 07:25",93750.0
325,1,,,32000,5,"R$ 130.303,00",Peugeot,2008 Active 1.0 Turbo Flex 5p Aut.,32000,024274-8,Flex,1,F,setembro de 2025 ,g73gcjvzycj1hl,"quarta-feira, 1 de abril de 2026 05:30",130303.0
325,1,,,32000,3,"R$ 265.080,00",Renault,Master 2.3 dCi Furgão 16V Diesel,32000,025196-8,Diesel,1,D,setembro de 2025 ,nb354pnsqncb,"quarta-feira, 1 de abril de 2026 05:30",265080.0
325,1,,,32000,5,"R$ 68.408,00",Renault,KWID Zen 1.0 Flex 12V 5p Mec.,32000,025266-2,Flex,1,F,setembro de 2025 ,46dn5ctdqbcz,"segunda-feira, 1 de setembro de 2025 05:57",68408.0
325,1,,,32000,5,"R$ 124.405,00",Renault,OROCH Intense 1.6 Flex 16V Mec.,32000,025312-0,Flex,1,F,setembro de 2025 ,g052rr6xcvcz,"quarta-feira, 1 de abril de 2026 05:30",124405.0
325,1,,,32000,5,"R$ 132.989,00",Renault,DUSTER Intense Plus 1.6 16V Flex Mec.,32000,025325-1,Flex,1,F,setembro de 2025 ,hb72tzz2tgj1hl,"quarta-feira, 1 de abril de 2026 05:30",132989.0
325,1,,,32000,3,"R$ 506.286,00",RAM,3500 LARAMIE 6.7 TB CD 4x4 Diesel,32000,083007-0,Diesel,1,D,setembro de 2025 ,ygx9fd8rxjcb,"quarta-feira, 1 de abril de 2026 05:30",506286.0
325,1,,,32000,3,"R$ 228.657,00",RAM,RAMPAGE BIG HORN 2.2 TB CD 4X4 Die Aut.,32000,083026-7,Diesel,1,D,setembro de 2025 ,lzd99yn08sj1gy,"segunda-feira, 1 de setembro de 2025 05:57",228657.0
325,1,,,32000,1,"R$ 170.147,00",Caoa Chery,Tiggo 7 Pro Max Drive 1.6 Turbo 16V Aut.,32000,093011-3,Gasolina,1,G,setembro de 2025 ,jrtntvjm8sj1f9,"quarta-feira, 1 de abril de 2026 05:30",170147.0
325,1,,,32000,5,"R$ 120.275,00",Caoa Chery,Tiggo 5X SPORT 1.5 Turbo Flex Aut.,32000,093014-8,Flex,1,F,setembro de 2025 ,gwby750hf9j1hl,"quarta-feira, 1 de abril de 2026 05:30",120275.0
325,1,,,32000,1,"R$ 193.202,00",Caoa Chery,Tiggo 8 PRO 1.6 TGDi Aut.,32000,093018-0,Gasolina,1,G,setembro de 2025 ,kmvm5xnq0tj1f9,"quarta-feira, 1 de abril de 2026 05:30",193202.0
325,1,,,32000,6,"R$ 249.934,00",BYD,Song Plus 1.5 16V Aut. (Hibrido),32000,095005-0,Híbrido,1,H,setembro de 2025 ,mscn9g97s2j1hx,"quarta-feira, 1 de abril de 2026 05:30",249934.0
325,1,,,32000,4,"R$ 148.979,00",BYD,Dolphin EV (Elétrico),32000,095007-6,Elétrico,1,E,setembro de 2025 ,hyz8nmfqnvj1g8,"quarta-feira, 1 de abril de 2026 05:30",148979.0
325,1,,,32000,4,"R$ 245.990,00",BYD,Seal (Elétrico),32000,095008-4,Elétrico,1,E,setembro de 2025 ,mmrbcs5mkhj1g8,"segunda-feira, 1 de setembro de 2025 05:57",245990.0
325,1,,,32000,4,"R$ 119.993,00",BYD,Dolphin Mini (Elétrico),32000,095010-6,Elétrico,1,E,setembro de 2025 ,gv0qh2xg44j1g8,"segunda-feira, 1 de setembro de 2025 05:57",119993.0
325,1,,,32000,6,"R$ 169.998,00",BYD,King GL 1.5 16V Aut. (Hibrido),32000,095012-2,Híbrido,1,H,setembro de 2025 ,jrm7ychf2vj1hx,"segunda-feira, 1 de setembro de 2025 05:57",169998.0
325,1,,,32000,4,"R$ 182.994,00",BYD,Yuan Pro (Elétrico),32000,095015-7,Elétrico,1,E,setembro de 2025 ,j7wl78k3phj1g8,"quarta-feira, 1 de abril de 2026 05:30",182994.0
325,1,,,32000,6,"R$ 337.890,00",BYD,SHARK GS 1.5 16V 4x4 Aut. (Híbrido),32000,095016-5,Híbrido,1,H,setembro de 2025 ,q3hl7npklzj1hx,"quarta-feira, 1 de abril de 2026 05:30",337890.0
325,1,,,32000,6,"R$ 244.861,00",GWM,Haval H6 PHEV19 (Hibrido),32000,096008-0,Híbrido,1,H,setembro de 2025 ,mld88gy41vj1hx,"quarta-feira, 1 de abril de 2026 05:30",244861.0
324,1,,,32000,5,"R$ 69.200,00",Fiat,MOBI LIKE 1.0 Fire Flex 5p.,32000,001461-3,Flex,1,F,agosto de 2025 ,5hpj13rhsscz,"quinta-feira, 28 de agosto de 2025 08:47",69200.0
324,1,,,32000,5,"R$ 87.050,00",Fiat,ARGO DRIVE 1.0 6V Flex,32000,001494-0,Flex,1,F,agosto de 2025 ,cc7zgzvgbchcz,"quinta-feira, 28 de agosto de 2025 08:47",87050.0
324,1,,,32000,5,"R$ 114.278,00",Fiat,Fiorino Endurance EVO 1.4 Flex 8V 2p,32000,001531-8,Flex,1,F,agosto de 2025 ,gm9z3csd1jcz,"quinta-feira, 28 de agosto de 2025 08:47",114278.0
324,1,,,32000,5,"R$ 159.138,00",Fiat,Toro Freedom 1.3 T270 4x2 Flex Aut.,32000,001538-5,Flex,1,F,agosto de 2025 ,jbxjcqjy8tcz,"quinta-feira, 28 de agosto de 2025 08:47",159138.0
324,1,,,32000,5,"R$ 102.200,00",Fiat,PULSE DRIVE 1.0 Turbo 200 Flex Aut.,32000,001543-1,Flex,1,F,agosto de 2025 ,f54z4pjwhscz,"quinta-feira, 28 de agosto de 2025 08:47",102200.0
324,1,,,32000,3,"R$ 211.854,00",Fiat,Scudo Cargo 1.5 16V Turbo Diesel,32000,001550-4,Diesel,1,D,agosto de 2025 ,lbqlfpl3j1cb,"quarta-feira, 1 de abril de 2026 05:30",211854.0
324,1,,,32000,5,"R$ 110.050,00",Fiat,CRONOS DRIVE 1.3 8V Flex Aut.,32000,001554-7,Flex,1,F,agosto de 2025 ,ghb95qz2y2cz,"quinta-feira, 28 de agosto de 2025 08:47",110050.0
324,1,,,32000,5,"R$ 134.790,00",Fiat,Fastback Audace 1.0 200 T. Flex Aut,32000,001558-0,Flex,1,F,agosto de 2025 ,hfcj3v1xtrj1hl,"quinta-feira, 28 de agosto de 2025 08:47",134790.0
324,1,,,32000,3,"R$ 292.830,00",Fiat,Ducato Cargo 2.2 Diesel (E6),32000,001563-6,Diesel,1,D,agosto de 2025 ,pdntmdc89sj1gy,"quarta-feira, 1 de abril de 2026 05:30",292830.0
324,1,,,32000,5,"R$ 118.793,00",Fiat,Fastback 1.0 200 Turbo Flex Aut,32000,001568-7,Flex,1,F,agosto de 2025 ,gtl3dqx5kwj1hl,"quarta-feira, 1 de outubro de 2025 07:25",118793.0
324,1,,,32000,5,"R$ 112.433,00",Fiat,Strada Endurance 1.3 Flex 8V CS Plus,32000,001569-5,Flex,1,F,agosto de 2025 ,gk4x7j0gttj1hl,"quinta-feira, 28 de agosto de 2025 08:47",112433.0
324,1,,,32000,5,"R$ 122.833,00",Fiat,Fiorino Endurance 1.3 Flex 8V 2p,32000,001589-0,Flex,1,F,agosto de 2025 ,gzbyhm2ndpj1hl,"quarta-feira, 1 de outubro de 2025 07:41",122833.0
324,1,,,32000,5,"R$ 116.100,00",Fiat,PULSE 1.0 Turbo 200  Flex Aut.,32000,001592-0,Flex,1,F,agosto de 2025 ,gqf61r3zfhj1hl,"quarta-feira, 1 de outubro de 2025 07:25",116100.0
324,1,,,32000,5,"R$ 166.497,00",Toyota,Corolla XEi 2.0 Flex 16V Aut.,32000,002111-3,Flex,1,F,agosto de 2025 ,jmjz5dlwv1cz,"quinta-feira, 28 de agosto de 2025 08:47",166497.0
324,1,,,32000,3,"R$ 296.788,00",Toyota,Hilux CD SR 4x4 2.8 TDI Diesel Aut.,32000,002142-3,Diesel,1,D,agosto de 2025 ,pj9n93lpr8cb,"quinta-feira, 28 de agosto de 2025 09:46",296788.0
324,1,,,32000,3,"R$ 396.538,00",Toyota,Hilux SW4 SRX 4x4 2.8 TDI 16V Dies. Aut.,32000,002146-6,Diesel,1,D,agosto de 2025 ,s97860jttkcb,"quarta-feira, 1 de abril de 2026 05:30",396538.0
324,1,,,32000,5,"R$ 188.273,00",Toyota,Corolla Cross XRE 2.0 16V Flex Aut.,32000,002203-9,Flex,1,F,agosto de 2025 ,kf2hdq2699cz,"quinta-feira, 28 de agosto de 2025 08:47",188273.0
324,1,,,32000,5,"R$ 112.576,00",Toyota,YARIS XL 1.5 Flex 16V 5p Aut.,32000,002207-1,Flex,1,F,agosto de 2025 ,gk94cg3s56cz,"quinta-feira, 28 de agosto de 2025 08:47",112576.0
324,1,,,32000,3,"R$ 307.529,00",Ford,TRANSIT Furgão 2.0 Medio Turbo Diesel,32000,003487-8,Diesel,1,D,agosto de 2025 ,pyw2s30r0zj1gy,"quarta-feira, 1 de abril de 2026 05:30",307529.0
324,1,,,32000,3,"R$ 253.021,00",Ford,Ranger XL 2.0 4x4 CD Diesel Mec. ,32000,003502-5,Diesel,1,D,agosto de 2025 ,mwzwll4tqqj1gy,"quinta-feira, 28 de agosto de 2025 09:46",253021.0
324,1,,,32000,3,"R$ 246.805,00",GM - Chevrolet,S10 Pick-Up LT 2.8 TDI 4x4 CD Diesel Aut,32000,004395-8,Diesel,1,D,agosto de 2025 ,mnpyn8qrf5cb,"quinta-feira, 28 de agosto de 2025 09:46",246805.0
324,1,,,32000,5,"R$ 132.609,00",GM - Chevrolet,SPIN LT 1.8 8V Econo.Flex 5p Mec.,32000,004414-8,Flex,1,F,agosto de 2025 ,hbs8nsq4sycz,"quarta-feira, 1 de abril de 2026 05:30",132609.0
324,1,,,32000,5,"R$ 159.433,00",GM - Chevrolet,SPIN PREMIER 1.8 8V Econo.Flex 5p Aut.,32000,004494-6,Flex,1,F,agosto de 2025 ,jb77rw3rzrcz,"quinta-feira, 28 de agosto de 2025 08:47",159433.0
324,1,,,32000,5,"R$ 114.990,00",GM - Chevrolet,ONIX SEDAN Plus LT 1.0 12V TB Flex Aut.,32000,004501-2,Flex,1,F,agosto de 2025 ,gn4wb35pspcz,"quinta-feira, 28 de agosto de 2025 08:47",114990.0
324,1,,,32000,5,"R$ 89.980,00",GM - Chevrolet,ONIX HATCH LT 1.0 12V Flex 5p Mec.,32000,004517-9,Flex,1,F,agosto de 2025 ,cfcbfx74nn0cz,"quinta-feira, 28 de agosto de 2025 08:47",89980.0
324,1,,,32000,5,"R$ 176.042,00",GM - Chevrolet,TRACKER Premier 1.2 Turbo 12V Flex Aut.,32000,004525-0,Flex,1,F,agosto de 2025 ,jzqx1vgzprcz,"quinta-feira, 28 de agosto de 2025 08:47",176042.0
324,1,,,32000,5,"R$ 154.227,00",GM - Chevrolet,MONTANA LTZ 1.2 Turbo Flex 12V 4p Aut.,32000,004541-1,Flex,1,F,agosto de 2025 ,h440v7wfk5j1hl,"quinta-feira, 28 de agosto de 2025 08:47",154227.0
324,1,,,32000,3,"R$ 291.476,00",GM - Chevrolet,S10 Pick-Up WT 2.8 TDI 4x4 CD Diesel Aut,32000,004550-0,Diesel,1,D,agosto de 2025 ,pb2lzyc98qj1gy,"quarta-feira, 1 de outubro de 2025 07:25",291476.0
324,1,,,32000,3,"R$ 340.365,00",VW - VolksWagen,AMAROK Highline CD 3.0 4x4 TB Dies. Aut.,32000,005483-6,Diesel,1,D,agosto de 2025 ,q6dkyz2vv9cb,"quarta-feira, 1 de abril de 2026 05:30",340365.0
324,1,,,32000,5,"R$ 144.080,00",VW - VolksWagen,VIRTUS Highline 200 TSI 1.0 Flex 12V Aut,32000,005484-4,Flex,1,F,agosto de 2025 ,hr76n9314lcz,"quinta-feira, 28 de agosto de 2025 08:47",144080.0
324,1,,,32000,5,"R$ 164.781,00",VW - VolksWagen,T-Cross Comfor. 200 TSI 1.0 Flex 5p Aut.,32000,005509-3,Flex,1,F,agosto de 2025 ,jkjmng1yx1j1hl,"quinta-feira, 28 de agosto de 2025 08:47",164781.0
324,1,,,32000,5,"R$ 147.450,00",VW - VolksWagen,Nivus Highline 1.0 200 TSI Flex Aut.,32000,005526-3,Flex,1,F,agosto de 2025 ,hw6pvh1s8vcz,"quinta-feira, 28 de agosto de 2025 08:47",147450.0
324,1,,,32000,5,"R$ 214.755,00",VW - VolksWagen,TAOS Highline 1.4 250 TSI Flex Aut.,32000,005528-0,Flex,1,F,agosto de 2025 ,lf304zcn4hcz,"quarta-feira, 1 de abril de 2026 05:30",214755.0
324,1,,,32000,5,"R$ 123.530,00",VW - VolksWagen,Saveiro Robust 1.6 Total Flex 16V CD,32000,005537-9,Flex,1,F,agosto de 2025 ,gz48vf9ztcj1hl,"quinta-feira, 28 de agosto de 2025 08:47",123530.0
324,1,,,32000,5,"R$ 91.020,00",VW - VolksWagen,Polo Track 1.0 Flex 12V 5p,32000,005540-9,Flex,1,F,agosto de 2025 ,cfrjf52mhwvcz,"quinta-feira, 28 de agosto de 2025 08:47",91020.0
324,1,,,32000,5,"R$ 116.490,00",VW - VolksWagen,Tera 1.0 170 TSI Flex 12V 5p Mec.,32000,005554-9,Flex,1,F,agosto de 2025 ,gqxdg7yz7xj1hl,"quarta-feira, 1 de abril de 2026 05:30",116490.0
324,1,,,32000,1,"R$ 319.957,00",BMW,X1 SDRIVE 20i GP 2.0 TB Aut.,32000,009323-8,Gasolina,1,G,agosto de 2025 ,qfgs33nd1xj1f9,"quarta-feira, 1 de abril de 2026 05:30",319957.0
324,1,,,32000,5,"R$ 80.525,00",Citroën,C3 Live Pack 1.0 Flex 6V 5p Mec.,32000,011223-2,Flex,1,F,agosto de 2025 ,9sgt434vn8cz,"quinta-feira, 28 de agosto de 2025 08:47",80525.0
324,1,,,32000,5,"R$ 93.220,00",Citroën,BASALT Feel 1.0 Flex 6V 5p Mec.,32000,011238-0,Flex,1,F,agosto de 2025 ,cgk92tlrt22cz,"quarta-feira, 1 de abril de 2026 05:31",93220.0
324,1,,,32000,5,"R$ 118.935,00",Honda,CITY Sedan LX 1.5 Flex 16V 4p Aut.,32000,014059-7,Flex,1,F,agosto de 2025 ,gtr8dqqhjgcz,"quinta-feira, 28 de agosto de 2025 08:47",118935.0
324,1,,,32000,5,"R$ 202.083,00",Honda,HR-V Advance 1.5  Flex TB 16V 5p Aut.,32000,014111-9,Flex,1,F,agosto de 2025 ,ky8fw5lbqqj1hl,"quinta-feira, 28 de agosto de 2025 08:47",202083.0
324,1,,,32000,5,"R$ 118.958,00",Honda,CITY Hatchback LX 1.5 Flex 16V Aut.,32000,014116-0,Flex,1,F,agosto de 2025 ,gts292zql3j1hl,"quinta-feira, 28 de agosto de 2025 09:09",118958.0
324,1,,,32000,5,"R$ 143.990,00",Hyundai,Creta Comfort 1.0 TB 12V Flex Aut.,32000,015200-5,Flex,1,F,agosto de 2025 ,hr4x8n450ncz,"quarta-feira, 1 de outubro de 2025 07:25",143990.0
324,1,,,32000,5,"R$ 95.320,00",Hyundai,HB20S Comfort Plus 1.0 Flex 12V Mec.,32000,015239-0,Flex,1,F,agosto de 2025 ,chcycppbmytcz,"quarta-feira, 1 de outubro de 2025 07:25",95320.0
324,1,,,32000,5,"R$ 110.320,00",Hyundai,HB20S Comfort Plus 1.0 TB Flex 12V Aut,32000,015240-4,Flex,1,F,agosto de 2025 ,ghn4dnc13bj1hl,"quinta-feira, 28 de agosto de 2025 08:47",110320.0
324,1,,,32000,5,"R$ 136.990,00",Hyundai,Creta Comfort Plus 1.0 TB 12V Flex Aut.,32000,015244-7,Flex,1,F,agosto de 2025 ,hhyhzmckl3j1hl,"quinta-feira, 28 de agosto de 2025 08:47",136990.0
324,1,,,32000,5,"R$ 89.520,00",Hyundai,HB20 Comfort Plus 1.0 Flex 12V Mec.,32000,015245-5,Flex,1,F,agosto de 2025 ,cd5x7vljz8lcz,"quinta-feira, 28 de agosto de 2025 08:47",89520.0
324,1,,,32000,5,"R$ 206.248,00",Jeep,COMPASS LONG. T270 1.3 TB 4x2 Flex Aut.,32000,017071-2,Flex,1,F,agosto de 2025 ,k34tt850n9cz,"quinta-feira, 28 de agosto de 2025 08:47",206248.0
324,1,,,32000,5,"R$ 246.956,00",Jeep,Commander Limited T270 1.3 TB Flex Aut.,32000,017081-0,Flex,1,F,agosto de 2025 ,mnwftms30ncz,"quarta-feira, 1 de abril de 2026 05:31",246956.0
324,1,,,32000,5,"R$ 123.423,00",Jeep,Renegade Sport T270 1.3 TB 4x2 Flex Aut.,32000,017085-2,Flex,1,F,agosto de 2025 ,gz1c81bjvdcz,"quarta-feira, 1 de abril de 2026 05:31",123423.0
324,1,,,32000,3,"R$ 289.990,00",Mitsubishi,Triton HPE 2.4 CD 4x4 TB Diesel Aut.,32000,022213-5,Diesel,1,D,agosto de 2025 ,n9blms4xqwj1gy,"quarta-feira, 1 de abril de 2026 05:31",289990.0
324,1,,,32000,3,"R$ 264.338,00",Nissan,Frontier ATTAC.CD 4x4 2.3 Bi-TB Die. Aut,32000,023160-6,Diesel,1,D,agosto de 2025 ,m976200cqncb,"quarta-feira, 1 de abril de 2026 05:31",264338.0
324,1,,,32000,5,"R$ 143.304,00",Nissan,VERSA Exclusive 1.6 16V Flex Aut.,32000,023174-6,Flex,1,F,agosto de 2025 ,hrbz92s7b8cz,"quinta-feira, 28 de agosto de 2025 08:47",143304.0
324,1,,,32000,5,"R$ 117.111,00",Nissan,KICKS Active 1.6 16V Flex Aut.,32000,023186-0,Flex,1,F,agosto de 2025 ,grmy6ff8hcj1hl,"quinta-feira, 28 de agosto de 2025 08:47",117111.0
324,1,,,32000,1,"R$ 171.046,00",Nissan,Sentra Advance 2.0 16V Aut.,32000,023187-8,Gasolina,1,G,agosto de 2025 ,jswbscs9dtj1f9,"quinta-feira, 28 de agosto de 2025 08:47",171046.0
324,1,,,32000,5,"R$ 189.398,00",Nissan,KICKS Exclusive1.0 Turbo Flex Aut.,32000,023196-7,Flex,1,F,agosto de 2025 ,khdcz95lmtj1hl,"quarta-feira, 1 de abril de 2026 05:31",189398.0
324,1,,,32000,3,"R$ 196.400,00",Peugeot,Expert Cargo 1.5 Turbo Diesel,32000,024260-8,Diesel,1,D,agosto de 2025 ,krlwj7lxbwcb,"quarta-feira, 1 de abril de 2026 05:31",196400.0
324,1,,,32000,5,"R$ 74.795,00",Peugeot,208 Like 1.0 Flex 6V 5p Mec.,32000,024264-0,Flex,1,F,agosto de 2025 ,7l841yl6lvcz,"quinta-feira, 28 de agosto de 2025 08:47",74795.0
324,1,,,32000,5,"R$ 92.485,00",Peugeot,208 Style 1.0 Flex 6V 5p Mec.,32000,024265-9,Flex,1,F,agosto de 2025 ,cf9px5kz7vbcz,"quarta-feira, 1 de outubro de 2025 07:25",92485.0
324,1,,,32000,5,"R$ 127.990,00",Peugeot,2008 Active 1.0 Turbo Flex 5p Aut.,32000,024274-8,Flex,1,F,agosto de 2025 ,g5dc5qn5chj1hl,"quarta-feira, 1 de abril de 2026 05:31",127990.0
324,1,,,32000,3,"R$ 266.205,00",Renault,Master 2.3 dCi Furgão 16V Diesel,32000,025196-8,Diesel,1,D,agosto de 2025 ,ndf2q8j077cb,"quarta-feira, 1 de abril de 2026 05:31",266205.0
324,1,,,32000,5,"R$ 66.910,00",Renault,KWID Zen 1.0 Flex 12V 5p Mec.,32000,025266-2,Flex,1,F,agosto de 2025 ,4mt6b32mh2cz,"quinta-feira, 28 de agosto de 2025 08:48",66910.0
324,1,,,32000,5,"R$ 124.058,00",Renault,OROCH Intense 1.6 Flex 16V Mec.,32000,025312-0,Flex,1,F,agosto de 2025 ,g0sgr667rpcz,"quarta-feira, 1 de abril de 2026 05:31",124058.0
324,1,,,32000,5,"R$ 135.129,00",Renault,DUSTER Intense Plus 1.6 16V Flex Mec.,32000,025325-1,Flex,1,F,agosto de 2025 ,hfrv2ygtkxj1hl,"quarta-feira, 1 de abril de 2026 05:31",135129.0
324,1,,,32000,3,"R$ 505.652,00",RAM,3500 LARAMIE 6.7 TB CD 4x4 Diesel,32000,083007-0,Diesel,1,D,agosto de 2025 ,yf571332t7cb,"quarta-feira, 1 de abril de 2026 05:31",505652.0
324,1,,,32000,3,"R$ 242.009,00",RAM,RAMPAGE BIG HORN 2.2 TB CD 4X4 Die Aut.,32000,083026-7,Diesel,1,D,agosto de 2025 ,mg2mrpwvl2j1gy,"quinta-feira, 28 de agosto de 2025 09:46",242009.0
324,1,,,32000,1,"R$ 171.166,00",Caoa Chery,Tiggo 7 Pro Max Drive 1.6 Turbo 16V Aut.,32000,093011-3,Gasolina,1,G,agosto de 2025 ,js0pzw89tnj1f9,"quarta-feira, 1 de abril de 2026 05:31",171166.0
324,1,,,32000,5,"R$ 121.546,00",Caoa Chery,Tiggo 5X SPORT 1.5 Turbo Flex Aut.,32000,093014-8,Flex,1,F,agosto de 2025 ,gxt5cghp07j1hl,"quarta-feira, 1 de abril de 2026 05:31",121546.0
324,1,,,32000,1,"R$ 202.990,00",Caoa Chery,Tiggo 8 PRO 1.6 TGDi Aut.,32000,093018-0,Gasolina,1,G,agosto de 2025 ,k0bdv5f6qmj1f9,"quarta-feira, 1 de abril de 2026 05:31",202990.0
324,1,,,32000,6,"R$ 249.998,00",BYD,Song Plus 1.5 16V Aut. (Hibrido),32000,095005-0,Híbrido,1,H,agosto de 2025 ,msf0dx7hp1j1hx,"quarta-feira, 1 de abril de 2026 05:31",249998.0
324,1,,,32000,4,"R$ 149.997,00",BYD,Dolphin EV (Elétrico),32000,095007-6,Elétrico,1,E,agosto de 2025 ,hz58prc6g6j1g8,"quarta-feira, 1 de abril de 2026 05:31",149997.0
324,1,,,32000,4,"R$ 250.350,00",BYD,Seal (Elétrico),32000,095008-4,Elétrico,1,E,agosto de 2025 ,msvs026frrj1g8,"quinta-feira, 28 de agosto de 2025 09:09",250350.0
324,1,,,32000,4,"R$ 119.993,00",BYD,Dolphin Mini (Elétrico),32000,095010-6,Elétrico,1,E,agosto de 2025 ,gv0qh1txk2j1g8,"quinta-feira, 28 de agosto de 2025 09:09",119993.0
324,1,,,32000,6,"R$ 165.445,00",BYD,King GL 1.5 16V Aut. (Hibrido),32000,095012-2,Híbrido,1,H,agosto de 2025 ,jk9rtmhvjvj1hx,"quinta-feira, 28 de agosto de 2025 08:48",165445.0
324,1,,,32000,4,"R$ 160.200,00",BYD,Yuan Pro (Elétrico),32000,095015-7,Elétrico,1,E,agosto de 2025 ,jc43zrd06sj1g8,"quarta-feira, 1 de abril de 2026 05:31",160200.0
324,1,,,32000,6,"R$ 339.800,00",BYD,SHARK GS 1.5 16V 4x4 Aut. (Híbrido),32000,095016-5,Híbrido,1,H,agosto de 2025 ,q5q1bt9s9qj1hx,"quarta-feira, 1 de abril de 2026 05:31",339800.0
324,1,,,32000,6,"R$ 243.189,00",GWM,Haval H6 PHEV19 (Hibrido),32000,096008-0,Híbrido,1,H,agosto de 2025 ,mjgjbfjq1tj1hx,"quarta-feira, 1 de abril de 2026 05:31",243189.0
323,1,,,32000,5,"R$ 76.514,00",Fiat,MOBI LIKE 1.0 Fire Flex 5p.,32000,001461-3,Flex,1,F,julho de 2025 ,78fyzgl8htp,"quinta-feira, 28 de agosto de 2025 08:48",76514.0
323,1,,,32000,5,"R$ 91.449,00",Fiat,ARGO DRIVE 1.0 6V Flex,32000,001494-0,Flex,1,F,julho de 2025 ,cfxkcy7khncp,"quinta-feira, 28 de agosto de 2025 08:48",91449.0
323,1,,,32000,5,"R$ 114.358,00",Fiat,Fiorino Endurance EVO 1.4 Flex 8V 2p,32000,001531-8,Flex,1,F,julho de 2025 ,gndw7ppmkrp,"quinta-feira, 28 de agosto de 2025 08:48",114358.0
323,1,,,32000,5,"R$ 162.502,00",Fiat,Toro Freedom 1.3 T270 4x2 Flex Aut.,32000,001538-5,Flex,1,F,julho de 2025 ,jgvsr9ds10p,"quinta-feira, 28 de agosto de 2025 08:48",162502.0
323,1,,,32000,5,"R$ 104.400,00",Fiat,PULSE DRIVE 1.0 Turbo 200 Flex Aut.,32000,001543-1,Flex,1,F,julho de 2025 ,f8qy0drpt6p,"quinta-feira, 28 de agosto de 2025 08:48",104400.0
323,1,,,32000,3,"R$ 211.755,00",Fiat,Scudo Cargo 1.5 16V Turbo Diesel,32000,001550-4,Diesel,1,D,julho de 2025 ,lblzwm271wcb,"quarta-feira, 1 de abril de 2026 05:31",211755.0
323,1,,,32000,5,"R$ 107.257,00",Fiat,CRONOS DRIVE 1.3 8V Flex Aut.,32000,001554-7,Flex,1,F,julho de 2025 ,gc2s4svlrgp,"quinta-feira, 28 de agosto de 2025 08:48",107257.0
323,1,,,32000,5,"R$ 138.983,00",Fiat,Fastback Audace 1.0 200 T. Flex Aut,32000,001558-0,Flex,1,F,julho de 2025 ,hk8ylydwqtj1f9,"quinta-feira, 28 de agosto de 2025 08:48",138983.0
323,1,,,32000,3,"R$ 255.017,00",Fiat,Ducato Cargo 2.2 Diesel (E6),32000,001563-6,Diesel,1,D,julho de 2025 ,mzbflqmw4bj1gy,"quarta-feira, 1 de abril de 2026 05:31",255017.0
323,1,,,32000,5,"R$ 118.640,00",Fiat,Fastback 1.0 200 Turbo Flex Aut,32000,001568-7,Flex,1,F,julho de 2025 ,gtfj0hkbvvj1f9,"quarta-feira, 1 de outubro de 2025 07:25",118640.0
323,1,,,32000,5,"R$ 112.472,00",Fiat,Strada Endurance 1.3 Flex 8V CS Plus,32000,001569-5,Flex,1,F,julho de 2025 ,gk6b5rl3kwj1f9,"quinta-feira, 28 de agosto de 2025 08:48",112472.0
323,1,,,32000,5,"R$ 118.077,00",Fiat,Fiorino Endurance 1.3 Flex 8V 2p,32000,001589-0,Flex,1,F,julho de 2025 ,gsr2m65kdxj1f9,"quarta-feira, 1 de outubro de 2025 07:41",118077.0
323,1,,,32000,5,"R$ 118.318,00",Fiat,PULSE 1.0 Turbo 200  Flex Aut.,32000,001592-0,Flex,1,F,julho de 2025 ,gs1t56y3t6j1f9,"quarta-feira, 1 de outubro de 2025 07:25",118318.0
323,1,,,32000,5,"R$ 165.120,00",Toyota,Corolla XEi 2.0 Flex 16V Aut.,32000,002111-3,Flex,1,F,julho de 2025 ,jkxymjty38p,"quinta-feira, 28 de agosto de 2025 08:48",165120.0
323,1,,,32000,3,"R$ 296.492,00",Toyota,Hilux CD SR 4x4 2.8 TDI Diesel Aut.,32000,002142-3,Diesel,1,D,julho de 2025 ,pjyxsy1f6fcb,"quinta-feira, 28 de agosto de 2025 09:46",296492.0
323,1,,,32000,3,"R$ 393.662,00",Toyota,Hilux SW4 SRX 4x4 2.8 TDI 16V Dies. Aut.,32000,002146-6,Diesel,1,D,julho de 2025 ,s6wrnxyz93cb,"quarta-feira, 1 de abril de 2026 05:31",393662.0
323,1,,,32000,5,"R$ 187.388,00",Toyota,Corolla Cross XRE 2.0 16V Flex Aut.,32000,002203-9,Flex,1,F,julho de 2025 ,kd096405ygp,"quinta-feira, 28 de agosto de 2025 08:48",187388.0
323,1,,,32000,5,"R$ 107.838,00",Toyota,YARIS XL 1.5 Flex 16V 5p Aut.,32000,002207-1,Flex,1,F,julho de 2025 ,gdrxsst08qp,"quinta-feira, 28 de agosto de 2025 08:48",107838.0
323,1,,,32000,3,"R$ 294.305,00",Ford,TRANSIT Furgão 2.0 Medio Turbo Diesel,32000,003487-8,Diesel,1,D,julho de 2025 ,pgdfk8mghmj1gy,"quarta-feira, 1 de abril de 2026 05:31",294305.0
323,1,,,32000,3,"R$ 252.950,00",Ford,Ranger XL 2.0 4x4 CD Diesel Mec. ,32000,003502-5,Diesel,1,D,julho de 2025 ,mww9llc4k0j1gy,"quinta-feira, 28 de agosto de 2025 09:46",252950.0
323,1,,,32000,3,"R$ 246.784,00",GM - Chevrolet,S10 Pick-Up LT 2.8 TDI 4x4 CD Diesel Aut,32000,004395-8,Diesel,1,D,julho de 2025 ,mnn50qk9l8cb,"quinta-feira, 28 de agosto de 2025 09:46",246784.0
323,1,,,32000,5,"R$ 129.333,00",GM - Chevrolet,SPIN LT 1.8 8V Econo.Flex 5p Mec.,32000,004414-8,Flex,1,F,julho de 2025 ,g6y6dx6fr1p,"quarta-feira, 1 de abril de 2026 05:31",129333.0
323,1,,,32000,5,"R$ 155.915,00",GM - Chevrolet,SPIN PREMIER 1.8 8V Econo.Flex 5p Aut.,32000,004494-6,Flex,1,F,julho de 2025 ,h64ct3zb5yp,"quinta-feira, 28 de agosto de 2025 08:48",155915.0
323,1,,,32000,5,"R$ 117.854,00",GM - Chevrolet,ONIX SEDAN Plus LT 1.0 12V TB Flex Aut.,32000,004501-2,Flex,1,F,julho de 2025 ,gshzczt5dtp,"quinta-feira, 28 de agosto de 2025 08:48",117854.0
323,1,,,32000,5,"R$ 97.854,00",GM - Chevrolet,ONIX HATCH LT 1.0 12V Flex 5p Mec.,32000,004517-9,Flex,1,F,julho de 2025 ,cjbndpfhvtcp,"quinta-feira, 28 de agosto de 2025 08:48",97854.0
323,1,,,32000,5,"R$ 183.399,00",GM - Chevrolet,TRACKER Premier 1.2 Turbo 12V Flex Aut.,32000,004525-0,Flex,1,F,julho de 2025 ,j8cblm9dpvp,"quinta-feira, 28 de agosto de 2025 08:48",183399.0
323,1,,,32000,5,"R$ 155.578,00",GM - Chevrolet,MONTANA LTZ 1.2 Turbo Flex 12V 4p Aut.,32000,004541-1,Flex,1,F,julho de 2025 ,h6q33wcd8dj1f9,"quinta-feira, 28 de agosto de 2025 08:48",155578.0
323,1,,,32000,3,"R$ 287.627,00",GM - Chevrolet,S10 Pick-Up WT 2.8 TDI 4x4 CD Diesel Aut,32000,004550-0,Diesel,1,D,julho de 2025 ,n6kp3jbr12j1gy,"quarta-feira, 1 de outubro de 2025 07:25",287627.0
323,1,,,32000,3,"R$ 325.442,00",VW - VolksWagen,AMAROK Highline CD 3.0 4x4 TB Dies. Aut.,32000,005483-6,Diesel,1,D,julho de 2025 ,qmw5c1dp91cb,"quarta-feira, 1 de abril de 2026 05:31",325442.0
323,1,,,32000,5,"R$ 147.356,00",VW - VolksWagen,VIRTUS Highline 200 TSI 1.0 Flex 12V Aut,32000,005484-4,Flex,1,F,julho de 2025 ,hw28x3hm0cp,"quinta-feira, 28 de agosto de 2025 08:48",147356.0
323,1,,,32000,5,"R$ 169.910,00",VW - VolksWagen,T-Cross Comfor. 200 TSI 1.0 Flex 5p Aut.,32000,005509-3,Flex,1,F,julho de 2025 ,jrj1shttn6j1f9,"quinta-feira, 28 de agosto de 2025 08:48",169910.0
323,1,,,32000,5,"R$ 158.360,00",VW - VolksWagen,Nivus Highline 1.0 200 TSI Flex Aut.,32000,005526-3,Flex,1,F,julho de 2025 ,h9z7rlcjxrp,"quinta-feira, 28 de agosto de 2025 08:48",158360.0
323,1,,,32000,5,"R$ 227.022,00",VW - VolksWagen,TAOS Highline 1.4 250 TSI Flex Aut.,32000,005528-0,Flex,1,F,julho de 2025 ,lxhw1832dsp,"quarta-feira, 1 de abril de 2026 05:31",227022.0
323,1,,,32000,5,"R$ 123.885,00",VW - VolksWagen,Saveiro Robust 1.6 Total Flex 16V CD,32000,005537-9,Flex,1,F,julho de 2025 ,g0k5vcmz2jj1f9,"quinta-feira, 28 de agosto de 2025 08:48",123885.0
323,1,,,32000,5,"R$ 93.456,00",VW - VolksWagen,Polo Track 1.0 Flex 12V 5p,32000,005540-9,Flex,1,F,julho de 2025 ,cgn2vyp3mc3p,"quinta-feira, 28 de agosto de 2025 08:48",93456.0
323,1,,,32000,5,"R$ 118.450,00",VW - VolksWagen,Tera 1.0 170 TSI Flex 12V 5p Mec.,32000,005554-9,Flex,1,F,julho de 2025 ,gs6mxw6g8gj1f9,"quarta-feira, 1 de abril de 2026 05:31",118450.0
323,1,,,32000,1,"R$ 320.996,00",BMW,X1 SDRIVE 20i GP 2.0 TB Aut.,32000,009323-8,Gasolina,1,G,julho de 2025 ,qgpktrnr33j1f9,"quarta-feira, 1 de abril de 2026 05:31",320996.0
323,1,,,32000,5,"R$ 80.818,00",Citroën,C3 Live Pack 1.0 Flex 6V 5p Mec.,32000,011223-2,Flex,1,F,julho de 2025 ,9wxbj0pdzwp,"quinta-feira, 28 de agosto de 2025 08:48",80818.0
323,1,,,32000,5,"R$ 93.314,00",Citroën,BASALT Feel 1.0 Flex 6V 5p Mec.,32000,011238-0,Flex,1,F,julho de 2025 ,cgmd7yxls0lp,"quarta-feira, 1 de abril de 2026 05:31",93314.0
323,1,,,32000,5,"R$ 118.375,00",Honda,CITY Sedan LX 1.5 Flex 16V 4p Aut.,32000,014059-7,Flex,1,F,julho de 2025 ,gs3xd6pg6cp,"quinta-feira, 28 de agosto de 2025 08:48",118375.0
323,1,,,32000,5,"R$ 193.837,00",Honda,HR-V Advance 1.5  Flex TB 16V 5p Aut.,32000,014111-9,Flex,1,F,julho de 2025 ,knlqn1ckvnj1f9,"quinta-feira, 28 de agosto de 2025 08:48",193837.0
323,1,,,32000,5,"R$ 118.397,00",Honda,CITY Hatchback LX 1.5 Flex 16V Aut.,32000,014116-0,Flex,1,F,julho de 2025 ,gs4p6m4jkhj1f9,"quinta-feira, 28 de agosto de 2025 09:09",118397.0
323,1,,,32000,5,"R$ 145.046,00",Hyundai,Creta Comfort 1.0 TB 12V Flex Aut.,32000,015200-5,Flex,1,F,julho de 2025 ,htc933zpfmp,"quarta-feira, 1 de outubro de 2025 07:25",145046.0
323,1,,,32000,5,"R$ 101.184,00",Hyundai,HB20S Comfort Plus 1.0 Flex 12V Mec.,32000,015239-0,Flex,1,F,julho de 2025 ,f4y2b93wslj1f9,"quarta-feira, 1 de outubro de 2025 07:25",101184.0
323,1,,,32000,5,"R$ 115.762,00",Hyundai,HB20S Comfort Plus 1.0 TB Flex 12V Aut,32000,015240-4,Flex,1,F,julho de 2025 ,gp1x6lfq51j1f9,"quinta-feira, 28 de agosto de 2025 08:48",115762.0
323,1,,,32000,5,"R$ 139.629,00",Hyundai,Creta Comfort Plus 1.0 TB 12V Flex Aut.,32000,015244-7,Flex,1,F,julho de 2025 ,hl1fhb7gs3j1f9,"quinta-feira, 28 de agosto de 2025 08:48",139629.0
323,1,,,32000,5,"R$ 93.006,00",Hyundai,HB20 Comfort Plus 1.0 Flex 12V Mec.,32000,015245-5,Flex,1,F,julho de 2025 ,cghs9j8bn56p,"quinta-feira, 28 de agosto de 2025 08:48",93006.0
323,1,,,32000,5,"R$ 207.949,00",Jeep,COMPASS LONG. T270 1.3 TB 4x2 Flex Aut.,32000,017071-2,Flex,1,F,julho de 2025 ,k54nf60nk5p,"quinta-feira, 28 de agosto de 2025 08:48",207949.0
323,1,,,32000,5,"R$ 250.275,00",Jeep,Commander Limited T270 1.3 TB Flex Aut.,32000,017081-0,Flex,1,F,julho de 2025 ,msr2jc3m3mp,"quarta-feira, 1 de abril de 2026 05:31",250275.0
323,1,,,32000,5,"R$ 130.060,00",Jeep,Renegade Sport T270 1.3 TB 4x2 Flex Aut.,32000,017085-2,Flex,1,F,julho de 2025 ,g7tmkm6ywwp,"quarta-feira, 1 de abril de 2026 05:31",130060.0
323,1,,,32000,3,"R$ 288.617,00",Mitsubishi,Triton HPE 2.4 CD 4x4 TB Diesel Aut.,32000,022213-5,Diesel,1,D,julho de 2025 ,n7qplnmqw5j1gy,"quarta-feira, 1 de abril de 2026 05:31",288617.0
323,1,,,32000,3,"R$ 262.507,00",Nissan,Frontier ATTAC.CD 4x4 2.3 Bi-TB Die. Aut,32000,023160-6,Diesel,1,D,julho de 2025 ,m73nz6dk7kcb,"quarta-feira, 1 de abril de 2026 05:32",262507.0
323,1,,,32000,5,"R$ 142.823,00",Nissan,VERSA Exclusive 1.6 16V Flex Aut.,32000,023174-6,Flex,1,F,julho de 2025 ,hqsjbzytdyp,"quinta-feira, 28 de agosto de 2025 08:48",142823.0
323,1,,,32000,5,"R$ 118.408,00",Nissan,KICKS Active 1.6 16V Flex Aut.,32000,023186-0,Flex,1,F,julho de 2025 ,gs43lv18yqj1f9,"quinta-feira, 28 de agosto de 2025 08:48",118408.0
323,1,,,32000,1,"R$ 170.315,00",Nissan,Sentra Advance 2.0 16V Aut.,32000,023187-8,Gasolina,1,G,julho de 2025 ,jr0r3xvpwgj1f9,"quinta-feira, 28 de agosto de 2025 08:48",170315.0
323,1,,,32000,5,"R$ 189.398,00",Nissan,KICKS Exclusive1.0 Turbo Flex Aut.,32000,023196-7,Flex,1,F,julho de 2025 ,khdcz8201rj1f9,"quarta-feira, 1 de abril de 2026 05:32",189398.0
323,1,,,32000,3,"R$ 193.226,00",Peugeot,Expert Cargo 1.5 Turbo Diesel,32000,024260-8,Diesel,1,D,julho de 2025 ,kmwh65x1dmcb,"quarta-feira, 1 de abril de 2026 05:32",193226.0
323,1,,,32000,5,"R$ 75.895,00",Peugeot,208 Like 1.0 Flex 6V 5p Mec.,32000,024264-0,Flex,1,F,julho de 2025 ,705zcb9gcmp,"quinta-feira, 28 de agosto de 2025 08:48",75895.0
323,1,,,32000,5,"R$ 94.955,00",Peugeot,208 Style 1.0 Flex 6V 5p Mec.,32000,024265-9,Flex,1,F,julho de 2025 ,cg7np06p482p,"quarta-feira, 1 de outubro de 2025 07:25",94955.0
323,1,,,32000,5,"R$ 129.075,00",Peugeot,2008 Active 1.0 Turbo Flex 5p Aut.,32000,024274-8,Flex,1,F,julho de 2025 ,g6ntp310vfj1f9,"quarta-feira, 1 de abril de 2026 05:32",129075.0
323,1,,,32000,3,"R$ 252.016,00",Renault,Master 2.3 dCi Furgão 16V Diesel,32000,025196-8,Diesel,1,D,julho de 2025 ,mvtb6h5gttcb,"quarta-feira, 1 de abril de 2026 05:32",252016.0
323,1,,,32000,5,"R$ 69.741,00",Renault,KWID Zen 1.0 Flex 12V 5p Mec.,32000,025266-2,Flex,1,F,julho de 2025 ,5p05s0lcz1p,"quinta-feira, 28 de agosto de 2025 08:48",69741.0
323,1,,,32000,5,"R$ 123.346,00",Renault,OROCH Intense 1.6 Flex 16V Mec.,32000,025312-0,Flex,1,F,julho de 2025 ,gzyljfp404p,"quarta-feira, 1 de abril de 2026 05:32",123346.0
323,1,,,32000,5,"R$ 132.181,00",Renault,DUSTER Intense Plus 1.6 16V Flex Mec.,32000,025325-1,Flex,1,F,julho de 2025 ,g99qdydpr9j1f9,"quarta-feira, 1 de abril de 2026 05:32",132181.0
323,1,,,32000,3,"R$ 505.147,00",RAM,3500 LARAMIE 6.7 TB CD 4x4 Diesel,32000,083007-0,Diesel,1,D,julho de 2025 ,yflw1qr7gjcb,"quarta-feira, 1 de abril de 2026 05:32",505147.0
323,1,,,32000,3,"R$ 241.768,00",RAM,RAMPAGE BIG HORN 2.2 TB CD 4X4 Die Aut.,32000,083026-7,Diesel,1,D,julho de 2025 ,mgsv6n0rzmj1gy,"quinta-feira, 28 de agosto de 2025 09:46",241768.0
323,1,,,32000,1,"R$ 170.347,00",Caoa Chery,Tiggo 7 Pro Max Drive 1.6 Turbo 16V Aut.,32000,093011-3,Gasolina,1,G,julho de 2025 ,jr1x5nvgcwj1f9,"quarta-feira, 1 de abril de 2026 05:32",170347.0
323,1,,,32000,5,"R$ 120.878,00",Caoa Chery,Tiggo 5X SPORT 1.5 Turbo Flex Aut.,32000,093014-8,Flex,1,F,julho de 2025 ,gw1wpkqq8dj1f9,"quarta-feira, 1 de abril de 2026 05:32",120878.0
323,1,,,32000,1,"R$ 200.212,00",Caoa Chery,Tiggo 8 PRO 1.6 TGDi Aut.,32000,093018-0,Gasolina,1,G,julho de 2025 ,kw2fq5hhdrj1f9,"quarta-feira, 1 de abril de 2026 05:32",200212.0
323,1,,,32000,6,"R$ 225.021,00",BYD,Song Plus 1.5 16V Aut. (Hibrido),32000,095005-0,Híbrido,1,H,julho de 2025 ,lt45fgk5nmj1f9,"quarta-feira, 1 de abril de 2026 05:32",225021.0
323,1,,,32000,4,"R$ 149.585,00",BYD,Dolphin EV (Elétrico),32000,095007-6,Elétrico,1,E,julho de 2025 ,hzp9gsljnhj1f9,"quarta-feira, 1 de abril de 2026 05:32",149585.0
323,1,,,32000,4,"R$ 255.900,00",BYD,Seal (Elétrico),32000,095008-4,Elétrico,1,E,julho de 2025 ,m0cjjdz186j1f9,"quinta-feira, 28 de agosto de 2025 09:09",255900.0
323,1,,,32000,4,"R$ 120.321,00",BYD,Dolphin Mini (Elétrico),32000,095010-6,Elétrico,1,E,julho de 2025 ,gwdm2v6x69j1f9,"quinta-feira, 28 de agosto de 2025 09:09",120321.0
323,1,,,32000,6,"R$ 164.450,00",BYD,King GL 1.5 16V Aut. (Hibrido),32000,095012-2,Híbrido,1,H,julho de 2025 ,jj4lps2g77j1f9,"quinta-feira, 28 de agosto de 2025 08:48",164450.0
323,1,,,32000,4,"R$ 167.890,00",BYD,Yuan Pro (Elétrico),32000,095015-7,Elétrico,1,E,julho de 2025 ,jn5mq1ry2rj1f9,"quarta-feira, 1 de abril de 2026 05:32",167890.0
323,1,,,32000,6,"R$ 342.990,00",BYD,SHARK GS 1.5 16V 4x4 Aut. (Híbrido),32000,095016-5,Híbrido,1,H,julho de 2025 ,q9gzppthp3j1f9,"quarta-feira, 1 de abril de 2026 05:32",342990.0
323,1,,,32000,6,"R$ 244.799,00",GWM,Haval H6 PHEV19 (Hibrido),32000,096008-0,Híbrido,1,H,julho de 2025 ,mlb1dsfkvqj1f9,"quarta-feira, 1 de abril de 2026 05:32",244799.0
322,1,,,32000,5,"R$ 76.409,00",Fiat,MOBI LIKE 1.0 Fire Flex 5p.,32000,001461-3,Flex,1,F,junho de 2025 ,766sv6rm07p,"quinta-feira, 28 de agosto de 2025 08:48",76409.0
322,1,,,32000,5,"R$ 91.825,00",Fiat,ARGO DRIVE 1.0 6V Flex,32000,001494-0,Flex,1,F,junho de 2025 ,cf1y1kkdctcp,"quinta-feira, 28 de agosto de 2025 08:48",91825.0
322,1,,,32000,5,"R$ 114.627,00",Fiat,Fiorino Endurance EVO 1.4 Flex 8V 2p,32000,001531-8,Flex,1,F,junho de 2025 ,gnqpbn4rcjp,"quinta-feira, 28 de agosto de 2025 08:48",114627.0
322,1,,,32000,5,"R$ 162.312,00",Fiat,Toro Freedom 1.3 T270 4x2 Flex Aut.,32000,001538-5,Flex,1,F,junho de 2025 ,jgmwpny4gwp,"quinta-feira, 28 de agosto de 2025 08:48",162312.0
322,1,,,32000,5,"R$ 105.485,00",Fiat,PULSE DRIVE 1.0 Turbo 200 Flex Aut.,32000,001543-1,Flex,1,F,junho de 2025 ,f90djs4j94p,"quinta-feira, 28 de agosto de 2025 08:49",105485.0
322,1,,,32000,3,"R$ 212.715,00",Fiat,Scudo Cargo 1.5 16V Turbo Diesel,32000,001550-4,Diesel,1,D,junho de 2025 ,lcqwkvx0q9cb,"quarta-feira, 1 de abril de 2026 05:32",212715.0
322,1,,,32000,5,"R$ 106.903,00",Fiat,CRONOS DRIVE 1.3 8V Flex Aut.,32000,001554-7,Flex,1,F,junho de 2025 ,gcnx8q5m1pp,"quinta-feira, 28 de agosto de 2025 08:49",106903.0
322,1,,,32000,5,"R$ 139.382,00",Fiat,Fastback Audace 1.0 200 T. Flex Aut,32000,001558-0,Flex,1,F,junho de 2025 ,hlrf5rg0ypj1f9,"quinta-feira, 28 de agosto de 2025 08:49",139382.0
322,1,,,32000,3,"R$ 257.862,00",Fiat,Ducato Cargo 2.2 Diesel (E6),32000,001563-6,Diesel,1,D,junho de 2025 ,m2nt6xvvynj1gy,"quarta-feira, 1 de abril de 2026 05:32",257862.0
322,1,,,32000,5,"R$ 118.650,00",Fiat,Fastback 1.0 200 Turbo Flex Aut,32000,001568-7,Flex,1,F,junho de 2025 ,gtfw8rlmjyj1f9,"quarta-feira, 1 de outubro de 2025 07:25",118650.0
322,1,,,32000,5,"R$ 111.367,00",Fiat,Strada Endurance 1.3 Flex 8V CS Plus,32000,001569-5,Flex,1,F,junho de 2025 ,gjw53ptfdhj1f9,"quinta-feira, 28 de agosto de 2025 08:49",111367.0
322,1,,,32000,5,"R$ 118.744,00",Fiat,Fiorino Endurance 1.3 Flex 8V 2p,32000,001589-0,Flex,1,F,junho de 2025 ,gtj953y583j1f9,"quarta-feira, 1 de outubro de 2025 07:41",118744.0
322,1,,,32000,5,"R$ 162.172,00",Toyota,Corolla XEi 2.0 Flex 16V Aut.,32000,002111-3,Flex,1,F,junho de 2025 ,jggsyjrvbnp,"quinta-feira, 28 de agosto de 2025 08:49",162172.0
322,1,,,32000,3,"R$ 297.328,00",Toyota,Hilux CD SR 4x4 2.8 TDI Diesel Aut.,32000,002142-3,Diesel,1,D,junho de 2025 ,pkx9rx39tvcb,"quinta-feira, 28 de agosto de 2025 09:46",297328.0
322,1,,,32000,3,"R$ 390.129,00",Toyota,Hilux SW4 SRX 4x4 2.8 TDI 16V Dies. Aut.,32000,002146-6,Diesel,1,D,junho de 2025 ,s2rbt6mtmkcb,"quarta-feira, 1 de abril de 2026 05:32",390129.0
322,1,,,32000,5,"R$ 184.671,00",Toyota,Corolla Cross XRE 2.0 16V Flex Aut.,32000,002203-9,Flex,1,F,junho de 2025 ,j9vktvmqx2p,"quinta-feira, 28 de agosto de 2025 08:49",184671.0
322,1,,,32000,5,"R$ 108.653,00",Toyota,YARIS XL 1.5 Flex 16V 5p Aut.,32000,002207-1,Flex,1,F,junho de 2025 ,gfqj27v0m9p,"quinta-feira, 28 de agosto de 2025 08:49",108653.0
322,1,,,32000,3,"R$ 286.500,00",Ford,TRANSIT Furgão 2.0 Medio Turbo Diesel,32000,003487-8,Diesel,1,D,junho de 2025 ,n47q70n4x5j1gy,"quarta-feira, 1 de abril de 2026 05:32",286500.0
322,1,,,32000,3,"R$ 255.020,00",Ford,Ranger XL 2.0 4x4 CD Diesel Mec. ,32000,003502-5,Diesel,1,D,junho de 2025 ,mzbjzgzyhbj1gy,"quinta-feira, 28 de agosto de 2025 09:46",255020.0
322,1,,,32000,3,"R$ 246.873,00",GM - Chevrolet,S10 Pick-Up LT 2.8 TDI 4x4 CD Diesel Aut,32000,004395-8,Diesel,1,D,junho de 2025 ,mnsd9ds5n4cb,"quinta-feira, 28 de agosto de 2025 09:46",246873.0
322,1,,,32000,5,"R$ 126.404,00",GM - Chevrolet,SPIN LT 1.8 8V Econo.Flex 5p Mec.,32000,004414-8,Flex,1,F,junho de 2025 ,g3jq4lktr7p,"quarta-feira, 1 de abril de 2026 05:32",126404.0
322,1,,,32000,5,"R$ 151.875,00",GM - Chevrolet,SPIN PREMIER 1.8 8V Econo.Flex 5p Aut.,32000,004494-6,Flex,1,F,junho de 2025 ,h2djq5rh7qp,"quinta-feira, 28 de agosto de 2025 08:49",151875.0
322,1,,,32000,5,"R$ 120.767,00",GM - Chevrolet,ONIX SEDAN Plus LT 1.0 12V TB Flex Aut.,32000,004501-2,Flex,1,F,junho de 2025 ,gwxvmc9pl7p,"quinta-feira, 28 de agosto de 2025 08:49",120767.0
322,1,,,32000,5,"R$ 100.033,00",GM - Chevrolet,ONIX HATCH LT 1.0 12V Flex 5p Mec.,32000,004517-9,Flex,1,F,junho de 2025 ,f3l7gjs3vtp,"quinta-feira, 28 de agosto de 2025 08:49",100033.0
322,1,,,32000,5,"R$ 183.840,00",GM - Chevrolet,TRACKER Premier 1.2 Turbo 12V Flex Aut.,32000,004525-0,Flex,1,F,junho de 2025 ,j8wchhg9fdp,"quinta-feira, 28 de agosto de 2025 08:49",183840.0
322,1,,,32000,5,"R$ 156.347,00",GM - Chevrolet,MONTANA LTZ 1.2 Turbo Flex 12V 4p Aut.,32000,004541-1,Flex,1,F,junho de 2025 ,h7m2lk0w67j1f9,"quinta-feira, 28 de agosto de 2025 08:49",156347.0
322,1,,,32000,3,"R$ 282.125,00",GM - Chevrolet,S10 Pick-Up WT 2.8 TDI 4x4 CD Diesel Aut,32000,004550-0,Diesel,1,D,junho de 2025 ,nz3qprcv68j1gy,"quarta-feira, 1 de outubro de 2025 07:25",282125.0
322,1,,,32000,3,"R$ 324.335,00",VW - VolksWagen,AMAROK Highline CD 3.0 4x4 TB Dies. Aut.,32000,005483-6,Diesel,1,D,junho de 2025 ,qllx13znpmcb,"quarta-feira, 1 de abril de 2026 05:32",324335.0
322,1,,,32000,5,"R$ 151.858,00",VW - VolksWagen,VIRTUS Highline 200 TSI 1.0 Flex 12V Aut,32000,005484-4,Flex,1,F,junho de 2025 ,h2cxlcwpbxp,"quinta-feira, 28 de agosto de 2025 08:49",151858.0
322,1,,,32000,5,"R$ 169.555,00",VW - VolksWagen,T-Cross Comfor. 200 TSI 1.0 Flex 5p Aut.,32000,005509-3,Flex,1,F,junho de 2025 ,jq34sjbn7xj1f9,"quinta-feira, 28 de agosto de 2025 08:49",169555.0
322,1,,,32000,5,"R$ 158.138,00",VW - VolksWagen,Nivus Highline 1.0 200 TSI Flex Aut.,32000,005526-3,Flex,1,F,junho de 2025 ,h9q5l6xy23p,"quinta-feira, 28 de agosto de 2025 08:49",158138.0
322,1,,,32000,5,"R$ 232.958,00",VW - VolksWagen,TAOS Highline 1.4 250 TSI Flex Aut.,32000,005528-0,Flex,1,F,junho de 2025 ,l4gnhchz9gp,"quarta-feira, 1 de abril de 2026 05:32",232958.0
322,1,,,32000,5,"R$ 123.001,00",VW - VolksWagen,Saveiro Robust 1.6 Total Flex 16V CD,32000,005537-9,Flex,1,F,junho de 2025 ,gzj1sqc4d6j1f9,"quinta-feira, 28 de agosto de 2025 08:49",123001.0
322,1,,,32000,5,"R$ 95.018,00",VW - VolksWagen,Polo Track 1.0 Flex 12V 5p,32000,005540-9,Flex,1,F,junho de 2025 ,cg8dlv238sdp,"quinta-feira, 28 de agosto de 2025 08:49",95018.0
322,1,,,32000,5,"R$ 118.450,00",VW - VolksWagen,Tera 1.0 170 TSI Flex 12V 5p Mec.,32000,005554-9,Flex,1,F,junho de 2025 ,gs6mxv3xpdj1f9,"quarta-feira, 1 de abril de 2026 05:32",118450.0
322,1,,,32000,1,"R$ 320.241,00",BMW,X1 SDRIVE 20i GP 2.0 TB Aut.,32000,009323-8,Gasolina,1,G,junho de 2025 ,qfs33z6q5cj1f9,"quarta-feira, 1 de abril de 2026 05:32",320241.0
322,1,,,32000,5,"R$ 79.833,00",Citroën,C3 Live Pack 1.0 Flex 6V 5p Mec.,32000,011223-2,Flex,1,F,junho de 2025 ,9jb9zrl7vcp,"quinta-feira, 28 de agosto de 2025 08:49",79833.0
322,1,,,32000,5,"R$ 93.547,00",Citroën,BASALT Feel 1.0 Flex 6V 5p Mec.,32000,011238-0,Flex,1,F,junho de 2025 ,cgp4x84pjjjp,"quarta-feira, 1 de abril de 2026 05:32",93547.0
322,1,,,32000,5,"R$ 118.376,00",Honda,CITY Sedan LX 1.5 Flex 16V 4p Aut.,32000,014059-7,Flex,1,F,junho de 2025 ,gs3yj3d3btp,"quinta-feira, 28 de agosto de 2025 08:49",118376.0
322,1,,,32000,5,"R$ 193.593,00",Honda,HR-V Advance 1.5  Flex TB 16V 5p Aut.,32000,014111-9,Flex,1,F,junho de 2025 ,km9vq61x1nj1f9,"quinta-feira, 28 de agosto de 2025 08:49",193593.0
322,1,,,32000,5,"R$ 118.403,00",Honda,CITY Hatchback LX 1.5 Flex 16V Aut.,32000,014116-0,Flex,1,F,junho de 2025 ,gs4xy5x2bjj1f9,"quinta-feira, 28 de agosto de 2025 09:09",118403.0
322,1,,,32000,5,"R$ 152.429,00",Hyundai,Creta Comfort 1.0 TB 12V Flex Aut.,32000,015200-5,Flex,1,F,junho de 2025 ,h21ny2xw94p,"quarta-feira, 1 de outubro de 2025 07:25",152429.0
322,1,,,32000,5,"R$ 100.686,00",Hyundai,HB20S Comfort Plus 1.0 Flex 12V Mec.,32000,015239-0,Flex,1,F,junho de 2025 ,f4cy7fgbhhj1f9,"quarta-feira, 1 de outubro de 2025 07:25",100686.0
322,1,,,32000,5,"R$ 115.325,00",Hyundai,HB20S Comfort Plus 1.0 TB Flex 12V Aut,32000,015240-4,Flex,1,F,junho de 2025 ,gpj1tdbf6fj1f9,"quinta-feira, 28 de agosto de 2025 08:49",115325.0
322,1,,,32000,5,"R$ 139.363,00",Hyundai,Creta Comfort Plus 1.0 TB 12V Flex Aut.,32000,015244-7,Flex,1,F,junho de 2025 ,hlqrr21r0rj1f9,"quinta-feira, 28 de agosto de 2025 08:49",139363.0
322,1,,,32000,5,"R$ 91.929,00",Hyundai,HB20 Comfort Plus 1.0 Flex 12V Mec.,32000,015245-5,Flex,1,F,junho de 2025 ,cf25vcxvktvp,"quinta-feira, 28 de agosto de 2025 08:49",91929.0
322,1,,,32000,5,"R$ 208.238,00",Jeep,COMPASS LONG. T270 1.3 TB 4x2 Flex Aut.,32000,017071-2,Flex,1,F,junho de 2025 ,k6g42sqgw8p,"quinta-feira, 28 de agosto de 2025 08:49",208238.0
322,1,,,32000,5,"R$ 250.834,00",Jeep,Commander Limited T270 1.3 TB Flex Aut.,32000,017081-0,Flex,1,F,junho de 2025 ,mtfdcw5bj2p,"quarta-feira, 1 de abril de 2026 05:32",250834.0
322,1,,,32000,5,"R$ 137.660,00",Jeep,Renegade Sport T270 1.3 TB 4x2 Flex Aut.,32000,017085-2,Flex,1,F,junho de 2025 ,hjqvw9f8ddp,"quarta-feira, 1 de abril de 2026 05:32",137660.0
322,1,,,32000,3,"R$ 287.426,00",Mitsubishi,Triton HPE 2.4 CD 4x4 TB Diesel Aut.,32000,022213-5,Diesel,1,D,junho de 2025 ,n6bdmny48dj1gy,"quarta-feira, 1 de abril de 2026 05:32",287426.0
322,1,,,32000,3,"R$ 266.798,00",Nissan,Frontier ATTAC.CD 4x4 2.3 Bi-TB Die. Aut,32000,023160-6,Diesel,1,D,junho de 2025 ,nd4mxccm96cb,"quarta-feira, 1 de abril de 2026 05:32",266798.0
322,1,,,32000,5,"R$ 141.726,00",Nissan,VERSA Exclusive 1.6 16V Flex Aut.,32000,023174-6,Flex,1,F,junho de 2025 ,hphm9cnl1pp,"quinta-feira, 28 de agosto de 2025 08:49",141726.0
322,1,,,32000,5,"R$ 118.810,00",Nissan,KICKS Active 1.6 16V Flex Aut.,32000,023186-0,Flex,1,F,junho de 2025 ,gtmqkgkzb4j1f9,"quinta-feira, 28 de agosto de 2025 08:49",118810.0
322,1,,,32000,1,"R$ 171.897,00",Nissan,Sentra Advance 2.0 16V Aut.,32000,023187-8,Gasolina,1,G,junho de 2025 ,jtv8m70cbxj1f9,"quinta-feira, 28 de agosto de 2025 08:49",171897.0
322,1,,,32000,3,"R$ 190.290,00",Peugeot,Expert Cargo 1.5 Turbo Diesel,32000,024260-8,Diesel,1,D,junho de 2025 ,kjfs2bl396cb,"quarta-feira, 1 de abril de 2026 05:32",190290.0
322,1,,,32000,5,"R$ 76.166,00",Peugeot,208 Like 1.0 Flex 6V 5p Mec.,32000,024264-0,Flex,1,F,junho de 2025 ,74cgvr3cwpp,"quinta-feira, 28 de agosto de 2025 08:49",76166.0
322,1,,,32000,5,"R$ 94.156,00",Peugeot,208 Style 1.0 Flex 6V 5p Mec.,32000,024265-9,Flex,1,F,junho de 2025 ,cgx887pqk3kp,"quarta-feira, 1 de outubro de 2025 07:25",94156.0
322,1,,,32000,5,"R$ 127.758,00",Peugeot,2008 Active 1.0 Turbo Flex 5p Aut.,32000,024274-8,Flex,1,F,junho de 2025 ,g43yr005pmj1f9,"quarta-feira, 1 de abril de 2026 05:32",127758.0
322,1,,,32000,3,"R$ 250.897,00",Renault,Master 2.3 dCi Furgão 16V Diesel,32000,025196-8,Diesel,1,D,junho de 2025 ,mthpcfz6g6cb,"quarta-feira, 1 de abril de 2026 05:33",250897.0
322,1,,,32000,5,"R$ 72.100,00",Renault,KWID Zen 1.0 Flex 12V 5p Mec.,32000,025266-2,Flex,1,F,junho de 2025 ,6lplyzh76wp,"quinta-feira, 28 de agosto de 2025 08:49",72100.0
322,1,,,32000,5,"R$ 122.628,00",Renault,OROCH Intense 1.6 Flex 16V Mec.,32000,025312-0,Flex,1,F,junho de 2025 ,gy3hh19yyhp,"quarta-feira, 1 de abril de 2026 05:33",122628.0
322,1,,,32000,5,"R$ 132.371,00",Renault,DUSTER Intense Plus 1.6 16V Flex Mec.,32000,025325-1,Flex,1,F,junho de 2025 ,hbjmhhn659j1f9,"quarta-feira, 1 de abril de 2026 05:33",132371.0
322,1,,,32000,3,"R$ 506.506,00",RAM,3500 LARAMIE 6.7 TB CD 4x4 Diesel,32000,083007-0,Diesel,1,D,junho de 2025 ,yg589srpywcb,"quarta-feira, 1 de abril de 2026 05:33",506506.0
322,1,,,32000,3,"R$ 239.000,00",RAM,RAMPAGE BIG HORN 2.2 TB CD 4X4 Die Aut.,32000,083026-7,Diesel,1,D,junho de 2025 ,mcj8by5wxxj1gy,"quinta-feira, 28 de agosto de 2025 09:46",239000.0
322,1,,,32000,1,"R$ 170.993,00",Caoa Chery,Tiggo 7 Pro Max Drive 1.6 Turbo 16V Aut.,32000,093011-3,Gasolina,1,G,junho de 2025 ,jstd11k6z7j1f9,"quarta-feira, 1 de abril de 2026 05:33",170993.0
322,1,,,32000,5,"R$ 120.997,00",Caoa Chery,Tiggo 5X SPORT 1.5 Turbo Flex Aut.,32000,093014-8,Flex,1,F,junho de 2025 ,gw56r3943rj1f9,"quarta-feira, 1 de abril de 2026 05:33",120997.0
322,1,,,32000,1,"R$ 201.147,00",Caoa Chery,Tiggo 8 PRO 1.6 TGDi Aut.,32000,093018-0,Gasolina,1,G,junho de 2025 ,kx5d740mx8j1f9,"quarta-feira, 1 de abril de 2026 05:33",201147.0
322,1,,,32000,6,"R$ 232.100,00",BYD,Song Plus 1.5 16V Aut. (Hibrido),32000,095005-0,Híbrido,1,H,junho de 2025 ,l3ggqwj7q7j1f9,"quarta-feira, 1 de abril de 2026 05:33",232100.0
322,1,,,32000,4,"R$ 149.735,00",BYD,Dolphin EV (Elétrico),32000,095007-6,Elétrico,1,E,junho de 2025 ,hzwrg5cn0vj1f9,"quarta-feira, 1 de abril de 2026 05:33",149735.0
322,1,,,32000,4,"R$ 274.941,00",BYD,Seal (Elétrico),32000,095008-4,Elétrico,1,E,junho de 2025 ,nqpl2p0rprj1f9,"quinta-feira, 28 de agosto de 2025 09:09",274941.0
322,1,,,32000,4,"R$ 118.868,00",BYD,Dolphin Mini (Elétrico),32000,095010-6,Elétrico,1,E,junho de 2025 ,gtptxcpy89j1f9,"quinta-feira, 28 de agosto de 2025 09:09",118868.0
322,1,,,32000,6,"R$ 165.510,00",BYD,King GL 1.5 16V Aut. (Hibrido),32000,095012-2,Híbrido,1,H,junho de 2025 ,jlc31y4qk8j1f9,"quinta-feira, 28 de agosto de 2025 08:49",165510.0
322,1,,,32000,4,"R$ 176.320,00",BYD,Yuan Pro (Elétrico),32000,095015-7,Elétrico,1,E,junho de 2025 ,jz10839lfnj1f9,"quarta-feira, 1 de abril de 2026 05:33",176320.0
322,1,,,32000,6,"R$ 359.822,00",BYD,SHARK GS 1.5 16V 4x4 Aut. (Híbrido),32000,095016-5,Híbrido,1,H,junho de 2025 ,rx6r7v64njj1f9,"quarta-feira, 1 de abril de 2026 05:33",359822.0
322,1,,,32000,6,"R$ 245.009,00",GWM,Haval H6 PHEV19 (Hibrido),32000,096008-0,Híbrido,1,H,junho de 2025 ,mlln0xyss1j1f9,"quarta-feira, 1 de abril de 2026 05:33",245009.0
321,1,,,32000,5,"R$ 74.735,00",Fiat,MOBI LIKE 1.0 Fire Flex 5p.,32000,001461-3,Flex,1,F,maio de 2025 ,7llby45rhlp,"quinta-feira, 28 de agosto de 2025 08:49",74735.0
321,1,,,32000,5,"R$ 90.662,00",Fiat,ARGO DRIVE 1.0 6V Flex,32000,001494-0,Flex,1,F,maio de 2025 ,cfmbbcw7ds4p,"quinta-feira, 28 de agosto de 2025 08:49",90662.0
321,1,,,32000,5,"R$ 114.927,00",Fiat,Fiorino Endurance EVO 1.4 Flex 8V 2p,32000,001531-8,Flex,1,F,maio de 2025 ,gn2lcgsln9p,"quinta-feira, 28 de agosto de 2025 08:49",114927.0
321,1,,,32000,5,"R$ 162.135,00",Fiat,Toro Freedom 1.3 T270 4x2 Flex Aut.,32000,001538-5,Flex,1,F,maio de 2025 ,jgff732wbgp,"quinta-feira, 28 de agosto de 2025 08:49",162135.0
321,1,,,32000,5,"R$ 104.421,00",Fiat,PULSE DRIVE 1.0 Turbo 200 Flex Aut.,32000,001543-1,Flex,1,F,maio de 2025 ,f8rqnvnfxxp,"quinta-feira, 28 de agosto de 2025 08:49",104421.0
321,1,,,32000,3,"R$ 209.945,00",Fiat,Scudo Cargo 1.5 16V Turbo Diesel,32000,001550-4,Diesel,1,D,maio de 2025 ,k8g6f9gr7kcb,"quarta-feira, 1 de abril de 2026 05:33",209945.0
321,1,,,32000,5,"R$ 103.990,00",Fiat,CRONOS DRIVE 1.3 8V Flex Aut.,32000,001554-7,Flex,1,F,maio de 2025 ,f77108jzn4p,"quinta-feira, 28 de agosto de 2025 08:49",103990.0
321,1,,,32000,5,"R$ 139.114,00",Fiat,Fastback Audace 1.0 200 T. Flex Aut,32000,001558-0,Flex,1,F,maio de 2025 ,hlfp6mnyp9j1f9,"quinta-feira, 28 de agosto de 2025 08:49",139114.0
321,1,,,32000,3,"R$ 257.852,00",Fiat,Ducato Cargo 2.2 Diesel (E6),32000,001563-6,Diesel,1,D,maio de 2025 ,m2ngylnf3fj1gy,"quarta-feira, 1 de abril de 2026 05:33",257852.0
321,1,,,32000,5,"R$ 118.679,00",Fiat,Fastback 1.0 200 Turbo Flex Aut,32000,001568-7,Flex,1,F,maio de 2025 ,gtgyyn2d0vj1f9,"quarta-feira, 1 de outubro de 2025 07:25",118679.0
321,1,,,32000,5,"R$ 109.847,00",Fiat,Strada Endurance 1.3 Flex 8V CS Plus,32000,001569-5,Flex,1,F,maio de 2025 ,gg3yfxv2sxj1f9,"quinta-feira, 28 de agosto de 2025 08:49",109847.0
321,1,,,32000,5,"R$ 120.353,00",Fiat,Fiorino Endurance 1.3 Flex 8V 2p,32000,001589-0,Flex,1,F,maio de 2025 ,gwfs4j1vchj1f9,"quarta-feira, 1 de outubro de 2025 07:41",120353.0
321,1,,,32000,5,"R$ 165.821,00",Toyota,Corolla XEi 2.0 Flex 16V Aut.,32000,002111-3,Flex,1,F,maio de 2025 ,jlrfgz493yp,"quinta-feira, 28 de agosto de 2025 08:49",165821.0
321,1,,,32000,3,"R$ 299.387,00",Toyota,Hilux CD SR 4x4 2.8 TDI Diesel Aut.,32000,002142-3,Diesel,1,D,maio de 2025 ,pnb4rls2rhcb,"quinta-feira, 28 de agosto de 2025 09:46",299387.0
321,1,,,32000,3,"R$ 388.979,00",Toyota,Hilux SW4 SRX 4x4 2.8 TDI 16V Dies. Aut.,32000,002146-6,Diesel,1,D,maio de 2025 ,s1dj198trycb,"quarta-feira, 1 de abril de 2026 05:33",388979.0
321,1,,,32000,5,"R$ 185.901,00",Toyota,Corolla Cross XRE 2.0 16V Flex Aut.,32000,002203-9,Flex,1,F,maio de 2025 ,kb88q0tcqvp,"quinta-feira, 28 de agosto de 2025 08:50",185901.0
321,1,,,32000,5,"R$ 109.579,00",Toyota,YARIS XL 1.5 Flex 16V 5p Aut.,32000,002207-1,Flex,1,F,maio de 2025 ,ggs6gv2hm5p,"quinta-feira, 28 de agosto de 2025 08:50",109579.0
321,1,,,32000,3,"R$ 273.400,00",Ford,TRANSIT Furgão 2.0 Curto Turbo Diesel,32000,003487-8,Diesel,1,D,maio de 2025 ,nnwlrfyxzgcb,"quarta-feira, 1 de abril de 2026 05:33",273400.0
321,1,,,32000,3,"R$ 256.890,00",Ford,Ranger XL 2.0 4x4 CD Diesel Mec. ,32000,003502-5,Diesel,1,D,maio de 2025 ,m1jh0g3s4fj1gy,"quinta-feira, 28 de agosto de 2025 09:46",256890.0
321,1,,,32000,3,"R$ 248.964,00",GM - Chevrolet,S10 Pick-Up LT 2.8 TDI 4x4 CD Diesel Aut,32000,004395-8,Diesel,1,D,maio de 2025 ,mq7fbtgvt9cb,"quinta-feira, 28 de agosto de 2025 09:46",248964.0
321,1,,,32000,5,"R$ 126.066,00",GM - Chevrolet,SPIN LT 1.8 8V Econo.Flex 5p Mec.,32000,004414-8,Flex,1,F,maio de 2025 ,g24f9dwtpqp,"quarta-feira, 1 de abril de 2026 05:33",126066.0
321,1,,,32000,5,"R$ 151.121,00",GM - Chevrolet,SPIN PREMIER 1.8 8V Econo.Flex 5p Aut.,32000,004494-6,Flex,1,F,maio de 2025 ,h1h35b3n0hp,"quinta-feira, 28 de agosto de 2025 08:50",151121.0
321,1,,,32000,5,"R$ 120.277,00",GM - Chevrolet,ONIX SEDAN Plus LT 1.0 12V TB Flex Aut.,32000,004501-2,Flex,1,F,maio de 2025 ,gwb1hx4l38p,"quinta-feira, 28 de agosto de 2025 08:50",120277.0
321,1,,,32000,5,"R$ 99.907,00",GM - Chevrolet,ONIX HATCH LT 1.0 12V Flex 5p Mec.,32000,004517-9,Flex,1,F,maio de 2025 ,cj3qlyzmtm6p,"quinta-feira, 28 de agosto de 2025 08:50",99907.0
321,1,,,32000,5,"R$ 182.230,00",GM - Chevrolet,TRACKER Premier 1.2 Turbo 12V Flex Aut.,32000,004525-0,Flex,1,F,maio de 2025 ,j6zvd2fbgcp,"quinta-feira, 28 de agosto de 2025 08:50",182230.0
321,1,,,32000,5,"R$ 155.347,00",GM - Chevrolet,MONTANA LTZ 1.2 Turbo Flex 12V 4p Aut.,32000,004541-1,Flex,1,F,maio de 2025 ,h6gqt3jl91j1f9,"quinta-feira, 28 de agosto de 2025 08:50",155347.0
321,1,,,32000,3,"R$ 272.561,00",GM - Chevrolet,S10 Pick-Up WT 2.8 TDI 4x4 CD Diesel Aut,32000,004550-0,Diesel,1,D,maio de 2025 ,nmw3dmdm1yj1gy,"quarta-feira, 1 de outubro de 2025 07:25",272561.0
321,1,,,32000,3,"R$ 326.412,00",VW - VolksWagen,AMAROK Highline CD 3.0 4x4 TB Dies. Aut.,32000,005483-6,Diesel,1,D,maio de 2025 ,qn1fbh8rpkcb,"quarta-feira, 1 de abril de 2026 05:33",326412.0
321,1,,,32000,5,"R$ 144.157,00",VW - VolksWagen,VIRTUS Highline 200 TSI 1.0 Flex 12V Aut,32000,005484-4,Flex,1,F,maio de 2025 ,hsb0fsfk94p,"quinta-feira, 28 de agosto de 2025 08:50",144157.0
321,1,,,32000,5,"R$ 169.555,00",VW - VolksWagen,T-Cross Comfor. 200 TSI 1.0 Flex 5p Aut.,32000,005509-3,Flex,1,F,maio de 2025 ,jq34sg73nvj1f9,"quinta-feira, 28 de agosto de 2025 08:50",169555.0
321,1,,,32000,5,"R$ 158.138,00",VW - VolksWagen,Nivus Highline 1.0 200 TSI Flex Aut.,32000,005526-3,Flex,1,F,maio de 2025 ,h9q5l5vdh1p,"quinta-feira, 28 de agosto de 2025 08:50",158138.0
321,1,,,32000,5,"R$ 232.958,00",VW - VolksWagen,TAOS Highline 1.4 250 TSI Flex Aut.,32000,005528-0,Flex,1,F,maio de 2025 ,l4gnhbffqdp,"quarta-feira, 1 de abril de 2026 05:33",232958.0
321,1,,,32000,5,"R$ 123.001,00",VW - VolksWagen,Saveiro Robust 1.6 Total Flex 16V CD,32000,005537-9,Flex,1,F,maio de 2025 ,gzj1sn9kt4j1f9,"quinta-feira, 28 de agosto de 2025 08:50",123001.0
321,1,,,32000,5,"R$ 95.018,00",VW - VolksWagen,Polo Track 1.0 Flex 12V 5p,32000,005540-9,Flex,1,F,maio de 2025 ,cg8dlvq9lyrp,"quinta-feira, 28 de agosto de 2025 08:50",95018.0
321,1,,,32000,1,"R$ 320.371,00",BMW,X1 SDRIVE 20i GP 2.0 TB Aut.,32000,009323-8,Gasolina,1,G,maio de 2025 ,qfyvlsq50dj1f9,"quarta-feira, 1 de abril de 2026 05:33",320371.0
321,1,,,32000,5,"R$ 80.005,00",Citroën,C3 Live Pack 1.0 Flex 6V 5p Mec.,32000,011223-2,Flex,1,F,maio de 2025 ,9lctz0389gp,"quinta-feira, 28 de agosto de 2025 08:50",80005.0
321,1,,,32000,5,"R$ 94.302,00",Citroën,BASALT Feel 1.0 Flex 6V 5p Mec.,32000,011238-0,Flex,1,F,maio de 2025 ,cgz0b80khgnp,"quarta-feira, 1 de abril de 2026 05:33",94302.0
321,1,,,32000,5,"R$ 117.939,00",Honda,CITY Sedan LX 1.5 Flex 16V 4p Aut.,32000,014059-7,Flex,1,F,maio de 2025 ,gsl14w9tb6p,"quinta-feira, 28 de agosto de 2025 08:50",117939.0
321,1,,,32000,5,"R$ 193.429,00",Honda,HR-V Advance 1.5  Flex TB 16V 5p Aut.,32000,014111-9,Flex,1,F,maio de 2025 ,km3wyrq2byj1f9,"quinta-feira, 28 de agosto de 2025 08:50",193429.0
321,1,,,32000,5,"R$ 117.980,00",Honda,CITY Hatchback LX 1.5 Flex 16V Aut.,32000,014116-0,Flex,1,F,maio de 2025 ,gsnkbz6ch4j1f9,"quinta-feira, 28 de agosto de 2025 09:09",117980.0
321,1,,,32000,5,"R$ 145.950,00",Hyundai,Creta Comfort 1.0 TB 12V Flex Aut.,32000,015200-5,Flex,1,F,maio de 2025 ,hvf5p77jv2p,"quarta-feira, 1 de outubro de 2025 07:26",145950.0
321,1,,,32000,5,"R$ 101.578,00",Hyundai,HB20S Comfort Plus 1.0 Flex 12V Mec.,32000,015239-0,Flex,1,F,maio de 2025 ,f5fc9f1jstj1f9,"quarta-feira, 1 de outubro de 2025 07:26",101578.0
321,1,,,32000,5,"R$ 115.298,00",Hyundai,HB20S Comfort Plus 1.0 TB Flex 12V Aut,32000,015240-4,Flex,1,F,maio de 2025 ,gph2c79w0fj1f9,"quinta-feira, 28 de agosto de 2025 08:50",115298.0
321,1,,,32000,5,"R$ 139.371,00",Hyundai,Creta Comfort Plus 1.0 TB 12V Flex Aut.,32000,015244-7,Flex,1,F,maio de 2025 ,hlq1shgn7tj1f9,"quinta-feira, 28 de agosto de 2025 08:50",139371.0
321,1,,,32000,5,"R$ 92.492,00",Hyundai,HB20 Comfort Plus 1.0 Flex 12V Mec.,32000,015245-5,Flex,1,F,maio de 2025 ,cf9sgz8wv60p,"quinta-feira, 28 de agosto de 2025 08:50",92492.0
321,1,,,32000,5,"R$ 208.192,00",Jeep,COMPASS LONG. T270 1.3 TB 4x2 Flex Aut.,32000,017071-2,Flex,1,F,maio de 2025 ,k6fg7z8dxgp,"quinta-feira, 28 de agosto de 2025 08:50",208192.0
321,1,,,32000,5,"R$ 250.773,00",Jeep,Commander Limited T270 1.3 TB Flex Aut.,32000,017081-0,Flex,1,F,maio de 2025 ,mtb5m5jhnjp,"quarta-feira, 1 de abril de 2026 05:33",250773.0
321,1,,,32000,5,"R$ 137.501,00",Jeep,Renegade Sport T270 1.3 TB 4x2 Flex Aut.,32000,017085-2,Flex,1,F,maio de 2025 ,hjj2rg5998p,"quarta-feira, 1 de abril de 2026 05:33",137501.0
321,1,,,32000,3,"R$ 284.345,00",Mitsubishi,Triton HPE 2.4 CD 4x4 TB Diesel Aut.,32000,022213-5,Diesel,1,D,maio de 2025 ,n2qd21vgv4j1gy,"quarta-feira, 1 de abril de 2026 05:33",284345.0
321,1,,,32000,3,"R$ 263.609,00",Nissan,Frontier ATTAC.CD 4x4 2.3 Bi-TB Die. Aut,32000,023160-6,Diesel,1,D,maio de 2025 ,m9dqpch0g6cb,"quarta-feira, 1 de abril de 2026 05:33",263609.0
321,1,,,32000,5,"R$ 141.457,00",Nissan,VERSA Exclusive 1.6 16V Flex Aut.,32000,023174-6,Flex,1,F,maio de 2025 ,hn5v591b2sp,"quinta-feira, 28 de agosto de 2025 08:50",141457.0
321,1,,,32000,5,"R$ 118.810,00",Nissan,KICKS Active 1.6 16V Flex Aut.,32000,023186-0,Flex,1,F,maio de 2025 ,gtmqkfhdr2j1f9,"quinta-feira, 28 de agosto de 2025 08:50",118810.0
321,1,,,32000,1,"R$ 166.741,00",Nissan,Sentra Advance 2.0 16V Aut.,32000,023187-8,Gasolina,1,G,maio de 2025 ,jmtv214ctpj1f9,"quinta-feira, 28 de agosto de 2025 08:50",166741.0
321,1,,,32000,3,"R$ 190.273,00",Peugeot,Expert Cargo 1.5 Turbo Diesel,32000,024260-8,Diesel,1,D,maio de 2025 ,kjd5xhqfdccb,"quarta-feira, 1 de abril de 2026 05:33",190273.0
321,1,,,32000,5,"R$ 76.174,00",Peugeot,208 Like 1.0 Flex 6V 5p Mec.,32000,024264-0,Flex,1,F,maio de 2025 ,74gczr8g5bp,"quinta-feira, 28 de agosto de 2025 08:50",76174.0
321,1,,,32000,5,"R$ 94.154,00",Peugeot,208 Style 1.0 Flex 6V 5p Mec.,32000,024265-9,Flex,1,F,maio de 2025 ,cgx8kprm6rlp,"quarta-feira, 1 de outubro de 2025 07:26",94154.0
321,1,,,32000,5,"R$ 127.787,00",Peugeot,2008 Active 1.0 Turbo Flex 5p Aut.,32000,024274-8,Flex,1,F,maio de 2025 ,g440fyhy5jj1f9,"quarta-feira, 1 de abril de 2026 05:33",127787.0
321,1,,,32000,3,"R$ 245.554,00",Renault,Master 2.3 dCi Furgão 16V Diesel,32000,025196-8,Diesel,1,D,maio de 2025 ,ml7g3f6n4gcb,"quarta-feira, 1 de abril de 2026 05:33",245554.0
321,1,,,32000,5,"R$ 73.647,00",Renault,KWID Zen 1.0 Flex 12V 5p Mec.,32000,025266-2,Flex,1,F,maio de 2025 ,65twvyn6nrp,"quinta-feira, 28 de agosto de 2025 08:50",73647.0
321,1,,,32000,5,"R$ 119.545,00",Renault,OROCH Intense 1.6 Flex 16V Mec.,32000,025312-0,Flex,1,F,maio de 2025 ,gvhfqlkw26p,"quarta-feira, 1 de abril de 2026 05:33",119545.0
321,1,,,32000,5,"R$ 132.252,00",Renault,DUSTER Intense Plus 1.6 16V Flex Mec.,32000,025325-1,Flex,1,F,maio de 2025 ,hbc9dvxn5tj1f9,"quarta-feira, 1 de abril de 2026 05:33",132252.0
321,1,,,32000,3,"R$ 501.406,00",RAM,3500 LARAMIE 6.7 TB CD 4x4 Diesel,32000,083007-0,Diesel,1,D,maio de 2025 ,x86xvnc13kcb,"quarta-feira, 1 de abril de 2026 05:34",501406.0
321,1,,,32000,3,"R$ 238.077,00",RAM,RAMPAGE BIG HORN 2.2 TB CD 4X4 Die Aut.,32000,083026-7,Diesel,1,D,maio de 2025 ,mbgqb17tygj1gy,"quinta-feira, 28 de agosto de 2025 09:46",238077.0
321,1,,,32000,1,"R$ 176.857,00",Caoa Chery,Tiggo 7 Pro Max Drive 1.6 Turbo 16V Aut.,32000,093011-3,Gasolina,1,G,maio de 2025 ,j0pkb6gvlrj1f9,"quarta-feira, 1 de abril de 2026 05:34",176857.0
321,1,,,32000,5,"R$ 127.680,00",Caoa Chery,Tiggo 5X SPORT 1.5 Turbo Flex Aut.,32000,093014-8,Flex,1,F,maio de 2025 ,g403whk2kzj1f9,"quarta-feira, 1 de abril de 2026 05:34",127680.0
321,1,,,32000,1,"R$ 202.788,00",Caoa Chery,Tiggo 8 PRO 1.6 TGDi Aut.,32000,093018-0,Gasolina,1,G,maio de 2025 ,kz21792575j1f9,"quarta-feira, 1 de abril de 2026 05:34",202788.0
321,1,,,32000,6,"R$ 238.821,00",BYD,Song Plus 1.5 16V Aut. (Hibrido),32000,095005-0,Híbrido,1,H,maio de 2025 ,mcbrnkn5s2j1f9,"quarta-feira, 1 de abril de 2026 05:34",238821.0
321,1,,,32000,4,"R$ 157.651,00",BYD,Dolphin EV (Elétrico),32000,095007-6,Elétrico,1,E,maio de 2025 ,h85gwjbb1gj1f9,"quarta-feira, 1 de abril de 2026 05:34",157651.0
321,1,,,32000,4,"R$ 288.784,00",BYD,Seal (Elétrico),32000,095008-4,Elétrico,1,E,maio de 2025 ,n7xrrs38ngj1f9,"quinta-feira, 28 de agosto de 2025 09:09",288784.0
321,1,,,32000,4,"R$ 120.336,00",BYD,Dolphin Mini (Elétrico),32000,095010-6,Elétrico,1,E,maio de 2025 ,gwd5zq7kyxj1f9,"quinta-feira, 28 de agosto de 2025 09:09",120336.0
321,1,,,32000,6,"R$ 159.974,00",BYD,King GL 1.5 16V Aut. (Hibrido),32000,095012-2,Híbrido,1,H,maio de 2025 ,jcwxblkj1xj1f9,"quinta-feira, 28 de agosto de 2025 08:50",159974.0
321,1,,,32000,4,"R$ 176.489,00",BYD,Yuan Pro (Elétrico),32000,095015-7,Elétrico,1,E,maio de 2025 ,jz75p5h7ltj1f9,"quarta-feira, 1 de abril de 2026 05:34",176489.0
321,1,,,32000,6,"R$ 379.694,00",BYD,SHARK GS 1.5 16V 4x4 Aut. (Híbrido),32000,095016-5,Híbrido,1,H,maio de 2025 ,sph14jcbmzj1f9,"quarta-feira, 1 de abril de 2026 05:34",379694.0
321,1,,,32000,6,"R$ 244.014,00",GWM,Haval H6 PHEV19 (Hibrido),32000,096008-0,Híbrido,1,H,maio de 2025 ,mkfhw3jfjfj1f9,"quarta-feira, 1 de abril de 2026 05:34",244014.0
320,1,,,32000,5,"R$ 75.802,00",Fiat,MOBI LIKE 1.0 Fire Flex 5p.,32000,001461-3,Flex,1,F,abril de 2025 ,7z25fvr1k1p,"quinta-feira, 28 de agosto de 2025 08:50",75802.0
320,1,,,32000,5,"R$ 89.068,00",Fiat,ARGO DRIVE 1.0 6V Flex,32000,001494-0,Flex,1,F,abril de 2025 ,cd0mywdk9bdp,"quinta-feira, 28 de agosto de 2025 08:50",89068.0
320,1,,,32000,5,"R$ 115.264,00",Fiat,Fiorino Endurance EVO 1.4 Flex 8V 2p,32000,001531-8,Flex,1,F,abril de 2025 ,gpgt2ng8v5p,"quinta-feira, 28 de agosto de 2025 08:50",115264.0
320,1,,,32000,5,"R$ 162.431,00",Fiat,Toro Freedom 1.3 T270 4x2 Flex Aut.,32000,001538-5,Flex,1,F,abril de 2025 ,jgr6r6gzq5p,"quinta-feira, 28 de agosto de 2025 08:50",162431.0
320,1,,,32000,5,"R$ 104.011,00",Fiat,PULSE DRIVE 1.0 Turbo 200 Flex Aut.,32000,001543-1,Flex,1,F,abril de 2025 ,f78tprg4j7p,"quinta-feira, 28 de agosto de 2025 08:50",104011.0
320,1,,,32000,3,"R$ 209.290,00",Fiat,Scudo Cargo 1.5 16V Turbo Diesel,32000,001550-4,Diesel,1,D,abril de 2025 ,k7qdfg76xfcb,"quarta-feira, 1 de abril de 2026 05:34",209290.0
320,1,,,32000,5,"R$ 107.274,00",Fiat,CRONOS DRIVE 1.3 8V Flex Aut.,32000,001554-7,Flex,1,F,abril de 2025 ,gc3d9hd1b1p,"quinta-feira, 28 de agosto de 2025 08:50",107274.0
320,1,,,32000,5,"R$ 138.804,00",Fiat,Fastback Audace 1.0 200 T. Flex Aut,32000,001558-0,Flex,1,F,abril de 2025 ,hk2fxgq3y7j1f9,"quinta-feira, 28 de agosto de 2025 08:50",138804.0
320,1,,,32000,3,"R$ 252.416,00",Fiat,Ducato Cargo 2.2 Diesel (E6),32000,001563-6,Diesel,1,D,abril de 2025 ,mv8ww49q6pj1gy,"quarta-feira, 1 de abril de 2026 05:34",252416.0
320,1,,,32000,5,"R$ 119.978,00",Fiat,Fastback 1.0 200 Turbo Flex Aut,32000,001568-7,Flex,1,F,abril de 2025 ,gvz5ly9sx7j1f9,"quarta-feira, 1 de outubro de 2025 07:26",119978.0
320,1,,,32000,5,"R$ 108.560,00",Fiat,Strada Endurance 1.3 Flex 8V CS Plus,32000,001569-5,Flex,1,F,abril de 2025 ,gfl49p6sflj1f9,"quinta-feira, 28 de agosto de 2025 08:50",108560.0
320,1,,,32000,5,"R$ 120.500,00",Fiat,Fiorino Endurance 1.3 Flex 8V 2p,32000,001589-0,Flex,1,F,abril de 2025 ,gwl4r4dfj9j1f9,"quarta-feira, 1 de outubro de 2025 07:41",120500.0
320,1,,,32000,5,"R$ 163.178,00",Toyota,Corolla XEi 2.0 Flex 16V Aut.,32000,002111-3,Flex,1,F,abril de 2025 ,jhncggwjvrp,"quinta-feira, 28 de agosto de 2025 08:50",163178.0
320,1,,,32000,3,"R$ 298.203,00",Toyota,Hilux CD SR 4x4 2.8 TDI Diesel Aut.,32000,002142-3,Diesel,1,D,abril de 2025 ,ply3n3ts6bcb,"quinta-feira, 28 de agosto de 2025 09:46",298203.0
320,1,,,32000,3,"R$ 387.543,00",Toyota,Hilux SW4 SRX 4x4 2.8 TDI 16V Dies. Aut.,32000,002146-6,Diesel,1,D,abril de 2025 ,szqb1mkz5qcb,"quarta-feira, 1 de abril de 2026 05:34",387543.0
320,1,,,32000,5,"R$ 185.960,00",Toyota,Corolla Cross XRE 2.0 16V Flex Aut.,32000,002203-9,Flex,1,F,abril de 2025 ,kccd6tnpz7p,"quinta-feira, 28 de agosto de 2025 08:50",185960.0
320,1,,,32000,5,"R$ 109.927,00",Toyota,YARIS XL 1.5 Flex 16V 5p Aut.,32000,002207-1,Flex,1,F,abril de 2025 ,gg6vk8p6tqp,"quinta-feira, 28 de agosto de 2025 08:50",109927.0
320,1,,,32000,3,"R$ 274.900,00",Ford,TRANSIT Furgão 2.0 Curto Turbo Diesel,32000,003487-8,Diesel,1,D,abril de 2025 ,nqm3wkhfwlcb,"quarta-feira, 1 de abril de 2026 05:34",274900.0
320,1,,,32000,3,"R$ 251.633,00",Ford,Ranger XL 2.0 4x4 CD Diesel Mec. ,32000,003502-5,Diesel,1,D,abril de 2025 ,mvcfnd5472j1gy,"quinta-feira, 28 de agosto de 2025 09:46",251633.0
320,1,,,32000,3,"R$ 247.320,00",GM - Chevrolet,S10 Pick-Up LT 2.8 TDI 4x4 CD Diesel Aut,32000,004395-8,Diesel,1,D,abril de 2025 ,mn9nyssl5qcb,"quinta-feira, 28 de agosto de 2025 09:46",247320.0
320,1,,,32000,5,"R$ 126.802,00",GM - Chevrolet,SPIN LT 1.8 8V Econo.Flex 5p Mec.,32000,004414-8,Flex,1,F,abril de 2025 ,g3z6lfq6pjp,"quarta-feira, 1 de abril de 2026 05:34",126802.0
320,1,,,32000,5,"R$ 152.366,00",GM - Chevrolet,SPIN PREMIER 1.8 8V Econo.Flex 5p Aut.,32000,004494-6,Flex,1,F,abril de 2025 ,h2zczgg2p0p,"quinta-feira, 28 de agosto de 2025 08:50",152366.0
320,1,,,32000,5,"R$ 119.453,00",GM - Chevrolet,ONIX SEDAN Plus LT 1.0 12V TB Flex Aut.,32000,004501-2,Flex,1,F,abril de 2025 ,gvc211mt1xp,"quinta-feira, 28 de agosto de 2025 08:50",119453.0
320,1,,,32000,5,"R$ 99.360,00",GM - Chevrolet,ONIX HATCH LT 1.0 12V Flex 5p Mec.,32000,004517-9,Flex,1,F,abril de 2025 ,cjw9slmxqtbp,"quinta-feira, 28 de agosto de 2025 08:50",99360.0
320,1,,,32000,5,"R$ 182.814,00",GM - Chevrolet,TRACKER Premier 1.2 Turbo 12V Flex Aut.,32000,004525-0,Flex,1,F,abril de 2025 ,j7n2ftsm1qp,"quinta-feira, 28 de agosto de 2025 08:50",182814.0
320,1,,,32000,5,"R$ 155.588,00",GM - Chevrolet,MONTANA LTZ 1.2 Turbo Flex 12V 4p Aut.,32000,004541-1,Flex,1,F,abril de 2025 ,h6rhc17kscj1f9,"quinta-feira, 28 de agosto de 2025 08:50",155588.0
320,1,,,32000,3,"R$ 275.968,00",GM - Chevrolet,S10 Pick-Up WT 2.8 TDI 4x4 CD Diesel Aut,32000,004550-0,Diesel,1,D,abril de 2025 ,nrwx746d2bj1gy,"quarta-feira, 1 de outubro de 2025 07:26",275968.0
320,1,,,32000,3,"R$ 326.661,00",VW - VolksWagen,AMAROK Highline CD 3.0 4x4 TB Dies. Aut.,32000,005483-6,Diesel,1,D,abril de 2025 ,qpbgwxg5y0cb,"quarta-feira, 1 de abril de 2026 05:34",326661.0
320,1,,,32000,5,"R$ 144.488,00",VW - VolksWagen,VIRTUS Highline 200 TSI 1.0 Flex 12V Aut,32000,005484-4,Flex,1,F,abril de 2025 ,hsq1dc744xp,"quinta-feira, 28 de agosto de 2025 08:51",144488.0
320,1,,,32000,5,"R$ 164.535,00",VW - VolksWagen,T-Cross Comfor. 200 TSI 1.0 Flex 5p Aut.,32000,005509-3,Flex,1,F,abril de 2025 ,jj7pgpv7xtj1f9,"quinta-feira, 28 de agosto de 2025 08:51",164535.0
320,1,,,32000,5,"R$ 156.331,00",VW - VolksWagen,Nivus Highline 1.0 200 TSI Flex Aut.,32000,005526-3,Flex,1,F,abril de 2025 ,h7mhknq1gbp,"quinta-feira, 28 de agosto de 2025 08:51",156331.0
320,1,,,32000,5,"R$ 199.125,00",VW - VolksWagen,TAOS Highline 1.4 250 TSI Flex Aut.,32000,005528-0,Flex,1,F,abril de 2025 ,kvsxys1694p,"quarta-feira, 1 de abril de 2026 05:34",199125.0
320,1,,,32000,5,"R$ 123.928,00",VW - VolksWagen,Saveiro Robust 1.6 Total Flex 16V CD,32000,005537-9,Flex,1,F,abril de 2025 ,g0mq8697kjj1f9,"quinta-feira, 28 de agosto de 2025 08:51",123928.0
320,1,,,32000,5,"R$ 91.430,00",VW - VolksWagen,Polo Track 1.0 Flex 12V 5p,32000,005540-9,Flex,1,F,abril de 2025 ,cfxbgvb55jdp,"quinta-feira, 28 de agosto de 2025 08:51",91430.0
320,1,,,32000,1,"R$ 320.224,00",BMW,X1 SDRIVE 20i GP 2.0 TB Aut.,32000,009323-8,Gasolina,1,G,abril de 2025 ,qfshy37gngj1f9,"quarta-feira, 1 de abril de 2026 05:34",320224.0
320,1,,,32000,5,"R$ 81.320,00",Citroën,C3 Live Pack 1.0 Flex 6V 5p Mec.,32000,011223-2,Flex,1,F,abril de 2025 ,92sstqhpnxp,"quinta-feira, 28 de agosto de 2025 08:51",81320.0
320,1,,,32000,5,"R$ 92.181,00",Citroën,BASALT Feel 1.0 Flex 6V 5p Mec.,32000,011238-0,Flex,1,F,abril de 2025 ,cf54fsdhw7xp,"quarta-feira, 1 de abril de 2026 05:34",92181.0
320,1,,,32000,5,"R$ 118.140,00",Honda,CITY Sedan LX 1.5 Flex 16V 4p Aut.,32000,014059-7,Flex,1,F,abril de 2025 ,gsvcmpjcrwp,"quinta-feira, 28 de agosto de 2025 08:51",118140.0
320,1,,,32000,5,"R$ 193.433,00",Honda,HR-V Advance 1.5  Flex TB 16V 5p Aut.,32000,014111-9,Flex,1,F,abril de 2025 ,km31gfw7nyj1f9,"quinta-feira, 28 de agosto de 2025 08:51",193433.0
320,1,,,32000,5,"R$ 118.062,00",Honda,CITY Hatchback LX 1.5 Flex 16V Aut.,32000,014116-0,Flex,1,F,abril de 2025 ,gsrjq5qyhdj1f9,"quinta-feira, 28 de agosto de 2025 09:09",118062.0
320,1,,,32000,5,"R$ 144.513,00",Hyundai,Creta Comfort 1.0 TB 12V Flex Aut.,32000,015200-5,Flex,1,F,abril de 2025 ,hsrykmqjkbp,"quarta-feira, 1 de outubro de 2025 07:26",144513.0
320,1,,,32000,5,"R$ 101.113,00",Hyundai,HB20S Comfort Plus 1.0 Flex 12V Mec.,32000,015239-0,Flex,1,F,abril de 2025 ,f4whb652grj1f9,"quarta-feira, 1 de outubro de 2025 07:26",101113.0
320,1,,,32000,5,"R$ 114.932,00",Hyundai,HB20S Comfort Plus 1.0 TB Flex 12V Aut,32000,015240-4,Flex,1,F,abril de 2025 ,gn2rz1wqlgj1f9,"quinta-feira, 28 de agosto de 2025 08:51",114932.0
320,1,,,32000,5,"R$ 139.012,00",Hyundai,Creta Comfort Plus 1.0 TB 12V Flex Aut.,32000,015244-7,Flex,1,F,abril de 2025 ,hk9z8sqsxgj1f9,"quinta-feira, 28 de agosto de 2025 08:51",139012.0
320,1,,,32000,5,"R$ 94.378,00",Hyundai,HB20 Comfort Plus 1.0 Flex 12V Mec.,32000,015245-5,Flex,1,F,abril de 2025 ,cg0wzl030xkp,"quinta-feira, 28 de agosto de 2025 08:51",94378.0
320,1,,,32000,5,"R$ 208.226,00",Jeep,COMPASS LONG. T270 1.3 TB 4x2 Flex Aut.,32000,017071-2,Flex,1,F,abril de 2025 ,k6gqkks30yp,"quinta-feira, 28 de agosto de 2025 08:51",208226.0
320,1,,,32000,5,"R$ 242.550,00",Jeep,Commander Limited T270 1.3 TB Flex Aut.,32000,017081-0,Flex,1,F,abril de 2025 ,mhp9bdzzhbp,"quarta-feira, 1 de abril de 2026 05:34",242550.0
320,1,,,32000,5,"R$ 137.548,00",Jeep,Renegade Sport T270 1.3 TB 4x2 Flex Aut.,32000,017085-2,Flex,1,F,abril de 2025 ,hjlsp39fwgp,"quarta-feira, 1 de abril de 2026 05:34",137548.0
320,1,,,32000,3,"R$ 285.007,00",Mitsubishi,Triton HPE 2.4 CD 4x4 TB Diesel Aut.,32000,022213-5,Diesel,1,D,abril de 2025 ,n3hgz9k53rj1gy,"quarta-feira, 1 de abril de 2026 05:34",285007.0
320,1,,,32000,3,"R$ 267.396,00",Nissan,Frontier ATTAC.CD 4x4 2.3 Bi-TB Die. Aut,32000,023160-6,Diesel,1,D,abril de 2025 ,nfvcp20zhqcb,"quarta-feira, 1 de abril de 2026 05:34",267396.0
320,1,,,32000,5,"R$ 141.721,00",Nissan,VERSA Exclusive 1.6 16V Flex Aut.,32000,023174-6,Flex,1,F,abril de 2025 ,hphgnnfj7zp,"quinta-feira, 28 de agosto de 2025 08:51",141721.0
320,1,,,32000,5,"R$ 118.816,00",Nissan,KICKS Active 1.6 16V Flex Aut.,32000,023186-0,Flex,1,F,abril de 2025 ,gtmx9y8yj3j1f9,"quinta-feira, 28 de agosto de 2025 08:51",118816.0
320,1,,,32000,1,"R$ 166.767,00",Nissan,Sentra Advance 2.0 16V Aut.,32000,023187-8,Gasolina,1,G,abril de 2025 ,jmvtc55l31j1f9,"quinta-feira, 28 de agosto de 2025 08:51",166767.0
320,1,,,32000,3,"R$ 192.837,00",Peugeot,Expert Cargo 1.5 Turbo Diesel,32000,024260-8,Diesel,1,D,abril de 2025 ,kmfcxjng3ncb,"quarta-feira, 1 de abril de 2026 05:34",192837.0
320,1,,,32000,5,"R$ 76.405,00",Peugeot,208 Like 1.0 Flex 6V 5p Mec.,32000,024264-0,Flex,1,F,abril de 2025 ,765bsd3h4yp,"quinta-feira, 28 de agosto de 2025 08:51",76405.0
320,1,,,32000,5,"R$ 93.811,00",Peugeot,208 Style 1.0 Flex 6V 5p Mec.,32000,024265-9,Flex,1,F,abril de 2025 ,cgs7wxf7ymmp,"quarta-feira, 1 de outubro de 2025 07:26",93811.0
320,1,,,32000,5,"R$ 128.063,00",Peugeot,2008 Active 1.0 Turbo Flex 5p Aut.,32000,024274-8,Flex,1,F,abril de 2025 ,g5g1ffnc1xj1f9,"quarta-feira, 1 de abril de 2026 05:34",128063.0
320,1,,,32000,3,"R$ 250.348,00",Renault,Master 2.3 dCi Furgão 16V Diesel,32000,025196-8,Diesel,1,D,abril de 2025 ,msvqr3tnkqcb,"quarta-feira, 1 de abril de 2026 05:34",250348.0
320,1,,,32000,5,"R$ 66.652,00",Renault,KWID Zen 1.0 Flex 12V 5p Mec.,32000,025266-2,Flex,1,F,abril de 2025 ,4jtd8srb8wp,"quinta-feira, 28 de agosto de 2025 08:51",66652.0
320,1,,,32000,5,"R$ 117.661,00",Renault,OROCH Intense 1.6 Flex 16V Mec.,32000,025312-0,Flex,1,F,abril de 2025 ,gr8yxhw93rp,"quarta-feira, 1 de abril de 2026 05:34",117661.0
320,1,,,32000,5,"R$ 130.414,00",Renault,DUSTER Intense Plus 1.6 16V Flex Mec.,32000,025325-1,Flex,1,F,abril de 2025 ,g77hfjmll3j1f9,"quarta-feira, 1 de abril de 2026 05:34",130414.0
320,1,,,32000,3,"R$ 503.707,00",RAM,3500 LARAMIE 6.7 TB CD 4x4 Diesel,32000,083007-0,Diesel,1,D,abril de 2025 ,ycxkh7njs3cb,"quarta-feira, 1 de abril de 2026 05:34",503707.0
320,1,,,32000,3,"R$ 238.153,00",RAM,RAMPAGE BIG HORN 2.2 TB CD 4X4 Die Aut.,32000,083026-7,Diesel,1,D,abril de 2025 ,mbkgznw9kmj1gy,"quinta-feira, 28 de agosto de 2025 09:46",238153.0
320,1,,,32000,1,"R$ 177.156,00",Caoa Chery,Tiggo 7 Pro Max Drive 1.6 Turbo 16V Aut.,32000,093011-3,Gasolina,1,G,abril de 2025 ,j01d719h50j1f9,"quarta-feira, 1 de abril de 2026 05:34",177156.0
320,1,,,32000,5,"R$ 128.011,00",Caoa Chery,Tiggo 5X SPORT 1.5 Turbo Flex Aut.,32000,093014-8,Flex,1,F,abril de 2025 ,g5d4t3dndrj1f9,"quarta-feira, 1 de abril de 2026 05:34",128011.0
320,1,,,32000,1,"R$ 202.788,00",Caoa Chery,Tiggo 8 PRO 1.6 TGDi Aut.,32000,093018-0,Gasolina,1,G,abril de 2025 ,kz21780mn3j1f9,"quarta-feira, 1 de abril de 2026 05:34",202788.0
320,1,,,32000,6,"R$ 236.050,00",BYD,Song Plus 1.5 16V Aut. (Hibrido),32000,095005-0,Híbrido,1,H,abril de 2025 ,l721d2drktj1f9,"quarta-feira, 1 de abril de 2026 05:35",236050.0
320,1,,,32000,4,"R$ 159.778,00",BYD,Dolphin EV (Elétrico),32000,095007-6,Elétrico,1,E,abril de 2025 ,jcnshc7pb6j1f9,"quarta-feira, 1 de abril de 2026 05:35",159778.0
320,1,,,32000,4,"R$ 290.100,00",BYD,Seal (Elétrico),32000,095008-4,Elétrico,1,E,abril de 2025 ,n9glkw5sxmj1f9,"quinta-feira, 28 de agosto de 2025 09:10",290100.0
320,1,,,32000,4,"R$ 120.750,00",BYD,Dolphin Mini (Elétrico),32000,095010-6,Elétrico,1,E,abril de 2025 ,gww7ghhg2jj1f9,"quinta-feira, 28 de agosto de 2025 09:10",120750.0
320,1,,,32000,6,"R$ 160.325,00",BYD,King GL 1.5 16V Aut. (Hibrido),32000,095012-2,Híbrido,1,H,abril de 2025 ,jc9ntsmtd0j1f9,"quinta-feira, 28 de agosto de 2025 08:51",160325.0
320,1,,,32000,4,"R$ 177.410,00",BYD,Yuan Pro (Elétrico),32000,095015-7,Elétrico,1,E,abril de 2025 ,j1bnf4nsy3j1f9,"quarta-feira, 1 de abril de 2026 05:35",177410.0
320,1,,,32000,6,"R$ 373.138,00",BYD,SHARK GS 1.5 16V 4x4 Aut. (Híbrido),32000,095016-5,Híbrido,1,H,abril de 2025 ,sftr333q75j1f9,"quarta-feira, 1 de abril de 2026 05:35",373138.0
320,1,,,32000,6,"R$ 244.029,00",GWM,Haval H6 PHEV19 (Hibrido),32000,096008-0,Híbrido,1,H,abril de 2025 ,mkf1s0mmt3j1f9,"quarta-feira, 1 de abril de 2026 05:35",244029.0
319,1,,,32000,5,"R$ 73.114,00",Fiat,MOBI LIKE 1.0 Fire Flex 5p.,32000,001461-3,Flex,1,F,março de 2025 ,6zk47cb22vp,"quinta-feira, 28 de agosto de 2025 08:51",73114.0
319,1,,,32000,5,"R$ 88.751,00",Fiat,ARGO DRIVE 1.0 6V Flex,32000,001494-0,Flex,1,F,março de 2025 ,cdwxq1rd11mp,"quinta-feira, 28 de agosto de 2025 08:51",88751.0
319,1,,,32000,5,"R$ 115.407,00",Fiat,Fiorino Endurance EVO 1.4 Flex 8V 2p,32000,001531-8,Flex,1,F,março de 2025 ,gpm06jk34xp,"quinta-feira, 28 de agosto de 2025 08:51",115407.0
319,1,,,32000,5,"R$ 159.749,00",Fiat,Toro Freedom 1.3 T270 4x2 Flex Aut.,32000,001538-5,Flex,1,F,março de 2025 ,jcmqtfhz4vp,"quinta-feira, 28 de agosto de 2025 08:51",159749.0
319,1,,,32000,5,"R$ 105.380,00",Fiat,PULSE DRIVE 1.0 Turbo 200 Flex Aut.,32000,001543-1,Flex,1,F,março de 2025 ,f9wk63lf9rp,"quinta-feira, 28 de agosto de 2025 08:51",105380.0
319,1,,,32000,3,"R$ 216.177,00",Fiat,Scudo Cargo 1.5 16V Turbo Diesel,32000,001550-4,Diesel,1,D,março de 2025 ,lhsqdf7tjycb,"quarta-feira, 1 de abril de 2026 05:35",216177.0
319,1,,,32000,5,"R$ 106.334,00",Fiat,CRONOS DRIVE 1.3 8V Flex Aut.,32000,001554-7,Flex,1,F,março de 2025 ,gbz74snt0tp,"quinta-feira, 28 de agosto de 2025 08:51",106334.0
319,1,,,32000,5,"R$ 143.333,00",Fiat,Fastback Audace 1.0 200 T. Flex Aut,32000,001558-0,Flex,1,F,março de 2025 ,hrc1zt14xqj1f9,"quinta-feira, 28 de agosto de 2025 08:51",143333.0
319,1,,,32000,3,"R$ 255.598,00",Fiat,Ducato Cargo 2.2 Diesel (E6),32000,001563-6,Diesel,1,D,março de 2025 ,mz0j7k9ysyj1gy,"quarta-feira, 1 de abril de 2026 05:35",255598.0
319,1,,,32000,5,"R$ 119.700,00",Fiat,Fastback 1.0 200 Turbo Flex Aut,32000,001568-7,Flex,1,F,março de 2025 ,gvn2ckcwfpj1f9,"quarta-feira, 1 de outubro de 2025 07:26",119700.0
319,1,,,32000,5,"R$ 105.089,00",Fiat,Strada Endurance 1.3 Flex 8V CS Plus,32000,001569-5,Flex,1,F,março de 2025 ,f9j0bl71r1j1f9,"quinta-feira, 28 de agosto de 2025 08:51",105089.0
319,1,,,32000,5,"R$ 160.302,00",Toyota,Corolla XEi 2.0 Flex 16V Aut.,32000,002111-3,Flex,1,F,março de 2025 ,jc8txc9qb9p,"quinta-feira, 28 de agosto de 2025 08:51",160302.0
319,1,,,32000,3,"R$ 286.975,00",Toyota,Hilux CD SR 4x4 2.8 TDI Diesel Aut.,32000,002142-3,Diesel,1,D,março de 2025 ,n5s0gdz6d5cb,"quinta-feira, 28 de agosto de 2025 09:46",286975.0
319,1,,,32000,3,"R$ 386.571,00",Toyota,Hilux SW4 SRX 4x4 2.8 TDI 16V Dies. Aut.,32000,002146-6,Diesel,1,D,março de 2025 ,syk0t5twlzcb,"quarta-feira, 1 de abril de 2026 05:35",386571.0
319,1,,,32000,5,"R$ 186.486,00",Toyota,Corolla Cross XRE 2.0 16V Flex Aut.,32000,002203-9,Flex,1,F,março de 2025 ,kczjwnw9gnp,"quinta-feira, 28 de agosto de 2025 08:51",186486.0
319,1,,,32000,5,"R$ 109.265,00",Toyota,YARIS XL 1.5 Flex 16V 5p Aut.,32000,002207-1,Flex,1,F,março de 2025 ,ggfsnytcdzp,"quinta-feira, 28 de agosto de 2025 08:51",109265.0
319,1,,,32000,3,"R$ 273.686,00",Ford,TRANSIT Furgão 2.0 Curto Turbo Diesel,32000,003487-8,Diesel,1,D,março de 2025 ,nn6zz54mjycb,"quarta-feira, 1 de abril de 2026 05:35",273686.0
319,1,,,32000,3,"R$ 209.100,00",Ford,Ranger XL 2.0 4x4 CD Diesel Mec. ,32000,003502-5,Diesel,1,D,março de 2025 ,k7hhbtvwthj1gy,"quinta-feira, 28 de agosto de 2025 09:46",209100.0
319,1,,,32000,3,"R$ 246.902,00",GM - Chevrolet,S10 Pick-Up LT 2.8 TDI 4x4 CD Diesel Aut,32000,004395-8,Diesel,1,D,março de 2025 ,mntgy73tzxcb,"quinta-feira, 28 de agosto de 2025 09:46",246902.0
319,1,,,32000,5,"R$ 126.659,00",GM - Chevrolet,SPIN LT 1.8 8V Econo.Flex 5p Mec.,32000,004414-8,Flex,1,F,março de 2025 ,g3t0ghg67np,"quarta-feira, 1 de abril de 2026 05:35",126659.0
319,1,,,32000,5,"R$ 152.306,00",GM - Chevrolet,SPIN PREMIER 1.8 8V Econo.Flex 5p Aut.,32000,004494-6,Flex,1,F,março de 2025 ,h2w6cnnfjzp,"quinta-feira, 28 de agosto de 2025 08:51",152306.0
319,1,,,32000,5,"R$ 119.470,00",GM - Chevrolet,ONIX SEDAN Plus LT 1.0 12V TB Flex Aut.,32000,004501-2,Flex,1,F,março de 2025 ,gvdp6tcdtmp,"quinta-feira, 28 de agosto de 2025 08:51",119470.0
319,1,,,32000,5,"R$ 99.682,00",GM - Chevrolet,ONIX HATCH LT 1.0 12V Flex 5p Mec.,32000,004517-9,Flex,1,F,março de 2025 ,cj02tq11vrmp,"quinta-feira, 28 de agosto de 2025 08:51",99682.0
319,1,,,32000,5,"R$ 182.361,00",GM - Chevrolet,TRACKER Premier 1.2 Turbo 12V Flex Aut.,32000,004525-0,Flex,1,F,março de 2025 ,j64l0rpdfvp,"quinta-feira, 28 de agosto de 2025 08:51",182361.0
319,1,,,32000,5,"R$ 155.256,00",GM - Chevrolet,MONTANA LTZ 1.2 Turbo Flex 12V 4p Aut.,32000,004541-1,Flex,1,F,março de 2025 ,h6cd9gfn1yj1f9,"quinta-feira, 28 de agosto de 2025 08:51",155256.0
319,1,,,32000,3,"R$ 275.691,00",GM - Chevrolet,S10 Pick-Up WT 2.8 TDI 4x4 CD Diesel Aut,32000,004550-0,Diesel,1,D,março de 2025 ,nrkv4n2n89j1gy,"quarta-feira, 1 de outubro de 2025 07:26",275691.0
319,1,,,32000,3,"R$ 320.565,00",VW - VolksWagen,AMAROK Highline CD 3.0 4x4 TB Dies. Aut.,32000,005483-6,Diesel,1,D,março de 2025 ,qf5w51ykpmcb,"quarta-feira, 1 de abril de 2026 05:35",320565.0
319,1,,,32000,5,"R$ 142.813,00",VW - VolksWagen,VIRTUS Highline 200 TSI 1.0 Flex 12V Aut,32000,005484-4,Flex,1,F,março de 2025 ,hqr42kc5zbp,"quinta-feira, 28 de agosto de 2025 08:51",142813.0
319,1,,,32000,5,"R$ 164.807,00",VW - VolksWagen,T-Cross Comfor. 200 TSI 1.0 Flex 5p Aut.,32000,005509-3,Flex,1,F,março de 2025 ,jkkkygrxw4j1f9,"quinta-feira, 28 de agosto de 2025 08:51",164807.0
319,1,,,32000,5,"R$ 157.179,00",VW - VolksWagen,Nivus Highline 1.0 200 TSI Flex Aut.,32000,005526-3,Flex,1,F,março de 2025 ,h8l91sk3syp,"quinta-feira, 28 de agosto de 2025 08:51",157179.0
319,1,,,32000,5,"R$ 200.040,00",VW - VolksWagen,TAOS Highline 1.4 250 TSI Flex Aut.,32000,005528-0,Flex,1,F,março de 2025 ,kwv5x6bpbbp,"quarta-feira, 1 de abril de 2026 05:35",200040.0
319,1,,,32000,5,"R$ 120.345,00",VW - VolksWagen,Saveiro Robust 1.6 Total Flex 16V CD,32000,005537-9,Flex,1,F,março de 2025 ,gwfh31ctj5j1f9,"quinta-feira, 28 de agosto de 2025 08:51",120345.0
319,1,,,32000,5,"R$ 89.594,00",VW - VolksWagen,Polo Track 1.0 Flex 12V 5p,32000,005540-9,Flex,1,F,março de 2025 ,cd6s4lmh1bmp,"quinta-feira, 28 de agosto de 2025 08:51",89594.0
319,1,,,32000,1,"R$ 320.258,00",BMW,X1 SDRIVE 20i GP 2.0 TB Aut.,32000,009323-8,Gasolina,1,G,março de 2025 ,qftq8pr5ryj1f9,"quarta-feira, 1 de abril de 2026 05:35",320258.0
319,1,,,32000,5,"R$ 80.277,00",Citroën,C3 Live Pack 1.0 Flex 6V 5p Mec.,32000,011223-2,Flex,1,F,março de 2025 ,9pkprc7c71p,"quinta-feira, 28 de agosto de 2025 08:51",80277.0
319,1,,,32000,5,"R$ 91.987,00",Citroën,BASALT Feel 1.0 Flex 6V 5p Mec.,32000,011238-0,Flex,1,F,março de 2025 ,cf3vxvylwbzp,"quarta-feira, 1 de abril de 2026 05:35",91987.0
319,1,,,32000,5,"R$ 118.000,00",Honda,CITY Sedan LX 1.5 Flex 16V 4p Aut.,32000,014059-7,Flex,1,F,março de 2025 ,gsn8wjpyhkp,"quinta-feira, 28 de agosto de 2025 08:51",118000.0
319,1,,,32000,5,"R$ 192.547,00",Honda,HR-V Advance 1.5  Flex TB 16V 5p Aut.,32000,014111-9,Flex,1,F,março de 2025 ,kl2t4x00klj1f9,"quinta-feira, 28 de agosto de 2025 08:52",192547.0
319,1,,,32000,5,"R$ 118.015,00",Honda,CITY Hatchback LX 1.5 Flex 16V Aut.,32000,014116-0,Flex,1,F,março de 2025 ,gsptsggpr2j1f9,"quinta-feira, 28 de agosto de 2025 09:10",118015.0
319,1,,,32000,5,"R$ 144.281,00",Hyundai,Creta Comfort 1.0 TB 12V Flex Aut.,32000,015200-5,Flex,1,F,março de 2025 ,hshh4y43gjp,"quarta-feira, 1 de outubro de 2025 07:26",144281.0
319,1,,,32000,5,"R$ 97.325,00",Hyundai,HB20S Comfort Plus 1.0 Flex 12V Mec.,32000,015239-0,Flex,1,F,março de 2025 ,ch4f3210xnzp,"quarta-feira, 1 de outubro de 2025 07:26",97325.0
319,1,,,32000,5,"R$ 114.686,00",Hyundai,HB20S Comfort Plus 1.0 TB Flex 12V Aut,32000,015240-4,Flex,1,F,março de 2025 ,gnsttcyqbfj1f9,"quinta-feira, 28 de agosto de 2025 08:52",114686.0
319,1,,,32000,5,"R$ 138.550,00",Hyundai,Creta Comfort Plus 1.0 TB 12V Flex Aut.,32000,015244-7,Flex,1,F,março de 2025 ,hkr6qb9wryj1f9,"quinta-feira, 28 de agosto de 2025 08:52",138550.0
319,1,,,32000,5,"R$ 91.055,00",Hyundai,HB20 Comfort Plus 1.0 Flex 12V Mec.,32000,015245-5,Flex,1,F,março de 2025 ,cfrx5hmw27yp,"quinta-feira, 28 de agosto de 2025 08:52",91055.0
319,1,,,32000,5,"R$ 207.637,00",Jeep,COMPASS LONG. T270 1.3 TB 4x2 Flex Aut.,32000,017071-2,Flex,1,F,março de 2025 ,k5r9w26rmwp,"quinta-feira, 28 de agosto de 2025 08:52",207637.0
319,1,,,32000,5,"R$ 246.767,00",Jeep,Commander Limited T270 1.3 TB Flex Aut.,32000,017081-0,Flex,1,F,março de 2025 ,mnnkvsvctsp,"quarta-feira, 1 de abril de 2026 05:35",246767.0
319,1,,,32000,5,"R$ 137.834,00",Jeep,Renegade Sport T270 1.3 TB 4x2 Flex Aut.,32000,017085-2,Flex,1,F,março de 2025 ,hjx5yxkp00p,"quarta-feira, 1 de abril de 2026 05:35",137834.0
319,1,,,32000,3,"R$ 283.000,00",Mitsubishi,Triton HPE 2.4 CD 4x4 TB Diesel Aut.,32000,022213-5,Diesel,1,D,março de 2025 ,n04jlwzwstj1gy,"quarta-feira, 1 de abril de 2026 05:35",283000.0
319,1,,,32000,3,"R$ 270.899,00",Nissan,Frontier ATTAC.CD 4x4 2.3 Bi-TB Die. Aut,32000,023160-6,Diesel,1,D,março de 2025 ,nkypqvtg7ncb,"quarta-feira, 1 de abril de 2026 05:35",270899.0
319,1,,,32000,5,"R$ 141.622,00",Nissan,VERSA Exclusive 1.6 16V Flex Aut.,32000,023174-6,Flex,1,F,março de 2025 ,hpcv3lxprtp,"quinta-feira, 28 de agosto de 2025 08:52",141622.0
319,1,,,32000,5,"R$ 117.149,00",Nissan,KICKS Active 1.6 16V Flex Aut.,32000,023186-0,Flex,1,F,março de 2025 ,grpb0kxf5nj1f9,"quinta-feira, 28 de agosto de 2025 08:52",117149.0
319,1,,,32000,1,"R$ 166.908,00",Nissan,Sentra Advance 2.0 16V Aut.,32000,023187-8,Gasolina,1,G,março de 2025 ,jm0x76m2yrj1f9,"quinta-feira, 28 de agosto de 2025 08:52",166908.0
319,1,,,32000,3,"R$ 193.020,00",Peugeot,Expert Cargo 1.5 Turbo Diesel,32000,024260-8,Diesel,1,D,março de 2025 ,kmm03k7qf1cb,"quarta-feira, 1 de abril de 2026 05:35",193020.0
319,1,,,32000,5,"R$ 76.445,00",Peugeot,208 Like 1.0 Flex 6V 5p Mec.,32000,024264-0,Flex,1,F,março de 2025 ,77mwgt7qvrp,"quinta-feira, 28 de agosto de 2025 08:52",76445.0
319,1,,,32000,5,"R$ 93.248,00",Peugeot,208 Style 1.0 Flex 6V 5p Mec.,32000,024265-9,Flex,1,F,março de 2025 ,cglm78dj9k5p,"quarta-feira, 1 de outubro de 2025 07:26",93248.0
319,1,,,32000,5,"R$ 128.123,00",Peugeot,2008 Active 1.0 Turbo Flex 5p Aut.,32000,024274-8,Flex,1,F,março de 2025 ,g5j6049w1tj1f9,"quarta-feira, 1 de abril de 2026 05:35",128123.0
319,1,,,32000,3,"R$ 232.744,00",Renault,Master 2.3 dCi Furgão 16V Diesel,32000,025196-8,Diesel,1,D,março de 2025 ,l36wcb18qqcb,"quarta-feira, 1 de abril de 2026 05:35",232744.0
319,1,,,32000,5,"R$ 66.330,00",Renault,KWID Zen 1.0 Flex 12V 5p Mec.,32000,025266-2,Flex,1,F,março de 2025 ,4d1c3nywn9p,"quinta-feira, 28 de agosto de 2025 08:52",66330.0
319,1,,,32000,5,"R$ 117.784,00",Renault,OROCH Intense 1.6 Flex 16V Mec.,32000,025312-0,Flex,1,F,março de 2025 ,gsffhsrgv5p,"quarta-feira, 1 de abril de 2026 05:35",117784.0
319,1,,,32000,5,"R$ 130.663,00",Renault,DUSTER Intense Plus 1.6 16V Flex Mec.,32000,025325-1,Flex,1,F,março de 2025 ,g8jjzxt0wkj1f9,"quarta-feira, 1 de abril de 2026 05:35",130663.0
319,1,,,32000,3,"R$ 503.613,00",RAM,3500 LARAMIE 6.7 TB CD 4x4 Diesel,32000,083007-0,Diesel,1,D,março de 2025 ,ycs4lt6lyjcb,"quarta-feira, 1 de abril de 2026 05:35",503613.0
319,1,,,32000,3,"R$ 238.568,00",RAM,RAMPAGE BIG HORN 2.2 TB CD 4X4 Die Aut.,32000,083026-7,Diesel,1,D,março de 2025 ,mb1klbzddrj1gy,"quinta-feira, 28 de agosto de 2025 09:46",238568.0
319,1,,,32000,1,"R$ 177.577,00",Caoa Chery,Tiggo 7 Pro Max Drive 1.6 Turbo 16V Aut.,32000,093011-3,Gasolina,1,G,março de 2025 ,j1jql97qc7j1f9,"quarta-feira, 1 de abril de 2026 05:35",177577.0
319,1,,,32000,5,"R$ 128.155,00",Caoa Chery,Tiggo 5X SPORT 1.5 Turbo Flex Aut.,32000,093014-8,Flex,1,F,março de 2025 ,g5lc2w9pd0j1f9,"quarta-feira, 1 de abril de 2026 05:35",128155.0
319,1,,,32000,1,"R$ 202.216,00",Caoa Chery,Tiggo 8 PRO 1.6 TGDi Aut.,32000,093018-0,Gasolina,1,G,março de 2025 ,kzd8rl7dmtj1f9,"quarta-feira, 1 de abril de 2026 05:35",202216.0
319,1,,,32000,6,"R$ 229.965,00",BYD,Song Plus 1.5 16V Aut. (Hibrido),32000,095005-0,Híbrido,1,H,março de 2025 ,l0yv3fs483j1f9,"quarta-feira, 1 de abril de 2026 05:35",229965.0
319,1,,,32000,4,"R$ 159.777,00",BYD,Dolphin EV (Elétrico),32000,095007-6,Elétrico,1,E,março de 2025 ,jcnrcfbx1mj1f9,"quarta-feira, 1 de abril de 2026 05:35",159777.0
319,1,,,32000,4,"R$ 290.100,00",BYD,Seal (Elétrico),32000,095008-4,Elétrico,1,E,março de 2025 ,n9glkv27bkj1f9,"quinta-feira, 28 de agosto de 2025 09:10",290100.0
319,1,,,32000,4,"R$ 120.800,00",BYD,Dolphin Mini (Elétrico),32000,095010-6,Elétrico,1,E,março de 2025 ,gwy1sx04s8j1f9,"quinta-feira, 28 de agosto de 2025 09:10",120800.0
319,1,,,32000,6,"R$ 164.580,00",BYD,King GL 1.5 16V Aut. (Hibrido),32000,095012-2,Híbrido,1,H,março de 2025 ,jj895hb7b2j1f9,"quinta-feira, 28 de agosto de 2025 08:52",164580.0
319,1,,,32000,4,"R$ 178.020,00",BYD,Yuan Pro (Elétrico),32000,095015-7,Elétrico,1,E,março de 2025 ,j11tr14xfwj1f9,"quarta-feira, 1 de abril de 2026 05:35",178020.0
319,1,,,32000,6,"R$ 370.100,00",BYD,SHARK GS 1.5 16V 4x4 Aut. (Híbrido),32000,095016-5,Híbrido,1,H,março de 2025 ,r98b1gxz23j1f9,"quarta-feira, 1 de abril de 2026 05:36",370100.0
319,1,,,32000,6,"R$ 243.797,00",GWM,Haval H6 PHEV19 (Hibrido),32000,096008-0,Híbrido,1,H,março de 2025 ,mj5mdb16q9j1f9,"quarta-feira, 1 de abril de 2026 05:36",243797.0
318,1,,,32000,5,"R$ 71.921,00",Fiat,MOBI LIKE 1.0 Fire Flex 5p.,32000,001461-3,Flex,1,F,fevereiro de 2025 ,6jlj0wgp5sp,"quinta-feira, 28 de agosto de 2025 08:52",71921.0
318,1,,,32000,5,"R$ 88.643,00",Fiat,ARGO DRIVE 1.0 6V Flex,32000,001494-0,Flex,1,F,fevereiro de 2025 ,cdvng4l5wskp,"quinta-feira, 28 de agosto de 2025 08:52",88643.0
318,1,,,32000,5,"R$ 115.229,00",Fiat,Fiorino Endurance EVO 1.4 Flex 8V 2p,32000,001531-8,Flex,1,F,fevereiro de 2025 ,gpfkm1wn8zp,"quinta-feira, 28 de agosto de 2025 08:52",115229.0
318,1,,,32000,5,"R$ 161.150,00",Fiat,Toro Freedom 1.3 T270 4x2 Flex Aut.,32000,001538-5,Flex,1,F,fevereiro de 2025 ,jd8ndjl64wp,"quinta-feira, 28 de agosto de 2025 08:52",161150.0
318,1,,,32000,5,"R$ 105.099,00",Fiat,PULSE DRIVE 1.0 Turbo 200 Flex Aut.,32000,001543-1,Flex,1,F,fevereiro de 2025 ,f9kclw6zmnp,"quinta-feira, 28 de agosto de 2025 08:52",105099.0
318,1,,,32000,3,"R$ 212.139,00",Fiat,Scudo Cargo 1.5 16V Turbo Diesel,32000,001550-4,Diesel,1,D,fevereiro de 2025 ,lb1ykcnb1rcb,"quarta-feira, 1 de abril de 2026 05:36",212139.0
318,1,,,32000,5,"R$ 106.222,00",Fiat,CRONOS DRIVE 1.3 8V Flex Aut.,32000,001554-7,Flex,1,F,fevereiro de 2025 ,gbv5ynlk2yp,"quinta-feira, 28 de agosto de 2025 08:52",106222.0
318,1,,,32000,5,"R$ 143.557,00",Fiat,Fastback Audace 1.0 200 T. Flex Aut,32000,001558-0,Flex,1,F,fevereiro de 2025 ,hrm6czyy08j1f9,"quinta-feira, 28 de agosto de 2025 08:52",143557.0
318,1,,,32000,3,"R$ 257.170,00",Fiat,Ducato Cargo 2.2 Diesel (E6),32000,001563-6,Diesel,1,D,fevereiro de 2025 ,m1vphmbrz7j1gy,"quarta-feira, 1 de abril de 2026 05:36",257170.0
318,1,,,32000,5,"R$ 119.440,00",Fiat,Fastback 1.0 200 Turbo Flex Aut,32000,001568-7,Flex,1,F,fevereiro de 2025 ,gvcmdv180fj1f9,"quarta-feira, 1 de outubro de 2025 07:26",119440.0
318,1,,,32000,5,"R$ 106.143,00",Fiat,Strada Endurance 1.3 Flex 8V CS Plus,32000,001569-5,Flex,1,F,fevereiro de 2025 ,gbr9x6f5qzj1f9,"quinta-feira, 28 de agosto de 2025 08:52",106143.0
318,1,,,32000,5,"R$ 159.689,00",Toyota,Corolla XEi 2.0 Flex 16V Aut.,32000,002111-3,Flex,1,F,fevereiro de 2025 ,jckj6l6xjvp,"quinta-feira, 28 de agosto de 2025 08:52",159689.0
318,1,,,32000,3,"R$ 277.826,00",Toyota,Hilux CD SR 4x4 2.8 TDI Diesel Aut.,32000,002142-3,Diesel,1,D,fevereiro de 2025 ,nt2grz5mn1cb,"quinta-feira, 28 de agosto de 2025 09:46",277826.0
318,1,,,32000,3,"R$ 384.574,00",Toyota,Hilux SW4 SRX 4x4 2.8 TDI 16V Dies. Aut.,32000,002146-6,Diesel,1,D,fevereiro de 2025 ,sv7fp2cfj6cb,"quarta-feira, 1 de abril de 2026 05:36",384574.0
318,1,,,32000,5,"R$ 181.760,00",Toyota,Corolla Cross XRE 2.0 16V Flex Aut.,32000,002203-9,Flex,1,F,fevereiro de 2025 ,j6frt4cq8cp,"quinta-feira, 28 de agosto de 2025 08:52",181760.0
318,1,,,32000,5,"R$ 106.712,00",Toyota,YARIS XL 1.5 Flex 16V 5p Aut.,32000,002207-1,Flex,1,F,fevereiro de 2025 ,gcfz12m6h7p,"quinta-feira, 28 de agosto de 2025 08:52",106712.0
318,1,,,32000,3,"R$ 273.016,00",Ford,TRANSIT Furgão 2.0 Curto Turbo Diesel,32000,003487-8,Diesel,1,D,fevereiro de 2025 ,nnfm2fq892cb,"quarta-feira, 1 de abril de 2026 05:36",273016.0
318,1,,,32000,3,"R$ 228.130,00",Ford,Ranger XL 2.0 4x4 CD Diesel Mec. ,32000,003502-5,Diesel,1,D,fevereiro de 2025 ,lys5hwyj7cj1gy,"quinta-feira, 28 de agosto de 2025 09:46",228130.0
318,1,,,32000,3,"R$ 249.787,00",GM - Chevrolet,S10 Pick-Up LT 2.8 TDI 4x4 CD Diesel Aut,32000,004395-8,Diesel,1,D,fevereiro de 2025 ,mr6bnmt5vwcb,"quinta-feira, 28 de agosto de 2025 09:46",249787.0
318,1,,,32000,5,"R$ 124.950,00",GM - Chevrolet,SPIN LT 1.8 8V Econo.Flex 5p Mec.,32000,004414-8,Flex,1,F,fevereiro de 2025 ,g1twt1zzcjp,"quarta-feira, 1 de abril de 2026 05:36",124950.0
318,1,,,32000,5,"R$ 150.022,00",GM - Chevrolet,SPIN PREMIER 1.8 8V Econo.Flex 5p Aut.,32000,004494-6,Flex,1,F,fevereiro de 2025 ,hz65vs0y02p,"quinta-feira, 28 de agosto de 2025 08:52",150022.0
318,1,,,32000,5,"R$ 118.304,00",GM - Chevrolet,ONIX SEDAN Plus LT 1.0 12V TB Flex Aut.,32000,004501-2,Flex,1,F,fevereiro de 2025 ,gs1bd10gbrp,"quinta-feira, 28 de agosto de 2025 08:52",118304.0
318,1,,,32000,5,"R$ 97.919,00",GM - Chevrolet,ONIX HATCH LT 1.0 12V Flex 5p Mec.,32000,004517-9,Flex,1,F,fevereiro de 2025 ,cjcd00tfksmp,"quinta-feira, 28 de agosto de 2025 08:52",97919.0
318,1,,,32000,5,"R$ 180.818,00",GM - Chevrolet,TRACKER Premier 1.2 Turbo 12V Flex Aut.,32000,004525-0,Flex,1,F,fevereiro de 2025 ,j5bjfl1s4dp,"quinta-feira, 28 de agosto de 2025 08:52",180818.0
318,1,,,32000,5,"R$ 153.116,00",GM - Chevrolet,MONTANA LTZ 1.2 Turbo Flex 12V 4p Aut.,32000,004541-1,Flex,1,F,fevereiro de 2025 ,h3vm1fss4cj1f9,"quinta-feira, 28 de agosto de 2025 08:52",153116.0
318,1,,,32000,3,"R$ 272.218,00",GM - Chevrolet,S10 Pick-Up WT 2.8 TDI 4x4 CD Diesel Aut,32000,004550-0,Diesel,1,D,fevereiro de 2025 ,nmhmxqhk5qj1gy,"quarta-feira, 1 de outubro de 2025 07:26",272218.0
318,1,,,32000,3,"R$ 323.451,00",VW - VolksWagen,AMAROK Highline CD 3.0 4x4 TB Dies. Aut.,32000,005483-6,Diesel,1,D,fevereiro de 2025 ,qkks0cg283cb,"quarta-feira, 1 de abril de 2026 05:36",323451.0
318,1,,,32000,5,"R$ 142.660,00",VW - VolksWagen,VIRTUS Highline 200 TSI 1.0 Flex 12V Aut,32000,005484-4,Flex,1,F,fevereiro de 2025 ,hqlln90b79p,"quinta-feira, 28 de agosto de 2025 08:52",142660.0
318,1,,,32000,5,"R$ 163.911,00",VW - VolksWagen,T-Cross Comfor. 200 TSI 1.0 Flex 5p Aut.,32000,005509-3,Flex,1,F,fevereiro de 2025 ,jjh0cnrvjmj1f9,"quinta-feira, 28 de agosto de 2025 08:52",163911.0
318,1,,,32000,5,"R$ 156.620,00",VW - VolksWagen,Nivus Highline 1.0 200 TSI Flex Aut.,32000,005526-3,Flex,1,F,fevereiro de 2025 ,h7yz56b86cp,"quinta-feira, 28 de agosto de 2025 08:52",156620.0
318,1,,,32000,5,"R$ 204.759,00",VW - VolksWagen,TAOS Highline 1.4 250 TSI Flex Aut.,32000,005528-0,Flex,1,F,fevereiro de 2025 ,k2dp240s8wp,"quarta-feira, 1 de abril de 2026 05:36",204759.0
318,1,,,32000,5,"R$ 120.530,00",VW - VolksWagen,Saveiro Robust 1.6 Total Flex 16V CD,32000,005537-9,Flex,1,F,fevereiro de 2025 ,gwm7kylfblj1f9,"quinta-feira, 28 de agosto de 2025 08:52",120530.0
318,1,,,32000,5,"R$ 89.150,00",VW - VolksWagen,Polo Track 1.0 Flex 12V 5p,32000,005540-9,Flex,1,F,fevereiro de 2025 ,cd1lrslk6mcp,"quinta-feira, 28 de agosto de 2025 08:52",89150.0
318,1,,,32000,1,"R$ 321.395,00",BMW,X1 SDRIVE 20i GP 2.0 TB Aut.,32000,009323-8,Gasolina,1,G,fevereiro de 2025 ,qg42dfdm0qj1f9,"quarta-feira, 1 de abril de 2026 05:36",321395.0
318,1,,,32000,5,"R$ 79.497,00",Citroën,C3 Live Pack 1.0 Flex 6V 5p Mec.,32000,011223-2,Flex,1,F,fevereiro de 2025 ,9dd51glw2lp,"quinta-feira, 28 de agosto de 2025 08:52",79497.0
318,1,,,32000,5,"R$ 90.800,00",Citroën,BASALT Feel 1.0 Flex 6V 5p Mec.,32000,011238-0,Flex,1,F,fevereiro de 2025 ,cfnyg77gk0wp,"quarta-feira, 1 de abril de 2026 05:36",90800.0
318,1,,,32000,5,"R$ 117.977,00",Honda,CITY Sedan LX 1.5 Flex 16V 4p Aut.,32000,014059-7,Flex,1,F,fevereiro de 2025 ,gsnfy3x36mp,"quinta-feira, 28 de agosto de 2025 08:52",117977.0
318,1,,,32000,5,"R$ 192.951,00",Honda,HR-V Advance 1.5  Flex TB 16V 5p Aut.,32000,014111-9,Flex,1,F,fevereiro de 2025 ,kmkjcc42d1j1f9,"quinta-feira, 28 de agosto de 2025 08:52",192951.0
318,1,,,32000,5,"R$ 117.882,00",Honda,CITY Hatchback LX 1.5 Flex 16V Aut.,32000,014116-0,Flex,1,F,fevereiro de 2025 ,gsjzxtbklcj1f9,"quinta-feira, 28 de agosto de 2025 09:10",117882.0
318,1,,,32000,5,"R$ 141.447,00",Hyundai,Creta Comfort 1.0 TB 12V Flex Aut.,32000,015200-5,Flex,1,F,fevereiro de 2025 ,hn5hxxp1grp,"quarta-feira, 1 de outubro de 2025 07:26",141447.0
318,1,,,32000,5,"R$ 94.987,00",Hyundai,HB20S Comfort Plus 1.0 Flex 12V Mec.,32000,015239-0,Flex,1,F,fevereiro de 2025 ,cg71bjk1g97p,"quarta-feira, 1 de outubro de 2025 07:26",94987.0
318,1,,,32000,5,"R$ 114.559,00",Hyundai,HB20S Comfort Plus 1.0 TB Flex 12V Aut,32000,015240-4,Flex,1,F,fevereiro de 2025 ,gnm6p9pphtj1f9,"quinta-feira, 28 de agosto de 2025 08:52",114559.0
318,1,,,32000,5,"R$ 138.924,00",Hyundai,Creta Comfort Plus 1.0 TB 12V Flex Aut.,32000,015244-7,Flex,1,F,fevereiro de 2025 ,hk6s3x2dtxj1f9,"quinta-feira, 28 de agosto de 2025 08:52",138924.0
318,1,,,32000,5,"R$ 90.718,00",Hyundai,HB20 Comfort Plus 1.0 Flex 12V Mec.,32000,015245-5,Flex,1,F,fevereiro de 2025 ,cfmzn927xpyp,"quinta-feira, 28 de agosto de 2025 08:52",90718.0
318,1,,,32000,5,"R$ 208.025,00",Jeep,COMPASS LONG. T270 1.3 TB 4x2 Flex Aut.,32000,017071-2,Flex,1,F,fevereiro de 2025 ,k57d2pbvv2p,"quinta-feira, 28 de agosto de 2025 08:52",208025.0
318,1,,,32000,5,"R$ 246.124,00",Jeep,Commander Limited T270 1.3 TB Flex Aut.,32000,017081-0,Flex,1,F,fevereiro de 2025 ,mmw6b4c06vp,"quarta-feira, 1 de abril de 2026 05:36",246124.0
318,1,,,32000,5,"R$ 138.220,00",Jeep,Renegade Sport T270 1.3 TB 4x2 Flex Aut.,32000,017085-2,Flex,1,F,fevereiro de 2025 ,hkc6wm2fs5p,"quarta-feira, 1 de abril de 2026 05:36",138220.0
318,1,,,32000,3,"R$ 260.080,00",Nissan,Frontier ATTAC.CD 4x4 2.3 Bi-TB Die. Aut,32000,023160-6,Diesel,1,D,fevereiro de 2025 ,m48gb88fjlcb,"quarta-feira, 1 de abril de 2026 05:36",260080.0
318,1,,,32000,5,"R$ 140.423,00",Nissan,VERSA Exclusive 1.6 16V Flex Aut.,32000,023174-6,Flex,1,F,fevereiro de 2025 ,hmy835rm9xp,"quinta-feira, 28 de agosto de 2025 08:52",140423.0
318,1,,,32000,5,"R$ 115.443,00",Nissan,KICKS Active 1.6 16V Flex Aut.,32000,023186-0,Flex,1,F,fevereiro de 2025 ,gppbrxvrg2j1f9,"quinta-feira, 28 de agosto de 2025 08:53",115443.0
318,1,,,32000,1,"R$ 164.246,00",Nissan,Sentra Advance 2.0 16V Aut.,32000,023187-8,Gasolina,1,G,fevereiro de 2025 ,jjw5t0xswrj1f9,"quinta-feira, 28 de agosto de 2025 08:53",164246.0
318,1,,,32000,3,"R$ 189.847,00",Peugeot,Expert Cargo 1.5 Turbo Diesel,32000,024260-8,Diesel,1,D,fevereiro de 2025 ,khxpxgc069cb,"quarta-feira, 1 de abril de 2026 05:36",189847.0
318,1,,,32000,5,"R$ 76.316,00",Peugeot,208 Like 1.0 Flex 6V 5p Mec.,32000,024264-0,Flex,1,F,fevereiro de 2025 ,753zyjdr19p,"quinta-feira, 28 de agosto de 2025 08:53",76316.0
318,1,,,32000,5,"R$ 91.832,00",Peugeot,208 Style 1.0 Flex 6V 5p Mec.,32000,024265-9,Flex,1,F,fevereiro de 2025 ,cf11lc8zzy4p,"quarta-feira, 1 de outubro de 2025 07:26",91832.0
318,1,,,32000,5,"R$ 126.135,00",Peugeot,2008 Active 1.0 Turbo Flex 5p Aut.,32000,024274-8,Flex,1,F,fevereiro de 2025 ,g26y1d43jpj1f9,"quarta-feira, 1 de abril de 2026 05:36",126135.0
318,1,,,32000,3,"R$ 231.801,00",Renault,Master 2.3 dCi Furgão 16V Diesel,32000,025196-8,Diesel,1,D,fevereiro de 2025 ,l23ltvwh6ycb,"quarta-feira, 1 de abril de 2026 05:36",231801.0
318,1,,,32000,5,"R$ 65.553,00",Renault,KWID Zen 1.0 Flex 12V 5p Mec.,32000,025266-2,Flex,1,F,fevereiro de 2025 ,33xy6mpx9bp,"quinta-feira, 28 de agosto de 2025 08:53",65553.0
318,1,,,32000,5,"R$ 114.667,00",Renault,OROCH Intense 1.6 Flex 16V Mec.,32000,025312-0,Flex,1,F,fevereiro de 2025 ,gnr4dqc4bbp,"quarta-feira, 1 de abril de 2026 05:36",114667.0
318,1,,,32000,5,"R$ 112.718,00",Renault,DUSTER Intense Plus 1.6 16V Flex Mec.,32000,025325-1,Flex,1,F,fevereiro de 2025 ,glg9b61nckj1f9,"quarta-feira, 1 de abril de 2026 05:36",112718.0
318,1,,,32000,3,"R$ 500.932,00",RAM,3500 LARAMIE 6.7 TB CD 4x4 Diesel,32000,083007-0,Diesel,1,D,fevereiro de 2025 ,x8nprz1s2qcb,"quarta-feira, 1 de abril de 2026 05:36",500932.0
318,1,,,32000,3,"R$ 242.576,00",RAM,RAMPAGE BIG HORN 2.2 TB CD 4X4 Die Aut.,32000,083026-7,Diesel,1,D,fevereiro de 2025 ,mhq7mg05ybj1gy,"quinta-feira, 28 de agosto de 2025 09:47",242576.0
318,1,,,32000,1,"R$ 177.152,00",Caoa Chery,Tiggo 7 Pro Max Drive 1.6 Turbo 16V Aut.,32000,093011-3,Gasolina,1,G,fevereiro de 2025 ,j008q8wm3tj1f9,"quarta-feira, 1 de abril de 2026 05:36",177152.0
318,1,,,32000,5,"R$ 128.015,00",Caoa Chery,Tiggo 5X SPORT 1.5 Turbo Flex Aut.,32000,093014-8,Flex,1,F,fevereiro de 2025 ,g5d9brg74pj1f9,"quarta-feira, 1 de abril de 2026 05:36",128015.0
318,1,,,32000,1,"R$ 202.151,00",Caoa Chery,Tiggo 8 PRO 1.6 TGDi Aut.,32000,093018-0,Gasolina,1,G,fevereiro de 2025 ,kzbxh5btt6j1f9,"quarta-feira, 1 de abril de 2026 05:36",202151.0
318,1,,,32000,6,"R$ 239.791,00",BYD,Song Plus 1.5 16V Aut. (Hibrido),32000,095005-0,Híbrido,1,H,fevereiro de 2025 ,mdg0l0gnljj1f9,"quarta-feira, 1 de abril de 2026 05:36",239791.0
318,1,,,32000,4,"R$ 159.757,00",BYD,Dolphin EV (Elétrico),32000,095007-6,Elétrico,1,E,fevereiro de 2025 ,jcm0ts0nx7j1f9,"quarta-feira, 1 de abril de 2026 05:36",159757.0
318,1,,,32000,4,"R$ 293.855,00",BYD,Seal (Elétrico),32000,095008-4,Elétrico,1,E,fevereiro de 2025 ,pfv2jvl83kj1f9,"quinta-feira, 28 de agosto de 2025 09:10",293855.0
318,1,,,32000,4,"R$ 119.588,00",BYD,Dolphin Mini (Elétrico),32000,095010-6,Elétrico,1,E,fevereiro de 2025 ,gvjz5d9pxnj1f9,"quinta-feira, 28 de agosto de 2025 09:10",119588.0
318,1,,,32000,6,"R$ 173.836,00",BYD,King GL 1.5 16V Aut. (Hibrido),32000,095012-2,Híbrido,1,H,fevereiro de 2025 ,jw4rd8yfm9j1f9,"quinta-feira, 28 de agosto de 2025 08:53",173836.0
318,1,,,32000,4,"R$ 182.796,00",BYD,Yuan Pro (Elétrico),32000,095015-7,Elétrico,1,E,fevereiro de 2025 ,j7nd4z4ksvj1f9,"quarta-feira, 1 de abril de 2026 05:36",182796.0
318,1,,,32000,6,"R$ 364.800,00",BYD,SHARK GS 1.5 16V 4x4 Aut. (Híbrido),32000,095016-5,Híbrido,1,H,fevereiro de 2025 ,r31p7f2dzkj1f9,"quarta-feira, 1 de abril de 2026 05:36",364800.0
318,1,,,32000,6,"R$ 241.717,00",GWM,Haval H6 PHEV19 (Hibrido),32000,096008-0,Híbrido,1,H,fevereiro de 2025 ,mgq0q25fdpj1f9,"quarta-feira, 1 de abril de 2026 05:36",241717.0
317,1,,,32000,5,"R$ 72.033,00",Fiat,MOBI LIKE 1.0 Fire Flex 5p.,32000,001461-3,Flex,1,F,janeiro de 2025 ,6kw7zhjxt6p,"quinta-feira, 28 de agosto de 2025 08:53",72033.0
317,1,,,32000,5,"R$ 86.700,00",Fiat,ARGO DRIVE 1.0 6V Flex,32000,001494-0,Flex,1,F,janeiro de 2025 ,cc3v78c63fjp,"quinta-feira, 28 de agosto de 2025 08:53",86700.0
317,1,,,32000,5,"R$ 116.404,00",Fiat,Fiorino Endurance EVO 1.4 Flex 8V 2p,32000,001531-8,Flex,1,F,janeiro de 2025 ,gqs8k3c44cp,"quinta-feira, 28 de agosto de 2025 08:53",116404.0
317,1,,,32000,5,"R$ 158.494,00",Fiat,Toro Freedom 1.3 T270 4x2 Flex Aut.,32000,001538-5,Flex,1,F,janeiro de 2025 ,h943qxr1fzp,"quinta-feira, 28 de agosto de 2025 08:53",158494.0
317,1,,,32000,5,"R$ 105.717,00",Fiat,PULSE DRIVE 1.0 Turbo 200 Flex Aut.,32000,001543-1,Flex,1,F,janeiro de 2025 ,f98tx76kxkp,"quinta-feira, 28 de agosto de 2025 08:53",105717.0
317,1,,,32000,3,"R$ 207.849,00",Fiat,Scudo Cargo 1.5 16V Turbo Diesel,32000,001550-4,Diesel,1,D,janeiro de 2025 ,k500r2bbjhcb,"quarta-feira, 1 de abril de 2026 05:37",207849.0
317,1,,,32000,5,"R$ 103.712,00",Fiat,CRONOS DRIVE 1.3 8V Flex Aut.,32000,001554-7,Flex,1,F,janeiro de 2025 ,f7xysrccfdp,"quinta-feira, 28 de agosto de 2025 08:53",103712.0
317,1,,,32000,5,"R$ 144.880,00",Fiat,Fastback Audace 1.0 200 T. Flex Aut,32000,001558-0,Flex,1,F,janeiro de 2025 ,hs582lpsc1j1f9,"quinta-feira, 28 de agosto de 2025 08:53",144880.0
317,1,,,32000,3,"R$ 253.792,00",Fiat,Ducato Cargo 2.2 Diesel (E6),32000,001563-6,Diesel,1,D,janeiro de 2025 ,mxww9yx6wpj1gy,"quarta-feira, 1 de abril de 2026 05:37",253792.0
317,1,,,32000,5,"R$ 119.175,00",Fiat,Fastback 1.0 200 Turbo Flex Aut,32000,001568-7,Flex,1,F,janeiro de 2025 ,gt1ztjprylj1f9,"quarta-feira, 1 de outubro de 2025 07:26",119175.0
317,1,,,32000,5,"R$ 103.786,00",Fiat,Strada Endurance 1.3 Flex 8V CS Plus,32000,001569-5,Flex,1,F,janeiro de 2025 ,f70m5hh66dj1f9,"quinta-feira, 28 de agosto de 2025 08:53",103786.0
317,1,,,32000,5,"R$ 155.062,00",Toyota,Corolla XEi 2.0 Flex 16V Aut.,32000,002111-3,Flex,1,F,janeiro de 2025 ,h54cp23m7np,"quinta-feira, 28 de agosto de 2025 08:53",155062.0
317,1,,,32000,3,"R$ 284.390,00",Toyota,Hilux CD SR 4x4 2.8 TDI Diesel Aut.,32000,002142-3,Diesel,1,D,janeiro de 2025 ,n2r1srrkpvcb,"quinta-feira, 28 de agosto de 2025 09:47",284390.0
317,1,,,32000,3,"R$ 383.579,00",Toyota,Hilux SW4 SRX 4x4 2.8 TDI 16V Dies. Aut.,32000,002146-6,Diesel,1,D,janeiro de 2025 ,st18k7x18lcb,"quarta-feira, 1 de abril de 2026 05:37",383579.0
317,1,,,32000,5,"R$ 180.323,00",Toyota,Corolla Cross XRE 2.0 16V Flex Aut.,32000,002203-9,Flex,1,F,janeiro de 2025 ,j4rjphvqymp,"quinta-feira, 28 de agosto de 2025 08:53",180323.0
317,1,,,32000,5,"R$ 101.805,00",Toyota,YARIS XL 1.5 Flex 16V 5p Aut.,32000,002207-1,Flex,1,F,janeiro de 2025 ,f5pm1916vjp,"quinta-feira, 28 de agosto de 2025 08:53",101805.0
317,1,,,32000,3,"R$ 274.900,00",Ford,TRANSIT Furgão 2.0 Curto Turbo Diesel,32000,003487-8,Diesel,1,D,janeiro de 2025 ,nqm3wf7q4dcb,"quarta-feira, 1 de abril de 2026 05:37",274900.0
317,1,,,32000,3,"R$ 220.155,00",Ford,Ranger XL 2.0 4x4 CD Diesel Mec. ,32000,003502-5,Diesel,1,D,janeiro de 2025 ,lnf9mmwt55j1gy,"quinta-feira, 28 de agosto de 2025 09:47",220155.0
317,1,,,32000,3,"R$ 252.804,00",GM - Chevrolet,S10 Pick-Up LT 2.8 TDI 4x4 CD Diesel Aut,32000,004395-8,Diesel,1,D,janeiro de 2025 ,mwqz2psxlzcb,"quinta-feira, 28 de agosto de 2025 09:47",252804.0
317,1,,,32000,5,"R$ 120.841,00",GM - Chevrolet,SPIN LT 1.8 8V Econo.Flex 5p Mec.,32000,004414-8,Flex,1,F,janeiro de 2025 ,gw0jzzqc9pp,"quarta-feira, 1 de abril de 2026 05:37",120841.0
317,1,,,32000,5,"R$ 144.958,00",GM - Chevrolet,SPIN PREMIER 1.8 8V Econo.Flex 5p Aut.,32000,004494-6,Flex,1,F,janeiro de 2025 ,hs83y3wzbbp,"quinta-feira, 28 de agosto de 2025 08:53",144958.0
317,1,,,32000,5,"R$ 115.927,00",GM - Chevrolet,ONIX SEDAN Plus LT 1.0 12V TB Flex Aut.,32000,004501-2,Flex,1,F,janeiro de 2025 ,gp7x3rts8vp,"quinta-feira, 28 de agosto de 2025 08:53",115927.0
317,1,,,32000,5,"R$ 95.569,00",GM - Chevrolet,ONIX HATCH LT 1.0 12V Flex 5p Mec.,32000,004517-9,Flex,1,F,janeiro de 2025 ,chgvv7syy8yp,"quinta-feira, 28 de agosto de 2025 08:53",95569.0
317,1,,,32000,5,"R$ 172.863,00",GM - Chevrolet,TRACKER Premier 1.2 Turbo 12V Flex Aut.,32000,004525-0,Flex,1,F,janeiro de 2025 ,jv0c2x7smjp,"quinta-feira, 28 de agosto de 2025 08:53",172863.0
317,1,,,32000,5,"R$ 147.088,00",GM - Chevrolet,MONTANA LTZ 1.2 Turbo Flex 12V 4p Aut.,32000,004541-1,Flex,1,F,janeiro de 2025 ,hwsjyshq72j1f9,"quinta-feira, 28 de agosto de 2025 08:53",147088.0
317,1,,,32000,3,"R$ 264.117,00",GM - Chevrolet,S10 Pick-Up WT 2.8 TDI 4x4 CD Diesel Aut,32000,004550-0,Diesel,1,D,janeiro de 2025 ,m9z52b2lmhj1gy,"quarta-feira, 1 de outubro de 2025 07:26",264117.0
317,1,,,32000,3,"R$ 321.644,00",VW - VolksWagen,AMAROK Highline CD 3.0 4x4 TB Dies. Aut.,32000,005483-6,Diesel,1,D,janeiro de 2025 ,qhf3yvcq7dcb,"quarta-feira, 1 de abril de 2026 05:37",321644.0
317,1,,,32000,5,"R$ 139.797,00",VW - VolksWagen,VIRTUS Highline 200 TSI 1.0 Flex 12V Aut,32000,005484-4,Flex,1,F,janeiro de 2025 ,hl7jr9zx6kp,"quinta-feira, 28 de agosto de 2025 08:53",139797.0
317,1,,,32000,5,"R$ 163.331,00",VW - VolksWagen,T-Cross Comfor. 200 TSI 1.0 Flex 5p Aut.,32000,005509-3,Flex,1,F,janeiro de 2025 ,jhtxvkg4n6j1f9,"quinta-feira, 28 de agosto de 2025 08:53",163331.0
317,1,,,32000,5,"R$ 157.511,00",VW - VolksWagen,Nivus Highline 1.0 200 TSI Flex Aut.,32000,005526-3,Flex,1,F,janeiro de 2025 ,h80c3839r5p,"quinta-feira, 28 de agosto de 2025 08:53",157511.0
317,1,,,32000,5,"R$ 208.114,00",VW - VolksWagen,TAOS Highline 1.4 250 TSI Flex Aut.,32000,005528-0,Flex,1,F,janeiro de 2025 ,k6bncckzjfp,"quarta-feira, 1 de abril de 2026 05:37",208114.0
317,1,,,32000,5,"R$ 118.784,00",VW - VolksWagen,Saveiro Robust 1.6 Total Flex 16V CD,32000,005537-9,Flex,1,F,janeiro de 2025 ,gtlr731blcj1f9,"quinta-feira, 28 de agosto de 2025 08:53",118784.0
317,1,,,32000,5,"R$ 89.373,00",VW - VolksWagen,Polo Track 1.0 Flex 12V 5p,32000,005540-9,Flex,1,F,janeiro de 2025 ,cd36tfwfghpp,"quinta-feira, 28 de agosto de 2025 08:53",89373.0
317,1,,,32000,1,"R$ 312.571,00",BMW,X1 SDRIVE 20i GP 2.0 TB Aut.,32000,009323-8,Gasolina,1,G,janeiro de 2025 ,p4tbw2l3bbj1f9,"quarta-feira, 1 de abril de 2026 05:37",312571.0
317,1,,,32000,5,"R$ 78.662,00",Citroën,C3 Live Pack 1.0 Flex 6V 5p Mec.,32000,011223-2,Flex,1,F,janeiro de 2025 ,82mpmb4td8p,"quinta-feira, 28 de agosto de 2025 08:53",78662.0
317,1,,,32000,5,"R$ 89.732,00",Citroën,BASALT Feel 1.0 Flex 6V 5p Mec.,32000,011238-0,Flex,1,F,janeiro de 2025 ,cd8d9hj220zp,"quarta-feira, 1 de abril de 2026 05:37",89732.0
317,1,,,32000,5,"R$ 118.508,00",Honda,CITY Sedan LX 1.5 Flex 16V 4p Aut.,32000,014059-7,Flex,1,F,janeiro de 2025 ,gs8q8l7m9mp,"quinta-feira, 28 de agosto de 2025 08:53",118508.0
317,1,,,32000,5,"R$ 190.810,00",Honda,HR-V Advance 1.5  Flex TB 16V 5p Aut.,32000,014111-9,Flex,1,F,janeiro de 2025 ,kj1pzfp0ryj1f9,"quinta-feira, 28 de agosto de 2025 08:53",190810.0
317,1,,,32000,5,"R$ 118.411,00",Honda,CITY Hatchback LX 1.5 Flex 16V Aut.,32000,014116-0,Flex,1,F,janeiro de 2025 ,gs46zf0p7bj1f9,"quinta-feira, 28 de agosto de 2025 09:10",118411.0
317,1,,,32000,5,"R$ 140.572,00",Hyundai,Creta Comfort 1.0 TB 12V Flex Aut.,32000,015200-5,Flex,1,F,janeiro de 2025 ,hm4p0mrvb2p,"quarta-feira, 1 de outubro de 2025 07:26",140572.0
317,1,,,32000,5,"R$ 95.001,00",Hyundai,HB20S Comfort Plus 1.0 Flex 12V Mec.,32000,015239-0,Flex,1,F,janeiro de 2025 ,cg76d8byn5vp,"quarta-feira, 1 de outubro de 2025 07:26",95001.0
317,1,,,32000,5,"R$ 114.705,00",Hyundai,HB20S Comfort Plus 1.0 TB Flex 12V Aut,32000,015240-4,Flex,1,F,janeiro de 2025 ,gnth6y62y3j1f9,"quinta-feira, 28 de agosto de 2025 08:53",114705.0
317,1,,,32000,5,"R$ 138.664,00",Hyundai,Creta Comfort Plus 1.0 TB 12V Flex Aut.,32000,015244-7,Flex,1,F,janeiro de 2025 ,hkxb47rtdnj1f9,"quinta-feira, 28 de agosto de 2025 08:53",138664.0
317,1,,,32000,5,"R$ 91.805,00",Hyundai,HB20 Comfort Plus 1.0 Flex 12V Mec.,32000,015245-5,Flex,1,F,janeiro de 2025 ,cf1qr4n941mp,"quinta-feira, 28 de agosto de 2025 08:53",91805.0
317,1,,,32000,5,"R$ 204.088,00",Jeep,COMPASS LONG. T270 1.3 TB 4x2 Flex Aut.,32000,017071-2,Flex,1,F,janeiro de 2025 ,k1l91gs1q0p,"quinta-feira, 28 de agosto de 2025 08:53",204088.0
317,1,,,32000,5,"R$ 246.831,00",Jeep,Commander Limited T270 1.3 TB Flex Aut.,32000,017081-0,Flex,1,F,janeiro de 2025 ,mnqwy6n14pp,"quarta-feira, 1 de abril de 2026 05:37",246831.0
317,1,,,32000,5,"R$ 138.656,00",Jeep,Renegade Sport T270 1.3 TB 4x2 Flex Aut.,32000,017085-2,Flex,1,F,janeiro de 2025 ,hkw14t6dw4p,"quarta-feira, 1 de abril de 2026 05:37",138656.0
317,1,,,32000,3,"R$ 245.512,00",Nissan,Frontier ATTAC.CD 4x4 2.3 Bi-TB Die. Aut,32000,023160-6,Diesel,1,D,janeiro de 2025 ,ml5yr8zvtkcb,"quarta-feira, 1 de abril de 2026 05:37",245512.0
317,1,,,32000,5,"R$ 138.645,00",Nissan,VERSA Exclusive 1.6 16V Flex Aut.,32000,023174-6,Flex,1,F,janeiro de 2025 ,hkwnrl6m95p,"quinta-feira, 28 de agosto de 2025 08:53",138645.0
317,1,,,32000,5,"R$ 115.689,00",Nissan,KICKS Active 1.6 16V Flex Aut.,32000,023186-0,Flex,1,F,janeiro de 2025 ,gpy8yjmmkzj1f9,"quinta-feira, 28 de agosto de 2025 08:53",115689.0
317,1,,,32000,1,"R$ 161.249,00",Nissan,Sentra Advance 2.0 16V Aut.,32000,023187-8,Gasolina,1,G,janeiro de 2025 ,jfc7yg1mhvj1f9,"quinta-feira, 28 de agosto de 2025 08:53",161249.0
317,1,,,32000,3,"R$ 185.100,00",Peugeot,Expert Cargo 1.5 Turbo Diesel,32000,024260-8,Diesel,1,D,janeiro de 2025 ,kbb46dslr5cb,"quarta-feira, 1 de abril de 2026 05:37",185100.0
317,1,,,32000,5,"R$ 76.323,00",Peugeot,208 Like 1.0 Flex 6V 5p Mec.,32000,024264-0,Flex,1,F,janeiro de 2025 ,756js7f02sp,"quinta-feira, 28 de agosto de 2025 08:53",76323.0
317,1,,,32000,5,"R$ 90.768,00",Peugeot,208 Style 1.0 Flex 6V 5p Mec.,32000,024265-9,Flex,1,F,janeiro de 2025 ,cfnkvpr3w0wp,"quarta-feira, 1 de outubro de 2025 07:26",90768.0
317,1,,,32000,5,"R$ 124.803,00",Peugeot,2008 Active 1.0 Turbo Flex 5p Aut.,32000,024274-8,Flex,1,F,janeiro de 2025 ,g1nj6cyhg4j1f9,"quarta-feira, 1 de abril de 2026 05:37",124803.0
317,1,,,32000,3,"R$ 231.117,00",Renault,Master 2.3 dCi Furgão 16V Diesel,32000,025196-8,Diesel,1,D,janeiro de 2025 ,l19q323ltvcb,"quarta-feira, 1 de abril de 2026 05:37",231117.0
317,1,,,32000,5,"R$ 63.868,00",Renault,KWID Zen 1.0 Flex 12V 5p Mec.,32000,025266-2,Flex,1,F,janeiro de 2025 ,3g5jcbrqvxp,"quinta-feira, 28 de agosto de 2025 08:53",63868.0
317,1,,,32000,5,"R$ 115.020,00",Renault,OROCH Intense 1.6 Flex 16V Mec.,32000,025312-0,Flex,1,F,janeiro de 2025 ,gn5y4r2r4gp,"quarta-feira, 1 de abril de 2026 05:37",115020.0
317,1,,,32000,5,"R$ 116.506,00",Renault,DUSTER Intense Plus 1.6 16V Flex Mec.,32000,025325-1,Flex,1,F,janeiro de 2025 ,gqxzhwcs3lj1f9,"quarta-feira, 1 de abril de 2026 05:37",116506.0
317,1,,,32000,3,"R$ 488.779,00",RAM,3500 LARAMIE 6.7 TB CD 4x4 Diesel,32000,083007-0,Diesel,1,D,janeiro de 2025 ,xtdy9krbf4cb,"quarta-feira, 1 de abril de 2026 05:37",488779.0
317,1,,,32000,1,"R$ 176.344,00",Caoa Chery,Tiggo 7 Pro Max Drive 1.6 Turbo 16V Aut.,32000,093011-3,Gasolina,1,G,janeiro de 2025 ,jz2w98ctnqj1f9,"quarta-feira, 1 de abril de 2026 05:37",176344.0
317,1,,,32000,5,"R$ 127.264,00",Caoa Chery,Tiggo 5X SPORT 1.5 Turbo Flex Aut.,32000,093014-8,Flex,1,F,janeiro de 2025 ,g4jz4p8y20j1f9,"quarta-feira, 1 de abril de 2026 05:37",127264.0
317,1,,,32000,1,"R$ 200.238,00",Caoa Chery,Tiggo 8 PRO 1.6 TGDi Aut.,32000,093018-0,Gasolina,1,G,janeiro de 2025 ,kw3c033wssj1f9,"quarta-feira, 1 de abril de 2026 05:37",200238.0
317,1,,,32000,6,"R$ 236.525,00",BYD,Song Plus 1.5 16V Aut. (Hibrido),32000,095005-0,Híbrido,1,H,janeiro de 2025 ,l8m9mf1stsj1f9,"quarta-feira, 1 de abril de 2026 05:37",236525.0
317,1,,,32000,4,"R$ 156.840,00",BYD,Dolphin EV (Elétrico),32000,095007-6,Elétrico,1,E,janeiro de 2025 ,h76z2l38nmj1f9,"quarta-feira, 1 de abril de 2026 05:37",156840.0
317,1,,,32000,4,"R$ 299.753,00",BYD,Seal (Elétrico),32000,095008-4,Elétrico,1,E,janeiro de 2025 ,pnsf4l36dmj1f9,"quinta-feira, 28 de agosto de 2025 09:10",299753.0
317,1,,,32000,4,"R$ 117.316,00",BYD,Dolphin Mini (Elétrico),32000,095010-6,Elétrico,1,E,janeiro de 2025 ,grwd5qff3yj1f9,"quinta-feira, 28 de agosto de 2025 09:10",117316.0
317,1,,,32000,6,"R$ 166.985,00",BYD,King GL 1.5 16V Aut. (Hibrido),32000,095012-2,Híbrido,1,H,janeiro de 2025 ,jm3q0p1bz7j1f9,"quinta-feira, 28 de agosto de 2025 08:53",166985.0
317,1,,,32000,4,"R$ 182.790,00",BYD,Yuan Pro (Elétrico),32000,095015-7,Elétrico,1,E,janeiro de 2025 ,j7m6dc5wvpj1f9,"quarta-feira, 1 de abril de 2026 05:37",182790.0
317,1,,,32000,6,"R$ 379.800,00",BYD,SHARK GS 1.5 16V 4x4 Aut. (Híbrido),32000,095016-5,Híbrido,1,H,janeiro de 2025 ,spmxkw4m9fj1f9,"quarta-feira, 1 de abril de 2026 05:37",379800.0
317,1,,,32000,6,"R$ 240.609,00",GWM,Haval H6 PHEV19 (Hibrido),32000,096008-0,Híbrido,1,H,janeiro de 2025 ,mffq87x51rj1f9,"quarta-feira, 1 de abril de 2026 05:37",240609.0
316,1,,,32000,5,"R$ 72.581,00",Fiat,MOBI LIKE 1.0 Fire Flex 5p.,32000,001461-3,Flex,1,F,dezembro de 2024 ,6sbflfqh8yp,"quinta-feira, 28 de agosto de 2025 08:53",72581.0
316,1,,,32000,5,"R$ 87.769,00",Fiat,ARGO DRIVE 1.0 6V Flex,32000,001494-0,Flex,1,F,dezembro de 2024 ,cdjds8n1209p,"quinta-feira, 28 de agosto de 2025 08:53",87769.0
316,1,,,32000,5,"R$ 118.515,00",Fiat,Fiorino Endurance EVO 1.4 Flex 8V 2p,32000,001531-8,Flex,1,F,dezembro de 2024 ,gs8z429jtvp,"quinta-feira, 28 de agosto de 2025 08:53",118515.0
316,1,,,32000,5,"R$ 160.385,00",Fiat,Toro Freedom 1.3 T270 4x2 Flex Aut.,32000,001538-5,Flex,1,F,dezembro de 2024 ,jdcvffysbxp,"quinta-feira, 28 de agosto de 2025 08:54",160385.0
316,1,,,32000,5,"R$ 106.453,00",Fiat,PULSE DRIVE 1.0 Turbo 200 Flex Aut.,32000,001543-1,Flex,1,F,dezembro de 2024 ,gb4k681yxcp,"quinta-feira, 28 de agosto de 2025 08:54",106453.0
316,1,,,32000,3,"R$ 213.827,00",Fiat,Scudo Cargo 1.5 16V Turbo Diesel,32000,001550-4,Diesel,1,D,dezembro de 2024 ,ld09h5t0xvcb,"quarta-feira, 1 de abril de 2026 05:37",213827.0
316,1,,,32000,5,"R$ 104.391,00",Fiat,CRONOS DRIVE 1.3 8V Flex Aut.,32000,001554-7,Flex,1,F,dezembro de 2024 ,f8qmvsw60sp,"quinta-feira, 28 de agosto de 2025 08:54",104391.0
316,1,,,32000,5,"R$ 145.266,00",Fiat,Fastback Audace 1.0 200 T. Flex Aut,32000,001558-0,Flex,1,F,dezembro de 2024 ,htm9z96h46j1f9,"quinta-feira, 28 de agosto de 2025 08:54",145266.0
316,1,,,32000,3,"R$ 252.330,00",Fiat,Ducato Cargo 2.2 Diesel (E6),32000,001563-6,Diesel,1,D,dezembro de 2024 ,mv5rz23ld1j1gy,"quarta-feira, 1 de abril de 2026 05:37",252330.0
316,1,,,32000,5,"R$ 119.199,00",Fiat,Fastback 1.0 200 Turbo Flex Aut,32000,001568-7,Flex,1,F,dezembro de 2024 ,gt2vvs3msxj1f9,"quarta-feira, 1 de outubro de 2025 07:26",119199.0
316,1,,,32000,5,"R$ 104.186,00",Fiat,Strada Endurance 1.3 Flex 8V CS Plus,32000,001569-5,Flex,1,F,dezembro de 2024 ,f8g5v7dj4sj1f9,"quinta-feira, 28 de agosto de 2025 08:54",104186.0
316,1,,,32000,5,"R$ 157.328,00",Toyota,Corolla XEi 2.0 Flex 16V Aut.,32000,002111-3,Flex,1,F,dezembro de 2024 ,h8sqx4ynh4p,"quinta-feira, 28 de agosto de 2025 08:54",157328.0
316,1,,,32000,3,"R$ 270.510,00",Toyota,Hilux CD SR 4x4 2.8 TDI Diesel Aut.,32000,002142-3,Diesel,1,D,dezembro de 2024 ,nkhkd6d2pxcb,"quinta-feira, 28 de agosto de 2025 09:47",270510.0
316,1,,,32000,3,"R$ 382.582,00",Toyota,Hilux SW4 SRX 4x4 2.8 TDI 16V Dies. Aut.,32000,002146-6,Diesel,1,D,dezembro de 2024 ,ssw06kwbjycb,"quarta-feira, 1 de abril de 2026 05:38",382582.0
316,1,,,32000,5,"R$ 179.772,00",Toyota,Corolla Cross XRE 2.0 16V Flex Aut.,32000,002203-9,Flex,1,F,dezembro de 2024 ,j33hvb4c45p,"quinta-feira, 28 de agosto de 2025 08:54",179772.0
316,1,,,32000,5,"R$ 100.373,00",Toyota,YARIS XL 1.5 Flex 16V 5p Aut.,32000,002207-1,Flex,1,F,dezembro de 2024 ,f30lkbl35cp,"quinta-feira, 28 de agosto de 2025 08:54",100373.0
316,1,,,32000,3,"R$ 273.538,00",Ford,TRANSIT Furgão 2.0 Curto Turbo Diesel,32000,003487-8,Diesel,1,D,dezembro de 2024 ,nn1l7jnk9ccb,"quarta-feira, 1 de abril de 2026 05:38",273538.0
316,1,,,32000,3,"R$ 230.100,00",Ford,Ranger XL 2.0 4x4 CD Diesel Mec. ,32000,003502-5,Diesel,1,D,dezembro de 2024 ,l03r6s69x0j1gy,"quinta-feira, 28 de agosto de 2025 09:47",230100.0
316,1,,,32000,3,"R$ 255.732,00",GM - Chevrolet,S10 Pick-Up LT 2.8 TDI 4x4 CD Diesel Aut,32000,004395-8,Diesel,1,D,dezembro de 2024 ,mz5d61f6p4cb,"quinta-feira, 28 de agosto de 2025 09:47",255732.0
316,1,,,32000,5,"R$ 120.951,00",GM - Chevrolet,SPIN LT 1.8 8V Econo.Flex 5p Mec.,32000,004414-8,Flex,1,F,dezembro de 2024 ,gw4jx5z4mdp,"quarta-feira, 1 de abril de 2026 05:38",120951.0
316,1,,,32000,5,"R$ 145.979,00",GM - Chevrolet,SPIN PREMIER 1.8 8V Econo.Flex 5p Aut.,32000,004494-6,Flex,1,F,dezembro de 2024 ,hvg7c08z97p,"quinta-feira, 28 de agosto de 2025 08:54",145979.0
316,1,,,32000,5,"R$ 115.383,00",GM - Chevrolet,ONIX SEDAN Plus LT 1.0 12V TB Flex Aut.,32000,004501-2,Flex,1,F,dezembro de 2024 ,gpl443srk0p,"quinta-feira, 28 de agosto de 2025 08:54",115383.0
316,1,,,32000,5,"R$ 95.715,00",GM - Chevrolet,ONIX HATCH LT 1.0 12V Flex 5p Mec.,32000,004517-9,Flex,1,F,dezembro de 2024 ,chjkx9d7zwvp,"quinta-feira, 28 de agosto de 2025 08:54",95715.0
316,1,,,32000,5,"R$ 174.190,00",GM - Chevrolet,TRACKER Premier 1.2 Turbo 12V Flex Aut.,32000,004525-0,Flex,1,F,dezembro de 2024 ,jxkl877bwcp,"quinta-feira, 28 de agosto de 2025 08:54",174190.0
316,1,,,32000,5,"R$ 147.356,00",GM - Chevrolet,MONTANA LTZ 1.2 Turbo Flex 12V 4p Aut.,32000,004541-1,Flex,1,F,dezembro de 2024 ,hw28xt4pbbj1f9,"quinta-feira, 28 de agosto de 2025 08:54",147356.0
316,1,,,32000,3,"R$ 264.818,00",GM - Chevrolet,S10 Pick-Up WT 2.8 TDI 4x4 CD Diesel Aut,32000,004550-0,Diesel,1,D,dezembro de 2024 ,nbtnxvhh57j1gy,"quarta-feira, 1 de outubro de 2025 07:26",264818.0
316,1,,,32000,3,"R$ 322.954,00",VW - VolksWagen,AMAROK Highline CD 3.0 4x4 TB Dies. Aut.,32000,005483-6,Diesel,1,D,dezembro de 2024 ,qjzq0cj44gcb,"quarta-feira, 1 de abril de 2026 05:38",322954.0
316,1,,,32000,5,"R$ 138.135,00",VW - VolksWagen,VIRTUS Highline 200 TSI 1.0 Flex 12V Aut,32000,005484-4,Flex,1,F,dezembro de 2024 ,hj833kpcgpp,"quinta-feira, 28 de agosto de 2025 08:54",138135.0
316,1,,,32000,5,"R$ 161.708,00",VW - VolksWagen,T-Cross Comfor. 200 TSI 1.0 Flex 5p Aut.,32000,005509-3,Flex,1,F,dezembro de 2024 ,jfxx31vr8gj1f9,"quinta-feira, 28 de agosto de 2025 08:54",161708.0
316,1,,,32000,5,"R$ 158.180,00",VW - VolksWagen,Nivus Highline 1.0 200 TSI Flex Aut.,32000,005526-3,Flex,1,F,dezembro de 2024 ,h9spx1j93dp,"quinta-feira, 28 de agosto de 2025 08:54",158180.0
316,1,,,32000,5,"R$ 198.900,00",VW - VolksWagen,TAOS Highline 1.4 250 TSI Flex Aut.,32000,005528-0,Flex,1,F,dezembro de 2024 ,kvjrfjydkrp,"quarta-feira, 1 de abril de 2026 05:38",198900.0
316,1,,,32000,5,"R$ 118.708,00",VW - VolksWagen,Saveiro Robust 1.6 Total Flex 16V CD,32000,005537-9,Flex,1,F,dezembro de 2024 ,gth0mf6qs2j1f9,"quinta-feira, 28 de agosto de 2025 08:54",118708.0
316,1,,,32000,5,"R$ 85.194,00",VW - VolksWagen,Polo Track 1.0 Flex 12V 5p,32000,005540-9,Flex,1,F,dezembro de 2024 ,ccj6v9jzbg0p,"quinta-feira, 28 de agosto de 2025 08:54",85194.0
316,1,,,32000,5,"R$ 79.449,00",Citroën,C3 Live Pack 1.0 Flex 6V 5p Mec.,32000,011223-2,Flex,1,F,dezembro de 2024 ,9cvq5mzwskp,"quinta-feira, 28 de agosto de 2025 08:54",79449.0
316,1,,,32000,5,"R$ 91.324,00",Citroën,BASALT Feel 1.0 Flex 6V 5p Mec.,32000,011238-0,Flex,1,F,dezembro de 2024 ,cfv2yfrt493p,"quarta-feira, 1 de abril de 2026 05:38",91324.0
316,1,,,32000,5,"R$ 115.658,00",Honda,CITY Sedan LX 1.5 Flex 16V 4p Aut.,32000,014059-7,Flex,1,F,dezembro de 2024 ,gpx40psmplp,"quinta-feira, 28 de agosto de 2025 08:54",115658.0
316,1,,,32000,5,"R$ 190.355,00",Honda,HR-V Advance 1.5  Flex TB 16V 5p Aut.,32000,014111-9,Flex,1,F,dezembro de 2024 ,kjh49hzdp1j1f9,"quinta-feira, 28 de agosto de 2025 08:54",190355.0
316,1,,,32000,5,"R$ 117.825,00",Honda,CITY Hatchback LX 1.5 Flex 16V Aut.,32000,014116-0,Flex,1,F,dezembro de 2024 ,gsgxprvw0tj1f9,"quinta-feira, 28 de agosto de 2025 09:10",117825.0
316,1,,,32000,5,"R$ 142.044,00",Hyundai,Creta Comfort 1.0 TB 12V Flex Aut.,32000,015200-5,Flex,1,F,dezembro de 2024 ,hpv6lqj5xrp,"quarta-feira, 1 de outubro de 2025 07:26",142044.0
316,1,,,32000,5,"R$ 95.805,00",Hyundai,HB20S Comfort Plus 1.0 Flex 12V Mec.,32000,015239-0,Flex,1,F,dezembro de 2024 ,chkmncmw40wp,"quarta-feira, 1 de outubro de 2025 07:26",95805.0
316,1,,,32000,5,"R$ 114.988,00",Hyundai,HB20S Comfort Plus 1.0 TB Flex 12V Aut,32000,015240-4,Flex,1,F,dezembro de 2024 ,gn4s2y1sx3j1f9,"quinta-feira, 28 de agosto de 2025 08:54",114988.0
316,1,,,32000,5,"R$ 138.371,00",Hyundai,Creta Comfort Plus 1.0 TB 12V Flex Aut.,32000,015244-7,Flex,1,F,dezembro de 2024 ,hkkp0wm30cj1f9,"quinta-feira, 28 de agosto de 2025 08:54",138371.0
316,1,,,32000,5,"R$ 90.293,00",Hyundai,HB20 Comfort Plus 1.0 Flex 12V Mec.,32000,015245-5,Flex,1,F,dezembro de 2024 ,cfgz6k9vh43p,"quinta-feira, 28 de agosto de 2025 08:54",90293.0
316,1,,,32000,5,"R$ 200.434,00",Jeep,COMPASS LONG. T270 1.3 TB 4x2 Flex Aut.,32000,017071-2,Flex,1,F,dezembro de 2024 ,kxbhv85h40p,"quinta-feira, 28 de agosto de 2025 08:54",200434.0
316,1,,,32000,5,"R$ 242.378,00",Jeep,Commander Limited T270 1.3 TB Flex Aut.,32000,017081-0,Flex,1,F,dezembro de 2024 ,mhh1jdxx69p,"quarta-feira, 1 de abril de 2026 05:38",242378.0
316,1,,,32000,5,"R$ 139.239,00",Jeep,Renegade Sport T270 1.3 TB 4x2 Flex Aut.,32000,017085-2,Flex,1,F,dezembro de 2024 ,hlk71nrjrzp,"quarta-feira, 1 de abril de 2026 05:38",139239.0
316,1,,,32000,3,"R$ 258.386,00",Nissan,Frontier ATTAC.CD 4x4 2.3 Bi-TB Die. Aut,32000,023160-6,Diesel,1,D,dezembro de 2024 ,m28wmrwcy4cb,"quarta-feira, 1 de abril de 2026 05:38",258386.0
316,1,,,32000,5,"R$ 138.580,00",Nissan,VERSA Exclusive 1.6 16V Flex Aut.,32000,023174-6,Flex,1,F,dezembro de 2024 ,hks9h492jkp,"quinta-feira, 28 de agosto de 2025 08:54",138580.0
316,1,,,32000,5,"R$ 116.727,00",Nissan,KICKS Active 1.6 16V Flex Aut.,32000,023186-0,Flex,1,F,dezembro de 2024 ,gq50h7tsxnj1f9,"quinta-feira, 28 de agosto de 2025 08:54",116727.0
316,1,,,32000,1,"R$ 162.107,00",Nissan,Sentra Advance 2.0 16V Aut.,32000,023187-8,Gasolina,1,G,dezembro de 2024 ,jgdfpw0j3mj1f9,"quinta-feira, 28 de agosto de 2025 08:54",162107.0
316,1,,,32000,3,"R$ 195.524,00",Peugeot,Expert Cargo 1.5 Turbo Diesel,32000,024260-8,Diesel,1,D,dezembro de 2024 ,kqk1hr8kd7cb,"quarta-feira, 1 de abril de 2026 05:38",195524.0
316,1,,,32000,5,"R$ 76.407,00",Peugeot,208 Like 1.0 Flex 6V 5p Mec.,32000,024264-0,Flex,1,F,dezembro de 2024 ,76518l1jcpp,"quinta-feira, 28 de agosto de 2025 08:54",76407.0
316,1,,,32000,5,"R$ 89.361,00",Peugeot,208 Style 1.0 Flex 6V 5p Mec.,32000,024265-9,Flex,1,F,dezembro de 2024 ,cd32f69n6r9p,"quarta-feira, 1 de outubro de 2025 07:26",89361.0
316,1,,,32000,5,"R$ 125.159,00",Peugeot,2008 Active 1.0 Turbo Flex 5p Aut.,32000,024274-8,Flex,1,F,dezembro de 2024 ,g12g962pgtj1f9,"quarta-feira, 1 de abril de 2026 05:38",125159.0
316,1,,,32000,3,"R$ 230.381,00",Renault,Master 2.3 dCi Furgão 16V Diesel,32000,025196-8,Diesel,1,D,dezembro de 2024 ,l1fztz22nxcb,"quarta-feira, 1 de abril de 2026 05:38",230381.0
316,1,,,32000,5,"R$ 67.524,00",Renault,KWID Zen 1.0 Flex 12V 5p Mec.,32000,025266-2,Flex,1,F,dezembro de 2024 ,4v1cj1nfjyp,"quinta-feira, 28 de agosto de 2025 08:54",67524.0
316,1,,,32000,5,"R$ 118.653,00",Renault,OROCH Intense 1.6 Flex 16V Mec.,32000,025312-0,Flex,1,F,dezembro de 2024 ,gtf0ncg89hp,"quarta-feira, 1 de abril de 2026 05:38",118653.0
316,1,,,32000,5,"R$ 118.854,00",Renault,DUSTER Intense Plus 1.6 16V Flex Mec.,32000,025325-1,Flex,1,F,dezembro de 2024 ,gtn934tyydj1f9,"quarta-feira, 1 de abril de 2026 05:38",118854.0
316,1,,,32000,3,"R$ 484.671,00",RAM,3500 LARAMIE 6.7 TB CD 4x4 Diesel,32000,083007-0,Diesel,1,D,dezembro de 2024 ,xnlnld8x3tcb,"quarta-feira, 1 de abril de 2026 05:38",484671.0
316,1,,,32000,1,"R$ 175.497,00",Caoa Chery,Tiggo 7 Pro Max Drive 1.6 Turbo 16V Aut.,32000,093011-3,Gasolina,1,G,dezembro de 2024 ,jy23yz5swhj1f9,"quarta-feira, 1 de abril de 2026 05:38",175497.0
316,1,,,32000,5,"R$ 126.008,00",Caoa Chery,Tiggo 5X SPORT 1.5 Turbo Flex Aut.,32000,093014-8,Flex,1,F,dezembro de 2024 ,g22bx9tc7pj1f9,"quarta-feira, 1 de abril de 2026 05:38",126008.0
316,1,,,32000,1,"R$ 200.355,00",Caoa Chery,Tiggo 8 PRO 1.6 TGDi Aut.,32000,093018-0,Gasolina,1,G,dezembro de 2024 ,kw7mvt2x53j1f9,"quarta-feira, 1 de abril de 2026 05:38",200355.0
316,1,,,32000,6,"R$ 235.813,00",BYD,Song Plus 1.5 16V Aut. (Hibrido),32000,095005-0,Híbrido,1,H,dezembro de 2024 ,l7tfcnjp27j1f9,"quarta-feira, 1 de abril de 2026 05:38",235813.0
316,1,,,32000,4,"R$ 157.259,00",BYD,Dolphin EV (Elétrico),32000,095007-6,Elétrico,1,E,dezembro de 2024 ,h8p650f3dtj1f9,"quarta-feira, 1 de abril de 2026 05:38",157259.0
316,1,,,32000,4,"R$ 299.770,00",BYD,Seal (Elétrico),32000,095008-4,Elétrico,1,E,dezembro de 2024 ,pns19cvr5bj1f9,"quinta-feira, 28 de agosto de 2025 09:10",299770.0
316,1,,,32000,4,"R$ 117.637,00",BYD,Dolphin Mini (Elétrico),32000,095010-6,Elétrico,1,E,dezembro de 2024 ,gr72v035pkj1f9,"quinta-feira, 28 de agosto de 2025 09:10",117637.0
316,1,,,32000,6,"R$ 175.640,00",BYD,King GL 1.5 16V Aut. (Hibrido),32000,095012-2,Híbrido,1,H,dezembro de 2024 ,jy792xcjr8j1f9,"quinta-feira, 28 de agosto de 2025 08:54",175640.0
316,1,,,32000,4,"R$ 182.766,00",BYD,Yuan Pro (Elétrico),32000,095015-7,Elétrico,1,E,dezembro de 2024 ,j7mbb1lwt7j1f9,"quarta-feira, 1 de abril de 2026 05:38",182766.0
316,1,,,32000,6,"R$ 379.533,00",BYD,SHARK GS 1.5 16V 4x4 Aut. (Híbrido),32000,095016-5,Híbrido,1,H,dezembro de 2024 ,sn96qp4rskj1f9,"quarta-feira, 1 de abril de 2026 05:38",379533.0
316,1,,,32000,6,"R$ 240.714,00",GWM,Haval H6 PHEV19 (Hibrido),32000,096008-0,Híbrido,1,H,dezembro de 2024 ,mfkkls40qwj1f9,"quarta-feira, 1 de abril de 2026 05:38",240714.0
315,1,,,32000,5,"R$ 71.783,00",Fiat,MOBI LIKE 1.0 Fire Flex 5p.,32000,001461-3,Flex,1,F,novembro de 2024 ,6gzc16vsclp,"quinta-feira, 28 de agosto de 2025 08:54",71783.0
315,1,,,32000,5,"R$ 86.404,00",Fiat,ARGO DRIVE 1.0 6V Flex,32000,001494-0,Flex,1,F,novembro de 2024 ,cc0dn1ktzvhp,"quinta-feira, 28 de agosto de 2025 08:54",86404.0
315,1,,,32000,5,"R$ 117.573,00",Fiat,Fiorino Endurance EVO 1.4 Flex 8V 2p,32000,001531-8,Flex,1,F,novembro de 2024 ,gr5rrjxy1lp,"quinta-feira, 28 de agosto de 2025 08:54",117573.0
315,1,,,32000,5,"R$ 157.151,00",Fiat,Toro Freedom 1.3 T270 4x2 Flex Aut.,32000,001538-5,Flex,1,F,novembro de 2024 ,h8k9hmjttpp,"quinta-feira, 28 de agosto de 2025 08:54",157151.0
315,1,,,32000,5,"R$ 106.812,00",Fiat,PULSE DRIVE 1.0 Turbo 200 Flex Aut.,32000,001543-1,Flex,1,F,novembro de 2024 ,gckmqxmp2lp,"quinta-feira, 28 de agosto de 2025 08:54",106812.0
315,1,,,32000,3,"R$ 209.768,00",Fiat,Scudo Cargo 1.5 16V Turbo Diesel,32000,001550-4,Diesel,1,D,novembro de 2024 ,k78r0k5n5tcb,"quarta-feira, 1 de abril de 2026 05:38",209768.0
315,1,,,32000,5,"R$ 102.169,00",Fiat,CRONOS DRIVE 1.3 8V Flex Aut.,32000,001554-7,Flex,1,F,novembro de 2024 ,f53v6km6jwp,"quinta-feira, 28 de agosto de 2025 08:54",102169.0
315,1,,,32000,5,"R$ 141.265,00",Fiat,Fastback Audace 1.0 200 T. Flex Aut,32000,001558-0,Flex,1,F,novembro de 2024 ,hnywvmnwj3j1f9,"quinta-feira, 28 de agosto de 2025 08:54",141265.0
315,1,,,32000,3,"R$ 249.446,00",Fiat,Ducato Cargo 2.2 Diesel (E6),32000,001563-6,Diesel,1,D,novembro de 2024 ,mrsyfk083gj1gy,"quarta-feira, 1 de abril de 2026 05:38",249446.0
315,1,,,32000,5,"R$ 119.206,00",Fiat,Fastback 1.0 200 Turbo Flex Aut,32000,001568-7,Flex,1,F,novembro de 2024 ,gt23q8qb9gj1f9,"quarta-feira, 1 de outubro de 2025 07:26",119206.0
315,1,,,32000,5,"R$ 104.953,00",Fiat,Strada Endurance 1.3 Flex 8V CS Plus,32000,001569-5,Flex,1,F,novembro de 2024 ,f9c122fnnlj1f9,"quinta-feira, 28 de agosto de 2025 08:54",104953.0
315,1,,,32000,5,"R$ 155.410,00",Toyota,Corolla XEi 2.0 Flex 16V Aut.,32000,002111-3,Flex,1,F,novembro de 2024 ,h6j0tgnst4p,"quinta-feira, 28 de agosto de 2025 08:54",155410.0
315,1,,,32000,3,"R$ 273.515,00",Toyota,Hilux CD SR 4x4 2.8 TDI Diesel Aut.,32000,002142-3,Diesel,1,D,novembro de 2024 ,nn0r93mlqtcb,"quinta-feira, 28 de agosto de 2025 09:47",273515.0
315,1,,,32000,3,"R$ 381.704,00",Toyota,Hilux SW4 SRX 4x4 2.8 TDI 16V Dies. Aut.,32000,002146-6,Diesel,1,D,novembro de 2024 ,srv3xhhk7qcb,"quarta-feira, 1 de abril de 2026 05:38",381704.0
315,1,,,32000,5,"R$ 175.811,00",Toyota,Corolla Cross XRE 2.0 16V Flex Aut.,32000,002203-9,Flex,1,F,novembro de 2024 ,jzgjrt24lqp,"quinta-feira, 28 de agosto de 2025 08:55",175811.0
315,1,,,32000,5,"R$ 97.853,00",Toyota,YARIS XL 1.5 Flex 16V 5p Aut.,32000,002207-1,Flex,1,F,novembro de 2024 ,cjbm1bclqgkp,"quinta-feira, 28 de agosto de 2025 08:55",97853.0
315,1,,,32000,3,"R$ 269.911,00",Ford,TRANSIT Furgão 2.0 Curto Turbo Diesel,32000,003487-8,Diesel,1,D,novembro de 2024 ,njsshfy099cb,"quarta-feira, 1 de abril de 2026 05:38",269911.0
315,1,,,32000,3,"R$ 220.120,00",Ford,Ranger XL 2.0 4x4 CD Diesel Mec. ,32000,003502-5,Diesel,1,D,novembro de 2024 ,lnd05087lzj1gy,"quinta-feira, 28 de agosto de 2025 09:47",220120.0
315,1,,,32000,3,"R$ 258.664,00",GM - Chevrolet,S10 Pick-Up LT 2.8 TDI 4x4 CD Diesel Aut,32000,004395-8,Diesel,1,D,novembro de 2024 ,m3lzv3b7qccb,"quinta-feira, 28 de agosto de 2025 09:47",258664.0
315,1,,,32000,5,"R$ 120.079,00",GM - Chevrolet,SPIN LT 1.8 8V Econo.Flex 5p Mec.,32000,004414-8,Flex,1,F,novembro de 2024 ,gv3vdphhn8p,"quarta-feira, 1 de abril de 2026 05:38",120079.0
315,1,,,32000,5,"R$ 146.636,00",GM - Chevrolet,SPIN PREMIER 1.8 8V Econo.Flex 5p Aut.,32000,004494-6,Flex,1,F,novembro de 2024 ,hv73nmysx8p,"quinta-feira, 28 de agosto de 2025 08:55",146636.0
315,1,,,32000,5,"R$ 116.163,00",GM - Chevrolet,ONIX SEDAN Plus LT 1.0 12V TB Flex Aut.,32000,004501-2,Flex,1,F,novembro de 2024 ,gqjh01c8jjp,"quinta-feira, 28 de agosto de 2025 08:55",116163.0
315,1,,,32000,5,"R$ 96.137,00",GM - Chevrolet,ONIX HATCH LT 1.0 12V Flex 5p Mec.,32000,004517-9,Flex,1,F,novembro de 2024 ,chph958st48p,"quinta-feira, 28 de agosto de 2025 08:55",96137.0
315,1,,,32000,5,"R$ 174.966,00",GM - Chevrolet,TRACKER Premier 1.2 Turbo 12V Flex Aut.,32000,004525-0,Flex,1,F,novembro de 2024 ,jygtngk3xtp,"quinta-feira, 28 de agosto de 2025 08:55",174966.0
315,1,,,32000,5,"R$ 147.249,00",GM - Chevrolet,MONTANA LTZ 1.2 Turbo Flex 12V 4p Aut.,32000,004541-1,Flex,1,F,novembro de 2024 ,hwzdcb4b01j1f9,"quinta-feira, 28 de agosto de 2025 08:55",147249.0
315,1,,,32000,3,"R$ 266.481,00",GM - Chevrolet,S10 Pick-Up WT 2.8 TDI 4x4 CD Diesel Aut,32000,004550-0,Diesel,1,D,novembro de 2024 ,ndr3qgf4hhj1gy,"quarta-feira, 1 de outubro de 2025 07:26",266481.0
315,1,,,32000,3,"R$ 328.441,00",VW - VolksWagen,AMAROK Highline CD 3.0 4x4 TB Dies. Aut.,32000,005483-6,Diesel,1,D,novembro de 2024 ,qrd5h344xdcb,"quarta-feira, 1 de abril de 2026 05:39",328441.0
315,1,,,32000,5,"R$ 138.918,00",VW - VolksWagen,VIRTUS Highline 200 TSI 1.0 Flex 12V Aut,32000,005484-4,Flex,1,F,novembro de 2024 ,hk6lb8qflrp,"quinta-feira, 28 de agosto de 2025 08:55",138918.0
315,1,,,32000,5,"R$ 163.521,00",VW - VolksWagen,T-Cross Comfor. 200 TSI 1.0 Flex 5p Aut.,32000,005509-3,Flex,1,F,novembro de 2024 ,jh1tx2n3h4j1f9,"quinta-feira, 28 de agosto de 2025 08:55",163521.0
315,1,,,32000,5,"R$ 142.341,00",VW - VolksWagen,Nivus Highline 1.0 200 TSI Flex Aut.,32000,005526-3,Flex,1,F,novembro de 2024 ,hp6z7qpy7cp,"quinta-feira, 28 de agosto de 2025 08:55",142341.0
315,1,,,32000,5,"R$ 205.638,00",VW - VolksWagen,TAOS Highline 1.4 250 TSI Flex Aut.,32000,005528-0,Flex,1,F,novembro de 2024 ,k3fnh0wgzcp,"quarta-feira, 1 de abril de 2026 05:39",205638.0
315,1,,,32000,5,"R$ 118.747,00",VW - VolksWagen,Saveiro Robust 1.6 Total Flex 16V CD,32000,005537-9,Flex,1,F,novembro de 2024 ,gtkfkntcj4j1f9,"quinta-feira, 28 de agosto de 2025 08:55",118747.0
315,1,,,32000,5,"R$ 86.805,00",VW - VolksWagen,Polo Track 1.0 Flex 12V 5p,32000,005540-9,Flex,1,F,novembro de 2024 ,cc43fbb2hr6p,"quinta-feira, 28 de agosto de 2025 08:55",86805.0
315,1,,,32000,5,"R$ 80.082,00",Citroën,C3 Live Pack 1.0 Flex 6V 5p Mec.,32000,011223-2,Flex,1,F,novembro de 2024 ,9l8tjlqhl0p,"quinta-feira, 28 de agosto de 2025 08:55",80082.0
315,1,,,32000,5,"R$ 90.790,00",Citroën,BASALT Feel 1.0 Flex 6V 5p Mec.,32000,011238-0,Flex,1,F,novembro de 2024 ,cfntvj7q2xbp,"quarta-feira, 1 de abril de 2026 05:39",90790.0
315,1,,,32000,5,"R$ 115.707,00",Honda,CITY Sedan LX 1.5 Flex 16V 4p Aut.,32000,014059-7,Flex,1,F,novembro de 2024 ,gpzx66h3ptp,"quinta-feira, 28 de agosto de 2025 08:55",115707.0
315,1,,,32000,5,"R$ 189.987,00",Honda,HR-V Advance 1.5  Flex TB 16V 5p Aut.,32000,014111-9,Flex,1,F,novembro de 2024 ,kh2snfxvt1j1f9,"quinta-feira, 28 de agosto de 2025 08:55",189987.0
315,1,,,32000,5,"R$ 113.984,00",Honda,CITY Hatchback LX 1.5 Flex 16V Aut.,32000,014116-0,Flex,1,F,novembro de 2024 ,gmy9tr9tl9j1f9,"quinta-feira, 28 de agosto de 2025 09:10",113984.0
315,1,,,32000,5,"R$ 144.923,00",Hyundai,Creta Comfort 1.0 TB 12V Flex Aut.,32000,015200-5,Flex,1,F,novembro de 2024 ,hs7vjjdffmp,"quarta-feira, 1 de outubro de 2025 07:26",144923.0
315,1,,,32000,5,"R$ 96.148,00",Hyundai,HB20S Comfort Plus 1.0 Flex 12V Mec.,32000,015239-0,Flex,1,F,novembro de 2024 ,chpm937m2hkp,"quarta-feira, 1 de outubro de 2025 07:26",96148.0
315,1,,,32000,5,"R$ 115.325,00",Hyundai,HB20S Comfort Plus 1.0 TB Flex 12V Aut,32000,015240-4,Flex,1,F,novembro de 2024 ,gpj1s4rg3zj1f9,"quinta-feira, 28 de agosto de 2025 08:55",115325.0
315,1,,,32000,5,"R$ 138.705,00",Hyundai,Creta Comfort Plus 1.0 TB 12V Flex Aut.,32000,015244-7,Flex,1,F,novembro de 2024 ,hkyvb8w70pj1f9,"quinta-feira, 28 de agosto de 2025 08:55",138705.0
315,1,,,32000,5,"R$ 92.510,00",Hyundai,HB20 Comfort Plus 1.0 Flex 12V Mec.,32000,015245-5,Flex,1,F,novembro de 2024 ,cf9z0rg42z1p,"quinta-feira, 28 de agosto de 2025 08:55",92510.0
315,1,,,32000,5,"R$ 199.450,00",Jeep,COMPASS LONG. T270 1.3 TB 4x2 Flex Aut.,32000,017071-2,Flex,1,F,novembro de 2024 ,kv5q4pn5v2p,"quinta-feira, 28 de agosto de 2025 08:55",199450.0
315,1,,,32000,5,"R$ 244.351,00",Jeep,Commander Limited T270 1.3 TB Flex Aut.,32000,017081-0,Flex,1,F,novembro de 2024 ,mktrl4qtpkp,"quarta-feira, 1 de abril de 2026 05:39",244351.0
315,1,,,32000,5,"R$ 139.818,00",Jeep,Renegade Sport T270 1.3 TB 4x2 Flex Aut.,32000,017085-2,Flex,1,F,novembro de 2024 ,hl79fr1xqrp,"quarta-feira, 1 de abril de 2026 05:39",139818.0
315,1,,,32000,3,"R$ 259.440,00",Nissan,Frontier ATTAC.CD 4x4 2.3 Bi-TB Die. Aut,32000,023160-6,Diesel,1,D,novembro de 2024 ,m4h57b2hx2cb,"quarta-feira, 1 de abril de 2026 05:39",259440.0
315,1,,,32000,5,"R$ 137.721,00",Nissan,VERSA Exclusive 1.6 16V Flex Aut.,32000,023174-6,Flex,1,F,novembro de 2024 ,hjs2mrct04p,"quinta-feira, 28 de agosto de 2025 08:55",137721.0
315,1,,,32000,5,"R$ 115.861,00",Nissan,KICKS Active 1.6 16V Flex Aut.,32000,023186-0,Flex,1,F,novembro de 2024 ,gp5jq958bmj1f9,"quinta-feira, 28 de agosto de 2025 08:55",115861.0
315,1,,,32000,1,"R$ 160.967,00",Nissan,Sentra Advance 2.0 16V Aut.,32000,023187-8,Gasolina,1,G,novembro de 2024 ,jd1z59sdh5j1f9,"quinta-feira, 28 de agosto de 2025 08:55",160967.0
315,1,,,32000,3,"R$ 205.100,00",Peugeot,Expert Cargo 1.5 Turbo Diesel,32000,024260-8,Diesel,1,D,novembro de 2024 ,k2s29ztv4mcb,"quarta-feira, 1 de abril de 2026 05:39",205100.0
315,1,,,32000,5,"R$ 76.533,00",Peugeot,208 Like 1.0 Flex 6V 5p Mec.,32000,024264-0,Flex,1,F,novembro de 2024 ,78nvzbvlqcp,"quinta-feira, 28 de agosto de 2025 08:55",76533.0
315,1,,,32000,5,"R$ 88.990,00",Peugeot,208 Style 1.0 Flex 6V 5p Mec.,32000,024265-9,Flex,1,F,novembro de 2024 ,cdzqlyrs68tp,"quarta-feira, 1 de outubro de 2025 07:26",88990.0
315,1,,,32000,5,"R$ 124.990,00",Peugeot,2008 Active 1.0 Turbo Flex 5p Aut.,32000,024274-8,Flex,1,F,novembro de 2024 ,g1wbw3pw4jj1f9,"quarta-feira, 1 de abril de 2026 05:39",124990.0
315,1,,,32000,3,"R$ 231.289,00",Renault,Master 2.3 dCi Furgão 16V Diesel,32000,025196-8,Diesel,1,D,novembro de 2024 ,l2hzxwn7lhcb,"quarta-feira, 1 de abril de 2026 05:39",231289.0
315,1,,,32000,5,"R$ 67.794,00",Renault,KWID Zen 1.0 Flex 12V 5p Mec.,32000,025266-2,Flex,1,F,novembro de 2024 ,4y6hr5bhsvp,"quinta-feira, 28 de agosto de 2025 08:55",67794.0
315,1,,,32000,5,"R$ 116.178,00",Renault,OROCH Intense 1.6 Flex 16V Mec.,32000,025312-0,Flex,1,F,novembro de 2024 ,gqj1xzpj10p,"quarta-feira, 1 de abril de 2026 05:39",116178.0
315,1,,,32000,5,"R$ 116.242,00",Renault,DUSTER Intense Plus 1.6 16V Flex Mec.,32000,025325-1,Flex,1,F,novembro de 2024 ,gqmc1fqw56j1f9,"quarta-feira, 1 de abril de 2026 05:39",116242.0
315,1,,,32000,3,"R$ 487.994,00",RAM,3500 LARAMIE 6.7 TB CD 4x4 Diesel,32000,083007-0,Diesel,1,D,novembro de 2024 ,xshfswt53vcb,"quarta-feira, 1 de abril de 2026 05:39",487994.0
315,1,,,32000,1,"R$ 175.610,00",Caoa Chery,Tiggo 7 Pro Max Drive 1.6 Turbo 16V Aut.,32000,093011-3,Gasolina,1,G,novembro de 2024 ,jy668zw3crj1f9,"quarta-feira, 1 de abril de 2026 05:39",175610.0
315,1,,,32000,5,"R$ 124.411,00",Caoa Chery,Tiggo 5X SPORT 1.5 Turbo Flex Aut.,32000,093014-8,Flex,1,F,novembro de 2024 ,g059hy9tqcj1f9,"quarta-feira, 1 de abril de 2026 05:39",124411.0
315,1,,,32000,1,"R$ 199.542,00",Caoa Chery,Tiggo 8 PRO 1.6 TGDi Aut.,32000,093018-0,Gasolina,1,G,novembro de 2024 ,kv82s5h53fj1f9,"quarta-feira, 1 de abril de 2026 05:39",199542.0
315,1,,,32000,6,"R$ 238.346,00",BYD,Song Plus 1.5 16V Aut. (Hibrido),32000,095005-0,Híbrido,1,H,novembro de 2024 ,mbshfv809jj1f9,"quarta-feira, 1 de abril de 2026 05:39",238346.0
315,1,,,32000,4,"R$ 159.946,00",BYD,Dolphin EV (Elétrico),32000,095007-6,Elétrico,1,E,novembro de 2024 ,jcvwsb9wglj1f9,"quarta-feira, 1 de abril de 2026 05:39",159946.0
315,1,,,32000,4,"R$ 299.778,00",BYD,Seal (Elétrico),32000,095008-4,Elétrico,1,E,novembro de 2024 ,pntb9r8pddj1f9,"quinta-feira, 28 de agosto de 2025 09:10",299778.0
315,1,,,32000,4,"R$ 117.666,00",BYD,Dolphin Mini (Elétrico),32000,095010-6,Elétrico,1,E,novembro de 2024 ,gr84jyly5gj1f9,"quinta-feira, 28 de agosto de 2025 09:10",117666.0
315,1,,,32000,6,"R$ 175.766,00",BYD,King GL 1.5 16V Aut. (Hibrido),32000,095012-2,Híbrido,1,H,novembro de 2024 ,jzdw1zm7p7j1f9,"quinta-feira, 28 de agosto de 2025 08:55",175766.0
315,1,,,32000,4,"R$ 182.800,00",BYD,Yuan Pro (Elétrico),32000,095015-7,Elétrico,1,E,novembro de 2024 ,j7nknl4lyqj1f9,"quarta-feira, 1 de abril de 2026 05:39",182800.0
315,1,,,32000,6,"R$ 240.000,00",GWM,Haval H6 PHEV19 (Hibrido),32000,096008-0,Híbrido,1,H,novembro de 2024 ,mdql240kj9j1f9,"quarta-feira, 1 de abril de 2026 05:39",240000.0
314,1,,,32000,5,"R$ 71.666,00",Fiat,MOBI LIKE 1.0 Fire Flex 5p.,32000,001461-3,Flex,1,F,outubro de 2024 ,6flvrfhzq2p,"quinta-feira, 28 de agosto de 2025 08:55",71666.0
314,1,,,32000,5,"R$ 86.684,00",Fiat,ARGO DRIVE 1.0 6V Flex,32000,001494-0,Flex,1,F,outubro de 2024 ,cc3pfymrjq0p,"quinta-feira, 28 de agosto de 2025 08:55",86684.0
314,1,,,32000,5,"R$ 117.946,00",Fiat,Fiorino Endurance EVO 1.4 Flex 8V 2p,32000,001531-8,Flex,1,F,outubro de 2024 ,gsl905v9c1p,"quinta-feira, 28 de agosto de 2025 08:55",117946.0
314,1,,,32000,5,"R$ 158.112,00",Fiat,Toro Freedom 1.3 T270 4x2 Flex Aut.,32000,001538-5,Flex,1,F,outubro de 2024 ,h9p69r5r7mp,"quinta-feira, 28 de agosto de 2025 08:55",158112.0
314,1,,,32000,5,"R$ 107.075,00",Fiat,PULSE DRIVE 1.0 Turbo 200 Flex Aut.,32000,001543-1,Flex,1,F,outubro de 2024 ,gcv5196qh8p,"quinta-feira, 28 de agosto de 2025 08:55",107075.0
314,1,,,32000,3,"R$ 209.333,00",Fiat,Scudo Cargo 1.5 16V Turbo Diesel,32000,001550-4,Diesel,1,D,outubro de 2024 ,k7ryv7prm7cb,"quarta-feira, 1 de abril de 2026 05:39",209333.0
314,1,,,32000,5,"R$ 103.596,00",Fiat,CRONOS DRIVE 1.3 8V Flex Aut.,32000,001554-7,Flex,1,F,outubro de 2024 ,f7sq2tv7fbp,"quinta-feira, 28 de agosto de 2025 08:55",103596.0
314,1,,,32000,5,"R$ 145.029,00",Fiat,Fastback Audace 1.0 200 T. Flex Aut,32000,001558-0,Flex,1,F,outubro de 2024 ,htcpyzhlvrj1f9,"quinta-feira, 28 de agosto de 2025 08:55",145029.0
314,1,,,32000,3,"R$ 250.127,00",Fiat,Ducato Cargo 2.2 Diesel (E6),32000,001563-6,Diesel,1,D,outubro de 2024 ,mslprg6h4wj1gy,"quarta-feira, 1 de abril de 2026 05:39",250127.0
314,1,,,32000,5,"R$ 119.286,00",Fiat,Fastback 1.0 200 Turbo Flex Aut,32000,001568-7,Flex,1,F,outubro de 2024 ,gt50wlmktpj1f9,"quarta-feira, 1 de outubro de 2025 07:26",119286.0
314,1,,,32000,5,"R$ 103.333,00",Fiat,Strada Endurance 1.3 Flex 8V CS Plus,32000,001569-5,Flex,1,F,outubro de 2024 ,f7g5rb7vfdj1f9,"quinta-feira, 28 de agosto de 2025 08:55",103333.0
314,1,,,32000,5,"R$ 157.400,00",Toyota,Corolla XEi 2.0 Flex 16V Aut.,32000,002111-3,Flex,1,F,outubro de 2024 ,h8wb1z8tm5p,"quinta-feira, 28 de agosto de 2025 08:55",157400.0
314,1,,,32000,3,"R$ 274.779,00",Toyota,Hilux CD SR 4x4 2.8 TDI Diesel Aut.,32000,002142-3,Diesel,1,D,outubro de 2024 ,nqhqjwfh64cb,"quinta-feira, 28 de agosto de 2025 09:47",274779.0
314,1,,,32000,3,"R$ 380.908,00",Toyota,Hilux SW4 SRX 4x4 2.8 TDI 16V Dies. Aut.,32000,002146-6,Diesel,1,D,outubro de 2024 ,sqx50mqzhtcb,"quarta-feira, 1 de abril de 2026 05:39",380908.0
314,1,,,32000,5,"R$ 177.483,00",Toyota,Corolla Cross XRE 2.0 16V Flex Aut.,32000,002203-9,Flex,1,F,outubro de 2024 ,j1d9ptcffmp,"quinta-feira, 28 de agosto de 2025 08:55",177483.0
314,1,,,32000,5,"R$ 98.559,00",Toyota,YARIS XL 1.5 Flex 16V 5p Aut.,32000,002207-1,Flex,1,F,outubro de 2024 ,cjlxm6tc5hsp,"quinta-feira, 28 de agosto de 2025 08:55",98559.0
314,1,,,32000,3,"R$ 270.728,00",Ford,TRANSIT Furgão 2.0 Curto Turbo Diesel,32000,003487-8,Diesel,1,D,outubro de 2024 ,nkrg1rmc4xcb,"quarta-feira, 1 de abril de 2026 05:39",270728.0
314,1,,,32000,3,"R$ 242.821,00",Ford,Ranger XL 2.0 4x4 CD Diesel Mec. ,32000,003502-5,Diesel,1,D,outubro de 2024 ,mh04n1q0ckj1gy,"quinta-feira, 28 de agosto de 2025 09:47",242821.0
314,1,,,32000,3,"R$ 262.067,00",GM - Chevrolet,S10 Pick-Up LT 2.8 TDI 4x4 CD Diesel Aut,32000,004395-8,Diesel,1,D,outubro de 2024 ,m7ln6xw8tpcb,"quinta-feira, 28 de agosto de 2025 09:47",262067.0
314,1,,,32000,5,"R$ 120.192,00",GM - Chevrolet,SPIN LT 1.8 8V Econo.Flex 5p Mec.,32000,004414-8,Flex,1,F,outubro de 2024 ,gv7yqn6s5jp,"quarta-feira, 1 de abril de 2026 05:39",120192.0
314,1,,,32000,5,"R$ 145.647,00",GM - Chevrolet,SPIN PREMIER 1.8 8V Econo.Flex 5p Aut.,32000,004494-6,Flex,1,F,outubro de 2024 ,ht249ddj0rp,"quinta-feira, 28 de agosto de 2025 08:55",145647.0
314,1,,,32000,5,"R$ 113.952,00",GM - Chevrolet,ONIX SEDAN Plus LT 1.0 12V TB Flex Aut.,32000,004501-2,Flex,1,F,outubro de 2024 ,gmx4r01809p,"quinta-feira, 28 de agosto de 2025 08:55",113952.0
314,1,,,32000,5,"R$ 95.593,00",GM - Chevrolet,ONIX HATCH LT 1.0 12V Flex 5p Mec.,32000,004517-9,Flex,1,F,outubro de 2024 ,chg4lmtf83wp,"quinta-feira, 28 de agosto de 2025 08:55",95593.0
314,1,,,32000,5,"R$ 174.482,00",GM - Chevrolet,TRACKER Premier 1.2 Turbo 12V Flex Aut.,32000,004525-0,Flex,1,F,outubro de 2024 ,jxw69k84syp,"quinta-feira, 28 de agosto de 2025 08:55",174482.0
314,1,,,32000,5,"R$ 148.087,00",GM - Chevrolet,MONTANA LTZ 1.2 Turbo Flex 12V 4p Aut.,32000,004541-1,Flex,1,F,outubro de 2024 ,hxyvk5vk3hj1f9,"quinta-feira, 28 de agosto de 2025 08:55",148087.0
314,1,,,32000,3,"R$ 268.697,00",GM - Chevrolet,S10 Pick-Up WT 2.8 TDI 4x4 CD Diesel Aut,32000,004550-0,Diesel,1,D,outubro de 2024 ,nhcnl1nxf5j1gy,"quarta-feira, 1 de outubro de 2025 07:26",268697.0
314,1,,,32000,3,"R$ 326.107,00",VW - VolksWagen,AMAROK Highline CD 3.0 4x4 TB Dies. Aut.,32000,005483-6,Diesel,1,D,outubro de 2024 ,qnpbnsxf2pcb,"quarta-feira, 1 de abril de 2026 05:39",326107.0
314,1,,,32000,5,"R$ 138.236,00",VW - VolksWagen,VIRTUS Highline 200 TSI 1.0 Flex 12V Aut,32000,005484-4,Flex,1,F,outubro de 2024 ,hkdsxckwnpp,"quinta-feira, 28 de agosto de 2025 08:56",138236.0
314,1,,,32000,5,"R$ 161.492,00",VW - VolksWagen,T-Cross Comfor. 200 TSI 1.0 Flex 5p Aut.,32000,005509-3,Flex,1,F,outubro de 2024 ,jfn2q66q6vj1f9,"quinta-feira, 28 de agosto de 2025 08:56",161492.0
314,1,,,32000,5,"R$ 141.240,00",VW - VolksWagen,Nivus Highline 1.0 200 TSI Flex Aut.,32000,005526-3,Flex,1,F,outubro de 2024 ,hnxzpc40y1p,"quinta-feira, 28 de agosto de 2025 08:56",141240.0
314,1,,,32000,5,"R$ 203.443,00",VW - VolksWagen,TAOS Highline 1.4 250 TSI Flex Aut.,32000,005528-0,Flex,1,F,outubro de 2024 ,k0vv8wkf3dp,"quarta-feira, 1 de abril de 2026 05:39",203443.0
314,1,,,32000,5,"R$ 115.722,00",VW - VolksWagen,Saveiro Robust 1.6 Total Flex 16V CD,32000,005537-9,Flex,1,F,outubro de 2024 ,gp0g3250tsj1f9,"quinta-feira, 28 de agosto de 2025 08:56",115722.0
314,1,,,32000,5,"R$ 86.759,00",VW - VolksWagen,Polo Track 1.0 Flex 12V 5p,32000,005540-9,Flex,1,F,outubro de 2024 ,cc4kp0gjvt4p,"quinta-feira, 28 de agosto de 2025 08:56",86759.0
314,1,,,32000,5,"R$ 80.816,00",Citroën,C3 Live Pack 1.0 Flex 6V 5p Mec.,32000,011223-2,Flex,1,F,outubro de 2024 ,9wwlw8zn0rp,"quinta-feira, 28 de agosto de 2025 08:56",80816.0
314,1,,,32000,5,"R$ 115.162,00",Honda,CITY Sedan LX 1.5 Flex 16V 4p Aut.,32000,014059-7,Flex,1,F,outubro de 2024 ,gpb34mnv8gp,"quinta-feira, 28 de agosto de 2025 08:56",115162.0
314,1,,,32000,5,"R$ 190.267,00",Honda,HR-V Advance 1.5  Flex TB 16V 5p Aut.,32000,014111-9,Flex,1,F,outubro de 2024 ,kjdy4m90mhj1f9,"quinta-feira, 28 de agosto de 2025 08:56",190267.0
314,1,,,32000,5,"R$ 113.731,00",Honda,CITY Hatchback LX 1.5 Flex 16V Aut.,32000,014116-0,Flex,1,F,outubro de 2024 ,gmn3rlph8nj1f9,"quinta-feira, 28 de agosto de 2025 09:10",113731.0
314,1,,,32000,5,"R$ 132.516,00",Hyundai,Creta Comfort 1.0 TB 12V Flex Aut.,32000,015200-5,Flex,1,F,outubro de 2024 ,hbpwv0q09yp,"quarta-feira, 1 de outubro de 2025 07:26",132516.0
314,1,,,32000,5,"R$ 97.017,00",Hyundai,HB20S Comfort Plus 1.0 Flex 12V Mec.,32000,015239-0,Flex,1,F,outubro de 2024 ,ch0t5mnnmf2p,"quarta-feira, 1 de outubro de 2025 07:26",97017.0
314,1,,,32000,5,"R$ 115.280,00",Hyundai,HB20S Comfort Plus 1.0 TB Flex 12V Aut,32000,015240-4,Flex,1,F,outubro de 2024 ,gphd283lvpj1f9,"quinta-feira, 28 de agosto de 2025 08:56",115280.0
314,1,,,32000,5,"R$ 137.647,00",Hyundai,Creta Comfort Plus 1.0 TB 12V Flex Aut.,32000,015244-7,Flex,1,F,outubro de 2024 ,hjqc7w87zkj1f9,"quinta-feira, 28 de agosto de 2025 08:56",137647.0
314,1,,,32000,5,"R$ 89.817,00",Hyundai,HB20 Comfort Plus 1.0 Flex 12V Mec.,32000,015245-5,Flex,1,F,outubro de 2024 ,cd9d56h3w51p,"quinta-feira, 28 de agosto de 2025 08:56",89817.0
314,1,,,32000,5,"R$ 200.242,00",Jeep,COMPASS LONG. T270 1.3 TB 4x2 Flex Aut.,32000,017071-2,Flex,1,F,outubro de 2024 ,kw3jjr0xjsp,"quinta-feira, 28 de agosto de 2025 08:56",200242.0
314,1,,,32000,5,"R$ 242.017,00",Jeep,Commander Limited T270 1.3 TB Flex Aut.,32000,017081-0,Flex,1,F,outubro de 2024 ,mg2xrtg3vvp,"quarta-feira, 1 de abril de 2026 05:40",242017.0
314,1,,,32000,5,"R$ 140.397,00",Jeep,Renegade Sport T270 1.3 TB 4x2 Flex Aut.,32000,017085-2,Flex,1,F,outubro de 2024 ,hmybtwb9pjp,"quarta-feira, 1 de abril de 2026 05:40",140397.0
314,1,,,32000,3,"R$ 270.590,00",Nissan,Frontier ATTAC.CD 4x4 2.3 Bi-TB Die. Aut,32000,023160-6,Diesel,1,D,outubro de 2024 ,nklgkhckwvcb,"quarta-feira, 1 de abril de 2026 05:40",270590.0
314,1,,,32000,5,"R$ 135.438,00",Nissan,VERSA Exclusive 1.6 16V Flex Aut.,32000,023174-6,Flex,1,F,outubro de 2024 ,hf327tkj7rp,"quinta-feira, 28 de agosto de 2025 08:56",135438.0
314,1,,,32000,5,"R$ 113.575,00",Nissan,KICKS Active 1.6 16V Flex Aut.,32000,023186-0,Flex,1,F,outubro de 2024 ,gmhfzlyfcpj1f9,"quinta-feira, 28 de agosto de 2025 08:56",113575.0
314,1,,,32000,1,"R$ 159.567,00",Nissan,Sentra Advance 2.0 16V Aut.,32000,023187-8,Gasolina,1,G,outubro de 2024 ,jcd3q1962jj1f9,"quinta-feira, 28 de agosto de 2025 08:56",159567.0
314,1,,,32000,3,"R$ 211.657,00",Peugeot,Expert Cargo 1.5 Turbo Diesel,32000,024260-8,Diesel,1,D,outubro de 2024 ,lbhff7qh2tcb,"quarta-feira, 1 de abril de 2026 05:40",211657.0
314,1,,,32000,5,"R$ 77.917,00",Peugeot,208 Like 1.0 Flex 6V 5p Mec.,32000,024264-0,Flex,1,F,outubro de 2024 ,8sww8bsf7yp,"quinta-feira, 28 de agosto de 2025 08:56",77917.0
314,1,,,32000,5,"R$ 86.072,00",Peugeot,208 Style 1.0 Flex 6V 5p Mec.,32000,024265-9,Flex,1,F,outubro de 2024 ,ccwhz6kvd7jp,"quarta-feira, 1 de outubro de 2025 07:26",86072.0
314,1,,,32000,5,"R$ 121.400,00",Peugeot,2008 Active 1.0 Turbo Flex 5p Aut.,32000,024274-8,Flex,1,F,outubro de 2024 ,gxnvvd151kj1f9,"quarta-feira, 1 de abril de 2026 05:40",121400.0
314,1,,,32000,3,"R$ 227.936,00",Renault,Master 2.3 dCi Furgão 16V Diesel,32000,025196-8,Diesel,1,D,outubro de 2024 ,lyk3xgk9mvcb,"quarta-feira, 1 de abril de 2026 05:40",227936.0
314,1,,,32000,5,"R$ 66.509,00",Renault,KWID Zen 1.0 Flex 12V 5p Mec.,32000,025266-2,Flex,1,F,outubro de 2024 ,4g4fyl05nyp,"quinta-feira, 28 de agosto de 2025 08:56",66509.0
314,1,,,32000,5,"R$ 115.365,00",Renault,OROCH Intense 1.6 Flex 16V Mec.,32000,025312-0,Flex,1,F,outubro de 2024 ,gplhv93szbp,"quarta-feira, 1 de abril de 2026 05:40",115365.0
314,1,,,32000,5,"R$ 118.100,00",Renault,DUSTER Intense Plus 1.6 16V Flex Mec.,32000,025325-1,Flex,1,F,outubro de 2024 ,gssxj83j33j1f9,"quarta-feira, 1 de abril de 2026 05:40",118100.0
314,1,,,32000,3,"R$ 476.417,00",RAM,3500 LARAMIE 6.7 TB CD 4x4 Diesel,32000,083007-0,Diesel,1,D,outubro de 2024 ,xbxnbtg3vkcb,"quarta-feira, 1 de abril de 2026 05:40",476417.0
314,1,,,32000,1,"R$ 170.666,00",Caoa Chery,Tiggo 7 Pro Max Drive 1.6 Turbo 16V Aut.,32000,093011-3,Gasolina,1,G,outubro de 2024 ,jsfjlt78tyj1f9,"quarta-feira, 1 de abril de 2026 05:40",170666.0
314,1,,,32000,5,"R$ 120.428,00",Caoa Chery,Tiggo 5X SPORT 1.5 Turbo Flex Aut.,32000,093014-8,Flex,1,F,outubro de 2024 ,gwjjm0dh5kj1f9,"quarta-feira, 1 de abril de 2026 05:40",120428.0
314,1,,,32000,1,"R$ 190.888,00",Caoa Chery,Tiggo 8 PRO 1.6 TGDi Aut.,32000,093018-0,Gasolina,1,G,outubro de 2024 ,kj4jvtt1wsj1f9,"quarta-feira, 1 de abril de 2026 05:40",190888.0
314,1,,,32000,6,"R$ 237.521,00",BYD,Song Plus 1.5 16V Aut. (Hibrido),32000,095005-0,Híbrido,1,H,outubro de 2024 ,l9thv1y2hnj1f9,"quarta-feira, 1 de abril de 2026 05:40",237521.0
314,1,,,32000,4,"R$ 147.800,00",BYD,Dolphin EV (Elétrico),32000,095007-6,Elétrico,1,E,outubro de 2024 ,hxmd6fppxmj1f9,"quarta-feira, 1 de abril de 2026 05:40",147800.0
314,1,,,32000,4,"R$ 299.774,00",BYD,Seal (Elétrico),32000,095008-4,Elétrico,1,E,outubro de 2024 ,pns6s0ycw8j1f9,"quinta-feira, 28 de agosto de 2025 09:10",299774.0
314,1,,,32000,4,"R$ 117.280,00",BYD,Dolphin Mini (Elétrico),32000,095010-6,Elétrico,1,E,outubro de 2024 ,grt3l4x265j1f9,"quinta-feira, 28 de agosto de 2025 09:10",117280.0
314,1,,,32000,6,"R$ 175.940,00",BYD,King GL 1.5 16V Aut. (Hibrido),32000,095012-2,Híbrido,1,H,outubro de 2024 ,jzl63nxthzj1f9,"quinta-feira, 28 de agosto de 2025 08:56",175940.0
314,1,,,32000,4,"R$ 182.800,00",BYD,Yuan Pro (Elétrico),32000,095015-7,Elétrico,1,E,outubro de 2024 ,j7nknk11cnj1f9,"quarta-feira, 1 de abril de 2026 05:40",182800.0
314,1,,,32000,6,"R$ 239.000,00",GWM,Haval H6 PHEV19 (Hibrido),32000,096008-0,Híbrido,1,H,outubro de 2024 ,mcj8bph8m3j1f9,"quarta-feira, 1 de abril de 2026 05:40",239000.0
313,1,,,32000,5,"R$ 70.782,00",Fiat,MOBI LIKE 1.0 Fire Flex 5p.,32000,001461-3,Flex,1,F,setembro de 2024 ,527j6wzc5vp,"quinta-feira, 28 de agosto de 2025 08:56",70782.0
313,1,,,32000,5,"R$ 86.937,00",Fiat,ARGO DRIVE 1.0 6V Flex,32000,001494-0,Flex,1,F,setembro de 2024 ,cc6ndmq96h5p,"quinta-feira, 28 de agosto de 2025 08:56",86937.0
313,1,,,32000,5,"R$ 115.558,00",Fiat,Fiorino Endurance EVO 1.4 Flex 8V 2p,32000,001531-8,Flex,1,F,setembro de 2024 ,gptjbnrmbgp,"quinta-feira, 28 de agosto de 2025 08:56",115558.0
313,1,,,32000,5,"R$ 157.371,00",Fiat,Toro Freedom 1.3 T270 4x2 Flex Aut.,32000,001538-5,Flex,1,F,setembro de 2024 ,h8t9c03bf3p,"quinta-feira, 28 de agosto de 2025 08:56",157371.0
313,1,,,32000,5,"R$ 107.034,00",Fiat,PULSE DRIVE 1.0 Turbo 200 Flex Aut.,32000,001543-1,Flex,1,F,setembro de 2024 ,gctpv5tk41p,"quinta-feira, 28 de agosto de 2025 08:56",107034.0
313,1,,,32000,3,"R$ 206.539,00",Fiat,Scudo Cargo 1.5 16V Turbo Diesel,32000,001550-4,Diesel,1,D,setembro de 2024 ,k4hdqcq2p3cb,"quarta-feira, 1 de abril de 2026 05:40",206539.0
313,1,,,32000,5,"R$ 102.998,00",Fiat,CRONOS DRIVE 1.3 8V Flex Aut.,32000,001554-7,Flex,1,F,setembro de 2024 ,f62z8zy6hmp,"quinta-feira, 28 de agosto de 2025 08:56",102998.0
313,1,,,32000,5,"R$ 142.466,00",Fiat,Fastback Audace 1.0 200 T. Flex Aut,32000,001558-0,Flex,1,F,setembro de 2024 ,hqcj2s6lpvj1f9,"quinta-feira, 28 de agosto de 2025 08:56",142466.0
313,1,,,32000,3,"R$ 245.996,00",Fiat,Ducato Cargo 2.2 Diesel (E6),32000,001563-6,Diesel,1,D,setembro de 2024 ,mmrj3y1v3pj1gy,"quarta-feira, 1 de abril de 2026 05:40",245996.0
313,1,,,32000,5,"R$ 117.733,00",Fiat,Fastback 1.0 200 Turbo Flex Aut,32000,001568-7,Flex,1,F,setembro de 2024 ,gsck04v372j1f9,"quarta-feira, 1 de outubro de 2025 07:26",117733.0
313,1,,,32000,5,"R$ 104.373,00",Fiat,Strada Endurance 1.3 Flex 8V CS Plus,32000,001569-5,Flex,1,F,setembro de 2024 ,f8pzkx2c63j1f9,"quinta-feira, 28 de agosto de 2025 08:56",104373.0
313,1,,,32000,5,"R$ 157.467,00",Toyota,Corolla XEi 2.0 Flex 16V Aut.,32000,002111-3,Flex,1,F,setembro de 2024 ,h8ysj7mmqpp,"quinta-feira, 28 de agosto de 2025 08:56",157467.0
313,1,,,32000,3,"R$ 271.414,00",Toyota,Hilux CD SR 4x4 2.8 TDI Diesel Aut.,32000,002142-3,Diesel,1,D,setembro de 2024 ,nlkdz9lcj9cb,"quinta-feira, 28 de agosto de 2025 09:47",271414.0
313,1,,,32000,3,"R$ 380.050,00",Toyota,Hilux SW4 SRX 4x4 2.8 TDI 16V Dies. Aut.,32000,002146-6,Diesel,1,D,setembro de 2024 ,spxz74lxqxcb,"quarta-feira, 1 de abril de 2026 05:40",380050.0
313,1,,,32000,5,"R$ 177.432,00",Toyota,Corolla Cross XRE 2.0 16V Flex Aut.,32000,002203-9,Flex,1,F,setembro de 2024 ,j1cf7cvfs7p,"quinta-feira, 28 de agosto de 2025 08:56",177432.0
313,1,,,32000,5,"R$ 98.537,00",Toyota,YARIS XL 1.5 Flex 16V 5p Aut.,32000,002207-1,Flex,1,F,setembro de 2024 ,cjlnm9ztvwlp,"quinta-feira, 28 de agosto de 2025 08:56",98537.0
313,1,,,32000,3,"R$ 265.928,00",Ford,TRANSIT Furgão 2.0 Curto Turbo Diesel,32000,003487-8,Diesel,1,D,setembro de 2024 ,nc30mfy46fcb,"quarta-feira, 1 de abril de 2026 05:40",265928.0
313,1,,,32000,3,"R$ 245.450,00",Ford,Ranger XL 2.0 4x4 CD Diesel Mec. ,32000,003502-5,Diesel,1,D,setembro de 2024 ,ml3pxhg19dj1gy,"quinta-feira, 28 de agosto de 2025 09:47",245450.0
313,1,,,32000,3,"R$ 266.119,00",GM - Chevrolet,S10 Pick-Up LT 2.8 TDI 4x4 CD Diesel Aut,32000,004395-8,Diesel,1,D,setembro de 2024 ,ndbytyp59zcb,"quinta-feira, 28 de agosto de 2025 09:47",266119.0
313,1,,,32000,5,"R$ 120.664,00",GM - Chevrolet,SPIN LT 1.8 8V Econo.Flex 5p Mec.,32000,004414-8,Flex,1,F,setembro de 2024 ,gws3kblfd2p,"quarta-feira, 1 de abril de 2026 05:40",120664.0
313,1,,,32000,5,"R$ 145.172,00",GM - Chevrolet,SPIN PREMIER 1.8 8V Econo.Flex 5p Aut.,32000,004494-6,Flex,1,F,setembro de 2024 ,htjw2wd7fjp,"quinta-feira, 28 de agosto de 2025 08:56",145172.0
313,1,,,32000,5,"R$ 115.105,00",GM - Chevrolet,ONIX SEDAN Plus LT 1.0 12V TB Flex Aut.,32000,004501-2,Flex,1,F,setembro de 2024 ,gn81xmppxbp,"quinta-feira, 28 de agosto de 2025 08:56",115105.0
313,1,,,32000,5,"R$ 94.936,00",GM - Chevrolet,ONIX HATCH LT 1.0 12V Flex 5p Mec.,32000,004517-9,Flex,1,F,setembro de 2024 ,cg7fst22z98p,"quinta-feira, 28 de agosto de 2025 08:56",94936.0
313,1,,,32000,5,"R$ 173.100,00",GM - Chevrolet,TRACKER Premier 1.2 Turbo 12V Flex Aut.,32000,004525-0,Flex,1,F,setembro de 2024 ,jv8z32f9flp,"quinta-feira, 28 de agosto de 2025 08:56",173100.0
313,1,,,32000,5,"R$ 144.020,00",GM - Chevrolet,MONTANA LTZ 1.2 Turbo Flex 12V 4p Aut.,32000,004541-1,Flex,1,F,setembro de 2024 ,hr5014prkbj1f9,"quinta-feira, 28 de agosto de 2025 08:56",144020.0
313,1,,,32000,3,"R$ 271.050,00",GM - Chevrolet,S10 Pick-Up WT 2.8 TDI 4x4 CD Diesel Aut,32000,004550-0,Diesel,1,D,setembro de 2024 ,nk35vy5zxkj1gy,"quarta-feira, 1 de outubro de 2025 07:26",271050.0
313,1,,,32000,3,"R$ 319.100,00",VW - VolksWagen,AMAROK Highline CD 3.0 4x4 TB Dies. Aut.,32000,005483-6,Diesel,1,D,setembro de 2024 ,qdgng68j33cb,"quarta-feira, 1 de abril de 2026 05:40",319100.0
313,1,,,32000,5,"R$ 138.385,00",VW - VolksWagen,VIRTUS Highline 200 TSI 1.0 Flex 12V Aut,32000,005484-4,Flex,1,F,setembro de 2024 ,hkk6stjt9jp,"quinta-feira, 28 de agosto de 2025 08:56",138385.0
313,1,,,32000,5,"R$ 163.893,00",VW - VolksWagen,T-Cross Comfor. 200 TSI 1.0 Flex 5p Aut.,32000,005509-3,Flex,1,F,setembro de 2024 ,jjhb2rqpj0j1f9,"quinta-feira, 28 de agosto de 2025 08:56",163893.0
313,1,,,32000,5,"R$ 142.509,00",VW - VolksWagen,Nivus Highline 1.0 200 TSI Flex Aut.,32000,005526-3,Flex,1,F,setembro de 2024 ,hqd3js0v2yp,"quinta-feira, 28 de agosto de 2025 08:56",142509.0
313,1,,,32000,5,"R$ 202.938,00",VW - VolksWagen,TAOS Highline 1.4 250 TSI Flex Aut.,32000,005528-0,Flex,1,F,setembro de 2024 ,kz8h8g6lqpp,"quarta-feira, 1 de abril de 2026 05:40",202938.0
313,1,,,32000,5,"R$ 114.753,00",VW - VolksWagen,Saveiro Robust 1.6 Total Flex 16V CD,32000,005537-9,Flex,1,F,setembro de 2024 ,gnv79fwgflj1f9,"quinta-feira, 28 de agosto de 2025 08:56",114753.0
313,1,,,32000,5,"R$ 86.853,00",VW - VolksWagen,Polo Track 1.0 Flex 12V 5p,32000,005540-9,Flex,1,F,setembro de 2024 ,cc5nv4sctrnp,"quinta-feira, 28 de agosto de 2025 08:56",86853.0
313,1,,,32000,5,"R$ 79.690,00",Citroën,C3 Live Pack 1.0 Flex 6V 5p Mec.,32000,011223-2,Flex,1,F,setembro de 2024 ,9gpbmjd1rhp,"quinta-feira, 28 de agosto de 2025 08:56",79690.0
313,1,,,32000,5,"R$ 115.975,00",Honda,CITY Sedan LX 1.5 Flex 16V 4p Aut.,32000,014059-7,Flex,1,F,setembro de 2024 ,gp9n562g50p,"quinta-feira, 28 de agosto de 2025 08:57",115975.0
313,1,,,32000,5,"R$ 190.612,00",Honda,HR-V Advance 1.5  Flex TB 16V 5p Aut.,32000,014111-9,Flex,1,F,setembro de 2024 ,kjthv8h5mhj1f9,"quinta-feira, 28 de agosto de 2025 08:57",190612.0
313,1,,,32000,5,"R$ 114.688,00",Honda,CITY Hatchback LX 1.5 Flex 16V Aut.,32000,014116-0,Flex,1,F,setembro de 2024 ,gnsw102qsjj1f9,"quinta-feira, 28 de agosto de 2025 09:10",114688.0
313,1,,,32000,5,"R$ 133.232,00",Hyundai,Creta Comfort 1.0 TB 12V Flex Aut.,32000,015200-5,Flex,1,F,setembro de 2024 ,hcjxmgbqsfp,"quarta-feira, 1 de outubro de 2025 07:27",133232.0
313,1,,,32000,5,"R$ 97.551,00",Hyundai,HB20S Comfort Plus 1.0 Flex 12V Mec.,32000,015239-0,Flex,1,F,setembro de 2024 ,ch628hg3b6kp,"quarta-feira, 1 de outubro de 2025 07:27",97551.0
313,1,,,32000,5,"R$ 116.208,00",Hyundai,HB20S Comfort Plus 1.0 TB Flex 12V Aut,32000,015240-4,Flex,1,F,setembro de 2024 ,gqk4qryf9lj1f9,"quinta-feira, 28 de agosto de 2025 08:57",116208.0
313,1,,,32000,5,"R$ 138.879,00",Hyundai,Creta Comfort Plus 1.0 TB 12V Flex Aut.,32000,015244-7,Flex,1,F,setembro de 2024 ,hk45dx277cj1f9,"quinta-feira, 28 de agosto de 2025 08:57",138879.0
313,1,,,32000,5,"R$ 91.500,00",Hyundai,HB20 Comfort Plus 1.0 Flex 12V Mec.,32000,015245-5,Flex,1,F,setembro de 2024 ,cfx4xhh42fvp,"quinta-feira, 28 de agosto de 2025 08:57",91500.0
313,1,,,32000,5,"R$ 204.070,00",Jeep,COMPASS LONG. T270 1.3 TB 4x2 Flex Aut.,32000,017071-2,Flex,1,F,setembro de 2024 ,k1lnrlvgbgp,"quinta-feira, 28 de agosto de 2025 08:57",204070.0
313,1,,,32000,5,"R$ 243.526,00",Jeep,Commander Limited T270 1.3 TB Flex Aut.,32000,017081-0,Flex,1,F,setembro de 2024 ,mjvr08989mp,"quarta-feira, 1 de abril de 2026 05:40",243526.0
313,1,,,32000,5,"R$ 141.050,00",Jeep,Renegade Sport T270 1.3 TB 4x2 Flex Aut.,32000,017085-2,Flex,1,F,setembro de 2024 ,hnp2lrscdhp,"quarta-feira, 1 de abril de 2026 05:40",141050.0
313,1,,,32000,3,"R$ 266.590,00",Nissan,Frontier ATTAC.CD 4x4 2.3 Bi-TB Die. Aut,32000,023160-6,Diesel,1,D,setembro de 2024 ,ndw2jqm3z8cb,"quarta-feira, 1 de abril de 2026 05:41",266590.0
313,1,,,32000,5,"R$ 133.348,00",Nissan,VERSA Exclusive 1.6 16V Flex Aut.,32000,023174-6,Flex,1,F,setembro de 2024 ,hcn398jxmzp,"quinta-feira, 28 de agosto de 2025 08:57",133348.0
313,1,,,32000,5,"R$ 114.894,00",Nissan,KICKS Active 1.6 16V Flex Aut.,32000,023186-0,Flex,1,F,setembro de 2024 ,gn1c5hfhtdj1f9,"quinta-feira, 28 de agosto de 2025 08:57",114894.0
313,1,,,32000,1,"R$ 158.525,00",Nissan,Sentra Advance 2.0 16V Aut.,32000,023187-8,Gasolina,1,G,setembro de 2024 ,h957nkp5nnj1f9,"quinta-feira, 28 de agosto de 2025 08:57",158525.0
313,1,,,32000,3,"R$ 184.726,00",Peugeot,Expert Cargo 1.5 Turbo Diesel,32000,024260-8,Diesel,1,D,setembro de 2024 ,j9xksnl7swcb,"quarta-feira, 1 de abril de 2026 05:41",184726.0
313,1,,,32000,5,"R$ 78.290,00",Peugeot,208 Like 1.0 Flex 6V 5p Mec.,32000,024264-0,Flex,1,F,setembro de 2024 ,8x8g1r7smgp,"quinta-feira, 28 de agosto de 2025 08:57",78290.0
313,1,,,32000,5,"R$ 86.816,00",Peugeot,208 Style 1.0 Flex 6V 5p Mec.,32000,024265-9,Flex,1,F,setembro de 2024 ,cc47d76b18wp,"quarta-feira, 1 de outubro de 2025 07:27",86816.0
313,1,,,32000,5,"R$ 120.990,00",Peugeot,2008 Active 1.0 Turbo Flex 5p Aut.,32000,024274-8,Flex,1,F,setembro de 2024 ,gw5yv9wwnwj1f9,"quarta-feira, 1 de abril de 2026 05:41",120990.0
313,1,,,32000,3,"R$ 228.413,00",Renault,Master 2.3 dCi Furgão 16V Diesel,32000,025196-8,Diesel,1,D,setembro de 2024 ,ly4gcr0vhzcb,"quarta-feira, 1 de abril de 2026 05:41",228413.0
313,1,,,32000,5,"R$ 66.452,00",Renault,KWID Zen 1.0 Flex 12V 5p Mec.,32000,025266-2,Flex,1,F,setembro de 2024 ,4ggqpg36t3p,"quinta-feira, 28 de agosto de 2025 08:57",66452.0
313,1,,,32000,5,"R$ 115.636,00",Renault,OROCH Intense 1.6 Flex 16V Mec.,32000,025312-0,Flex,1,F,setembro de 2024 ,gpxb645864p,"quarta-feira, 1 de abril de 2026 05:41",115636.0
313,1,,,32000,5,"R$ 117.985,00",Renault,DUSTER Intense Plus 1.6 16V Flex Mec.,32000,025325-1,Flex,1,F,setembro de 2024 ,gsnqzclq0pj1f9,"quarta-feira, 1 de abril de 2026 05:41",117985.0
313,1,,,32000,3,"R$ 491.636,00",RAM,3500 LARAMIE 6.7 TB CD 4x4 Diesel,32000,083007-0,Diesel,1,D,setembro de 2024 ,xxrtftgs7gcb,"quarta-feira, 1 de abril de 2026 05:41",491636.0
313,1,,,32000,1,"R$ 170.008,00",Caoa Chery,Tiggo 7 Pro Max Drive 1.6 Turbo 16V Aut.,32000,093011-3,Gasolina,1,G,setembro de 2024 ,jrnl57l498j1f9,"quarta-feira, 1 de abril de 2026 05:41",170008.0
313,1,,,32000,5,"R$ 120.607,00",Caoa Chery,Tiggo 5X SPORT 1.5 Turbo Flex Aut.,32000,093014-8,Flex,1,F,setembro de 2024 ,gwq1bbq0lwj1f9,"quarta-feira, 1 de abril de 2026 05:41",120607.0
313,1,,,32000,6,"R$ 238.159,00",BYD,Song Plus 1.5 16V Aut. (Hibrido),32000,095005-0,Híbrido,1,H,setembro de 2024 ,mbkpqz6b9wj1f9,"quarta-feira, 1 de abril de 2026 05:41",238159.0
313,1,,,32000,4,"R$ 149.800,00",BYD,Dolphin EV (Elétrico),32000,095007-6,Elétrico,1,E,setembro de 2024 ,hzy3p8fkztj1f9,"quarta-feira, 1 de abril de 2026 05:41",149800.0
313,1,,,32000,4,"R$ 299.785,00",BYD,Seal (Elétrico),32000,095008-4,Elétrico,1,E,setembro de 2024 ,pntl56st9wj1f9,"quinta-feira, 28 de agosto de 2025 09:10",299785.0
313,1,,,32000,4,"R$ 117.421,00",BYD,Dolphin Mini (Elétrico),32000,095010-6,Elétrico,1,E,setembro de 2024 ,grz7g5dk1wj1f9,"quinta-feira, 28 de agosto de 2025 09:10",117421.0
313,1,,,32000,6,"R$ 175.966,00",BYD,King GL 1.5 16V Aut. (Hibrido),32000,095012-2,Híbrido,1,H,setembro de 2024 ,jzm5dsy1tbj1f9,"quinta-feira, 28 de agosto de 2025 08:57",175966.0
313,1,,,32000,6,"R$ 239.000,00",GWM,Haval H6 PHEV19 (Hibrido),32000,096008-0,Híbrido,1,H,setembro de 2024 ,mcj8bnfp11j1f9,"quarta-feira, 1 de abril de 2026 05:41",239000.0
312,1,,,32000,5,"R$ 71.108,00",Fiat,MOBI LIKE 1.0 Fire Flex 5p.,32000,001461-3,Flex,1,F,agosto de 2024 ,5611fhlw5sp,"quinta-feira, 28 de agosto de 2025 08:57",71108.0
312,1,,,32000,5,"R$ 86.643,00",Fiat,ARGO DRIVE 1.0 6V Flex,32000,001494-0,Flex,1,F,agosto de 2024 ,cc26jyv0f83p,"quinta-feira, 28 de agosto de 2025 08:57",86643.0
312,1,,,32000,5,"R$ 115.228,00",Fiat,Fiorino Endurance EVO 1.4 Flex 8V 2p,32000,001531-8,Flex,1,F,agosto de 2024 ,gpfjhxk212p,"quinta-feira, 28 de agosto de 2025 08:57",115228.0
312,1,,,32000,5,"R$ 155.452,00",Fiat,Toro Freedom 1.3 T270 4x2 Flex Aut.,32000,001538-5,Flex,1,F,agosto de 2024 ,h6lj4dz81lp,"quinta-feira, 28 de agosto de 2025 08:57",155452.0
312,1,,,32000,5,"R$ 107.602,00",Fiat,PULSE DRIVE 1.0 Turbo 200 Flex Aut.,32000,001543-1,Flex,1,F,agosto de 2024 ,gdhbv15x34p,"quinta-feira, 28 de agosto de 2025 08:57",107602.0
312,1,,,32000,3,"R$ 206.680,00",Fiat,Scudo Cargo 1.5 16V Turbo Diesel,32000,001550-4,Diesel,1,D,agosto de 2024 ,k4njlc6kjtcb,"quarta-feira, 1 de abril de 2026 05:41",206680.0
312,1,,,32000,5,"R$ 102.530,00",Fiat,CRONOS DRIVE 1.3 8V Flex Aut.,32000,001554-7,Flex,1,F,agosto de 2024 ,f6jzyzn5z0p,"quinta-feira, 28 de agosto de 2025 08:57",102530.0
312,1,,,32000,5,"R$ 139.577,00",Fiat,Fastback Audace 1.0 200 T. Flex Aut,32000,001558-0,Flex,1,F,agosto de 2024 ,hlzjwm2crpj1f9,"quinta-feira, 28 de agosto de 2025 08:57",139577.0
312,1,,,32000,3,"R$ 245.793,00",Fiat,Ducato Cargo 2.2 Diesel (E6),32000,001563-6,Diesel,1,D,agosto de 2024 ,mmh5c71s2vj1gy,"quarta-feira, 1 de abril de 2026 05:41",245793.0
312,1,,,32000,5,"R$ 117.660,00",Fiat,Fastback 1.0 200 Turbo Flex Aut,32000,001568-7,Flex,1,F,agosto de 2024 ,gr8xr8g2nbj1f9,"quarta-feira, 1 de outubro de 2025 07:27",117660.0
312,1,,,32000,5,"R$ 103.916,00",Fiat,Strada Endurance 1.3 Flex 8V CS Plus,32000,001569-5,Flex,1,F,agosto de 2024 ,f75cm4qdp5j1f9,"quinta-feira, 28 de agosto de 2025 08:57",103916.0
312,1,,,32000,5,"R$ 156.267,00",Toyota,Corolla XEi 2.0 Flex 16V Aut.,32000,002111-3,Flex,1,F,agosto de 2024 ,h7j5fwndj8p,"quinta-feira, 28 de agosto de 2025 08:57",156267.0
312,1,,,32000,3,"R$ 266.592,00",Toyota,Hilux CD SR 4x4 2.8 TDI Diesel Aut.,32000,002142-3,Diesel,1,D,agosto de 2024 ,ndw4sj12mgcb,"quinta-feira, 28 de agosto de 2025 09:47",266592.0
312,1,,,32000,3,"R$ 380.399,00",Toyota,Hilux SW4 SRX 4x4 2.8 TDI 16V Dies. Aut.,32000,002146-6,Diesel,1,D,agosto de 2024 ,sqbphg1tmzcb,"quarta-feira, 1 de abril de 2026 05:41",380399.0
312,1,,,32000,5,"R$ 178.612,00",Toyota,Corolla Cross XRE 2.0 16V Flex Aut.,32000,002203-9,Flex,1,F,agosto de 2024 ,j2rbs2dt86p,"quinta-feira, 28 de agosto de 2025 08:57",178612.0
312,1,,,32000,5,"R$ 98.247,00",Toyota,YARIS XL 1.5 Flex 16V 5p Aut.,32000,002207-1,Flex,1,F,agosto de 2024 ,cjg77p80hp5p,"quinta-feira, 28 de agosto de 2025 08:57",98247.0
312,1,,,32000,3,"R$ 261.291,00",Ford,TRANSIT Furgão 2.0 Curto Turbo Diesel,32000,003487-8,Diesel,1,D,agosto de 2024 ,m6pgvmq1m2cb,"quarta-feira, 1 de abril de 2026 05:41",261291.0
312,1,,,32000,3,"R$ 245.920,00",Ford,Ranger XL 2.0 4x4 CD Diesel Mec. ,32000,003502-5,Diesel,1,D,agosto de 2024 ,mmnsg8692xj1gy,"quinta-feira, 28 de agosto de 2025 09:47",245920.0
312,1,,,32000,3,"R$ 266.120,00",GM - Chevrolet,S10 Pick-Up LT 2.8 TDI 4x4 CD Diesel Aut,32000,004395-8,Diesel,1,D,agosto de 2024 ,ndbzyvftgfcb,"quinta-feira, 28 de agosto de 2025 09:47",266120.0
312,1,,,32000,5,"R$ 119.324,00",GM - Chevrolet,SPIN LT 1.8 8V Econo.Flex 5p Mec.,32000,004414-8,Flex,1,F,agosto de 2024 ,gt7dpvwbkdp,"quarta-feira, 1 de abril de 2026 05:41",119324.0
312,1,,,32000,5,"R$ 144.183,00",GM - Chevrolet,SPIN PREMIER 1.8 8V Econo.Flex 5p Aut.,32000,004494-6,Flex,1,F,agosto de 2024 ,hscyqmvzh0p,"quinta-feira, 28 de agosto de 2025 08:57",144183.0
312,1,,,32000,5,"R$ 115.808,00",GM - Chevrolet,ONIX SEDAN Plus LT 1.0 12V TB Flex Aut.,32000,004501-2,Flex,1,F,agosto de 2024 ,gp3l0zqzx3p,"quinta-feira, 28 de agosto de 2025 08:57",115808.0
312,1,,,32000,5,"R$ 94.954,00",GM - Chevrolet,ONIX HATCH LT 1.0 12V Flex 5p Mec.,32000,004517-9,Flex,1,F,agosto de 2024 ,cg7nbm1hk7jp,"quinta-feira, 28 de agosto de 2025 08:57",94954.0
312,1,,,32000,5,"R$ 173.525,00",GM - Chevrolet,TRACKER Premier 1.2 Turbo 12V Flex Aut.,32000,004525-0,Flex,1,F,agosto de 2024 ,jwsfz1m7jwp,"quinta-feira, 28 de agosto de 2025 08:57",173525.0
312,1,,,32000,5,"R$ 144.439,00",GM - Chevrolet,MONTANA LTZ 1.2 Turbo Flex 12V 4p Aut.,32000,004541-1,Flex,1,F,agosto de 2024 ,hsn75j0k9jj1f9,"quinta-feira, 28 de agosto de 2025 08:57",144439.0
312,1,,,32000,3,"R$ 271.127,00",GM - Chevrolet,S10 Pick-Up WT 2.8 TDI 4x4 CD Diesel Aut,32000,004550-0,Diesel,1,D,agosto de 2024 ,nk6zmhnm77j1gy,"quarta-feira, 1 de outubro de 2025 07:27",271127.0
312,1,,,32000,3,"R$ 319.931,00",VW - VolksWagen,AMAROK Highline CD 3.0 4x4 TB Dies. Aut.,32000,005483-6,Diesel,1,D,agosto de 2024 ,qffvtj9g3ycb,"quarta-feira, 1 de abril de 2026 05:41",319931.0
312,1,,,32000,5,"R$ 138.355,00",VW - VolksWagen,VIRTUS Highline 200 TSI 1.0 Flex 12V Aut,32000,005484-4,Flex,1,F,agosto de 2024 ,hkj3zw2qxzp,"quinta-feira, 28 de agosto de 2025 08:57",138355.0
312,1,,,32000,5,"R$ 162.702,00",VW - VolksWagen,T-Cross Comfor. 200 TSI 1.0 Flex 5p Aut.,32000,005509-3,Flex,1,F,agosto de 2024 ,jg213r13w7j1f9,"quinta-feira, 28 de agosto de 2025 08:57",162702.0
312,1,,,32000,5,"R$ 143.415,00",VW - VolksWagen,Nivus Highline 1.0 200 TSI Flex Aut.,32000,005526-3,Flex,1,F,agosto de 2024 ,hrg1ctznkhp,"quinta-feira, 28 de agosto de 2025 08:57",143415.0
312,1,,,32000,5,"R$ 205.602,00",VW - VolksWagen,TAOS Highline 1.4 250 TSI Flex Aut.,32000,005528-0,Flex,1,F,agosto de 2024 ,k3dbygc32lp,"quarta-feira, 1 de abril de 2026 05:41",205602.0
312,1,,,32000,5,"R$ 113.859,00",VW - VolksWagen,Saveiro Robust 1.6 Total Flex 16V CD,32000,005537-9,Flex,1,F,agosto de 2024 ,gmtrzhhrh3j1f9,"quinta-feira, 28 de agosto de 2025 08:57",113859.0
312,1,,,32000,5,"R$ 86.692,00",VW - VolksWagen,Polo Track 1.0 Flex 12V 5p,32000,005540-9,Flex,1,F,agosto de 2024 ,cc3sb11krj1p,"quinta-feira, 28 de agosto de 2025 08:57",86692.0
312,1,,,32000,5,"R$ 81.472,00",Citroën,C3 Live Pack 1.0 Flex 6V 5p Mec.,32000,011223-2,Flex,1,F,agosto de 2024 ,94k1dnq218p,"quinta-feira, 28 de agosto de 2025 08:57",81472.0
312,1,,,32000,5,"R$ 116.512,00",Honda,CITY Sedan LX 1.5 Flex 16V 4p Aut.,32000,014059-7,Flex,1,F,agosto de 2024 ,gqx57873m3p,"quinta-feira, 28 de agosto de 2025 08:57",116512.0
312,1,,,32000,5,"R$ 191.184,00",Honda,HR-V Advance 1.5  Flex TB 16V 5p Aut.,32000,014111-9,Flex,1,F,agosto de 2024 ,kkg9cv38hnj1f9,"quinta-feira, 28 de agosto de 2025 08:57",191184.0
312,1,,,32000,5,"R$ 114.812,00",Honda,CITY Hatchback LX 1.5 Flex 16V Aut.,32000,014116-0,Flex,1,F,agosto de 2024 ,gnydr7q18gj1f9,"quinta-feira, 28 de agosto de 2025 09:10",114812.0
312,1,,,32000,5,"R$ 133.841,00",Hyundai,Creta Comfort 1.0 TB 12V Flex Aut.,32000,015200-5,Flex,1,F,agosto de 2024 ,hc71tf0njpp,"quarta-feira, 1 de outubro de 2025 07:27",133841.0
312,1,,,32000,5,"R$ 96.937,00",Hyundai,HB20S Comfort Plus 1.0 Flex 12V Mec.,32000,015239-0,Flex,1,F,agosto de 2024 ,chzw26d2hqwp,"quarta-feira, 1 de outubro de 2025 07:27",96937.0
312,1,,,32000,5,"R$ 116.576,00",Hyundai,HB20S Comfort Plus 1.0 TB Flex 12V Aut,32000,015240-4,Flex,1,F,agosto de 2024 ,gq0jcrtv0gj1f9,"quinta-feira, 28 de agosto de 2025 08:57",116576.0
312,1,,,32000,5,"R$ 141.351,00",Hyundai,Creta Comfort Plus 1.0 TB 12V Flex Aut.,32000,015244-7,Flex,1,F,agosto de 2024 ,hn10rf8935j1f9,"quinta-feira, 28 de agosto de 2025 08:57",141351.0
312,1,,,32000,5,"R$ 91.158,00",Hyundai,HB20 Comfort Plus 1.0 Flex 12V Mec.,32000,015245-5,Flex,1,F,agosto de 2024 ,cfs4lzhwnk1p,"quinta-feira, 28 de agosto de 2025 08:57",91158.0
312,1,,,32000,5,"R$ 200.727,00",Jeep,COMPASS LONG. T270 1.3 TB 4x2 Flex Aut.,32000,017071-2,Flex,1,F,agosto de 2024 ,kxn40gwcmzp,"quinta-feira, 28 de agosto de 2025 08:57",200727.0
312,1,,,32000,5,"R$ 242.391,00",Jeep,Commander Limited T270 1.3 TB Flex Aut.,32000,017081-0,Flex,1,F,agosto de 2024 ,mhjh5b42brp,"quarta-feira, 1 de abril de 2026 05:41",242391.0
312,1,,,32000,5,"R$ 141.521,00",Jeep,Renegade Sport T270 1.3 TB 4x2 Flex Aut.,32000,017085-2,Flex,1,F,agosto de 2024 ,hn759hbsxjp,"quarta-feira, 1 de abril de 2026 05:41",141521.0
312,1,,,32000,3,"R$ 267.690,00",Nissan,Frontier ATTAC.CD 4x4 2.3 Bi-TB Die. Aut,32000,023160-6,Diesel,1,D,agosto de 2024 ,nf51y16rcycb,"quarta-feira, 1 de abril de 2026 05:41",267690.0
312,1,,,32000,5,"R$ 133.138,00",Nissan,VERSA Exclusive 1.6 16V Flex Aut.,32000,023174-6,Flex,1,F,agosto de 2024 ,hcfhp1vkjjp,"quinta-feira, 28 de agosto de 2025 08:58",133138.0
312,1,,,32000,5,"R$ 114.716,00",Nissan,KICKS Active 1.6 16V Flex Aut.,32000,023186-0,Flex,1,F,agosto de 2024 ,gntxl0q1ygj1f9,"quinta-feira, 28 de agosto de 2025 08:58",114716.0
312,1,,,32000,1,"R$ 155.547,00",Nissan,Sentra Advance 2.0 16V Aut.,32000,023187-8,Gasolina,1,G,agosto de 2024 ,h6pz5n8h2kj1f9,"quinta-feira, 28 de agosto de 2025 08:58",155547.0
312,1,,,32000,3,"R$ 184.849,00",Peugeot,Expert Cargo 1.5 Turbo Diesel,32000,024260-8,Diesel,1,D,agosto de 2024 ,j911cygdj9cb,"quarta-feira, 1 de abril de 2026 05:41",184849.0
312,1,,,32000,5,"R$ 79.442,00",Peugeot,208 Like 1.0 Flex 6V 5p Mec.,32000,024264-0,Flex,1,F,agosto de 2024 ,9cr58hc22mp,"quinta-feira, 28 de agosto de 2025 08:58",79442.0
312,1,,,32000,5,"R$ 87.582,00",Peugeot,208 Style 1.0 Flex 6V 5p Mec.,32000,024265-9,Flex,1,F,agosto de 2024 ,cdf6t59lb3sp,"quarta-feira, 1 de outubro de 2025 07:27",87582.0
312,1,,,32000,3,"R$ 227.312,00",Renault,Master 2.3 dCi Furgão 16V Diesel,32000,025196-8,Diesel,1,D,agosto de 2024 ,lxvftfgw7ncb,"quarta-feira, 1 de abril de 2026 05:42",227312.0
312,1,,,32000,5,"R$ 65.710,00",Renault,KWID Zen 1.0 Flex 12V 5p Mec.,32000,025266-2,Flex,1,F,agosto de 2024 ,35r04q6xnsp,"quinta-feira, 28 de agosto de 2025 08:58",65710.0
312,1,,,32000,5,"R$ 113.647,00",Renault,OROCH Intense 1.6 Flex 16V Mec.,32000,025312-0,Flex,1,F,agosto de 2024 ,gmk13g69zhp,"quarta-feira, 1 de abril de 2026 05:42",113647.0
312,1,,,32000,5,"R$ 124.070,00",Renault,DUSTER Intense Plus 1.6 16V Flex Mec.,32000,025325-1,Flex,1,F,agosto de 2024 ,g0sw8x0538j1f9,"quarta-feira, 1 de abril de 2026 05:42",124070.0
312,1,,,32000,3,"R$ 482.252,00",RAM,3500 LARAMIE 6.7 TB CD 4x4 Diesel,32000,083007-0,Diesel,1,D,agosto de 2024 ,xkrqyzqts1cb,"quarta-feira, 1 de abril de 2026 05:42",482252.0
312,1,,,32000,1,"R$ 170.989,00",Caoa Chery,Tiggo 7 Pro Max Drive 1.6 Turbo 16V Aut.,32000,093011-3,Gasolina,1,G,agosto de 2024 ,jss8jzhs8jj1f9,"quarta-feira, 1 de abril de 2026 05:42",170989.0
312,1,,,32000,5,"R$ 120.008,00",Caoa Chery,Tiggo 5X SPORT 1.5 Turbo Flex Aut.,32000,093014-8,Flex,1,F,agosto de 2024 ,gv08dk0synj1f9,"quarta-feira, 1 de abril de 2026 05:42",120008.0
312,1,,,32000,6,"R$ 236.254,00",BYD,Song Plus 1.5 16V Aut. (Hibrido),32000,095005-0,Híbrido,1,H,agosto de 2024 ,l8bf8dgw2lj1f9,"quarta-feira, 1 de abril de 2026 05:42",236254.0
312,1,,,32000,4,"R$ 142.360,00",BYD,Dolphin EV (Elétrico),32000,095007-6,Elétrico,1,E,agosto de 2024 ,hp7pm70pjrj1f9,"quarta-feira, 1 de abril de 2026 05:42",142360.0
312,1,,,32000,4,"R$ 299.785,00",BYD,Seal (Elétrico),32000,095008-4,Elétrico,1,E,agosto de 2024 ,pntl55p8qtj1f9,"quinta-feira, 28 de agosto de 2025 09:10",299785.0
312,1,,,32000,4,"R$ 115.822,00",BYD,Dolphin Mini (Elétrico),32000,095010-6,Elétrico,1,E,agosto de 2024 ,gp33sy8m2jj1f9,"quinta-feira, 28 de agosto de 2025 09:10",115822.0
312,1,,,32000,6,"R$ 175.800,00",BYD,King GL 1.5 16V Aut. (Hibrido),32000,095012-2,Híbrido,1,H,agosto de 2024 ,jzf4cg0tnlj1f9,"quinta-feira, 28 de agosto de 2025 08:58",175800.0
312,1,,,32000,6,"R$ 239.000,00",GWM,Haval H6 PHEV19 (Hibrido),32000,096008-0,Híbrido,1,H,agosto de 2024 ,mcj8bmb4gzj1f9,"quarta-feira, 1 de abril de 2026 05:42",239000.0
311,1,,,32000,5,"R$ 71.430,00",Fiat,MOBI LIKE 1.0 Fire Flex 5p.,32000,001461-3,Flex,1,F,julho de 2024 ,6bt2kxq032p,"quinta-feira, 28 de agosto de 2025 08:58",71430.0
311,1,,,32000,5,"R$ 86.573,00",Fiat,ARGO DRIVE 1.0 6V Flex,32000,001494-0,Flex,1,F,julho de 2024 ,cc2c26xhg05p,"quinta-feira, 28 de agosto de 2025 08:58",86573.0
311,1,,,32000,5,"R$ 114.924,00",Fiat,Fiorino Endurance EVO 1.4 Flex 8V 2p,32000,001531-8,Flex,1,F,julho de 2024 ,gn2gzbjcn3p,"quinta-feira, 28 de agosto de 2025 08:58",114924.0
311,1,,,32000,5,"R$ 154.218,00",Fiat,Toro Freedom 1.3 T270 4x2 Flex Aut.,32000,001538-5,Flex,1,F,julho de 2024 ,h44pqgdr5mp,"quinta-feira, 28 de agosto de 2025 08:58",154218.0
311,1,,,32000,5,"R$ 108.148,00",Fiat,PULSE DRIVE 1.0 Turbo 200 Flex Aut.,32000,001543-1,Flex,1,F,julho de 2024 ,gd352hn63wp,"quinta-feira, 28 de agosto de 2025 08:58",108148.0
311,1,,,32000,3,"R$ 206.568,00",Fiat,Scudo Cargo 1.5 16V Turbo Diesel,32000,001550-4,Diesel,1,D,julho de 2024 ,k4jgc739lycb,"quarta-feira, 1 de abril de 2026 05:42",206568.0
311,1,,,32000,5,"R$ 101.953,00",Fiat,CRONOS DRIVE 1.3 8V Flex Aut.,32000,001554-7,Flex,1,F,julho de 2024 ,f5v0tnt094p,"quinta-feira, 28 de agosto de 2025 08:58",101953.0
311,1,,,32000,5,"R$ 147.485,00",Fiat,Fastback Audace 1.0 200 T. Flex Aut,32000,001558-0,Flex,1,F,julho de 2024 ,hw7y8kjky5j1f9,"quinta-feira, 28 de agosto de 2025 08:58",147485.0
311,1,,,32000,3,"R$ 249.635,00",Fiat,Ducato Cargo 2.2 Diesel (E6),32000,001563-6,Diesel,1,D,julho de 2024 ,mr0tc27x1rj1gy,"quarta-feira, 1 de abril de 2026 05:42",249635.0
311,1,,,32000,5,"R$ 114.050,00",Fiat,Fastback 1.0 200 Turbo Flex Aut,32000,001568-7,Flex,1,F,julho de 2024 ,gm1p5zln01j1f9,"quarta-feira, 1 de outubro de 2025 07:27",114050.0
311,1,,,32000,5,"R$ 106.337,00",Fiat,Strada Endurance 1.3 Flex 8V CS,32000,001569-5,Flex,1,F,julho de 2024 ,gb0ch8gyp8j1f9,"quinta-feira, 28 de agosto de 2025 08:58",106337.0
311,1,,,32000,5,"R$ 157.302,00",Toyota,Corolla XEi 2.0 Flex 16V Aut.,32000,002111-3,Flex,1,F,julho de 2024 ,h8rsmtd0qdp,"quinta-feira, 28 de agosto de 2025 08:58",157302.0
311,1,,,32000,3,"R$ 269.785,00",Toyota,Hilux CD SR 4x4 2.8 TDI Diesel Aut.,32000,002142-3,Diesel,1,D,julho de 2024 ,njm6h5z96dcb,"quinta-feira, 28 de agosto de 2025 09:47",269785.0
311,1,,,32000,3,"R$ 379.897,00",Toyota,Hilux SW4 SRX 4x4 2.8 TDI 16V Dies. Aut.,32000,002146-6,Diesel,1,D,julho de 2024 ,sprfvv4jftcb,"quarta-feira, 1 de abril de 2026 05:42",379897.0
311,1,,,32000,5,"R$ 178.275,00",Toyota,Corolla Cross XRE 2.0 16V Flex Aut.,32000,002203-9,Flex,1,F,julho de 2024 ,j2b22tj0x6p,"quinta-feira, 28 de agosto de 2025 08:58",178275.0
311,1,,,32000,5,"R$ 97.487,00",Toyota,YARIS XL 1.5 Flex 16V 5p Aut.,32000,002207-1,Flex,1,F,julho de 2024 ,ch6b0b7vysyp,"quinta-feira, 28 de agosto de 2025 08:58",97487.0
311,1,,,32000,3,"R$ 263.193,00",Ford,TRANSIT Furgão 2.0 Curto Turbo Diesel,32000,003487-8,Diesel,1,D,julho de 2024 ,m8xlycvtjpcb,"quarta-feira, 1 de abril de 2026 05:42",263193.0
311,1,,,32000,3,"R$ 224.510,00",Ford,Ranger XL 2.0 4x4 CD Diesel Mec. ,32000,003502-5,Diesel,1,D,julho de 2024 ,ltklm3fwvjj1gy,"quinta-feira, 28 de agosto de 2025 09:47",224510.0
311,1,,,32000,3,"R$ 268.711,00",GM - Chevrolet,S10 Pick-Up LT 2.8 TDI 4x4 CD Diesel Aut,32000,004395-8,Diesel,1,D,julho de 2024 ,nhc5cy9vsncb,"quinta-feira, 28 de agosto de 2025 09:47",268711.0
311,1,,,32000,5,"R$ 118.408,00",GM - Chevrolet,SPIN LT 1.8 8V Econo.Flex 5p Mec.,32000,004414-8,Flex,1,F,julho de 2024 ,gs43lgmknkp,"quarta-feira, 1 de abril de 2026 05:42",118408.0
311,1,,,32000,5,"R$ 143.142,00",GM - Chevrolet,SPIN PREMIER 1.8 8V Econo.Flex 5p Aut.,32000,004494-6,Flex,1,F,julho de 2024 ,hq43r113tnp,"quinta-feira, 28 de agosto de 2025 08:58",143142.0
311,1,,,32000,5,"R$ 114.823,00",GM - Chevrolet,ONIX SEDAN Plus LT 1.0 12V TB Flex Aut.,32000,004501-2,Flex,1,F,julho de 2024 ,gnys5gfgxnp,"quinta-feira, 28 de agosto de 2025 08:58",114823.0
311,1,,,32000,5,"R$ 94.070,00",GM - Chevrolet,ONIX HATCH LT 1.0 12V Flex 5p Mec.,32000,004517-9,Flex,1,F,julho de 2024 ,cgw803hyzn9p,"quinta-feira, 28 de agosto de 2025 08:58",94070.0
311,1,,,32000,5,"R$ 170.587,00",GM - Chevrolet,TRACKER Premier 1.2 Turbo 12V Flex Aut.,32000,004525-0,Flex,1,F,julho de 2024 ,jsbnlbpy0fp,"quinta-feira, 28 de agosto de 2025 08:58",170587.0
311,1,,,32000,5,"R$ 145.284,00",GM - Chevrolet,MONTANA LTZ 1.2 Turbo Flex 12V 4p Aut.,32000,004541-1,Flex,1,F,julho de 2024 ,htny8wd3glj1f9,"quinta-feira, 28 de agosto de 2025 08:58",145284.0
311,1,,,32000,3,"R$ 261.364,00",GM - Chevrolet,S10 Pick-Up WT 2.8 TDI 4x4 CD Diesel Aut,32000,004550-0,Diesel,1,D,julho de 2024 ,m6r33d0nj6j1gy,"quarta-feira, 1 de outubro de 2025 07:27",261364.0
311,1,,,32000,3,"R$ 304.753,00",VW - VolksWagen,AMAROK Highline CD 3.0 4x4 TB Dies. Aut.,32000,005483-6,Diesel,1,D,julho de 2024 ,pvm5xlf7b2cb,"quarta-feira, 1 de abril de 2026 05:42",304753.0
311,1,,,32000,5,"R$ 138.617,00",VW - VolksWagen,VIRTUS Highline 200 TSI 1.0 Flex 12V Aut,32000,005484-4,Flex,1,F,julho de 2024 ,hkvm6cvkm4p,"quinta-feira, 28 de agosto de 2025 08:58",138617.0
311,1,,,32000,5,"R$ 161.865,00",VW - VolksWagen,T-Cross Comfor. 200 TSI 1.0 Flex 5p Aut.,32000,005509-3,Flex,1,F,julho de 2024 ,jf3m0szyc5j1f9,"quinta-feira, 28 de agosto de 2025 08:58",161865.0
311,1,,,32000,5,"R$ 141.807,00",VW - VolksWagen,Nivus Highline 1.0 200 TSI Flex Aut.,32000,005526-3,Flex,1,F,julho de 2024 ,hpllj8j11hp,"quinta-feira, 28 de agosto de 2025 08:58",141807.0
311,1,,,32000,5,"R$ 202.561,00",VW - VolksWagen,TAOS Highline 1.4 250 TSI Flex Aut.,32000,005528-0,Flex,1,F,julho de 2024 ,kzttg0rtqzp,"quarta-feira, 1 de abril de 2026 05:42",202561.0
311,1,,,32000,5,"R$ 113.157,00",VW - VolksWagen,Saveiro Robust 1.6 Total Flex 16V CD,32000,005537-9,Flex,1,F,julho de 2024 ,glz7zz3h1qj1f9,"quinta-feira, 28 de agosto de 2025 08:58",113157.0
311,1,,,32000,5,"R$ 86.777,00",VW - VolksWagen,Polo Track 1.0 Flex 12V 5p,32000,005540-9,Flex,1,F,julho de 2024 ,cc4r7sp8223p,"quinta-feira, 28 de agosto de 2025 08:58",86777.0
311,1,,,32000,5,"R$ 81.401,00",Citroën,C3 Live Pack 1.0 Flex 6V 5p Mec.,32000,011223-2,Flex,1,F,julho de 2024 ,93q7dd28j5p,"quinta-feira, 28 de agosto de 2025 08:58",81401.0
311,1,,,32000,5,"R$ 116.024,00",Honda,CITY Sedan LX 1.5 Flex 16V 4p Aut.,32000,014059-7,Flex,1,F,julho de 2024 ,gqcgdpqdl5p,"quinta-feira, 28 de agosto de 2025 08:58",116024.0
311,1,,,32000,5,"R$ 190.650,00",Honda,HR-V Advance 1.5  Flex TB 16V 5p Aut.,32000,014111-9,Flex,1,F,julho de 2024 ,kjvwph611zj1f9,"quinta-feira, 28 de agosto de 2025 08:58",190650.0
311,1,,,32000,5,"R$ 114.207,00",Honda,CITY Hatchback LX 1.5 Flex 16V Aut.,32000,014116-0,Flex,1,F,julho de 2024 ,gm7d2w4q74j1f9,"quinta-feira, 28 de agosto de 2025 09:10",114207.0
311,1,,,32000,5,"R$ 134.512,00",Hyundai,Creta Comfort 1.0 TB 12V Flex Aut.,32000,015200-5,Flex,1,F,julho de 2024 ,hd1fv1109yp,"quarta-feira, 1 de outubro de 2025 07:27",134512.0
311,1,,,32000,5,"R$ 93.522,00",Hyundai,HB20S Comfort Plus 1.0 Flex 12V Mec.,32000,015239-0,Flex,1,F,julho de 2024 ,cgpvvgyfmvfp,"quarta-feira, 1 de outubro de 2025 07:27",93522.0
311,1,,,32000,5,"R$ 112.765,00",Hyundai,HB20S Comfort Plus 1.0 TB Flex 12V Aut,32000,015240-4,Flex,1,F,julho de 2024 ,gljz9nnbdfj1f9,"quinta-feira, 28 de agosto de 2025 08:58",112765.0
311,1,,,32000,5,"R$ 136.864,00",Hyundai,Creta Comfort Plus 1.0 TB 12V Flex Aut.,32000,015244-7,Flex,1,F,julho de 2024 ,hhsxz1xxh7j1f9,"quinta-feira, 28 de agosto de 2025 08:58",136864.0
311,1,,,32000,5,"R$ 88.073,00",Hyundai,HB20 Comfort Plus 1.0 Flex 12V Mec.,32000,015245-5,Flex,1,F,julho de 2024 ,cdmy9j46cktp,"quinta-feira, 28 de agosto de 2025 08:58",88073.0
311,1,,,32000,5,"R$ 200.391,00",Jeep,COMPASS LONG. T270 1.3 TB 4x2 Flex Aut.,32000,017071-2,Flex,1,F,julho de 2024 ,kw8yd4tq0hp,"quinta-feira, 28 de agosto de 2025 08:58",200391.0
311,1,,,32000,5,"R$ 241.403,00",Jeep,Commander Limited T270 1.3 TB Flex Aut.,32000,017081-0,Flex,1,F,julho de 2024 ,mgclx1dz4rp,"quarta-feira, 1 de abril de 2026 05:42",241403.0
311,1,,,32000,5,"R$ 136.910,00",Jeep,Renegade Sport T270 1.3 TB 4x2 Flex Aut.,32000,017085-2,Flex,1,F,julho de 2024 ,hhvltt7g7lp,"quarta-feira, 1 de abril de 2026 05:42",136910.0
311,1,,,32000,3,"R$ 257.071,00",Nissan,Frontier ATTAC.CD 4x4 2.3 Bi-TB Die. Aut,32000,023160-6,Diesel,1,D,julho de 2024 ,m1q2yc4mx3cb,"quarta-feira, 1 de abril de 2026 05:42",257071.0
311,1,,,32000,5,"R$ 132.190,00",Nissan,VERSA Exclusive 1.6 16V Flex Aut.,32000,023174-6,Flex,1,F,julho de 2024 ,g991jxlwc5p,"quinta-feira, 28 de agosto de 2025 08:58",132190.0
311,1,,,32000,5,"R$ 114.486,00",Nissan,KICKS Active 1.6 16V Flex Aut.,32000,023186-0,Flex,1,F,julho de 2024 ,gnkkf6sz9pj1f9,"quinta-feira, 28 de agosto de 2025 08:58",114486.0
311,1,,,32000,1,"R$ 153.223,00",Nissan,Sentra Advance 2.0 16V Aut.,32000,023187-8,Gasolina,1,G,julho de 2024 ,h3zjlm4nh0j1f9,"quinta-feira, 28 de agosto de 2025 08:58",153223.0
311,1,,,32000,3,"R$ 182.373,00",Peugeot,Expert Cargo 1.5 Turbo Diesel,32000,024260-8,Diesel,1,D,julho de 2024 ,j641jmvgk9cb,"quarta-feira, 1 de abril de 2026 05:42",182373.0
311,1,,,32000,5,"R$ 78.824,00",Peugeot,208 Like 1.0 Flex 6V 5p Mec.,32000,024264-0,Flex,1,F,julho de 2024 ,84jkw7vvj9p,"quinta-feira, 28 de agosto de 2025 08:58",78824.0
311,1,,,32000,5,"R$ 87.817,00",Peugeot,208 Style 1.0 Flex 6V 5p Mec.,32000,024265-9,Flex,1,F,julho de 2024 ,cdjy713xr41p,"quarta-feira, 1 de outubro de 2025 07:27",87817.0
311,1,,,32000,3,"R$ 225.794,00",Renault,Master 2.3 dCi Furgão 16V Diesel,32000,025196-8,Diesel,1,D,julho de 2024 ,lv18dh4x23cb,"quarta-feira, 1 de abril de 2026 05:42",225794.0
311,1,,,32000,5,"R$ 65.200,00",Renault,KWID Zen 1.0 Flex 12V 5p Mec.,32000,025266-2,Flex,1,F,julho de 2024 ,3zsnn825kwp,"quinta-feira, 28 de agosto de 2025 08:58",65200.0
311,1,,,32000,5,"R$ 118.543,00",Renault,OROCH Intense 1.6 Flex 16V Mec.,32000,025312-0,Flex,1,F,julho de 2024 ,gs90pyp4hdp,"quarta-feira, 1 de abril de 2026 05:42",118543.0
311,1,,,32000,5,"R$ 120.841,00",Renault,DUSTER Intense Plus 1.6 16V Flex Mec.,32000,025325-1,Flex,1,F,julho de 2024 ,gw0jzrn47mj1f9,"quarta-feira, 1 de abril de 2026 05:43",120841.0
311,1,,,32000,3,"R$ 504.492,00",RAM,3500 LARAMIE 6.7 TB CD 4x4 Diesel,32000,083007-0,Diesel,1,D,julho de 2024 ,ydt20jnfqpcb,"quarta-feira, 1 de abril de 2026 05:43",504492.0
311,1,,,32000,1,"R$ 170.252,00",Caoa Chery,Tiggo 7 Pro Max Drive 1.6 Turbo 16V Aut.,32000,093011-3,Gasolina,1,G,julho de 2024 ,jryg3yn3c2j1f9,"quarta-feira, 1 de abril de 2026 05:43",170252.0
311,1,,,32000,5,"R$ 117.032,00",Caoa Chery,Tiggo 5X SPORT 1.5 Turbo Flex Aut.,32000,093014-8,Flex,1,F,julho de 2024 ,grj25j6htlj1f9,"quarta-feira, 1 de abril de 2026 05:43",117032.0
311,1,,,32000,6,"R$ 239.813,00",BYD,Song Plus 1.5 16V Aut. (Hibrido),32000,095005-0,Híbrido,1,H,julho de 2024 ,mdhtc6rrhfj1f9,"quarta-feira, 1 de abril de 2026 05:43",239813.0
311,1,,,32000,4,"R$ 149.864,00",BYD,Dolphin EV (Elétrico),32000,095007-6,Elétrico,1,E,julho de 2024 ,hz1ftn779qj1f9,"quarta-feira, 1 de abril de 2026 05:43",149864.0
311,1,,,32000,4,"R$ 298.604,00",BYD,Seal (Elétrico),32000,095008-4,Elétrico,1,E,julho de 2024 ,pmfphg5kb6j1f9,"quinta-feira, 28 de agosto de 2025 09:10",298604.0
311,1,,,32000,4,"R$ 115.811,00",BYD,Dolphin Mini (Elétrico),32000,095010-6,Elétrico,1,E,julho de 2024 ,gp3qdp71hsj1f9,"quinta-feira, 28 de agosto de 2025 09:10",115811.0
311,1,,,32000,6,"R$ 175.800,00",BYD,King GL 1.5 16V Aut. (Hibrido),32000,095012-2,Híbrido,1,H,julho de 2024 ,jzf4cfx72jj1f9,"quinta-feira, 28 de agosto de 2025 08:58",175800.0
311,1,,,32000,6,"R$ 239.000,00",GWM,Haval H6 PHEV19 (Hibrido),32000,096008-0,Híbrido,1,H,julho de 2024 ,mcj8bk8kwxj1f9,"quarta-feira, 1 de abril de 2026 05:43",239000.0
310,1,,,32000,5,"R$ 74.985,00",Fiat,MOBI LIKE 1.0 Fire Flex 5p.,32000,001461-3,Flex,1,F,junho de 2024 ,7ph6qw246tp,"quinta-feira, 28 de agosto de 2025 08:59",74985.0
310,1,,,32000,5,"R$ 89.300,00",Fiat,ARGO DRIVE 1.0 6V Flex,32000,001494-0,Flex,1,F,junho de 2024 ,cd3b8t5234cp,"quinta-feira, 28 de agosto de 2025 08:59",89300.0
310,1,,,32000,5,"R$ 113.003,00",Fiat,Fiorino Endurance EVO 1.4 Flex 8V 2p,32000,001531-8,Flex,1,F,junho de 2024 ,gltngvsytkp,"quinta-feira, 28 de agosto de 2025 08:59",113003.0
310,1,,,32000,5,"R$ 152.630,00",Fiat,Toro Freedom 1.3 T270 4x2 Flex Aut.,32000,001538-5,Flex,1,F,junho de 2024 ,h28zfg6v5yp,"quinta-feira, 28 de agosto de 2025 08:59",152630.0
310,1,,,32000,5,"R$ 108.631,00",Fiat,PULSE DRIVE 1.0 Turbo 200 Flex Aut.,32000,001543-1,Flex,1,F,junho de 2024 ,gfpq9czwb3p,"quinta-feira, 28 de agosto de 2025 08:59",108631.0
310,1,,,32000,3,"R$ 201.619,00",Fiat,Scudo Cargo 1.5 16V Turbo Diesel,32000,001550-4,Diesel,1,D,junho de 2024 ,kyqk2gfkfkcb,"quarta-feira, 1 de abril de 2026 05:43",201619.0
310,1,,,32000,5,"R$ 102.091,00",Fiat,CRONOS DRIVE 1.3 8V Flex Aut.,32000,001554-7,Flex,1,F,junho de 2024 ,f5009wvyy9p,"quinta-feira, 28 de agosto de 2025 08:59",102091.0
310,1,,,32000,5,"R$ 141.481,00",Fiat,Fastback Audace 1.0 200 T. Flex Aut,32000,001558-0,Flex,1,F,junho de 2024 ,hn6q66qyh8j1f9,"quinta-feira, 28 de agosto de 2025 08:59",141481.0
310,1,,,32000,3,"R$ 244.929,00",Fiat,Ducato Cargo 2.2 Diesel (E6),32000,001563-6,Diesel,1,D,junho de 2024 ,mlhrv4y2csj1gy,"quarta-feira, 1 de abril de 2026 05:43",244929.0
310,1,,,32000,5,"R$ 118.127,00",Fiat,Fastback 1.0 200 Turbo Flex Aut,32000,001568-7,Flex,1,F,junho de 2024 ,gstwy7p6n7j1f9,"quarta-feira, 1 de outubro de 2025 07:27",118127.0
310,1,,,32000,5,"R$ 103.353,00",Fiat,Strada Endurance 1.3 Flex 8V CS,32000,001569-5,Flex,1,F,junho de 2024 ,f7hw8s45r2j1f9,"quinta-feira, 28 de agosto de 2025 08:59",103353.0
310,1,,,32000,5,"R$ 157.336,00",Toyota,Corolla XEi 2.0 Flex 16V Aut.,32000,002111-3,Flex,1,F,junho de 2024 ,h8s0ycyqtwp,"quinta-feira, 28 de agosto de 2025 08:59",157336.0
310,1,,,32000,3,"R$ 269.085,00",Toyota,Hilux CD SR 4x4 2.8 TDI Diesel Aut.,32000,002142-3,Diesel,1,D,junho de 2024 ,nhtrsj7f51cb,"quinta-feira, 28 de agosto de 2025 09:47",269085.0
310,1,,,32000,3,"R$ 379.406,00",Toyota,Hilux SW4 SRX 4x4 2.8 TDI 16V Dies. Aut.,32000,002146-6,Diesel,1,D,junho de 2024 ,sn5lmg477bcb,"quarta-feira, 1 de abril de 2026 05:43",379406.0
310,1,,,32000,5,"R$ 179.755,00",Toyota,Corolla Cross XRE 2.0 16V Flex Aut.,32000,002203-9,Flex,1,F,junho de 2024 ,j32wpbtt90p,"quinta-feira, 28 de agosto de 2025 08:59",179755.0
310,1,,,32000,5,"R$ 97.363,00",Toyota,YARIS XL 1.5 Flex 16V 5p Aut.,32000,002207-1,Flex,1,F,junho de 2024 ,ch4wx5dm699p,"quinta-feira, 28 de agosto de 2025 08:59",97363.0
310,1,,,32000,3,"R$ 258.451,00",Ford,TRANSIT Furgão 2.0 Curto Turbo Diesel,32000,003487-8,Diesel,1,D,junho de 2024 ,m3b7vy99p4cb,"quarta-feira, 1 de abril de 2026 05:43",258451.0
310,1,,,32000,3,"R$ 235.987,00",Ford,Ranger XL 2.0 4x4 CD Diesel Mec. ,32000,003502-5,Diesel,1,D,junho de 2024 ,l70rd5db92j1gy,"quinta-feira, 28 de agosto de 2025 09:47",235987.0
310,1,,,32000,3,"R$ 264.290,00",GM - Chevrolet,S10 Pick-Up LT 2.8 TDI 4x4 CD Diesel Aut,32000,004395-8,Diesel,1,D,junho de 2024 ,m96gzxkm3scb,"quinta-feira, 28 de agosto de 2025 09:47",264290.0
310,1,,,32000,5,"R$ 119.606,00",GM - Chevrolet,SPIN LT 1.8 8V Econo.Flex 5p Mec.,32000,004414-8,Flex,1,F,junho de 2024 ,gvknfws86tp,"quarta-feira, 1 de abril de 2026 05:43",119606.0
310,1,,,32000,5,"R$ 144.406,00",GM - Chevrolet,SPIN PREMIER 1.8 8V Econo.Flex 5p Aut.,32000,004494-6,Flex,1,F,junho de 2024 ,hsm1ztv09zp,"quinta-feira, 28 de agosto de 2025 08:59",144406.0
310,1,,,32000,5,"R$ 115.914,00",GM - Chevrolet,ONIX SEDAN Plus LT 1.0 12V TB Flex Aut.,32000,004501-2,Flex,1,F,junho de 2024 ,gp7ggfpfrpp,"quinta-feira, 28 de agosto de 2025 08:59",115914.0
310,1,,,32000,5,"R$ 95.268,00",GM - Chevrolet,ONIX HATCH LT 1.0 12V Flex 5p Mec.,32000,004517-9,Flex,1,F,junho de 2024 ,chcbgmrs77wp,"quinta-feira, 28 de agosto de 2025 08:59",95268.0
310,1,,,32000,5,"R$ 171.434,00",GM - Chevrolet,TRACKER Premier 1.2 Turbo 12V Flex Aut.,32000,004525-0,Flex,1,F,junho de 2024 ,jtbfyjqvmjp,"quinta-feira, 28 de agosto de 2025 08:59",171434.0
310,1,,,32000,5,"R$ 146.886,00",GM - Chevrolet,MONTANA LTZ 1.2 Turbo Flex 12V 4p Aut.,32000,004541-1,Flex,1,F,junho de 2024 ,hwj6bstggcj1f9,"quinta-feira, 28 de agosto de 2025 08:59",146886.0
310,1,,,32000,3,"R$ 302.400,00",VW - VolksWagen,AMAROK Highline CD 3.0 4x4 TB Dies. Aut.,32000,005483-6,Diesel,1,D,junho de 2024 ,prwnnlr0qkcb,"quarta-feira, 1 de abril de 2026 05:43",302400.0
310,1,,,32000,5,"R$ 137.527,00",VW - VolksWagen,VIRTUS Highline 200 TSI 1.0 Flex 12V Aut,32000,005484-4,Flex,1,F,junho de 2024 ,hjk0077nchp,"quinta-feira, 28 de agosto de 2025 08:59",137527.0
310,1,,,32000,5,"R$ 155.276,00",VW - VolksWagen,T-Cross Comfor. 200 TSI 1.0 Flex 5p Aut.,32000,005509-3,Flex,1,F,junho de 2024 ,h6c4tqx71bj1f9,"quinta-feira, 28 de agosto de 2025 08:59",155276.0
310,1,,,32000,5,"R$ 142.966,00",VW - VolksWagen,Nivus Highline 1.0 200 TSI Flex Aut.,32000,005526-3,Flex,1,F,junho de 2024 ,hqyqgf1k8mp,"quinta-feira, 28 de agosto de 2025 08:59",142966.0
310,1,,,32000,5,"R$ 205.263,00",VW - VolksWagen,TAOS Highline 1.4 250 TSI Flex Aut.,32000,005528-0,Flex,1,F,junho de 2024 ,k2z0y9tcphp,"quarta-feira, 1 de abril de 2026 05:43",205263.0
310,1,,,32000,5,"R$ 113.815,00",VW - VolksWagen,Saveiro Robust 1.6 Total Flex 16V CD,32000,005537-9,Flex,1,F,junho de 2024 ,gmr5djlhc8j1f9,"quinta-feira, 28 de agosto de 2025 08:59",113815.0
310,1,,,32000,5,"R$ 87.675,00",VW - VolksWagen,Polo Track 1.0 Flex 12V 5p,32000,005540-9,Flex,1,F,junho de 2024 ,cdg9m1nw6n9p,"quinta-feira, 28 de agosto de 2025 08:59",87675.0
310,1,,,32000,5,"R$ 81.737,00",Citroën,C3 Live Pack 1.0 Flex 6V 5p Mec.,32000,011223-2,Flex,1,F,junho de 2024 ,97pb8yy75qp,"quinta-feira, 28 de agosto de 2025 08:59",81737.0
310,1,,,32000,5,"R$ 115.703,00",Honda,CITY Sedan LX 1.5 Flex 16V 4p Aut.,32000,014059-7,Flex,1,F,junho de 2024 ,gpzsp9vjwfp,"quinta-feira, 28 de agosto de 2025 08:59",115703.0
310,1,,,32000,5,"R$ 190.439,00",Honda,HR-V Advance 1.5  Flex TB 16V 5p Aut.,32000,014111-9,Flex,1,F,junho de 2024 ,kjl6ycqh60j1f9,"quinta-feira, 28 de agosto de 2025 08:59",190439.0
310,1,,,32000,5,"R$ 114.029,00",Honda,CITY Hatchback LX 1.5 Flex 16V Aut.,32000,014116-0,Flex,1,F,junho de 2024 ,gm0yjff9c6j1f9,"quinta-feira, 28 de agosto de 2025 09:10",114029.0
310,1,,,32000,5,"R$ 135.159,00",Hyundai,Creta Comfort 1.0 TB 12V Flex Aut.,32000,015200-5,Flex,1,F,junho de 2024 ,hfsywclzntp,"quarta-feira, 1 de outubro de 2025 07:27",135159.0
310,1,,,32000,5,"R$ 93.347,00",Hyundai,HB20S Comfort Plus 1.0 Flex 12V Mec.,32000,015239-0,Flex,1,F,junho de 2024 ,cgms7m2wpykp,"quarta-feira, 1 de outubro de 2025 07:27",93347.0
310,1,,,32000,5,"R$ 112.451,00",Hyundai,HB20S Comfort Plus 1.0 TB Flex 12V Aut,32000,015240-4,Flex,1,F,junho de 2024 ,gk5lhsgrq9j1f9,"quinta-feira, 28 de agosto de 2025 08:59",112451.0
310,1,,,32000,5,"R$ 138.642,00",Hyundai,Creta Comfort Plus 1.0 TB 12V Flex Aut.,32000,015244-7,Flex,1,F,junho de 2024 ,hkwkcj9sbvj1f9,"quinta-feira, 28 de agosto de 2025 08:59",138642.0
310,1,,,32000,5,"R$ 89.004,00",Hyundai,HB20 Comfort Plus 1.0 Flex 12V Mec.,32000,015245-5,Flex,1,F,junho de 2024 ,cdzwpmtxfvbp,"quinta-feira, 28 de agosto de 2025 08:59",89004.0
310,1,,,32000,5,"R$ 200.196,00",Jeep,COMPASS LONG. T270 1.3 TB 4x2 Flex Aut.,32000,017071-2,Flex,1,F,junho de 2024 ,kw1vpv94ssp,"quinta-feira, 28 de agosto de 2025 08:59",200196.0
310,1,,,32000,5,"R$ 241.992,00",Jeep,Commander Limited T270 1.3 TB Flex Aut.,32000,017081-0,Flex,1,F,junho de 2024 ,mg10lft7cpp,"quarta-feira, 1 de abril de 2026 05:43",241992.0
310,1,,,32000,5,"R$ 142.822,00",Jeep,Renegade Sport T270 1.3 TB 4x2 Flex Aut.,32000,017085-2,Flex,1,F,junho de 2024 ,hqsg6l3zpwp,"quarta-feira, 1 de abril de 2026 05:43",142822.0
310,1,,,32000,3,"R$ 255.036,00",Nissan,Frontier ATTAC.CD 4x4 2.3 Bi-TB Die. Aut,32000,023160-6,Diesel,1,D,junho de 2024 ,mzb3zys48qcb,"quarta-feira, 1 de abril de 2026 05:43",255036.0
310,1,,,32000,5,"R$ 129.288,00",Nissan,VERSA Exclusive 1.6 16V Flex Aut.,32000,023174-6,Flex,1,F,junho de 2024 ,g6xkpnw7z9p,"quinta-feira, 28 de agosto de 2025 08:59",129288.0
310,1,,,32000,5,"R$ 113.478,00",Nissan,KICKS Active 1.6 16V Flex Aut.,32000,023186-0,Flex,1,F,junho de 2024 ,gmcxn9s7lcj1f9,"quinta-feira, 28 de agosto de 2025 08:59",113478.0
310,1,,,32000,1,"R$ 152.443,00",Nissan,Sentra Advance 2.0 16V Aut.,32000,023187-8,Gasolina,1,G,junho de 2024 ,h215qnc0dcj1f9,"quinta-feira, 28 de agosto de 2025 08:59",152443.0
310,1,,,32000,3,"R$ 181.854,00",Peugeot,Expert Cargo 1.5 Turbo Diesel,32000,024260-8,Diesel,1,D,junho de 2024 ,j6j5q6301ccb,"quarta-feira, 1 de abril de 2026 05:43",181854.0
310,1,,,32000,5,"R$ 78.272,00",Peugeot,208 Like 1.0 Flex 6V 5p Mec.,32000,024264-0,Flex,1,F,junho de 2024 ,8x1x6fjjdmp,"quinta-feira, 28 de agosto de 2025 08:59",78272.0
310,1,,,32000,5,"R$ 87.964,00",Peugeot,208 Style 1.0 Flex 6V 5p Mec.,32000,024265-9,Flex,1,F,junho de 2024 ,cdlppc1bm03p,"quarta-feira, 1 de outubro de 2025 07:27",87964.0
310,1,,,32000,3,"R$ 223.612,00",Renault,Master 2.3 dCi Furgão 16V Diesel,32000,025196-8,Diesel,1,D,junho de 2024 ,lshytgc9nvcb,"quarta-feira, 1 de abril de 2026 05:43",223612.0
310,1,,,32000,5,"R$ 67.010,00",Renault,KWID Zen 1.0 Flex 12V 5p Mec.,32000,025266-2,Flex,1,F,junho de 2024 ,4n0jynwx75p,"quinta-feira, 28 de agosto de 2025 08:59",67010.0
310,1,,,32000,5,"R$ 118.759,00",Renault,OROCH Intense 1.6 Flex 16V Mec.,32000,025312-0,Flex,1,F,junho de 2024 ,gtkv2n3gstp,"quarta-feira, 1 de abril de 2026 05:43",118759.0
310,1,,,32000,5,"R$ 120.652,00",Renault,DUSTER Intense Plus 1.6 16V Flex Mec.,32000,025325-1,Flex,1,F,junho de 2024 ,gwsn011pc0j1f9,"quarta-feira, 1 de abril de 2026 05:43",120652.0
310,1,,,32000,3,"R$ 505.039,00",RAM,3500 LARAMIE 6.7 TB CD 4x4 Diesel,32000,083007-0,Diesel,1,D,junho de 2024 ,yfgzbwyxfycb,"quarta-feira, 1 de abril de 2026 05:43",505039.0
310,1,,,32000,1,"R$ 170.145,00",Caoa Chery,Tiggo 7 Pro Max Drive 1.6 Turbo 16V Aut.,32000,093011-3,Gasolina,1,G,junho de 2024 ,jrtlkgnr2sj1f9,"quarta-feira, 1 de abril de 2026 05:44",170145.0
310,1,,,32000,5,"R$ 116.149,00",Caoa Chery,Tiggo 5X SPORT 1.5 Turbo Flex Aut.,32000,093014-8,Flex,1,F,junho de 2024 ,gqhz7trtwsj1f9,"quarta-feira, 1 de abril de 2026 05:44",116149.0
310,1,,,32000,6,"R$ 239.800,00",BYD,Song Plus (Hibrido),32000,095005-0,Híbrido,1,H,junho de 2024 ,mdhbq23g2cj1f9,"quarta-feira, 1 de abril de 2026 05:44",239800.0
310,1,,,32000,4,"R$ 149.832,00",BYD,Dolphin EV (Elétrico),32000,095007-6,Elétrico,1,E,junho de 2024 ,hzz8rw5sg4j1f9,"quarta-feira, 1 de abril de 2026 05:44",149832.0
310,1,,,32000,4,"R$ 299.800,00",BYD,Seal (Elétrico),32000,095008-4,Elétrico,1,E,junho de 2024 ,pnt421qxgfj1f9,"quinta-feira, 28 de agosto de 2025 09:10",299800.0
310,1,,,32000,4,"R$ 115.857,00",BYD,Dolphin Mini (Elétrico),32000,095010-6,Elétrico,1,E,junho de 2024 ,gp5c7fjzbgj1f9,"quinta-feira, 28 de agosto de 2025 09:10",115857.0
309,1,,,32000,5,"R$ 69.829,00",Fiat,MOBI LIKE 1.0 Fire Flex 5p.,32000,001461-3,Flex,1,F,maio de 2024 ,5q1450c9zkp,"quinta-feira, 28 de agosto de 2025 08:59",69829.0
309,1,,,32000,5,"R$ 85.767,00",Fiat,ARGO DRIVE 1.0 6V Flex,32000,001494-0,Flex,1,F,maio de 2024 ,ccrx4jzs85wp,"quinta-feira, 28 de agosto de 2025 08:59",85767.0
309,1,,,32000,5,"R$ 113.215,00",Fiat,Fiorino Endurance EVO 1.4 Flex 8V 2p,32000,001531-8,Flex,1,F,maio de 2024 ,gl2cbvyj6xp,"quinta-feira, 28 de agosto de 2025 08:59",113215.0
309,1,,,32000,5,"R$ 154.546,00",Fiat,Toro Freedom 1.3 T270 4x2 Flex Aut.,32000,001538-5,Flex,1,F,maio de 2024 ,h5jl87p67sp,"quinta-feira, 28 de agosto de 2025 08:59",154546.0
309,1,,,32000,5,"R$ 109.366,00",Fiat,PULSE DRIVE 1.0 Turbo 200 Flex Aut.,32000,001543-1,Flex,1,F,maio de 2024 ,ggkggg02mdp,"quinta-feira, 28 de agosto de 2025 08:59",109366.0
309,1,,,32000,3,"R$ 201.655,00",Fiat,Scudo Cargo 1.5 16V Turbo Diesel,32000,001550-4,Diesel,1,D,maio de 2024 ,kyrwmwlmz2cb,"quarta-feira, 1 de abril de 2026 05:44",201655.0
309,1,,,32000,5,"R$ 102.046,00",Fiat,CRONOS DRIVE 1.3 8V Flex Aut.,32000,001554-7,Flex,1,F,maio de 2024 ,f5zdl062p0p,"quinta-feira, 28 de agosto de 2025 08:59",102046.0
309,1,,,32000,5,"R$ 141.218,00",Fiat,Fastback Audace 1.0 200 T. Flex Aut,32000,001558-0,Flex,1,F,maio de 2024 ,hnw5wqzsxgj1f9,"quinta-feira, 28 de agosto de 2025 08:59",141218.0
309,1,,,32000,3,"R$ 244.969,00",Fiat,Ducato Cargo 2.2 Diesel (E6),32000,001563-6,Diesel,1,D,maio de 2024 ,mlj6x9cwvcj1gy,"quarta-feira, 1 de abril de 2026 05:44",244969.0
309,1,,,32000,5,"R$ 118.272,00",Fiat,Fastback 1.0 200 Turbo Flex Aut,32000,001568-7,Flex,1,F,maio de 2024 ,gsz5bzffd0j1f9,"quarta-feira, 1 de outubro de 2025 07:27",118272.0
309,1,,,32000,5,"R$ 103.612,00",Fiat,Strada Endurance 1.3 Flex 8V CS,32000,001569-5,Flex,1,F,maio de 2024 ,f7s93hhf9pj1f9,"quinta-feira, 28 de agosto de 2025 08:59",103612.0
309,1,,,32000,5,"R$ 156.628,00",Toyota,Corolla XEi 2.0 Flex 16V Aut.,32000,002111-3,Flex,1,F,maio de 2024 ,h7y859pc0dp,"quinta-feira, 28 de agosto de 2025 09:00",156628.0
309,1,,,32000,3,"R$ 268.848,00",Toyota,Hilux CD SR 4x4 2.8 TDI Diesel Aut.,32000,002142-3,Diesel,1,D,maio de 2024 ,nhj4q7l3gncb,"quinta-feira, 28 de agosto de 2025 09:47",268848.0
309,1,,,32000,3,"R$ 378.959,00",Toyota,Hilux SW4 SRX 4x4 2.8 TDI 16V Dies. Aut.,32000,002146-6,Diesel,1,D,maio de 2024 ,snnbyzx3zkcb,"quarta-feira, 1 de abril de 2026 05:44",378959.0
309,1,,,32000,5,"R$ 174.050,00",Toyota,Corolla Cross XRE 2.0 16V Flex Aut.,32000,002203-9,Flex,1,F,maio de 2024 ,jxdjjwyf1fp,"quinta-feira, 28 de agosto de 2025 09:00",174050.0
309,1,,,32000,5,"R$ 98.997,00",Toyota,YARIS XL 1.5 Flex 16V 5p Aut.,32000,002207-1,Flex,1,F,maio de 2024 ,cjr1vbzlwn6p,"quinta-feira, 28 de agosto de 2025 09:00",98997.0
309,1,,,32000,3,"R$ 238.545,00",Ford,TRANSIT Furgão 2.0 Curto Turbo Diesel,32000,003487-8,Diesel,1,D,maio de 2024 ,mb0qnndpv0cb,"quarta-feira, 1 de abril de 2026 05:44",238545.0
309,1,,,32000,3,"R$ 237.969,00",Ford,Ranger XL 2.0 4x4 CD Diesel Mec. ,32000,003502-5,Diesel,1,D,maio de 2024 ,mbbsm8hw9zj1gy,"quinta-feira, 28 de agosto de 2025 09:47",237969.0
309,1,,,32000,3,"R$ 263.782,00",GM - Chevrolet,S10 Pick-Up LT 2.8 TDI 4x4 CD Diesel Aut,32000,004395-8,Diesel,1,D,maio de 2024 ,m9l0lqr7kjcb,"quinta-feira, 28 de agosto de 2025 09:47",263782.0
309,1,,,32000,5,"R$ 120.915,00",GM - Chevrolet,SPIN LT 1.8 8V Econo.Flex 5p Mec.,32000,004414-8,Flex,1,F,maio de 2024 ,gw27cg5jdcp,"quarta-feira, 1 de abril de 2026 05:44",120915.0
309,1,,,32000,5,"R$ 145.915,00",GM - Chevrolet,SPIN PREMIER 1.8 8V Econo.Flex 5p Aut.,32000,004494-6,Flex,1,F,maio de 2024 ,hvdw79p6rrp,"quinta-feira, 28 de agosto de 2025 09:00",145915.0
309,1,,,32000,5,"R$ 117.340,00",GM - Chevrolet,ONIX SEDAN Plus LT 1.0 12V TB Flex Aut.,32000,004501-2,Flex,1,F,maio de 2024 ,grw86r28xmp,"quinta-feira, 28 de agosto de 2025 09:00",117340.0
309,1,,,32000,5,"R$ 95.607,00",GM - Chevrolet,ONIX HATCH LT 1.0 12V Flex 5p Mec.,32000,004517-9,Flex,1,F,maio de 2024 ,chg9n951snxp,"quinta-feira, 28 de agosto de 2025 09:00",95607.0
309,1,,,32000,5,"R$ 171.002,00",GM - Chevrolet,TRACKER Premier 1.2 Turbo 12V Flex Aut.,32000,004525-0,Flex,1,F,maio de 2024 ,jstq5zpg8hp,"quinta-feira, 28 de agosto de 2025 09:00",171002.0
309,1,,,32000,5,"R$ 147.490,00",GM - Chevrolet,MONTANA LTZ 1.2 Turbo Flex 12V 4p Aut.,32000,004541-1,Flex,1,F,maio de 2024 ,hw74w4fgk1j1f9,"quinta-feira, 28 de agosto de 2025 09:00",147490.0
309,1,,,32000,3,"R$ 301.576,00",VW - VolksWagen,AMAROK Highline CD 3.0 4x4 TB Dies. Aut.,32000,005483-6,Diesel,1,D,maio de 2024 ,pqxp6p77m6cb,"quarta-feira, 1 de abril de 2026 05:44",301576.0
309,1,,,32000,5,"R$ 134.939,00",VW - VolksWagen,VIRTUS Highline 200 TSI 1.0 Flex 12V Aut,32000,005484-4,Flex,1,F,maio de 2024 ,hfjyzvm01pp,"quinta-feira, 28 de agosto de 2025 09:00",134939.0
309,1,,,32000,5,"R$ 155.236,00",VW - VolksWagen,T-Cross Comfor. 200 TSI 1.0 Flex 5p Aut.,32000,005509-3,Flex,1,F,maio de 2024 ,h6bprjb9dmj1f9,"quinta-feira, 28 de agosto de 2025 09:00",155236.0
309,1,,,32000,5,"R$ 141.858,00",VW - VolksWagen,Nivus Highline 1.0 200 TSI Flex Aut.,32000,005526-3,Flex,1,F,maio de 2024 ,hpnf0ltbxpp,"quinta-feira, 28 de agosto de 2025 09:00",141858.0
309,1,,,32000,5,"R$ 206.650,00",VW - VolksWagen,TAOS Highline 1.4 250 TSI Flex Aut.,32000,005528-0,Flex,1,F,maio de 2024 ,k4mfsdj0h9p,"quarta-feira, 1 de abril de 2026 05:44",206650.0
309,1,,,32000,5,"R$ 108.520,00",VW - VolksWagen,Saveiro Robust 1.6 Total Flex 16V CD,32000,005537-9,Flex,1,F,maio de 2024 ,gfkp64stw9j1f9,"quinta-feira, 28 de agosto de 2025 09:00",108520.0
309,1,,,32000,5,"R$ 84.758,00",VW - VolksWagen,Polo Track 1.0 Flex 12V 5p,32000,005540-9,Flex,1,F,maio de 2024 ,ccc3dkr17w5p,"quinta-feira, 28 de agosto de 2025 09:00",84758.0
309,1,,,32000,5,"R$ 80.986,00",Citroën,C3 Live Pack 1.0 Flex 6V 5p Mec.,32000,011223-2,Flex,1,F,maio de 2024 ,9ywdbkybmyp,"quinta-feira, 28 de agosto de 2025 09:00",80986.0
309,1,,,32000,5,"R$ 115.671,00",Honda,CITY Sedan LX 1.5 Flex 16V 4p Aut.,32000,014059-7,Flex,1,F,maio de 2024 ,gpymnjr11vp,"quinta-feira, 28 de agosto de 2025 09:00",115671.0
309,1,,,32000,5,"R$ 190.647,00",Honda,HR-V Advance 1.5  Flex TB 16V 5p Aut.,32000,014111-9,Flex,1,F,maio de 2024 ,kjvr9nmcp9j1f9,"quinta-feira, 28 de agosto de 2025 09:00",190647.0
309,1,,,32000,5,"R$ 114.015,00",Honda,CITY Hatchback LX 1.5 Flex 16V Aut.,32000,014116-0,Flex,1,F,maio de 2024 ,gm0frcz4mxj1f9,"quinta-feira, 28 de agosto de 2025 09:10",114015.0
309,1,,,32000,5,"R$ 135.247,00",Hyundai,Creta Comfort 1.0 TB 12V Flex Aut.,32000,015200-5,Flex,1,F,maio de 2024 ,hfw4030nz5p,"quarta-feira, 1 de outubro de 2025 07:27",135247.0
309,1,,,32000,5,"R$ 94.690,00",Hyundai,HB20S Comfort Plus 1.0 Flex 12V Mec.,32000,015239-0,Flex,1,F,maio de 2024 ,cg4kcy0qtpjp,"quarta-feira, 1 de outubro de 2025 07:27",94690.0
309,1,,,32000,5,"R$ 114.457,00",Hyundai,HB20S Comfort Plus 1.0 TB Flex 12V Aut,32000,015240-4,Flex,1,F,maio de 2024 ,gnjhr52q5lj1f9,"quinta-feira, 28 de agosto de 2025 09:00",114457.0
309,1,,,32000,5,"R$ 142.013,00",Hyundai,Creta Comfort Plus 1.0 TB 12V Flex Aut.,32000,015244-7,Flex,1,F,maio de 2024 ,hpt2nmvw6nj1f9,"quinta-feira, 28 de agosto de 2025 09:00",142013.0
309,1,,,32000,5,"R$ 90.290,00",Hyundai,HB20 Comfort Plus 1.0 Flex 12V Mec.,32000,015245-5,Flex,1,F,maio de 2024 ,cfgy3pzn8k3p,"quinta-feira, 28 de agosto de 2025 09:00",90290.0
309,1,,,32000,5,"R$ 203.240,00",Jeep,COMPASS LONG. T270 1.3 TB 4x2 Flex Aut.,32000,017071-2,Flex,1,F,maio de 2024 ,k0mhj06v4tp,"quinta-feira, 28 de agosto de 2025 09:00",203240.0
309,1,,,32000,5,"R$ 242.490,00",Jeep,Commander Limited T270 1.3 TB Flex Aut.,32000,017081-0,Flex,1,F,maio de 2024 ,mhm3p8bnhnp,"quarta-feira, 1 de abril de 2026 05:44",242490.0
309,1,,,32000,5,"R$ 143.535,00",Jeep,Renegade Sport T270 1.3 TB 4x2 Flex Aut.,32000,017085-2,Flex,1,F,maio de 2024 ,hrmdk783ztp,"quarta-feira, 1 de abril de 2026 05:44",143535.0
309,1,,,32000,3,"R$ 259.145,00",Nissan,Frontier ATTAC.CD 4x4 2.3 Bi-TB Die. Aut,32000,023160-6,Diesel,1,D,maio de 2024 ,m35gtyxl5fcb,"quarta-feira, 1 de abril de 2026 05:44",259145.0
309,1,,,32000,5,"R$ 127.005,00",Nissan,VERSA Exclusive 1.6 16V Flex Aut.,32000,023174-6,Flex,1,F,maio de 2024 ,g37k9q2y6xp,"quinta-feira, 28 de agosto de 2025 09:00",127005.0
309,1,,,32000,5,"R$ 111.845,00",Nissan,KICKS Active 1.6 16V Flex Aut.,32000,023186-0,Flex,1,F,maio de 2024 ,gkgkph10xgj1f9,"quinta-feira, 28 de agosto de 2025 09:00",111845.0
309,1,,,32000,1,"R$ 152.206,00",Nissan,Sentra Advance 2.0 16V Aut.,32000,023187-8,Gasolina,1,G,maio de 2024 ,h2skpbrnnzj1f9,"quinta-feira, 28 de agosto de 2025 09:00",152206.0
309,1,,,32000,3,"R$ 177.766,00",Peugeot,Expert Cargo 1.5 Turbo Diesel,32000,024260-8,Diesel,1,D,maio de 2024 ,j1rlknw97ccb,"quarta-feira, 1 de abril de 2026 05:44",177766.0
309,1,,,32000,5,"R$ 77.561,00",Peugeot,208 Like 1.0 Flex 6V 5p Mec.,32000,024264-0,Flex,1,F,maio de 2024 ,8nqhytghc9p,"quinta-feira, 28 de agosto de 2025 09:00",77561.0
309,1,,,32000,5,"R$ 87.117,00",Peugeot,208 Style 1.0 Flex 6V 5p Mec.,32000,024265-9,Flex,1,F,maio de 2024 ,cc8rtrddc6vp,"quarta-feira, 1 de outubro de 2025 07:27",87117.0
309,1,,,32000,3,"R$ 222.388,00",Renault,Master 2.3 dCi Furgão 16V Diesel,32000,025196-8,Diesel,1,D,maio de 2024 ,lq2gnsxm11cb,"quarta-feira, 1 de abril de 2026 05:44",222388.0
309,1,,,32000,5,"R$ 64.990,00",Renault,KWID Zen 1.0 Flex 12V 5p Mec.,32000,025266-2,Flex,1,F,maio de 2024 ,3xbbgscxmqp,"quinta-feira, 28 de agosto de 2025 09:00",64990.0
309,1,,,32000,5,"R$ 116.400,00",Renault,OROCH Intense 1.6 Flex 16V Mec.,32000,025312-0,Flex,1,F,maio de 2024 ,gqs313j4s6p,"quarta-feira, 1 de abril de 2026 05:44",116400.0
309,1,,,32000,5,"R$ 115.020,00",Renault,DUSTER Intense Plus 1.6 16V Flex Mec.,32000,025325-1,Flex,1,F,maio de 2024 ,gn5y4ggr33j1f9,"quarta-feira, 1 de abril de 2026 05:44",115020.0
309,1,,,32000,3,"R$ 504.634,00",RAM,3500 LARAMIE 6.7 TB CD 4x4 Diesel,32000,083007-0,Diesel,1,D,maio de 2024 ,ydz70fvjpvcb,"quarta-feira, 1 de abril de 2026 05:44",504634.0
309,1,,,32000,1,"R$ 170.421,00",Caoa Chery,Tiggo 7 Pro Max Drive 1.6 Turbo 16V Aut.,32000,093011-3,Gasolina,1,G,maio de 2024 ,jr4mjys5y5j1f9,"quarta-feira, 1 de abril de 2026 05:44",170421.0
309,1,,,32000,5,"R$ 115.166,00",Caoa Chery,Tiggo 5X SPORT 1.5 Turbo Flex Aut.,32000,093014-8,Flex,1,F,maio de 2024 ,gpb8m42pbcj1f9,"quarta-feira, 1 de abril de 2026 05:44",115166.0
309,1,,,32000,6,"R$ 229.874,00",BYD,Song Plus (Hibrido),32000,095005-0,Híbrido,1,H,maio de 2024 ,l0vkkh1cy6j1f9,"quarta-feira, 1 de abril de 2026 05:44",229874.0
309,1,,,32000,4,"R$ 149.863,00",BYD,Dolphin EV (Elétrico),32000,095007-6,Elétrico,1,E,maio de 2024 ,hz1dpn8yd2j1f9,"quarta-feira, 1 de abril de 2026 05:44",149863.0
309,1,,,32000,4,"R$ 296.803,00",BYD,Seal (Elétrico),32000,095008-4,Elétrico,1,E,maio de 2024 ,pj966hvq2jj1f9,"quinta-feira, 28 de agosto de 2025 09:10",296803.0
309,1,,,32000,4,"R$ 115.800,00",BYD,Dolphin Mini (Elétrico),32000,095010-6,Elétrico,1,E,maio de 2024 ,gp290d4wbzj1f9,"quinta-feira, 28 de agosto de 2025 09:10",115800.0
308,1,,,32000,5,"R$ 69.459,00",Fiat,MOBI LIKE 1.0 Fire Flex 5p.,32000,001461-3,Flex,1,F,abril de 2024 ,5lqn5rm5q7p,"quinta-feira, 28 de agosto de 2025 09:00",69459.0
308,1,,,32000,5,"R$ 85.915,00",Fiat,ARGO DRIVE 1.0 6V Flex,32000,001494-0,Flex,1,F,abril de 2024 ,cctnx36bz93p,"quinta-feira, 28 de agosto de 2025 09:00",85915.0
308,1,,,32000,5,"R$ 113.648,00",Fiat,Fiorino Endurance EVO 1.4 Flex 8V 2p,32000,001531-8,Flex,1,F,abril de 2024 ,gmk268my4bp,"quinta-feira, 28 de agosto de 2025 09:00",113648.0
308,1,,,32000,5,"R$ 161.994,00",Fiat,Toro Freedom 1.3 T270 4x2 Flex Aut.,32000,001538-5,Flex,1,F,abril de 2024 ,jf8bcmggbvp,"quinta-feira, 28 de agosto de 2025 09:00",161994.0
308,1,,,32000,5,"R$ 109.777,00",Fiat,PULSE DRIVE 1.0 Turbo 200 Flex Aut.,32000,001543-1,Flex,1,F,abril de 2024 ,gg1dkfvfkgp,"quinta-feira, 28 de agosto de 2025 09:00",109777.0
308,1,,,32000,3,"R$ 205.254,00",Fiat,Scudo Cargo 1.5 16V Turbo Diesel,32000,001550-4,Diesel,1,D,abril de 2024 ,k2zptwcwgkcb,"quarta-feira, 1 de abril de 2026 05:45",205254.0
308,1,,,32000,5,"R$ 100.232,00",Fiat,CRONOS DRIVE 1.3 8V Flex Aut.,32000,001554-7,Flex,1,F,abril de 2024 ,f3vgn0ffkpp,"quinta-feira, 28 de agosto de 2025 09:00",100232.0
308,1,,,32000,5,"R$ 141.583,00",Fiat,Fastback Audace 1.0 200 T. Flex Aut,32000,001558-0,Flex,1,F,abril de 2024 ,hpbf4yfnfsj1f9,"quinta-feira, 28 de agosto de 2025 09:00",141583.0
308,1,,,32000,3,"R$ 246.398,00",Fiat,Ducato Cargo 2.2 Diesel (E6),32000,001563-6,Diesel,1,D,abril de 2024 ,mm642d685vj1gy,"quarta-feira, 1 de abril de 2026 05:45",246398.0
308,1,,,32000,5,"R$ 118.077,00",Fiat,Fastback 1.0 200 Turbo Flex Aut,32000,001568-7,Flex,1,F,abril de 2024 ,gsr2mpxt59j1f9,"quarta-feira, 1 de outubro de 2025 07:27",118077.0
308,1,,,32000,5,"R$ 102.059,00",Fiat,Strada Endurance 1.3 Flex 8V CS,32000,001569-5,Flex,1,F,abril de 2024 ,f5zv71q0q2j1f9,"quinta-feira, 28 de agosto de 2025 09:00",102059.0
308,1,,,32000,5,"R$ 156.609,00",Toyota,Corolla XEi 2.0 Flex 16V Aut.,32000,002111-3,Flex,1,F,abril de 2024 ,h7ylsl49mjp,"quinta-feira, 28 de agosto de 2025 09:00",156609.0
308,1,,,32000,3,"R$ 267.100,00",Toyota,Hilux CD SR 4x4 2.8 TDI Diesel Aut.,32000,002142-3,Diesel,1,D,abril de 2024 ,nfhl5kfm8dcb,"quinta-feira, 28 de agosto de 2025 09:47",267100.0
308,1,,,32000,3,"R$ 375.215,00",Toyota,Hilux SW4 SRX 4x4 2.8 TDI 16V Dies. Aut.,32000,002146-6,Diesel,1,D,abril de 2024 ,sh78c45y03cb,"quarta-feira, 1 de abril de 2026 05:45",375215.0
308,1,,,32000,5,"R$ 174.726,00",Toyota,Corolla Cross XRE 2.0 16V Flex Aut.,32000,002203-9,Flex,1,F,abril de 2024 ,jx52641rf8p,"quinta-feira, 28 de agosto de 2025 09:00",174726.0
308,1,,,32000,5,"R$ 97.107,00",Toyota,YARIS XL 1.5 Flex 16V 5p Aut.,32000,002207-1,Flex,1,F,abril de 2024 ,ch1wwnb6z8qp,"quinta-feira, 28 de agosto de 2025 09:00",97107.0
308,1,,,32000,3,"R$ 243.100,00",Ford,TRANSIT Furgão 2.0 Curto Turbo Diesel,32000,003487-8,Diesel,1,D,abril de 2024 ,mjb805vjpxcb,"quarta-feira, 1 de abril de 2026 05:45",243100.0
308,1,,,32000,3,"R$ 238.304,00",Ford,Ranger XL 2.0 4x4 CD Diesel Mec. ,32000,003502-5,Diesel,1,D,abril de 2024 ,mbqy3lk61tj1gy,"quinta-feira, 28 de agosto de 2025 09:47",238304.0
308,1,,,32000,3,"R$ 264.173,00",GM - Chevrolet,S10 Pick-Up LT 2.8 TDI 4x4 CD Diesel Aut,32000,004395-8,Diesel,1,D,abril de 2024 ,m91643bwy8cb,"quinta-feira, 28 de agosto de 2025 09:47",264173.0
308,1,,,32000,5,"R$ 109.795,00",GM - Chevrolet,SPIN LT 1.8 8V Econo.Flex 5p Mec.,32000,004414-8,Flex,1,F,abril de 2024 ,gg11t42v1yp,"quarta-feira, 1 de abril de 2026 05:45",109795.0
308,1,,,32000,5,"R$ 132.858,00",GM - Chevrolet,SPIN PREMIER 1.8 8V Econo.Flex 5p Aut.,32000,004494-6,Flex,1,F,abril de 2024 ,hb296nzrjlp,"quinta-feira, 28 de agosto de 2025 09:00",132858.0
308,1,,,32000,5,"R$ 112.015,00",GM - Chevrolet,ONIX SEDAN Plus LT 1.0 12V TB Flex Aut.,32000,004501-2,Flex,1,F,abril de 2024 ,gknq7hx2m5p,"quinta-feira, 28 de agosto de 2025 09:00",112015.0
308,1,,,32000,5,"R$ 91.632,00",GM - Chevrolet,ONIX HATCH LT 1.0 12V Flex 5p Mec.,32000,004517-9,Flex,1,F,abril de 2024 ,cfzpwrwxhb4p,"quinta-feira, 28 de agosto de 2025 09:01",91632.0
308,1,,,32000,5,"R$ 166.499,00",GM - Chevrolet,TRACKER Premier 1.2 Turbo 12V Flex Aut.,32000,004525-0,Flex,1,F,abril de 2024 ,jmj2dp9309p,"quinta-feira, 28 de agosto de 2025 09:01",166499.0
308,1,,,32000,5,"R$ 142.613,00",GM - Chevrolet,MONTANA LTZ 1.2 Turbo Flex 12V 4p Aut.,32000,004541-1,Flex,1,F,abril de 2024 ,hqjwp760ptj1f9,"quinta-feira, 28 de agosto de 2025 09:01",142613.0
308,1,,,32000,3,"R$ 290.542,00",VW - VolksWagen,AMAROK Highline CD 3.0 4x4 TB Dies. Aut.,32000,005483-6,Diesel,1,D,abril de 2024 ,n9znk91gr5cb,"quarta-feira, 1 de abril de 2026 05:45",290542.0
308,1,,,32000,5,"R$ 133.957,00",VW - VolksWagen,VIRTUS Highline 200 TSI 1.0 Flex 12V Aut,32000,005484-4,Flex,1,F,abril de 2024 ,hdc8h3r16sp,"quinta-feira, 28 de agosto de 2025 09:01",133957.0
308,1,,,32000,5,"R$ 154.975,00",VW - VolksWagen,T-Cross Comfor. 200 TSI 1.0 Flex 5p Aut.,32000,005509-3,Flex,1,F,abril de 2024 ,h506nw7h7vj1f9,"quinta-feira, 28 de agosto de 2025 09:01",154975.0
308,1,,,32000,5,"R$ 143.095,00",VW - VolksWagen,Nivus Highline 1.0 200 TSI Flex Aut.,32000,005526-3,Flex,1,F,abril de 2024 ,hq3ds8n8s2p,"quinta-feira, 28 de agosto de 2025 09:01",143095.0
308,1,,,32000,5,"R$ 210.852,00",VW - VolksWagen,TAOS Highline 1.4 250 TSI Flex Aut.,32000,005528-0,Flex,1,F,abril de 2024 ,k9j5dt6my0p,"quarta-feira, 1 de abril de 2026 05:45",210852.0
308,1,,,32000,5,"R$ 109.977,00",VW - VolksWagen,Saveiro Robust 1.6 Total Flex 16V CD,32000,005537-9,Flex,1,F,abril de 2024 ,gg8nw9ddk7j1f9,"quinta-feira, 28 de agosto de 2025 09:01",109977.0
308,1,,,32000,5,"R$ 84.277,00",VW - VolksWagen,Polo Track 1.0 Flex 12V 5p,32000,005540-9,Flex,1,F,abril de 2024 ,cb6gkvvj2fyp,"quinta-feira, 28 de agosto de 2025 09:01",84277.0
308,1,,,32000,5,"R$ 81.401,00",Citroën,C3 Live Pack 1.0 Flex 6V 5p Mec.,32000,011223-2,Flex,1,F,abril de 2024 ,93q7ccl717p,"quinta-feira, 28 de agosto de 2025 09:01",81401.0
308,1,,,32000,5,"R$ 116.435,00",Honda,CITY Sedan LX 1.5 Flex 16V 4p Aut.,32000,014059-7,Flex,1,F,abril de 2024 ,gqvdhlcmc3p,"quinta-feira, 28 de agosto de 2025 09:01",116435.0
308,1,,,32000,5,"R$ 189.717,00",Honda,HR-V Advance 1.5  Flex TB 16V 5p Aut.,32000,014111-9,Flex,1,F,abril de 2024 ,khrzd7z0m7j1f9,"quinta-feira, 28 de agosto de 2025 09:01",189717.0
308,1,,,32000,5,"R$ 114.505,00",Honda,CITY Hatchback LX 1.5 Flex 16V Aut.,32000,014116-0,Flex,1,F,abril de 2024 ,gnk7vrz2yrj1f9,"quinta-feira, 28 de agosto de 2025 09:10",114505.0
308,1,,,32000,5,"R$ 135.326,00",Hyundai,Creta Comfort 1.0 TB 12V Flex Aut.,32000,015200-5,Flex,1,F,abril de 2024 ,hfz01h3pswp,"quarta-feira, 1 de outubro de 2025 07:27",135326.0
308,1,,,32000,5,"R$ 92.720,00",Hyundai,HB20S Comfort Plus 1.0 Flex 12V Mec.,32000,015239-0,Flex,1,F,abril de 2024 ,cgdgbvvd464p,"quarta-feira, 1 de outubro de 2025 07:27",92720.0
308,1,,,32000,5,"R$ 111.865,00",Hyundai,HB20S Comfort Plus 1.0 TB Flex 12V Aut,32000,015240-4,Flex,1,F,abril de 2024 ,gkg8617cyqj1f9,"quinta-feira, 28 de agosto de 2025 09:01",111865.0
308,1,,,32000,5,"R$ 136.850,00",Hyundai,Creta Comfort Plus 1.0 TB 12V Flex Aut.,32000,015244-7,Flex,1,F,abril de 2024 ,hhsd6x9mltj1f9,"quinta-feira, 28 de agosto de 2025 09:01",136850.0
308,1,,,32000,5,"R$ 86.385,00",Hyundai,HB20 Comfort Plus 1.0 Flex 12V Mec.,32000,015245-5,Flex,1,F,abril de 2024 ,ccz5rv868pmp,"quinta-feira, 28 de agosto de 2025 09:01",86385.0
308,1,,,32000,5,"R$ 200.392,00",Jeep,COMPASS LONG. T270 1.3 TB 4x2 Flex Aut.,32000,017071-2,Flex,1,F,abril de 2024 ,kw8zjzc6ztp,"quinta-feira, 28 de agosto de 2025 09:01",200392.0
308,1,,,32000,5,"R$ 258.175,00",Jeep,Commander Limited T270 1.3 TB Flex Aut.,32000,017081-0,Flex,1,F,abril de 2024 ,m206wcxfb2p,"quarta-feira, 1 de abril de 2026 05:45",258175.0
308,1,,,32000,5,"R$ 143.931,00",Jeep,Renegade Sport T270 1.3 TB 4x2 Flex Aut.,32000,017085-2,Flex,1,F,abril de 2024 ,hr2sr8xp04p,"quarta-feira, 1 de abril de 2026 05:45",143931.0
308,1,,,32000,3,"R$ 260.996,00",Nissan,Frontier ATTAC.CD 4x4 2.3 Bi-TB Die. Aut,32000,023160-6,Diesel,1,D,abril de 2024 ,m6brf9ly0qcb,"quarta-feira, 1 de abril de 2026 05:45",260996.0
308,1,,,32000,5,"R$ 129.214,00",Nissan,VERSA Exclusive 1.6 16V Flex Aut.,32000,023174-6,Flex,1,F,abril de 2024 ,g6tv9tmf2zp,"quinta-feira, 28 de agosto de 2025 09:01",129214.0
308,1,,,32000,5,"R$ 113.540,00",Nissan,KICKS Active 1.6 16V Flex Aut.,32000,023186-0,Flex,1,F,abril de 2024 ,gmf5jv0kf7j1f9,"quinta-feira, 28 de agosto de 2025 09:01",113540.0
308,1,,,32000,1,"R$ 152.022,00",Nissan,Sentra Advance 2.0 16V Aut.,32000,023187-8,Gasolina,1,G,abril de 2024 ,h2kwb853fyj1f9,"quinta-feira, 28 de agosto de 2025 09:01",152022.0
308,1,,,32000,3,"R$ 177.835,00",Peugeot,Expert Cargo 1.5 Turbo Diesel,32000,024260-8,Diesel,1,D,abril de 2024 ,j1t29rwhrxcb,"quarta-feira, 1 de abril de 2026 05:45",177835.0
308,1,,,32000,5,"R$ 75.976,00",Peugeot,208 Like 1.0 Flex 6V 5p Mec.,32000,024264-0,Flex,1,F,abril de 2024 ,714dvyxz80p,"quinta-feira, 28 de agosto de 2025 09:01",75976.0
308,1,,,32000,5,"R$ 86.717,00",Peugeot,208 Style 1.0 Flex 6V 5p Mec.,32000,024265-9,Flex,1,F,abril de 2024 ,cc32fp9xt2pp,"quarta-feira, 1 de outubro de 2025 07:27",86717.0
308,1,,,32000,3,"R$ 222.966,00",Renault,Master 2.3 dCi Furgão 16V Diesel,32000,025196-8,Diesel,1,D,abril de 2024 ,lrrgxzdt89cb,"quarta-feira, 1 de abril de 2026 05:45",222966.0
308,1,,,32000,5,"R$ 66.410,00",Renault,KWID Zen 1.0 Flex 12V 5p Mec.,32000,025266-2,Flex,1,F,abril de 2024 ,4fzgdcr8m3p,"quinta-feira, 28 de agosto de 2025 09:01",66410.0
308,1,,,32000,5,"R$ 115.993,00",Renault,OROCH Intense 1.6 Flex 16V Mec.,32000,025312-0,Flex,1,F,abril de 2024 ,gqbbgstdl2p,"quarta-feira, 1 de abril de 2026 05:45",115993.0
308,1,,,32000,5,"R$ 116.637,00",Renault,DUSTER Intense Plus 1.6 16V Flex Mec.,32000,025325-1,Flex,1,F,abril de 2024 ,gq2q291w0mj1f9,"quarta-feira, 1 de abril de 2026 05:45",116637.0
308,1,,,32000,3,"R$ 499.360,00",RAM,3500 LARAMIE 6.7 TB CD 4x4 Diesel,32000,083007-0,Diesel,1,D,abril de 2024 ,x6tkhk3rgqcb,"quarta-feira, 1 de abril de 2026 05:45",499360.0
308,1,,,32000,1,"R$ 171.252,00",Caoa Chery,Tiggo 7 Pro Max Drive 1.6 Turbo 16V Aut.,32000,093011-3,Gasolina,1,G,abril de 2024 ,js3tv8t3y0j1f9,"quarta-feira, 1 de abril de 2026 05:45",171252.0
308,1,,,32000,5,"R$ 115.990,00",Caoa Chery,Tiggo 5X SPORT 1.5 Turbo Flex Aut.,32000,093014-8,Flex,1,F,abril de 2024 ,gp962zd97lj1f9,"quarta-feira, 1 de abril de 2026 05:45",115990.0
308,1,,,32000,6,"R$ 230.521,00",BYD,Song Plus (Hibrido),32000,095005-0,Híbrido,1,H,abril de 2024 ,l1l2ktk992j1f9,"quarta-feira, 1 de abril de 2026 05:45",230521.0
308,1,,,32000,4,"R$ 149.865,00",BYD,Dolphin EV (Elétrico),32000,095007-6,Elétrico,1,E,abril de 2024 ,hz1gyhtq81j1f9,"quarta-feira, 1 de abril de 2026 05:45",149865.0
308,1,,,32000,4,"R$ 296.852,00",BYD,Seal (Elétrico),32000,095008-4,Elétrico,1,E,abril de 2024 ,pkc0d0k62rj1f9,"quinta-feira, 28 de agosto de 2025 09:10",296852.0
308,1,,,32000,4,"R$ 115.800,00",BYD,Dolphin Mini (Elétrico),32000,095010-6,Elétrico,1,E,abril de 2024 ,gp290c19rxj1f9,"quinta-feira, 28 de agosto de 2025 09:10",115800.0
307,1,,,32000,5,"R$ 65.895,00",Fiat,MOBI LIKE 1.0 Fire Flex 5p.,32000,001461-3,Flex,1,F,março de 2024 ,37x8lfh2mrp,"quinta-feira, 28 de agosto de 2025 09:01",65895.0
307,1,,,32000,5,"R$ 84.656,00",Fiat,ARGO DRIVE 1.0 6V Flex,32000,001494-0,Flex,1,F,março de 2024 ,ccbw9788p1dp,"quinta-feira, 28 de agosto de 2025 09:01",84656.0
307,1,,,32000,5,"R$ 111.896,00",Fiat,Fiorino Endurance EVO 1.4 Flex 8V 2p,32000,001531-8,Flex,1,F,março de 2024 ,gkjd4v6r00p,"quinta-feira, 28 de agosto de 2025 09:01",111896.0
307,1,,,32000,5,"R$ 161.240,00",Fiat,Toro Freedom 1.3 T270 4x2 Flex Aut.,32000,001538-5,Flex,1,F,março de 2024 ,jfcxsstl3mp,"quinta-feira, 28 de agosto de 2025 09:01",161240.0
307,1,,,32000,5,"R$ 109.957,00",Fiat,PULSE DRIVE 1.0 Turbo 200 Flex Aut.,32000,001543-1,Flex,1,F,março de 2024 ,gg7ycpz3p9p,"quinta-feira, 28 de agosto de 2025 09:01",109957.0
307,1,,,32000,3,"R$ 204.499,00",Fiat,Scudo Cargo 1.5 16V Turbo Diesel,32000,001550-4,Diesel,1,D,março de 2024 ,k12733xvhtcb,"quarta-feira, 1 de abril de 2026 05:45",204499.0
307,1,,,32000,5,"R$ 100.401,00",Fiat,CRONOS DRIVE 1.3 8V Flex Aut.,32000,001554-7,Flex,1,F,março de 2024 ,f31l21m2qvp,"quinta-feira, 28 de agosto de 2025 09:01",100401.0
307,1,,,32000,5,"R$ 141.286,00",Fiat,Fastback Audace 1.0 200 T. Flex Aut,32000,001558-0,Flex,1,F,março de 2024 ,hnznhv164fj1f9,"quinta-feira, 28 de agosto de 2025 09:01",141286.0
307,1,,,32000,3,"R$ 246.457,00",Fiat,Ducato Cargo 2.2 Diesel (E6),32000,001563-6,Diesel,1,D,março de 2024 ,mm89j62mf7j1gy,"quarta-feira, 1 de abril de 2026 05:45",246457.0
307,1,,,32000,5,"R$ 118.609,00",Fiat,Fastback 1.0 200 Turbo Flex Aut,32000,001568-7,Flex,1,F,março de 2024 ,gtdd131j0tj1f9,"quarta-feira, 1 de outubro de 2025 07:27",118609.0
307,1,,,32000,5,"R$ 101.610,00",Fiat,Strada Endurance 1.3 Flex 8V CS,32000,001569-5,Flex,1,F,março de 2024 ,f5gkbpwh08j1f9,"quinta-feira, 28 de agosto de 2025 09:01",101610.0
307,1,,,32000,5,"R$ 156.908,00",Toyota,Corolla XEi 2.0 Flex 16V Aut.,32000,002111-3,Flex,1,F,março de 2024 ,h79gpgzy6sp,"quinta-feira, 28 de agosto de 2025 09:01",156908.0
307,1,,,32000,3,"R$ 268.959,00",Toyota,Hilux CD SR 4x4 2.8 TDI Diesel Aut.,32000,002142-3,Diesel,1,D,março de 2024 ,nhn5tbmgxtcb,"quinta-feira, 28 de agosto de 2025 09:47",268959.0
307,1,,,32000,3,"R$ 378.555,00",Toyota,Hilux SW4 SRX 4x4 2.8 TDI 16V Dies. Aut.,32000,002146-6,Diesel,1,D,março de 2024 ,sm5nrfkccxcb,"quarta-feira, 1 de abril de 2026 05:45",378555.0
307,1,,,32000,5,"R$ 174.273,00",Toyota,Corolla Cross XRE 2.0 16V Flex Aut.,32000,002203-9,Flex,1,F,março de 2024 ,jxnms2yhvdp,"quinta-feira, 28 de agosto de 2025 09:01",174273.0
307,1,,,32000,5,"R$ 97.199,00",Toyota,YARIS XL 1.5 Flex 16V 5p Aut.,32000,002207-1,Flex,1,F,março de 2024 ,ch2y972s8nxp,"quinta-feira, 28 de agosto de 2025 09:01",97199.0
307,1,,,32000,3,"R$ 242.302,00",Ford,TRANSIT Furgão 2.0 Curto Turbo Diesel,32000,003487-8,Diesel,1,D,março de 2024 ,mhd8wggkhzcb,"quarta-feira, 1 de abril de 2026 05:45",242302.0
307,1,,,32000,3,"R$ 230.144,00",Ford,Ranger XL 2.0 4x4 CD Diesel Mec. ,32000,003502-5,Diesel,1,D,março de 2024 ,l05csc7bm4j1gy,"quinta-feira, 28 de agosto de 2025 09:47",230144.0
307,1,,,32000,3,"R$ 264.253,00",GM - Chevrolet,S10 Pick-Up LT 2.8 TDI 4x4 CD Diesel Aut,32000,004395-8,Diesel,1,D,março de 2024 ,m9439d73hhcb,"quinta-feira, 28 de agosto de 2025 09:47",264253.0
307,1,,,32000,5,"R$ 110.988,00",GM - Chevrolet,SPIN LT 1.8 8V Econo.Flex 5p Mec.,32000,004414-8,Flex,1,F,março de 2024 ,gjgd1x6nzmp,"quarta-feira, 1 de abril de 2026 05:45",110988.0
307,1,,,32000,5,"R$ 134.248,00",GM - Chevrolet,SPIN PREMIER 1.8 8V Econo.Flex 5p Aut.,32000,004494-6,Flex,1,F,março de 2024 ,hdqvdj4yjyp,"quinta-feira, 28 de agosto de 2025 09:01",134248.0
307,1,,,32000,5,"R$ 112.163,00",GM - Chevrolet,ONIX SEDAN Plus LT 1.0 12V TB Flex Aut.,32000,004501-2,Flex,1,F,março de 2024 ,gkt3z02vkhp,"quinta-feira, 28 de agosto de 2025 09:01",112163.0
307,1,,,32000,5,"R$ 91.811,00",GM - Chevrolet,ONIX HATCH LT 1.0 12V Flex 5p Mec.,32000,004517-9,Flex,1,F,março de 2024 ,cf1sym69gncp,"quinta-feira, 28 de agosto de 2025 09:01",91811.0
307,1,,,32000,5,"R$ 167.400,00",GM - Chevrolet,TRACKER Premier 1.2 Turbo 12V Flex Aut.,32000,004525-0,Flex,1,F,março de 2024 ,jnltl26zv8p,"quinta-feira, 28 de agosto de 2025 09:01",167400.0
307,1,,,32000,5,"R$ 142.602,00",GM - Chevrolet,MONTANA LTZ 1.2 Turbo Flex 12V 4p Aut.,32000,004541-1,Flex,1,F,março de 2024 ,hqjg9z6d32j1f9,"quinta-feira, 28 de agosto de 2025 09:01",142602.0
307,1,,,32000,3,"R$ 292.674,00",VW - VolksWagen,AMAROK Highline CD 3.0 4x4 TB Dies. Aut.,32000,005483-6,Diesel,1,D,março de 2024 ,pdg4tt0qqhcb,"quarta-feira, 1 de abril de 2026 05:45",292674.0
307,1,,,32000,5,"R$ 133.644,00",VW - VolksWagen,VIRTUS Highline 200 TSI 1.0 Flex 12V Aut,32000,005484-4,Flex,1,F,março de 2024 ,hc0wt5dn85p,"quinta-feira, 28 de agosto de 2025 09:01",133644.0
307,1,,,32000,5,"R$ 152.722,00",VW - VolksWagen,T-Cross Comfor. 200 TSI 1.0 Flex 5p Aut.,32000,005509-3,Flex,1,F,março de 2024 ,h3c92vsr7yj1f9,"quinta-feira, 28 de agosto de 2025 09:01",152722.0
307,1,,,32000,5,"R$ 144.005,00",VW - VolksWagen,Nivus Highline 1.0 200 TSI Flex Aut.,32000,005526-3,Flex,1,F,março de 2024 ,hr5g40ws5pp,"quinta-feira, 28 de agosto de 2025 09:01",144005.0
307,1,,,32000,5,"R$ 201.930,00",VW - VolksWagen,TAOS Highline 1.4 250 TSI Flex Aut.,32000,005528-0,Flex,1,F,março de 2024 ,ky2whdsz21p,"quarta-feira, 1 de abril de 2026 05:45",201930.0
307,1,,,32000,5,"R$ 110.955,00",VW - VolksWagen,Saveiro Robust 1.6 Total Flex 16V CD,32000,005537-9,Flex,1,F,março de 2024 ,gjd6v7vhbyj1f9,"quinta-feira, 28 de agosto de 2025 09:01",110955.0
307,1,,,32000,5,"R$ 84.285,00",VW - VolksWagen,Polo Track 1.0 Flex 12V 5p,32000,005540-9,Flex,1,F,março de 2024 ,cb6kgzvp5qlp,"quinta-feira, 28 de agosto de 2025 09:01",84285.0
307,1,,,32000,5,"R$ 81.894,00",Citroën,C3 Live Pack 1.0 Flex 6V 5p Mec.,32000,011223-2,Flex,1,F,março de 2024 ,99jd73y703p,"quinta-feira, 28 de agosto de 2025 09:02",81894.0
307,1,,,32000,5,"R$ 118.483,00",Honda,CITY Sedan LX 1.5 Flex 16V 4p Aut.,32000,014059-7,Flex,1,F,março de 2024 ,gs7t203b92p,"quinta-feira, 28 de agosto de 2025 09:02",118483.0
307,1,,,32000,5,"R$ 188.676,00",Honda,HR-V Advance 1.5  Flex TB 16V 5p Aut.,32000,014111-9,Flex,1,F,março de 2024 ,kgj4gn54ywj1f9,"quinta-feira, 28 de agosto de 2025 09:02",188676.0
307,1,,,32000,5,"R$ 114.600,00",Honda,CITY Hatchback LX 1.5 Flex 16V Aut.,32000,014116-0,Flex,1,F,março de 2024 ,gnppw022cqj1f9,"quinta-feira, 28 de agosto de 2025 09:10",114600.0
307,1,,,32000,5,"R$ 135.845,00",Hyundai,Creta Comfort 1.0 TB 12V Flex Aut.,32000,015200-5,Flex,1,F,março de 2024 ,hglwtvnz5pp,"quarta-feira, 1 de outubro de 2025 07:27",135845.0
307,1,,,32000,5,"R$ 92.743,00",Hyundai,HB20S Comfort Plus 1.0 Flex 12V Mec.,32000,015239-0,Flex,1,F,março de 2024 ,cgdqpz8fzf6p,"quarta-feira, 1 de outubro de 2025 07:27",92743.0
307,1,,,32000,5,"R$ 111.490,00",Hyundai,HB20S Comfort Plus 1.0 TB Flex 12V Aut,32000,015240-4,Flex,1,F,março de 2024 ,gj1nphhjz3j1f9,"quinta-feira, 28 de agosto de 2025 09:02",111490.0
307,1,,,32000,5,"R$ 136.310,00",Hyundai,Creta Comfort Plus 1.0 TB 12V Flex Aut.,32000,015244-7,Flex,1,F,março de 2024 ,hg4sr0h9s1j1f9,"quinta-feira, 28 de agosto de 2025 09:02",136310.0
307,1,,,32000,5,"R$ 86.764,00",Hyundai,HB20 Comfort Plus 1.0 Flex 12V Mec.,32000,015245-5,Flex,1,F,março de 2024 ,cc4mh8hfpm3p,"quinta-feira, 28 de agosto de 2025 09:02",86764.0
307,1,,,32000,5,"R$ 198.720,00",Jeep,COMPASS LONG. T270 1.3 TB 4x2 Flex Aut.,32000,017071-2,Flex,1,F,março de 2024 ,kt96lxyszsp,"quinta-feira, 28 de agosto de 2025 09:02",198720.0
307,1,,,32000,5,"R$ 255.613,00",Jeep,Commander Limited T270 1.3 TB Flex Aut.,32000,017081-0,Flex,1,F,março de 2024 ,mz0234flxpp,"quarta-feira, 1 de abril de 2026 05:46",255613.0
307,1,,,32000,5,"R$ 143.002,00",Jeep,Renegade Sport T270 1.3 TB 4x2 Flex Aut.,32000,017085-2,Flex,1,F,março de 2024 ,hqz00s3jplp,"quarta-feira, 1 de abril de 2026 05:46",143002.0
307,1,,,32000,3,"R$ 268.515,00",Nissan,Frontier ATTAC.CD 4x4 2.3 Bi-TB Die. Aut,32000,023160-6,Diesel,1,D,março de 2024 ,ng41jn09pfcb,"quarta-feira, 1 de abril de 2026 05:46",268515.0
307,1,,,32000,5,"R$ 128.871,00",Nissan,VERSA Exclusive 1.6 16V Flex Aut.,32000,023174-6,Flex,1,F,março de 2024 ,g6fdtzwjcwp,"quinta-feira, 28 de agosto de 2025 09:02",128871.0
307,1,,,32000,5,"R$ 113.787,00",Nissan,KICKS Active 1.6 16V Flex Aut.,32000,023186-0,Flex,1,F,março de 2024 ,gmq4vdll8nj1f9,"quinta-feira, 28 de agosto de 2025 09:02",113787.0
307,1,,,32000,1,"R$ 151.589,00",Nissan,Sentra Advance 2.0 16V Aut.,32000,023187-8,Gasolina,1,G,março de 2024 ,h114gtbkcdj1f9,"quinta-feira, 28 de agosto de 2025 09:02",151589.0
307,1,,,32000,3,"R$ 177.904,00",Peugeot,Expert Cargo 1.5 Turbo Diesel,32000,024260-8,Diesel,1,D,março de 2024 ,j1xl1vvn9gcb,"quarta-feira, 1 de abril de 2026 05:46",177904.0
307,1,,,32000,5,"R$ 75.845,00",Peugeot,208 Like 1.0 Flex 6V 5p Mec.,32000,024264-0,Flex,1,F,março de 2024 ,70lss1vby7p,"quinta-feira, 28 de agosto de 2025 09:02",75845.0
307,1,,,32000,5,"R$ 85.771,00",Peugeot,208 Style 1.0 Flex 6V 5p Mec.,32000,024265-9,Flex,1,F,março de 2024 ,ccrzlljpp6gp,"quarta-feira, 1 de outubro de 2025 07:27",85771.0
307,1,,,32000,3,"R$ 223.458,00",Renault,Master 2.3 dCi Furgão 16V Diesel,32000,025196-8,Diesel,1,D,março de 2024 ,lsbb860415cb,"quarta-feira, 1 de abril de 2026 05:46",223458.0
307,1,,,32000,5,"R$ 64.088,00",Renault,KWID Zen 1.0 Flex 12V 5p Mec.,32000,025266-2,Flex,1,F,março de 2024 ,3krg3lsdhyp,"quinta-feira, 28 de agosto de 2025 09:02",64088.0
307,1,,,32000,5,"R$ 117.484,00",Renault,OROCH Intense 1.6 Flex 16V Mec.,32000,025312-0,Flex,1,F,março de 2024 ,gr2jgj07zkp,"quarta-feira, 1 de abril de 2026 05:46",117484.0
307,1,,,32000,5,"R$ 120.473,00",Renault,DUSTER Intense Plus 1.6 16V Flex Mec.,32000,025325-1,Flex,1,F,março de 2024 ,gwk5blcxmfj1f9,"quarta-feira, 1 de abril de 2026 05:46",120473.0
307,1,,,32000,3,"R$ 499.711,00",RAM,3500 LARAMIE 6.7 TB CD 4x4 Diesel,32000,083007-0,Diesel,1,D,março de 2024 ,x669zr50ttcb,"quarta-feira, 1 de abril de 2026 05:46",499711.0
307,1,,,32000,1,"R$ 170.990,00",Caoa Chery,Tiggo 7 Pro Max Drive 1.6 Turbo 16V Aut.,32000,093011-3,Gasolina,1,G,março de 2024 ,jss9nqw42qj1f9,"quarta-feira, 1 de abril de 2026 05:46",170990.0
307,1,,,32000,5,"R$ 115.990,00",Caoa Chery,Tiggo 5X SPORT 1.5 Turbo Flex Aut.,32000,093014-8,Flex,1,F,março de 2024 ,gp962ybrnjj1f9,"quarta-feira, 1 de abril de 2026 05:46",115990.0
307,1,,,32000,6,"R$ 229.994,00",BYD,Song Plus (Hibrido),32000,095005-0,Híbrido,1,H,março de 2024 ,l0zxrzcdy0j1f9,"quarta-feira, 1 de abril de 2026 05:46",229994.0
307,1,,,32000,4,"R$ 149.901,00",BYD,Dolphin EV (Elétrico),32000,095007-6,Elétrico,1,E,março de 2024 ,hz2shxztvkj1f9,"quarta-feira, 1 de abril de 2026 05:46",149901.0
307,1,,,32000,4,"R$ 296.868,00",BYD,Seal (Elétrico),32000,095008-4,Elétrico,1,E,março de 2024 ,pkdlfvhl3yj1f9,"quinta-feira, 28 de agosto de 2025 09:10",296868.0
306,1,,,32000,5,"R$ 68.752,00",Fiat,MOBI LIKE 1.0 Fire Flex 5p.,32000,001461-3,Flex,1,F,fevereiro de 2024 ,5bfpzy7vyxp,"quinta-feira, 28 de agosto de 2025 09:02",68752.0
306,1,,,32000,5,"R$ 85.156,00",Fiat,ARGO DRIVE 1.0 6V Flex,32000,001494-0,Flex,1,F,fevereiro de 2024 ,ccjr103hmvdp,"quinta-feira, 28 de agosto de 2025 09:02",85156.0
306,1,,,32000,5,"R$ 112.359,00",Fiat,Fiorino Endurance EVO 1.4 Flex 8V 2p,32000,001531-8,Flex,1,F,fevereiro de 2024 ,gk17t48qqxp,"quinta-feira, 28 de agosto de 2025 09:02",112359.0
306,1,,,32000,5,"R$ 160.338,00",Fiat,Toro Freedom 1.3 T270 4x2 Flex Aut.,32000,001538-5,Flex,1,F,fevereiro de 2024 ,jc94gdyfc0p,"quinta-feira, 28 de agosto de 2025 09:02",160338.0
306,1,,,32000,5,"R$ 110.100,00",Fiat,PULSE DRIVE 1.0 Turbo 200 Flex Aut.,32000,001543-1,Flex,1,F,fevereiro de 2024 ,ghd4hk2yz1p,"quinta-feira, 28 de agosto de 2025 09:02",110100.0
306,1,,,32000,3,"R$ 197.100,00",Fiat,Scudo Cargo 1.5 16V Turbo Diesel,32000,001550-4,Diesel,1,D,fevereiro de 2024 ,ksd976tjtxcb,"quarta-feira, 1 de abril de 2026 05:46",197100.0
306,1,,,32000,5,"R$ 99.772,00",Fiat,CRONOS DRIVE 1.3 8V Flex Aut.,32000,001554-7,Flex,1,F,fevereiro de 2024 ,cj14jn1k9ydp,"quinta-feira, 28 de agosto de 2025 09:02",99772.0
306,1,,,32000,5,"R$ 141.372,00",Fiat,Fastback Audace 1.0 200 T. Flex Aut,32000,001558-0,Flex,1,F,fevereiro de 2024 ,hn2sdrvj0rj1f9,"quinta-feira, 28 de agosto de 2025 09:02",141372.0
306,1,,,32000,3,"R$ 246.516,00",Fiat,Ducato Cargo 2.2 Diesel (E6),32000,001563-6,Diesel,1,D,fevereiro de 2024 ,mncf00xyqmj1gy,"quarta-feira, 1 de abril de 2026 05:46",246516.0
306,1,,,32000,5,"R$ 121.328,00",Fiat,Fastback 1.0 200 Turbo Flex Aut,32000,001568-7,Flex,1,F,fevereiro de 2024 ,gxk7p6w693j1f9,"quarta-feira, 1 de outubro de 2025 07:27",121328.0
306,1,,,32000,5,"R$ 101.768,00",Fiat,Strada Endurance 1.3 Flex 8V CS,32000,001569-5,Flex,1,F,fevereiro de 2024 ,f5m9ch436rj1f9,"quinta-feira, 28 de agosto de 2025 09:02",101768.0
306,1,,,32000,5,"R$ 157.123,00",Toyota,Corolla XEi 2.0 Flex 16V Aut.,32000,002111-3,Flex,1,F,fevereiro de 2024 ,h8j8x8k3spp,"quinta-feira, 28 de agosto de 2025 09:02",157123.0
306,1,,,32000,3,"R$ 263.367,00",Toyota,Hilux CD SR 4x4 2.8 TDI Diesel Aut.,32000,002142-3,Diesel,1,D,fevereiro de 2024 ,m83xzxjyqkcb,"quinta-feira, 28 de agosto de 2025 09:48",263367.0
306,1,,,32000,3,"R$ 378.411,00",Toyota,Hilux SW4 SRX 4x4 2.8 TDI 16V Dies. Aut.,32000,002146-6,Diesel,1,D,fevereiro de 2024 ,sm0fhkg56jcb,"quarta-feira, 1 de abril de 2026 05:46",378411.0
306,1,,,32000,5,"R$ 174.778,00",Toyota,Corolla Cross XRE 2.0 16V Flex Aut.,32000,002203-9,Flex,1,F,fevereiro de 2024 ,jx7ztd361zp,"quinta-feira, 28 de agosto de 2025 09:02",174778.0
306,1,,,32000,5,"R$ 96.999,00",Toyota,YARIS XL 1.5 Flex 16V 5p Aut.,32000,002207-1,Flex,1,F,fevereiro de 2024 ,ch0mmqv4450p,"quinta-feira, 28 de agosto de 2025 09:02",96999.0
306,1,,,32000,3,"R$ 253.009,00",Ford,TRANSIT Furgão 2.0 Curto Turbo Diesel,32000,003487-8,Diesel,1,D,fevereiro de 2024 ,mwzf1vvsp3cb,"quarta-feira, 1 de abril de 2026 05:46",253009.0
306,1,,,32000,3,"R$ 238.870,00",Ford,Ranger XL 2.0 4x4 CD Diesel Mec. ,32000,003502-5,Diesel,1,D,fevereiro de 2024 ,mcdjvk7mztj1gy,"quinta-feira, 28 de agosto de 2025 09:48",238870.0
306,1,,,32000,3,"R$ 261.026,00",GM - Chevrolet,S10 Pick-Up LT 2.8 TDI 4x4 CD Diesel Aut,32000,004395-8,Diesel,1,D,fevereiro de 2024 ,m6ct73jf1wcb,"quinta-feira, 28 de agosto de 2025 09:48",261026.0
306,1,,,32000,5,"R$ 111.352,00",GM - Chevrolet,SPIN LT 1.8 8V Econo.Flex 5p Mec.,32000,004414-8,Flex,1,F,fevereiro de 2024 ,gjwm56vbsfp,"quarta-feira, 1 de abril de 2026 05:46",111352.0
306,1,,,32000,5,"R$ 134.094,00",GM - Chevrolet,SPIN PREMIER 1.8 8V Econo.Flex 5p Aut.,32000,004494-6,Flex,1,F,fevereiro de 2024 ,hdj7wcyx3dp,"quinta-feira, 28 de agosto de 2025 09:02",134094.0
306,1,,,32000,5,"R$ 111.499,00",GM - Chevrolet,ONIX SEDAN Plus LT 1.0 12V TB Flex Aut.,32000,004501-2,Flex,1,F,fevereiro de 2024 ,gj1ztvkmpqp,"quinta-feira, 28 de agosto de 2025 09:02",111499.0
306,1,,,32000,5,"R$ 91.416,00",GM - Chevrolet,ONIX HATCH LT 1.0 12V Flex 5p Mec.,32000,004517-9,Flex,1,F,fevereiro de 2024 ,cfw5cymf4t0p,"quinta-feira, 28 de agosto de 2025 09:02",91416.0
306,1,,,32000,5,"R$ 167.040,00",GM - Chevrolet,TRACKER Premier 1.2 Turbo 12V Flex Aut.,32000,004525-0,Flex,1,F,fevereiro de 2024 ,jm5qzgnxtdp,"quinta-feira, 28 de agosto de 2025 09:02",167040.0
306,1,,,32000,5,"R$ 142.379,00",GM - Chevrolet,MONTANA LTZ 1.2 Turbo Flex 12V 4p Aut.,32000,004541-1,Flex,1,F,fevereiro de 2024 ,hp8c1pynkxj1f9,"quinta-feira, 28 de agosto de 2025 09:02",142379.0
306,1,,,32000,3,"R$ 292.860,00",VW - VolksWagen,AMAROK Highline CD 3.0 4x4 TB Dies. Aut.,32000,005483-6,Diesel,1,D,fevereiro de 2024 ,pdpxdn1h7fcb,"quarta-feira, 1 de abril de 2026 05:46",292860.0
306,1,,,32000,5,"R$ 133.795,00",VW - VolksWagen,VIRTUS Highline 200 TSI 1.0 Flex 12V Aut,32000,005484-4,Flex,1,F,fevereiro de 2024 ,hc6czgz0c1p,"quinta-feira, 28 de agosto de 2025 09:02",133795.0
306,1,,,32000,5,"R$ 151.354,00",VW - VolksWagen,T-Cross Comfor. 200 TSI 1.0 Flex 5p Aut.,32000,005509-3,Flex,1,F,fevereiro de 2024 ,h1slpcbh1tj1f9,"quinta-feira, 28 de agosto de 2025 09:02",151354.0
306,1,,,32000,5,"R$ 143.420,00",VW - VolksWagen,Nivus Highline 1.0 200 TSI Flex Aut.,32000,005526-3,Flex,1,F,fevereiro de 2024 ,hrg6z8j5ppp,"quinta-feira, 28 de agosto de 2025 09:02",143420.0
306,1,,,32000,5,"R$ 198.931,00",VW - VolksWagen,TAOS Highline 1.4 250 TSI Flex Aut.,32000,005528-0,Flex,1,F,fevereiro de 2024 ,kvkwbz9f73p,"quarta-feira, 1 de abril de 2026 05:46",198931.0
306,1,,,32000,5,"R$ 111.118,00",VW - VolksWagen,Saveiro Robust 1.6 Total Flex 16V CD,32000,005537-9,Flex,1,F,fevereiro de 2024 ,gjl4jp5040j1f9,"quinta-feira, 28 de agosto de 2025 09:02",111118.0
306,1,,,32000,5,"R$ 83.906,00",VW - VolksWagen,Polo Track 1.0 Flex 12V 5p,32000,005540-9,Flex,1,F,fevereiro de 2024 ,cb13qkyvd3tp,"quinta-feira, 28 de agosto de 2025 09:02",83906.0
306,1,,,32000,5,"R$ 81.332,00",Citroën,C3 Live Pack 1.0 Flex 6V 5p Mec.,32000,011223-2,Flex,1,F,fevereiro de 2024 ,92x4wcdf7tp,"quinta-feira, 28 de agosto de 2025 09:02",81332.0
306,1,,,32000,5,"R$ 188.317,00",Honda,HR-V Advance 1.5  Flex TB 16V 5p Aut.,32000,014111-9,Flex,1,F,fevereiro de 2024 ,kf32yzf8mjj1f9,"quinta-feira, 28 de agosto de 2025 09:02",188317.0
306,1,,,32000,5,"R$ 136.357,00",Hyundai,Creta Comfort 1.0 TB 12V Flex Aut.,32000,015200-5,Flex,1,F,fevereiro de 2024 ,hg6hqpj0gwp,"quarta-feira, 1 de outubro de 2025 07:27",136357.0
306,1,,,32000,5,"R$ 91.754,00",Hyundai,HB20S Comfort Plus 1.0 Flex 12V Mec.,32000,015239-0,Flex,1,F,fevereiro de 2024 ,cf037ctwd71p,"quarta-feira, 1 de outubro de 2025 07:27",91754.0
306,1,,,32000,5,"R$ 110.680,00",Hyundai,HB20S Comfort Plus 1.0 TB Flex 12V Aut,32000,015240-4,Flex,1,F,fevereiro de 2024 ,gh260mcb2zj1f9,"quinta-feira, 28 de agosto de 2025 09:02",110680.0
306,1,,,32000,5,"R$ 130.025,00",Hyundai,Creta Comfort Plus 1.0 TB 12V Flex Aut.,32000,015244-7,Flex,1,F,fevereiro de 2024 ,g7sb3hfr73j1f9,"quinta-feira, 28 de agosto de 2025 09:02",130025.0
306,1,,,32000,5,"R$ 84.652,00",Hyundai,HB20 Comfort Plus 1.0 Flex 12V Mec.,32000,015245-5,Flex,1,F,fevereiro de 2024 ,ccbvv5jhqstp,"quinta-feira, 28 de agosto de 2025 09:02",84652.0
306,1,,,32000,5,"R$ 201.262,00",Jeep,COMPASS LONG. T270 1.3 TB 4x2 Flex Aut.,32000,017071-2,Flex,1,F,fevereiro de 2024 ,kx9lth0sqqp,"quinta-feira, 28 de agosto de 2025 09:02",201262.0
306,1,,,32000,5,"R$ 259.380,00",Jeep,Commander Limited T270 1.3 TB Flex Aut.,32000,017081-0,Flex,1,F,fevereiro de 2024 ,m4f0l8pwdwp,"quarta-feira, 1 de abril de 2026 05:46",259380.0
306,1,,,32000,5,"R$ 144.604,00",Jeep,Renegade Sport T270 1.3 TB 4x2 Flex Aut.,32000,017085-2,Flex,1,F,fevereiro de 2024 ,hsv72qhwpcp,"quarta-feira, 1 de abril de 2026 05:46",144604.0
306,1,,,32000,3,"R$ 268.591,00",Nissan,Frontier ATTAC.CD 4x4 2.3 Bi-TB Die. Aut,32000,023160-6,Diesel,1,D,fevereiro de 2024 ,ng7s48pr9lcb,"quarta-feira, 1 de abril de 2026 05:46",268591.0
306,1,,,32000,5,"R$ 128.784,00",Nissan,VERSA Exclusive 1.6 16V Flex Aut.,32000,023174-6,Flex,1,F,fevereiro de 2024 ,g597s23wlxp,"quinta-feira, 28 de agosto de 2025 09:02",128784.0
306,1,,,32000,5,"R$ 113.172,00",Nissan,KICKS Active 1.6 16V Flex Aut.,32000,023186-0,Flex,1,F,fevereiro de 2024 ,gl0swrwfz5j1f9,"quinta-feira, 28 de agosto de 2025 09:02",113172.0
306,1,,,32000,1,"R$ 151.249,00",Nissan,Sentra Advance 2.0 16V Aut.,32000,023187-8,Gasolina,1,G,fevereiro de 2024 ,h1nscr05tvj1f9,"quinta-feira, 28 de agosto de 2025 09:03",151249.0
306,1,,,32000,3,"R$ 178.798,00",Peugeot,Expert Cargo 1.5 Turbo Diesel,32000,024260-8,Diesel,1,D,fevereiro de 2024 ,j2y3cq171tcb,"quarta-feira, 1 de abril de 2026 05:46",178798.0
306,1,,,32000,5,"R$ 74.396,00",Peugeot,208 Like 1.0 Flex 6V 5p Mec.,32000,024264-0,Flex,1,F,fevereiro de 2024 ,7gl32652nwp,"quinta-feira, 28 de agosto de 2025 09:03",74396.0
306,1,,,32000,5,"R$ 82.984,00",Peugeot,208 Style 1.0 Flex 6V 5p Mec.,32000,024265-9,Flex,1,F,fevereiro de 2024 ,cbp9lwwzwm9p,"quarta-feira, 1 de outubro de 2025 07:27",82984.0
306,1,,,32000,3,"R$ 215.506,00",Renault,Master 2.3 dCi Furgão 16V Diesel,32000,025196-8,Diesel,1,D,fevereiro de 2024 ,lg0bbbnpqvcb,"quarta-feira, 1 de abril de 2026 05:46",215506.0
306,1,,,32000,5,"R$ 63.799,00",Renault,KWID Zen 1.0 Flex 12V 5p Mec.,32000,025266-2,Flex,1,F,fevereiro de 2024 ,3gcfr52wlpp,"quinta-feira, 28 de agosto de 2025 09:03",63799.0
306,1,,,32000,5,"R$ 114.368,00",Renault,OROCH Intense 1.6 Flex 16V Mec.,32000,025312-0,Flex,1,F,fevereiro de 2024 ,gnd8hdg247p,"quarta-feira, 1 de abril de 2026 05:47",114368.0
306,1,,,32000,5,"R$ 120.260,00",Renault,DUSTER Intense Plus 1.6 16V Flex Mec.,32000,025325-1,Flex,1,F,fevereiro de 2024 ,gwbfbk70bfj1f9,"quarta-feira, 1 de abril de 2026 05:47",120260.0
306,1,,,32000,3,"R$ 500.311,00",RAM,3500 LARAMIE 6.7 TB CD 4x4 Diesel,32000,083007-0,Diesel,1,D,fevereiro de 2024 ,x7x31dj81fcb,"quarta-feira, 1 de abril de 2026 05:47",500311.0
306,1,,,32000,1,"R$ 180.814,00",Caoa Chery,Tiggo 7 Pro Max Drive 1.6 Turbo 16V Aut.,32000,093011-3,Gasolina,1,G,fevereiro de 2024 ,j5bcxfx8x3j1f9,"quarta-feira, 1 de abril de 2026 05:47",180814.0
306,1,,,32000,5,"R$ 120.942,00",Caoa Chery,Tiggo 5X SPORT 1.5 Turbo Flex Aut.,32000,093014-8,Flex,1,F,fevereiro de 2024 ,gw36sf9xvbj1f9,"quarta-feira, 1 de abril de 2026 05:47",120942.0
306,1,,,32000,6,"R$ 230.048,00",BYD,Song Plus (Hibrido),32000,095005-0,Híbrido,1,H,fevereiro de 2024 ,l01wl34tltj1f9,"quarta-feira, 1 de abril de 2026 05:47",230048.0
306,1,,,32000,4,"R$ 149.786,00",BYD,Dolphin EV (Elétrico),32000,095007-6,Elétrico,1,E,fevereiro de 2024 ,hzylx0g0q4j1f9,"quarta-feira, 1 de abril de 2026 05:47",149786.0
306,1,,,32000,4,"R$ 297.097,00",BYD,Seal (Elétrico),32000,095008-4,Elétrico,1,E,fevereiro de 2024 ,pknxgngbv2j1f9,"quinta-feira, 28 de agosto de 2025 09:11",297097.0
305,1,,,32000,5,"R$ 67.833,00",Fiat,MOBI LIKE 1.0 Fire Flex 5p.,32000,001461-3,Flex,1,F,janeiro de 2024 ,4znn24cl51p,"quinta-feira, 28 de agosto de 2025 09:03",67833.0
305,1,,,32000,5,"R$ 83.188,00",Fiat,ARGO DRIVE 1.0 6V Flex,32000,001494-0,Flex,1,F,janeiro de 2024 ,cbsprgjfnxbp,"quinta-feira, 28 de agosto de 2025 09:03",83188.0
305,1,,,32000,5,"R$ 109.757,00",Fiat,Fiorino Endurance EVO 1.4 Flex 8V 2p,32000,001531-8,Flex,1,F,janeiro de 2024 ,gg0n0q9h7wp,"quinta-feira, 28 de agosto de 2025 09:03",109757.0
305,1,,,32000,5,"R$ 160.159,00",Fiat,Toro Freedom 1.3 T270 4x2 Flex Aut.,32000,001538-5,Flex,1,F,janeiro de 2024 ,jc3mr0fsskp,"quinta-feira, 28 de agosto de 2025 09:03",160159.0
305,1,,,32000,5,"R$ 110.029,00",Fiat,PULSE DRIVE 1.0 Turbo 200 Flex Aut.,32000,001543-1,Flex,1,F,janeiro de 2024 ,ghbkhj98vbp,"quinta-feira, 28 de agosto de 2025 09:03",110029.0
305,1,,,32000,3,"R$ 202.421,00",Fiat,Scudo Cargo 1.5 16V Turbo Diesel,32000,001550-4,Diesel,1,D,janeiro de 2024 ,kznqqpkv05cb,"quarta-feira, 1 de abril de 2026 05:47",202421.0
305,1,,,32000,5,"R$ 95.955,00",Fiat,CRONOS DRIVE 1.3 8V Flex Aut.,32000,001554-7,Flex,1,F,janeiro de 2024 ,chmc5c71v63p,"quinta-feira, 28 de agosto de 2025 09:03",95955.0
305,1,,,32000,5,"R$ 138.885,00",Fiat,Fastback Audace 1.0 200 T. Flex Aut,32000,001558-0,Flex,1,F,janeiro de 2024 ,hk5c469k12j1f9,"quinta-feira, 28 de agosto de 2025 09:03",138885.0
305,1,,,32000,3,"R$ 246.078,00",Fiat,Ducato Cargo 2.2 Diesel (E6),32000,001563-6,Diesel,1,D,janeiro de 2024 ,mmvjhw0g0hj1gy,"quarta-feira, 1 de abril de 2026 05:47",246078.0
305,1,,,32000,5,"R$ 120.993,00",Fiat,Fastback 1.0 200 Turbo Flex Aut,32000,001568-7,Flex,1,F,janeiro de 2024 ,gw517tnsd4j1f9,"quarta-feira, 1 de outubro de 2025 07:27",120993.0
305,1,,,32000,5,"R$ 99.598,00",Fiat,Strada Endurance 1.3 Flex 8V CS,32000,001569-5,Flex,1,F,janeiro de 2024 ,cjz2825h71yp,"quinta-feira, 28 de agosto de 2025 09:03",99598.0
305,1,,,32000,5,"R$ 156.608,00",Toyota,Corolla XEi 2.0 Flex 16V Aut.,32000,002111-3,Flex,1,F,janeiro de 2024 ,h7yknk3d4tp,"quinta-feira, 28 de agosto de 2025 09:03",156608.0
305,1,,,32000,3,"R$ 260.012,00",Toyota,Hilux CD SR 4x4 2.8 TDI Diesel Aut.,32000,002142-3,Diesel,1,D,janeiro de 2024 ,m45zqmtm9wcb,"quinta-feira, 28 de agosto de 2025 09:48",260012.0
305,1,,,32000,3,"R$ 374.748,00",Toyota,Hilux SW4 SRX 4x4 2.8 TDI 16V Dies. Aut.,32000,002146-6,Diesel,1,D,janeiro de 2024 ,shp850jz2wcb,"quarta-feira, 1 de abril de 2026 05:47",374748.0
305,1,,,32000,5,"R$ 173.151,00",Toyota,Corolla Cross XRE 2.0 16V Flex Aut.,32000,002203-9,Flex,1,F,janeiro de 2024 ,jwbvk573q5p,"quinta-feira, 28 de agosto de 2025 09:03",173151.0
305,1,,,32000,5,"R$ 97.940,00",Toyota,YARIS XL 1.5 Flex 16V 5p Aut.,32000,002207-1,Flex,1,F,janeiro de 2024 ,cjcnnhg3p24p,"quinta-feira, 28 de agosto de 2025 09:03",97940.0
305,1,,,32000,3,"R$ 261.706,00",Ford,TRANSIT Furgão 2.0 Curto Turbo Diesel,32000,003487-8,Diesel,1,D,janeiro de 2024 ,m65kf29qztcb,"quarta-feira, 1 de abril de 2026 05:47",261706.0
305,1,,,32000,3,"R$ 231.426,00",Ford,Ranger XL 2.0 4x4 CD Diesel Mec. ,32000,003502-5,Diesel,1,D,janeiro de 2024 ,l2ny8vk0mpj1gy,"quinta-feira, 28 de agosto de 2025 09:48",231426.0
305,1,,,32000,3,"R$ 261.511,00",GM - Chevrolet,S10 Pick-Up LT 2.8 TDI 4x4 CD Diesel Aut,32000,004395-8,Diesel,1,D,janeiro de 2024 ,m6ygqvggq4cb,"quinta-feira, 28 de agosto de 2025 09:48",261511.0
305,1,,,32000,5,"R$ 110.935,00",GM - Chevrolet,SPIN LT 1.8 8V Econo.Flex 5p Mec.,32000,004414-8,Flex,1,F,janeiro de 2024 ,gjdhblzq94p,"quarta-feira, 1 de abril de 2026 05:47",110935.0
305,1,,,32000,5,"R$ 134.142,00",GM - Chevrolet,SPIN PREMIER 1.8 8V Econo.Flex 5p Aut.,32000,004494-6,Flex,1,F,janeiro de 2024 ,hdlzyyv7c3p,"quinta-feira, 28 de agosto de 2025 09:03",134142.0
305,1,,,32000,5,"R$ 109.964,00",GM - Chevrolet,ONIX SEDAN Plus LT 1.0 12V TB Flex Aut.,32000,004501-2,Flex,1,F,janeiro de 2024 ,gg7574fh6dp,"quinta-feira, 28 de agosto de 2025 09:03",109964.0
305,1,,,32000,5,"R$ 90.418,00",GM - Chevrolet,ONIX HATCH LT 1.0 12V Flex 5p Mec.,32000,004517-9,Flex,1,F,janeiro de 2024 ,cfjgmxjry8dp,"quinta-feira, 28 de agosto de 2025 09:03",90418.0
305,1,,,32000,5,"R$ 164.386,00",GM - Chevrolet,TRACKER Premier 1.2 Turbo 12V Flex Aut.,32000,004525-0,Flex,1,F,janeiro de 2024 ,jj18kqf3kjp,"quinta-feira, 28 de agosto de 2025 09:03",164386.0
305,1,,,32000,5,"R$ 140.849,00",GM - Chevrolet,MONTANA LTZ 1.2 Turbo Flex 12V 4p Aut.,32000,004541-1,Flex,1,F,janeiro de 2024 ,hngr3mwgp5j1f9,"quinta-feira, 28 de agosto de 2025 09:03",140849.0
305,1,,,32000,3,"R$ 299.712,00",VW - VolksWagen,AMAROK Highline CD 3.0 4x4 TB Dies. Aut.,32000,005483-6,Diesel,1,D,janeiro de 2024 ,pnqyx3lnfwcb,"quarta-feira, 1 de abril de 2026 05:47",299712.0
305,1,,,32000,5,"R$ 133.679,00",VW - VolksWagen,VIRTUS Highline 200 TSI 1.0 Flex 12V Aut,32000,005484-4,Flex,1,F,janeiro de 2024 ,hc148mn0j3p,"quinta-feira, 28 de agosto de 2025 09:03",133679.0
305,1,,,32000,5,"R$ 151.233,00",VW - VolksWagen,T-Cross Comfor. 200 TSI 1.0 Flex 5p Aut.,32000,005509-3,Flex,1,F,janeiro de 2024 ,h1m6bvylk9j1f9,"quinta-feira, 28 de agosto de 2025 09:03",151233.0
305,1,,,32000,5,"R$ 142.626,00",VW - VolksWagen,Nivus Highline 1.0 200 TSI Flex Aut.,32000,005526-3,Flex,1,F,janeiro de 2024 ,hqkcb8dydtp,"quinta-feira, 28 de agosto de 2025 09:03",142626.0
305,1,,,32000,5,"R$ 204.100,00",VW - VolksWagen,TAOS Highline 1.4 250 TSI Flex Aut.,32000,005528-0,Flex,1,F,janeiro de 2024 ,k1mrj6kp1xp,"quarta-feira, 1 de abril de 2026 05:47",204100.0
305,1,,,32000,5,"R$ 109.342,00",VW - VolksWagen,Saveiro Robust 1.6 Total Flex 16V CD,32000,005537-9,Flex,1,F,janeiro de 2024 ,ggjldz8dl9j1f9,"quinta-feira, 28 de agosto de 2025 09:03",109342.0
305,1,,,32000,5,"R$ 83.721,00",VW - VolksWagen,Polo Track 1.0 Flex 12V 5p,32000,005540-9,Flex,1,F,janeiro de 2024 ,cbzyg1410lbp,"quinta-feira, 28 de agosto de 2025 09:03",83721.0
305,1,,,32000,5,"R$ 79.565,00",Citroën,C3 Live Pack 1.0 Flex 6V 5p Mec.,32000,011223-2,Flex,1,F,janeiro de 2024 ,9d6w2x8r65p,"quinta-feira, 28 de agosto de 2025 09:03",79565.0
305,1,,,32000,5,"R$ 187.958,00",Honda,HR-V Advance 1.5  Flex TB 16V 5p Aut.,32000,014111-9,Flex,1,F,janeiro de 2024 ,kfp1f8qc85j1f9,"quinta-feira, 28 de agosto de 2025 09:03",187958.0
305,1,,,32000,5,"R$ 135.554,00",Hyundai,Creta Comfort 1.0 TB 12V Flex Aut.,32000,015200-5,Flex,1,F,janeiro de 2024 ,hf79x923ncp,"quarta-feira, 1 de outubro de 2025 07:28",135554.0
305,1,,,32000,5,"R$ 90.928,00",Hyundai,HB20S Comfort Plus 1.0 Flex 12V Mec.,32000,015239-0,Flex,1,F,janeiro de 2024 ,cfqf0ccjyy5p,"quarta-feira, 1 de outubro de 2025 07:28",90928.0
305,1,,,32000,5,"R$ 109.928,00",Hyundai,HB20S Comfort Plus 1.0 TB Flex 12V Aut,32000,015240-4,Flex,1,F,janeiro de 2024 ,gg6wpnbv9sj1f9,"quinta-feira, 28 de agosto de 2025 09:03",109928.0
305,1,,,32000,5,"R$ 125.100,00",Hyundai,Creta Comfort Plus 1.0 TB 12V Flex Aut.,32000,015244-7,Flex,1,F,janeiro de 2024 ,g10btz7gh3j1f9,"quinta-feira, 28 de agosto de 2025 09:03",125100.0
305,1,,,32000,5,"R$ 85.156,00",Hyundai,HB20 Comfort Plus 1.0 Flex 12V Mec.,32000,015245-5,Flex,1,F,janeiro de 2024 ,ccjr10h61ngp,"quinta-feira, 28 de agosto de 2025 09:03",85156.0
305,1,,,32000,5,"R$ 196.018,00",Jeep,COMPASS LONG. T270 1.3 TB 4x2 Flex Aut.,32000,017071-2,Flex,1,F,janeiro de 2024 ,kq4z3jnj82p,"quinta-feira, 28 de agosto de 2025 09:03",196018.0
305,1,,,32000,5,"R$ 253.372,00",Jeep,Commander Limited T270 1.3 TB Flex Aut.,32000,017081-0,Flex,1,F,janeiro de 2024 ,mxdm16nh1xp,"quarta-feira, 1 de abril de 2026 05:47",253372.0
305,1,,,32000,5,"R$ 140.327,00",Jeep,Renegade Sport T270 1.3 TB 4x2 Flex Aut.,32000,017085-2,Flex,1,F,janeiro de 2024 ,hmvsyhq8ltp,"quarta-feira, 1 de abril de 2026 05:47",140327.0
305,1,,,32000,3,"R$ 269.449,00",Nissan,Frontier ATTAC.CD 4x4 2.3 Bi-TB Die. Aut,32000,023160-6,Diesel,1,D,janeiro de 2024 ,nh7zxpnpxccb,"quarta-feira, 1 de abril de 2026 05:47",269449.0
305,1,,,32000,5,"R$ 128.394,00",Nissan,VERSA Exclusive 1.6 16V Flex Aut.,32000,023174-6,Flex,1,F,janeiro de 2024 ,g5v2ck58rkp,"quinta-feira, 28 de agosto de 2025 09:03",128394.0
305,1,,,32000,5,"R$ 112.451,00",Nissan,KICKS Active 1.6 16V Flex Aut.,32000,023186-0,Flex,1,F,janeiro de 2024 ,gk5lhl1pqzj1f9,"quinta-feira, 28 de agosto de 2025 09:03",112451.0
305,1,,,32000,1,"R$ 150.485,00",Nissan,Sentra Advance 2.0 16V Aut.,32000,023187-8,Gasolina,1,G,janeiro de 2024 ,h0r0jm8hbgj1f9,"quinta-feira, 28 de agosto de 2025 09:03",150485.0
305,1,,,32000,3,"R$ 180.137,00",Peugeot,Expert Cargo 1.5 Turbo Diesel,32000,024260-8,Diesel,1,D,janeiro de 2024 ,j4jr26s00vcb,"quarta-feira, 1 de abril de 2026 05:47",180137.0
305,1,,,32000,5,"R$ 76.450,00",Peugeot,208 Like 1.0 Flex 6V 5p Mec.,32000,024264-0,Flex,1,F,janeiro de 2024 ,77ppnd8kljp,"quinta-feira, 28 de agosto de 2025 09:03",76450.0
305,1,,,32000,5,"R$ 86.621,00",Peugeot,208 Style 1.0 Flex 6V 5p Mec.,32000,024265-9,Flex,1,F,janeiro de 2024 ,cc2yjz0jg98p,"quarta-feira, 1 de outubro de 2025 07:28",86621.0
305,1,,,32000,3,"R$ 217.876,00",Renault,Master 2.3 dCi Furgão 16V Diesel,32000,025196-8,Diesel,1,D,janeiro de 2024 ,lksgq1zxj0cb,"quarta-feira, 1 de abril de 2026 05:47",217876.0
305,1,,,32000,5,"R$ 64.067,00",Renault,KWID Zen 1.0 Flex 12V 5p Mec.,32000,025266-2,Flex,1,F,janeiro de 2024 ,3khvgqh798p,"quinta-feira, 28 de agosto de 2025 09:03",64067.0
305,1,,,32000,5,"R$ 119.388,00",Renault,OROCH Intense 1.6 Flex 16V Mec.,32000,025312-0,Flex,1,F,janeiro de 2024 ,gt9qs3ptq4p,"quarta-feira, 1 de abril de 2026 05:47",119388.0
305,1,,,32000,5,"R$ 119.544,00",Renault,DUSTER Intense Plus 1.6 16V Flex Mec.,32000,025325-1,Flex,1,F,janeiro de 2024 ,gvhdk2g5ptj1f9,"quarta-feira, 1 de abril de 2026 05:47",119544.0
305,1,,,32000,3,"R$ 505.247,00",RAM,3500 LARAMIE 6.7 TB CD 4x4 Diesel,32000,083007-0,Diesel,1,D,janeiro de 2024 ,yfqjp1jhlzcb,"quarta-feira, 1 de abril de 2026 05:47",505247.0
305,1,,,32000,1,"R$ 180.780,00",Caoa Chery,Tiggo 7 Pro Max Drive 1.6 Turbo 16V Aut.,32000,093011-3,Gasolina,1,G,janeiro de 2024 ,j484ls7fnhj1f9,"quarta-feira, 1 de abril de 2026 05:47",180780.0
305,1,,,32000,5,"R$ 120.767,00",Caoa Chery,Tiggo 5X SPORT 1.5 Turbo Flex Aut.,32000,093014-8,Flex,1,F,janeiro de 2024 ,gwxvlr104yj1f9,"quarta-feira, 1 de abril de 2026 05:47",120767.0
305,1,,,32000,6,"R$ 229.925,00",BYD,Song Plus (Hibrido),32000,095005-0,Híbrido,1,H,janeiro de 2024 ,l0xd0r4jn8j1f9,"quarta-feira, 1 de abril de 2026 05:47",229925.0
305,1,,,32000,4,"R$ 149.871,00",BYD,Dolphin EV (Elétrico),32000,095007-6,Elétrico,1,E,janeiro de 2024 ,hz1ppzf4wyj1f9,"quarta-feira, 1 de abril de 2026 05:47",149871.0
305,1,,,32000,4,"R$ 296.800,00",BYD,Seal (Elétrico),32000,095008-4,Elétrico,1,E,janeiro de 2024 ,pj93tk2xkqj1f9,"quinta-feira, 28 de agosto de 2025 09:11",296800.0
304,1,,,32000,5,"R$ 68.723,00",Fiat,MOBI LIKE 1.0 Fire Flex 5p.,32000,001461-3,Flex,1,F,dezembro de 2023 ,49246qzynyp,"quinta-feira, 28 de agosto de 2025 09:03",68723.0
304,1,,,32000,5,"R$ 83.317,00",Fiat,ARGO DRIVE 1.0 6V Flex,32000,001494-0,Flex,1,F,dezembro de 2023 ,cbt6my4l81hp,"quinta-feira, 28 de agosto de 2025 09:03",83317.0
304,1,,,32000,5,"R$ 111.142,00",Fiat,Fiorino Endurance EVO 1.4 Flex 8V 2p,32000,001531-8,Flex,1,F,dezembro de 2023 ,gjm0kzdsmnp,"quinta-feira, 28 de agosto de 2025 09:03",111142.0
304,1,,,32000,5,"R$ 159.223,00",Fiat,Toro Freedom 1.3 T270 4x2 Flex Aut.,32000,001538-5,Flex,1,F,dezembro de 2023 ,jb0l30ybcdp,"quinta-feira, 28 de agosto de 2025 09:04",159223.0
304,1,,,32000,5,"R$ 109.990,00",Fiat,PULSE DRIVE 1.0 Turbo 200 Flex Aut.,32000,001543-1,Flex,1,F,dezembro de 2023 ,gg84j8khx4p,"quinta-feira, 28 de agosto de 2025 09:04",109990.0
304,1,,,32000,3,"R$ 205.126,00",Fiat,Scudo Cargo 1.5 16V Turbo Diesel,32000,001550-4,Diesel,1,D,dezembro de 2023 ,k2t1lr1y47cb,"quarta-feira, 1 de abril de 2026 05:48",205126.0
304,1,,,32000,5,"R$ 97.928,00",Fiat,CRONOS DRIVE 1.3 8V Flex Aut.,32000,001554-7,Flex,1,F,dezembro de 2023 ,cjch88l2qtpp,"quinta-feira, 28 de agosto de 2025 09:04",97928.0
304,1,,,32000,5,"R$ 139.389,00",Fiat,Fastback Audace 1.0 200 T. Flex Aut,32000,001558-0,Flex,1,F,dezembro de 2023 ,hlrp1mn3j4j1f9,"quinta-feira, 28 de agosto de 2025 09:04",139389.0
304,1,,,32000,3,"R$ 246.078,00",Fiat,Ducato Cargo 2.2 Diesel (E6),32000,001563-6,Diesel,1,D,dezembro de 2023 ,mmvjhvxxffj1gy,"quarta-feira, 1 de abril de 2026 05:48",246078.0
304,1,,,32000,5,"R$ 121.721,00",Fiat,Fastback 1.0 200 Turbo Flex Aut,32000,001568-7,Flex,1,F,dezembro de 2023 ,gx1jjd0pltj1f9,"quarta-feira, 1 de outubro de 2025 07:28",121721.0
304,1,,,32000,5,"R$ 101.923,00",Fiat,Strada Endurance 1.3 Flex 8V CS,32000,001569-5,Flex,1,F,dezembro de 2023 ,f5tx0hxmmmj1f9,"quinta-feira, 28 de agosto de 2025 09:04",101923.0
304,1,,,32000,5,"R$ 158.233,00",Toyota,Corolla XEi 2.0 Flex 16V Aut.,32000,002111-3,Flex,1,F,dezembro de 2023 ,h9vmmv50vgp,"quinta-feira, 28 de agosto de 2025 09:04",158233.0
304,1,,,32000,3,"R$ 268.226,00",Toyota,Hilux CD SR 4x4 2.8 TDI Diesel Aut.,32000,002142-3,Diesel,1,D,dezembro de 2023 ,ngtjwywcr9cb,"quinta-feira, 28 de agosto de 2025 09:48",268226.0
304,1,,,32000,3,"R$ 376.515,00",Toyota,Hilux SW4 SRX 4x4 2.8 TDI 16V Dies. Aut.,32000,002146-6,Diesel,1,D,dezembro de 2023 ,sksh48ztxtcb,"quarta-feira, 1 de abril de 2026 05:48",376515.0
304,1,,,32000,5,"R$ 174.442,00",Toyota,Corolla Cross XRE 2.0 16V Flex Aut.,32000,002203-9,Flex,1,F,dezembro de 2023 ,jxvr61z0vfp,"quinta-feira, 28 de agosto de 2025 09:04",174442.0
304,1,,,32000,5,"R$ 97.223,00",Toyota,YARIS XL 1.5 Flex 16V 5p Aut.,32000,002207-1,Flex,1,F,dezembro de 2023 ,ch271m29lhvp,"quinta-feira, 28 de agosto de 2025 09:04",97223.0
304,1,,,32000,3,"R$ 254.201,00",Ford,TRANSIT Furgão 2.0 Curto Turbo Diesel,32000,003487-8,Diesel,1,D,dezembro de 2023 ,mycr4n2t96cb,"quarta-feira, 1 de abril de 2026 05:48",254201.0
304,1,,,32000,3,"R$ 234.227,00",Ford,Ranger XL 2.0 4x4 CD Diesel Mec. ,32000,003502-5,Diesel,1,D,dezembro de 2023 ,l5yr941vg9j1gy,"quinta-feira, 28 de agosto de 2025 09:48",234227.0
304,1,,,32000,3,"R$ 260.737,00",GM - Chevrolet,S10 Pick-Up LT 2.8 TDI 4x4 CD Diesel Aut,32000,004395-8,Diesel,1,D,dezembro de 2023 ,m51bmfkxzlcb,"quinta-feira, 28 de agosto de 2025 09:48",260737.0
304,1,,,32000,5,"R$ 110.143,00",GM - Chevrolet,SPIN LT 1.8 8V Econo.Flex 5p Mec.,32000,004414-8,Flex,1,F,dezembro de 2023 ,ghgpyggwg9p,"quarta-feira, 1 de abril de 2026 05:48",110143.0
304,1,,,32000,5,"R$ 133.413,00",GM - Chevrolet,SPIN PREMIER 1.8 8V Econo.Flex 5p Aut.,32000,004494-6,Flex,1,F,dezembro de 2023 ,hcrhkcjz9sp,"quinta-feira, 28 de agosto de 2025 09:04",133413.0
304,1,,,32000,5,"R$ 109.130,00",GM - Chevrolet,ONIX SEDAN Plus LT 1.0 12V TB Flex Aut.,32000,004501-2,Flex,1,F,dezembro de 2023 ,gf8wjyswvwp,"quinta-feira, 28 de agosto de 2025 09:04",109130.0
304,1,,,32000,5,"R$ 90.336,00",GM - Chevrolet,ONIX HATCH LT 1.0 12V Flex 5p Mec.,32000,004517-9,Flex,1,F,dezembro de 2023 ,cfhhty1rtvjp,"quinta-feira, 28 de agosto de 2025 09:04",90336.0
304,1,,,32000,5,"R$ 165.000,00",GM - Chevrolet,TRACKER Premier 1.2 Turbo 12V Flex Aut.,32000,004525-0,Flex,1,F,dezembro de 2023 ,jksldb5yycp,"quinta-feira, 28 de agosto de 2025 09:04",165000.0
304,1,,,32000,5,"R$ 140.777,00",GM - Chevrolet,MONTANA LTZ 1.2 Turbo Flex 12V 4p Aut.,32000,004541-1,Flex,1,F,dezembro de 2023 ,hnc4zn9ltyj1f9,"quinta-feira, 28 de agosto de 2025 09:04",140777.0
304,1,,,32000,3,"R$ 301.944,00",VW - VolksWagen,AMAROK Highline CD 3.0 4x4 TB Dies. Aut.,32000,005483-6,Diesel,1,D,dezembro de 2023 ,prb2vktc0tcb,"quarta-feira, 1 de abril de 2026 05:48",301944.0
304,1,,,32000,5,"R$ 135.163,00",VW - VolksWagen,VIRTUS Highline 200 TSI 1.0 Flex 12V Aut,32000,005484-4,Flex,1,F,dezembro de 2023 ,hfs3cv6ktzp,"quinta-feira, 28 de agosto de 2025 09:04",135163.0
304,1,,,32000,5,"R$ 149.480,00",VW - VolksWagen,T-Cross Comfor. 200 TSI 1.0 Flex 5p Aut.,32000,005509-3,Flex,1,F,dezembro de 2023 ,hzlg4jp6rgj1f9,"quinta-feira, 28 de agosto de 2025 09:04",149480.0
304,1,,,32000,5,"R$ 142.646,00",VW - VolksWagen,Nivus Highline 1.0 200 TSI Flex Aut.,32000,005526-3,Flex,1,F,dezembro de 2023 ,hqk2wtk2b2p,"quinta-feira, 28 de agosto de 2025 09:04",142646.0
304,1,,,32000,5,"R$ 204.412,00",VW - VolksWagen,TAOS Highline 1.4 250 TSI Flex Aut.,32000,005528-0,Flex,1,F,dezembro de 2023 ,k1z224yr2wp,"quarta-feira, 1 de abril de 2026 05:48",204412.0
304,1,,,32000,5,"R$ 110.258,00",VW - VolksWagen,Saveiro Robust 1.6 Total Flex 16V CD,32000,005537-9,Flex,1,F,dezembro de 2023 ,ghlwjbb1b0j1f9,"quinta-feira, 28 de agosto de 2025 09:04",110258.0
304,1,,,32000,5,"R$ 83.265,00",VW - VolksWagen,Polo Track 1.0 Flex 12V 5p,32000,005540-9,Flex,1,F,dezembro de 2023 ,cbtlq1lm0p4p,"quinta-feira, 28 de agosto de 2025 09:04",83265.0
304,1,,,32000,5,"R$ 79.574,00",Citroën,C3 Live Pack 1.0 Flex 6V 5p Mec.,32000,011223-2,Flex,1,F,dezembro de 2023 ,9d95g7kqrzp,"quinta-feira, 28 de agosto de 2025 09:04",79574.0
304,1,,,32000,5,"R$ 188.445,00",Honda,HR-V Advance 1.5  Flex TB 16V 5p Aut.,32000,014111-9,Flex,1,F,dezembro de 2023 ,kf8q5v8sfgj1f9,"quinta-feira, 28 de agosto de 2025 09:04",188445.0
304,1,,,32000,5,"R$ 133.510,00",Hyundai,Creta Comfort 1.0 TB 12V Flex Aut.,32000,015200-5,Flex,1,F,dezembro de 2023 ,hcv0vjfzgbp,"quarta-feira, 1 de outubro de 2025 07:28",133510.0
304,1,,,32000,5,"R$ 91.475,00",Hyundai,HB20S Comfort Plus 1.0 Flex 12V Mec.,32000,015239-0,Flex,1,F,dezembro de 2023 ,cfxvtp0lp4rp,"quarta-feira, 1 de outubro de 2025 07:28",91475.0
304,1,,,32000,5,"R$ 110.956,00",Hyundai,HB20S Comfort Plus 1.0 TB Flex 12V Aut,32000,015240-4,Flex,1,F,dezembro de 2023 ,gjd7z2d6c9j1f9,"quinta-feira, 28 de agosto de 2025 09:04",110956.0
304,1,,,32000,5,"R$ 134.678,00",Hyundai,Creta Comfort Plus 1.0 TB 12V Flex Aut.,32000,015244-7,Flex,1,F,dezembro de 2023 ,hd7gw2d4pjj1f9,"quinta-feira, 28 de agosto de 2025 09:04",134678.0
304,1,,,32000,5,"R$ 85.433,00",Hyundai,HB20 Comfort Plus 1.0 Flex 12V Mec.,32000,015245-5,Flex,1,F,dezembro de 2023 ,ccm0q3pr1rhp,"quinta-feira, 28 de agosto de 2025 09:04",85433.0
304,1,,,32000,5,"R$ 195.415,00",Jeep,COMPASS LONG. T270 1.3 TB 4x2 Flex Aut.,32000,017071-2,Flex,1,F,dezembro de 2023 ,kqf2n1plqsp,"quinta-feira, 28 de agosto de 2025 09:04",195415.0
304,1,,,32000,5,"R$ 247.119,00",Jeep,Commander Limited T270 1.3 TB Flex Aut.,32000,017081-0,Flex,1,F,dezembro de 2023 ,mn2cgfkwrhp,"quarta-feira, 1 de abril de 2026 05:48",247119.0
304,1,,,32000,5,"R$ 141.950,00",Jeep,Renegade Sport T270 1.3 TB 4x2 Flex Aut.,32000,017085-2,Flex,1,F,dezembro de 2023 ,hprsnx6hvfp,"quarta-feira, 1 de abril de 2026 05:48",141950.0
304,1,,,32000,3,"R$ 265.395,00",Nissan,Frontier ATTAC.CD 4x4 2.3 Bi-TB Die. Aut,32000,023160-6,Diesel,1,D,dezembro de 2023 ,nchm1q18sxcb,"quarta-feira, 1 de abril de 2026 05:48",265395.0
304,1,,,32000,5,"R$ 129.307,00",Nissan,VERSA Exclusive 1.6 16V Flex Aut.,32000,023174-6,Flex,1,F,dezembro de 2023 ,g6x723vb9qp,"quinta-feira, 28 de agosto de 2025 09:04",129307.0
304,1,,,32000,5,"R$ 114.253,00",Nissan,KICKS Active 1.6 16V Flex Aut.,32000,023186-0,Flex,1,F,dezembro de 2023 ,gm82xdxzzzj1f9,"quinta-feira, 28 de agosto de 2025 09:04",114253.0
304,1,,,32000,1,"R$ 151.296,00",Nissan,Sentra Advance 2.0 16V Aut.,32000,023187-8,Gasolina,1,G,dezembro de 2023 ,h1qhbc1qszj1f9,"quinta-feira, 28 de agosto de 2025 09:04",151296.0
304,1,,,32000,3,"R$ 179.766,00",Peugeot,Expert Cargo 1.5 Turbo Diesel,32000,024260-8,Diesel,1,D,dezembro de 2023 ,j3282b9xy9cb,"quarta-feira, 1 de abril de 2026 05:48",179766.0
304,1,,,32000,5,"R$ 77.015,00",Peugeot,208 Like 1.0 Flex 6V 5p Mec.,32000,024264-0,Flex,1,F,dezembro de 2023 ,8f91tckkh0p,"quinta-feira, 28 de agosto de 2025 09:04",77015.0
304,1,,,32000,5,"R$ 86.641,00",Peugeot,208 Style 1.0 Flex 6V 5p Mec.,32000,024265-9,Flex,1,F,dezembro de 2023 ,cc25tbj5rrvp,"quarta-feira, 1 de outubro de 2025 07:28",86641.0
304,1,,,32000,3,"R$ 217.999,00",Renault,Master 2.3 dCi Furgão 16V Diesel,32000,025196-8,Diesel,1,D,dezembro de 2023 ,lkxybbt19fcb,"quarta-feira, 1 de abril de 2026 05:48",217999.0
304,1,,,32000,5,"R$ 65.650,00",Renault,KWID Zen 1.0 Flex 12V 5p Mec.,32000,025266-2,Flex,1,F,dezembro de 2023 ,3416z84p7yp,"quinta-feira, 28 de agosto de 2025 09:04",65650.0
304,1,,,32000,5,"R$ 118.484,00",Renault,OROCH Intense 1.6 Flex 16V Mec.,32000,025312-0,Flex,1,F,dezembro de 2023 ,gs7v6v58khp,"quarta-feira, 1 de abril de 2026 05:48",118484.0
304,1,,,32000,3,"R$ 491.616,00",RAM,3500 LARAMIE 6.7 TB CD 4x4 Diesel,32000,083007-0,Diesel,1,D,dezembro de 2023 ,xxq2wxg0gkcb,"quarta-feira, 1 de abril de 2026 05:48",491616.0
304,1,,,32000,1,"R$ 180.443,00",Caoa Chery,Tiggo 7 Pro Max Drive 1.6 Turbo 16V Aut.,32000,093011-3,Gasolina,1,G,dezembro de 2023 ,j4wwwkcl9hj1f9,"quarta-feira, 1 de abril de 2026 05:48",180443.0
304,1,,,32000,5,"R$ 120.320,00",Caoa Chery,Tiggo 5X SPORT 1.5 Turbo Flex Aut.,32000,093014-8,Flex,1,F,dezembro de 2023 ,gwdlx8tww5j1f9,"quarta-feira, 1 de abril de 2026 05:48",120320.0
304,1,,,32000,6,"R$ 273.557,00",BYD,Song Plus (Hibrido),32000,095005-0,Híbrido,1,H,dezembro de 2023 ,nn19mq4n5yj1f9,"quarta-feira, 1 de abril de 2026 05:48",273557.0
304,1,,,32000,4,"R$ 149.897,00",BYD,Dolphin EV (Elétrico),32000,095007-6,Elétrico,1,E,dezembro de 2023 ,hz2mz3hc59j1f9,"quarta-feira, 1 de abril de 2026 05:48",149897.0
304,1,,,32000,4,"R$ 297.037,00",BYD,Seal (Elétrico),32000,095008-4,Elétrico,1,E,dezembro de 2023 ,pklqvtj33zj1f9,"quinta-feira, 28 de agosto de 2025 09:11",297037.0
303,1,,,32000,5,"R$ 69.004,00",Fiat,MOBI LIKE 1.0 Fire Flex 5p.,32000,001461-3,Flex,1,F,novembro de 2023 ,5fc9c21btmp,"quinta-feira, 28 de agosto de 2025 09:04",69004.0
303,1,,,32000,5,"R$ 83.985,00",Fiat,ARGO DRIVE 1.0 6V Flex,32000,001494-0,Flex,1,F,novembro de 2023 ,cb21fpdpj2lp,"quinta-feira, 28 de agosto de 2025 09:04",83985.0
303,1,,,32000,5,"R$ 110.305,00",Fiat,Fiorino Endurance EVO 1.4 Flex 8V 2p,32000,001531-8,Flex,1,F,novembro de 2023 ,ghnlg0bl3lp,"quinta-feira, 28 de agosto de 2025 09:04",110305.0
303,1,,,32000,5,"R$ 160.468,00",Fiat,Toro Freedom 1.3 T270 4x2 Flex Aut.,32000,001538-5,Flex,1,F,novembro de 2023 ,jdgvx39q1xp,"quinta-feira, 28 de agosto de 2025 09:04",160468.0
303,1,,,32000,5,"R$ 109.884,00",Fiat,PULSE DRIVE 1.0 Turbo 200 Flex Aut.,32000,001543-1,Flex,1,F,novembro de 2023 ,gg483qccccp,"quinta-feira, 28 de agosto de 2025 09:04",109884.0
303,1,,,32000,3,"R$ 203.532,00",Fiat,Scudo Cargo 1.5 16V Turbo Diesel,32000,001550-4,Diesel,1,D,novembro de 2023 ,k0y3j6zytgcb,"quarta-feira, 1 de abril de 2026 05:48",203532.0
303,1,,,32000,5,"R$ 97.990,00",Fiat,CRONOS DRIVE 1.3 8V Flex Aut.,32000,001554-7,Flex,1,F,novembro de 2023 ,cjc7tvhyk91p,"quinta-feira, 28 de agosto de 2025 09:04",97990.0
303,1,,,32000,5,"R$ 138.467,00",Fiat,Fastback Audace 1.0 200 T. Flex Aut,32000,001558-0,Flex,1,F,novembro de 2023 ,hkn55nj686j1f9,"quinta-feira, 28 de agosto de 2025 09:04",138467.0
303,1,,,32000,3,"R$ 245.383,00",Fiat,Ducato Cargo 2.2 Diesel (E6),32000,001563-6,Diesel,1,D,novembro de 2023 ,ml08dv6y1nj1gy,"quarta-feira, 1 de abril de 2026 05:48",245383.0
303,1,,,32000,5,"R$ 120.257,00",Fiat,Fastback 1.0 200 Turbo Flex Aut,32000,001568-7,Flex,1,F,novembro de 2023 ,gv99ypkpn4j1f9,"quarta-feira, 1 de outubro de 2025 07:28",120257.0
303,1,,,32000,5,"R$ 100.654,00",Fiat,Strada Endurance 1.3 Flex 8V CS,32000,001569-5,Flex,1,F,novembro de 2023 ,f4bs40wnblj1f9,"quinta-feira, 28 de agosto de 2025 09:04",100654.0
303,1,,,32000,5,"R$ 154.307,00",Toyota,Corolla XEi 2.0 Flex 16V Aut.,32000,002111-3,Flex,1,F,novembro de 2023 ,h47xzwk7p2p,"quinta-feira, 28 de agosto de 2025 09:04",154307.0
303,1,,,32000,3,"R$ 268.282,00",Toyota,Hilux CD SR 4x4 2.8 TDI Diesel Aut.,32000,002142-3,Diesel,1,D,novembro de 2023 ,ngwkzy84v4cb,"quinta-feira, 28 de agosto de 2025 09:51",268282.0
303,1,,,32000,3,"R$ 378.427,00",Toyota,Hilux SW4 SRX 4x4 2.8 TDI 16V Dies. Aut.,32000,002146-6,Diesel,1,D,novembro de 2023 ,sm00h97f2lcb,"quarta-feira, 1 de abril de 2026 05:48",378427.0
303,1,,,32000,5,"R$ 174.377,00",Toyota,Corolla Cross XRE 2.0 16V Flex Aut.,32000,002203-9,Flex,1,F,novembro de 2023 ,jxsdzl3f1tp,"quinta-feira, 28 de agosto de 2025 09:05",174377.0
303,1,,,32000,5,"R$ 97.198,00",Toyota,YARIS XL 1.5 Flex 16V 5p Aut.,32000,002207-1,Flex,1,F,novembro de 2023 ,ch2yyydcq25p,"quinta-feira, 28 de agosto de 2025 09:05",97198.0
303,1,,,32000,3,"R$ 257.420,00",Ford,TRANSIT Furgão 2.0 Curto Turbo Diesel,32000,003487-8,Diesel,1,D,novembro de 2023 ,m14r5g4wskcb,"quarta-feira, 1 de abril de 2026 05:48",257420.0
303,1,,,32000,3,"R$ 239.126,00",Ford,Ranger XL 2.0 4x4 CD Diesel Mec. ,32000,003502-5,Diesel,1,D,novembro de 2023 ,mcpt9dy65rj1gy,"quinta-feira, 28 de agosto de 2025 09:51",239126.0
303,1,,,32000,3,"R$ 264.439,00",GM - Chevrolet,S10 Pick-Up LT 2.8 TDI 4x4 CD Diesel Aut,32000,004395-8,Diesel,1,D,novembro de 2023 ,nbcwv40577cb,"quinta-feira, 28 de agosto de 2025 09:51",264439.0
303,1,,,32000,5,"R$ 109.653,00",GM - Chevrolet,SPIN LT 1.8 8V Econo.Flex 5p Mec.,32000,004414-8,Flex,1,F,novembro de 2023 ,ggwwtz9s0bp,"quarta-feira, 1 de abril de 2026 05:49",109653.0
303,1,,,32000,5,"R$ 132.661,00",GM - Chevrolet,SPIN PREMIER 1.8 8V Econo.Flex 5p Aut.,32000,004494-6,Flex,1,F,novembro de 2023 ,hbv47djjjlp,"quinta-feira, 28 de agosto de 2025 09:05",132661.0
303,1,,,32000,5,"R$ 108.890,00",GM - Chevrolet,ONIX SEDAN Plus LT 1.0 12V TB Flex Aut.,32000,004501-2,Flex,1,F,novembro de 2023 ,gfz43vqzyyp,"quinta-feira, 28 de agosto de 2025 09:05",108890.0
303,1,,,32000,5,"R$ 90.334,00",GM - Chevrolet,ONIX HATCH LT 1.0 12V Flex 5p Mec.,32000,004517-9,Flex,1,F,novembro de 2023 ,cfhg3d3pghkp,"quinta-feira, 28 de agosto de 2025 09:05",90334.0
303,1,,,32000,5,"R$ 163.747,00",GM - Chevrolet,TRACKER Premier 1.2 Turbo 12V Flex Aut.,32000,004525-0,Flex,1,F,novembro de 2023 ,jh91kq4x8lp,"quinta-feira, 28 de agosto de 2025 09:05",163747.0
303,1,,,32000,5,"R$ 140.804,00",GM - Chevrolet,MONTANA LTZ 1.2 Turbo Flex 12V 4p Aut.,32000,004541-1,Flex,1,F,novembro de 2023 ,hnd4dq40vtj1f9,"quinta-feira, 28 de agosto de 2025 09:05",140804.0
303,1,,,32000,3,"R$ 300.471,00",VW - VolksWagen,AMAROK Highline CD 3.0 4x4 TB Dies. Aut.,32000,005483-6,Diesel,1,D,novembro de 2023 ,ppmj4g1qkhcb,"quarta-feira, 1 de abril de 2026 05:49",300471.0
303,1,,,32000,5,"R$ 135.120,00",VW - VolksWagen,VIRTUS Highline 200 TSI 1.0 Flex 12V Aut,32000,005484-4,Flex,1,F,novembro de 2023 ,hfrjxv510qp,"quinta-feira, 28 de agosto de 2025 09:05",135120.0
303,1,,,32000,5,"R$ 151.762,00",VW - VolksWagen,T-Cross Comfor. 200 TSI 1.0 Flex 5p Aut.,32000,005509-3,Flex,1,F,novembro de 2023 ,h18fdgj5m6j1f9,"quinta-feira, 28 de agosto de 2025 09:05",151762.0
303,1,,,32000,5,"R$ 142.137,00",VW - VolksWagen,Nivus Highline 1.0 200 TSI Flex Aut.,32000,005526-3,Flex,1,F,novembro de 2023 ,hpzlcpzg19p,"quinta-feira, 28 de agosto de 2025 09:05",142137.0
303,1,,,32000,5,"R$ 204.010,00",VW - VolksWagen,TAOS Highline 1.4 250 TSI Flex Aut.,32000,005528-0,Flex,1,F,novembro de 2023 ,k1jg4g8yjbp,"quarta-feira, 1 de abril de 2026 05:49",204010.0
303,1,,,32000,5,"R$ 110.535,00",VW - VolksWagen,Saveiro Robust 1.6 Total Flex 16V CD,32000,005537-9,Flex,1,F,novembro de 2023 ,ghxymq9myxj1f9,"quinta-feira, 28 de agosto de 2025 09:05",110535.0
303,1,,,32000,5,"R$ 83.837,00",VW - VolksWagen,Polo Track 1.0 Flex 12V 5p,32000,005540-9,Flex,1,F,novembro de 2023 ,cb09m2lsygrp,"quinta-feira, 28 de agosto de 2025 09:05",83837.0
303,1,,,32000,5,"R$ 79.441,00",Citroën,C3 Live Pack 1.0 Flex 6V 5p Mec.,32000,011223-2,Flex,1,F,novembro de 2023 ,9crtwq7cxwp,"quinta-feira, 28 de agosto de 2025 09:05",79441.0
303,1,,,32000,5,"R$ 188.621,00",Honda,HR-V Advance 1.5  Flex TB 16V 5p Aut.,32000,014111-9,Flex,1,F,novembro de 2023 ,kgg4hd5qn7j1f9,"quinta-feira, 28 de agosto de 2025 09:05",188621.0
303,1,,,32000,5,"R$ 134.036,00",Hyundai,Creta Comfort 1.0 TB 12V Flex Aut.,32000,015200-5,Flex,1,F,novembro de 2023 ,hdg4jcpkxrp,"quarta-feira, 1 de outubro de 2025 07:28",134036.0
303,1,,,32000,5,"R$ 91.803,00",Hyundai,HB20S Comfort Plus 1.0 Flex 12V Mec.,32000,015239-0,Flex,1,F,novembro de 2023 ,cf1p1f6gxn0p,"quarta-feira, 1 de outubro de 2025 07:28",91803.0
303,1,,,32000,5,"R$ 111.510,00",Hyundai,HB20S Comfort Plus 1.0 TB Flex 12V Aut,32000,015240-4,Flex,1,F,novembro de 2023 ,gj2c6ydy55j1f9,"quinta-feira, 28 de agosto de 2025 09:05",111510.0
303,1,,,32000,5,"R$ 136.790,00",Hyundai,Creta Comfort Plus 1.0 TB 12V Flex Aut.,32000,015244-7,Flex,1,F,novembro de 2023 ,hhp7lz4p3jj1f9,"quinta-feira, 28 de agosto de 2025 09:05",136790.0
303,1,,,32000,5,"R$ 87.040,00",Hyundai,HB20 Comfort Plus 1.0 Flex 12V Mec.,32000,015245-5,Flex,1,F,novembro de 2023 ,cc7vt2bctz1p,"quinta-feira, 28 de agosto de 2025 09:05",87040.0
303,1,,,32000,5,"R$ 195.322,00",Jeep,COMPASS LONG. T270 1.3 TB 4x2 Flex Aut.,32000,017071-2,Flex,1,F,novembro de 2023 ,kqbpwk1vlqp,"quinta-feira, 28 de agosto de 2025 09:05",195322.0
303,1,,,32000,5,"R$ 251.103,00",Jeep,Commander Limited T270 1.3 TB Flex Aut.,32000,017081-0,Flex,1,F,novembro de 2023 ,mtq5f737vpp,"quarta-feira, 1 de abril de 2026 05:49",251103.0
303,1,,,32000,5,"R$ 142.651,00",Jeep,Renegade Sport T270 1.3 TB 4x2 Flex Aut.,32000,017085-2,Flex,1,F,novembro de 2023 ,hqk8jfmfd5p,"quarta-feira, 1 de abril de 2026 05:49",142651.0
303,1,,,32000,3,"R$ 268.417,00",Nissan,Frontier ATTAC.CD 4x4 2.3 Bi-TB Die. Aut,32000,023160-6,Diesel,1,D,novembro de 2023 ,ng1g3f2x5lcb,"quarta-feira, 1 de abril de 2026 05:49",268417.0
303,1,,,32000,5,"R$ 129.327,00",Nissan,VERSA Exclusive 1.6 16V Flex Aut.,32000,023174-6,Flex,1,F,novembro de 2023 ,g6yzmn0g7zp,"quinta-feira, 28 de agosto de 2025 09:51",129327.0
303,1,,,32000,5,"R$ 114.228,00",Nissan,KICKS Active 1.6 16V Flex Aut.,32000,023186-0,Flex,1,F,novembro de 2023 ,gm75q4js70j1f9,"quinta-feira, 28 de agosto de 2025 09:51",114228.0
303,1,,,32000,1,"R$ 151.328,00",Nissan,Sentra Advance 2.0 16V Aut.,32000,023187-8,Gasolina,1,G,novembro de 2023 ,h1rnc2y2gfj1f9,"quinta-feira, 28 de agosto de 2025 09:51",151328.0
303,1,,,32000,3,"R$ 180.562,00",Peugeot,Expert Cargo 1.5 Turbo Diesel,32000,024260-8,Diesel,1,D,novembro de 2023 ,j406y4xdj2cb,"quarta-feira, 1 de abril de 2026 05:49",180562.0
303,1,,,32000,5,"R$ 76.597,00",Peugeot,208 Like 1.0 Flex 6V 5p Mec.,32000,024264-0,Flex,1,F,novembro de 2023 ,79d3yzvrmyp,"quinta-feira, 28 de agosto de 2025 09:51",76597.0
303,1,,,32000,5,"R$ 86.557,00",Peugeot,208 Style 1.0 Flex 6V 5p Mec.,32000,024265-9,Flex,1,F,novembro de 2023 ,cc158vgxxtnp,"quarta-feira, 1 de outubro de 2025 07:28",86557.0
303,1,,,32000,3,"R$ 218.574,00",Renault,Master 2.3 dCi Furgão 16V Diesel,32000,025196-8,Diesel,1,D,novembro de 2023 ,lllt6qwqb4cb,"quarta-feira, 1 de abril de 2026 05:49",218574.0
303,1,,,32000,5,"R$ 68.965,00",Renault,KWID Zen 1.0 Flex 12V 5p Mec.,32000,025266-2,Flex,1,F,novembro de 2023 ,5dx3ymqh4zp,"quinta-feira, 28 de agosto de 2025 09:51",68965.0
303,1,,,32000,5,"R$ 119.533,00",Renault,OROCH Intense 1.6 Flex 16V Mec.,32000,025312-0,Flex,1,F,novembro de 2023 ,gvgz5tbgwvp,"quarta-feira, 1 de abril de 2026 05:49",119533.0
303,1,,,32000,3,"R$ 489.692,00",RAM,3500 LARAMIE 6.7 TB CD 4x4 Diesel,32000,083007-0,Diesel,1,D,novembro de 2023 ,xvg40m91fgcb,"quarta-feira, 1 de abril de 2026 05:49",489692.0
303,1,,,32000,1,"R$ 180.291,00",Caoa Chery,Tiggo 7 Pro Max Drive 1.6 Turbo 16V Aut.,32000,093011-3,Gasolina,1,G,novembro de 2023 ,j4qcl7sy9zj1f9,"quarta-feira, 1 de abril de 2026 05:49",180291.0
303,1,,,32000,5,"R$ 120.305,00",Caoa Chery,Tiggo 5X SPORT 1.5 Turbo Flex Aut.,32000,093014-8,Flex,1,F,novembro de 2023 ,gwc109kkfcj1f9,"quarta-feira, 1 de abril de 2026 05:49",120305.0
303,1,,,32000,6,"R$ 269.990,00",BYD,Song Plus (Hibrido),32000,095005-0,Híbrido,1,H,novembro de 2023 ,njwnhd56svj1f9,"quarta-feira, 1 de abril de 2026 05:49",269990.0
303,1,,,32000,4,"R$ 149.869,00",BYD,Dolphin EV (Elétrico),32000,095007-6,Elétrico,1,E,novembro de 2023 ,hz1mf1nm8sj1f9,"quarta-feira, 1 de abril de 2026 05:49",149869.0
303,1,,,32000,4,"R$ 296.800,00",BYD,Seal (Elétrico),32000,095008-4,Elétrico,1,E,novembro de 2023 ,pj93thxsdlj1f9,"quinta-feira, 28 de agosto de 2025 09:51",296800.0
