TabelaReferenciaCodigo,CodigoTipoVeiculo,CodigoMarca,CodigoModelo,AnoModeloParam,CodigoTipoCombustivelParam,Valor,Marca,Modelo,AnoModelo,CodigoFipe,Combustivel,TipoVeiculo,SiglaCombustivel,MesReferencia,Autenticacao,DataConsulta,ValorNum
335,1,,,2021,1,"R$ 66.092,00",Fiat,Doblo Cargo 1.8 mpi Fire Flex 8V/16V 4p,2021,001235-1,Gasolina,1,G,julho de 2026 ,397wl17q56fx,"quarta-feira, 1 de julho de 2026 01:56",66092.0
335,1,,,2023,3,"R$ 130.826,00",Fiat,Toro Volcano 2.0 16V 4x4 TB Diesel Aut.,2023,001453-2,Diesel,1,D,julho de 2026 ,g8qgnz8m7hdrj,"quarta-feira, 1 de julho de 2026 01:56",130826.0
335,1,,,2024,3,"R$ 144.041,00",Fiat,Toro Volcano 2.0 16V 4x4 TB Diesel Aut.,2024,001453-2,Diesel,1,D,julho de 2026 ,hr6srf8qm4dvr,"quarta-feira, 1 de julho de 2026 01:56",144041.0
335,1,,,2025,3,"R$ 155.740,00",Fiat,Toro Volcano 2.0 16V 4x4 TB Diesel Aut.,2025,001453-2,Diesel,1,D,julho de 2026 ,h6x0nwnrybdyz,"quarta-feira, 1 de julho de 2026 01:56",155740.0
335,1,,,2020,5,"R$ 44.335,00",Fiat,MOBI LIKE 1.0 Fire Flex 5p.,2020,001461-3,Flex,1,F,julho de 2026 ,v24wbj06mlcz,"quarta-feira, 1 de julho de 2026 01:56",44335.0
335,1,,,2021,5,"R$ 46.598,00",Fiat,MOBI LIKE 1.0 Fire Flex 5p.,2021,001461-3,Flex,1,F,julho de 2026 ,wypdtlwfdlg6,"quarta-feira, 1 de julho de 2026 01:56",46598.0
335,1,,,2022,5,"R$ 50.316,00",Fiat,MOBI LIKE 1.0 Fire Flex 5p.,2022,001461-3,Flex,1,F,julho de 2026 ,yb8slw8968lf,"quarta-feira, 1 de julho de 2026 01:56",50316.0
335,1,,,2023,5,"R$ 53.768,00",Fiat,MOBI LIKE 1.0 Fire Flex 5p.,2023,001461-3,Flex,1,F,julho de 2026 ,znrg6xpv01pn,"quarta-feira, 1 de julho de 2026 01:56",53768.0
335,1,,,2024,5,"R$ 56.214,00",Fiat,MOBI LIKE 1.0 Fire Flex 5p.,2024,001461-3,Flex,1,F,julho de 2026 ,0lfjnt73zksw,"quarta-feira, 1 de julho de 2026 01:56",56214.0
335,1,,,2025,5,"R$ 61.105,00",Fiat,MOBI LIKE 1.0 Fire Flex 5p.,2025,001461-3,Flex,1,F,julho de 2026 ,2fr79c7smfw3,"quarta-feira, 1 de julho de 2026 01:56",61105.0
335,1,,,2022,5,"R$ 59.656,00",Fiat,ARGO DRIVE 1.0 6V Flex,2022,001494-0,Flex,1,F,julho de 2026 ,1wsllxwgddlf,"quarta-feira, 1 de julho de 2026 01:56",59656.0
335,1,,,2023,5,"R$ 64.774,00",Fiat,ARGO DRIVE 1.0 6V Flex,2023,001494-0,Flex,1,F,julho de 2026 ,3tsty81fswpn,"quarta-feira, 1 de julho de 2026 01:56",64774.0
335,1,,,2024,5,"R$ 68.492,00",Fiat,ARGO DRIVE 1.0 6V Flex,2024,001494-0,Flex,1,F,julho de 2026 ,47c6rlgbmksw,"quarta-feira, 1 de julho de 2026 01:56",68492.0
335,1,,,2025,5,"R$ 71.232,00",Fiat,ARGO DRIVE 1.0 6V Flex,2025,001494-0,Flex,1,F,julho de 2026 ,58h3v1hnzhw3,"quarta-feira, 1 de julho de 2026 01:56",71232.0
335,1,,,2026,5,"R$ 78.623,00",Fiat,ARGO DRIVE 1.0 6V Flex,2026,001494-0,Flex,1,F,julho de 2026 ,815jddrbsl0b,"quarta-feira, 1 de julho de 2026 01:56",78623.0
335,1,,,2021,5,"R$ 72.884,00",Fiat,CRONOS PRECISION 1.8 16V Flex Aut.,2021,001502-4,Flex,1,F,julho de 2026 ,6wwkv8r6h3g6,"quarta-feira, 1 de julho de 2026 01:56",72884.0
335,1,,,2022,5,"R$ 67.097,00",Fiat,CRONOS DRIVE 1.3 8V Flex,2022,001505-9,Flex,1,F,julho de 2026 ,4p05h0lcw6lf,"quarta-feira, 1 de julho de 2026 01:56",67097.0
335,1,,,2023,5,"R$ 73.514,00",Fiat,CRONOS DRIVE 1.3 8V Flex,2023,001505-9,Flex,1,F,julho de 2026 ,638kfpyv86pn,"quarta-feira, 1 de julho de 2026 01:56",73514.0
335,1,,,2024,5,"R$ 80.926,00",Fiat,CRONOS DRIVE 1.3 8V Flex,2024,001505-9,Flex,1,F,julho de 2026 ,9x5lk7tbmpsw,"quarta-feira, 1 de julho de 2026 01:56",80926.0
335,1,,,2025,5,"R$ 86.267,00",Fiat,CRONOS DRIVE 1.3 8V Flex,2025,001505-9,Flex,1,F,julho de 2026 ,ccyswl7m7q4w3,"quarta-feira, 1 de julho de 2026 01:56",86267.0
335,1,,,2022,5,"R$ 66.051,00",Fiat,CRONOS 1.3 8V Flex,2022,001506-7,Flex,1,F,julho de 2026 ,39rzm4r5g7lf,"quarta-feira, 1 de julho de 2026 01:56",66051.0
335,1,,,2022,5,"R$ 57.936,00",Fiat,ARGO 1.0 6V Flex,2022,001509-1,Flex,1,F,julho de 2026 ,07mfdf05h1dny,"quarta-feira, 1 de julho de 2026 01:56",57936.0
335,1,,,2023,5,"R$ 62.294,00",Fiat,ARGO 1.0 6V Flex,2023,001509-1,Flex,1,F,julho de 2026 ,2wqfd3v8tydr5,"quarta-feira, 1 de julho de 2026 01:56",62294.0
335,1,,,2024,5,"R$ 65.763,00",Fiat,ARGO 1.0 6V Flex,2024,001509-1,Flex,1,F,julho de 2026 ,36c9k4c63gdwd,"quarta-feira, 1 de julho de 2026 01:56",65763.0
335,1,,,2025,5,"R$ 70.764,00",Fiat,ARGO 1.0 6V Flex,2025,001509-1,Flex,1,F,julho de 2026 ,5200m102p2dzm,"quarta-feira, 1 de julho de 2026 01:56",70764.0
335,1,,,2024,5,"R$ 82.568,00",Fiat,ARGO TREKKING 1.3 8V Flex,2024,001519-9,Flex,1,F,julho de 2026 ,cbkfdxj3wszsw,"quarta-feira, 1 de julho de 2026 01:56",82568.0
335,1,,,2025,5,"R$ 86.637,00",Fiat,ARGO TREKKING 1.3 8V Flex,2025,001519-9,Flex,1,F,julho de 2026 ,cc24cl42408w3,"quarta-feira, 1 de julho de 2026 01:56",86637.0
335,1,,,2022,5,"R$ 69.009,00",Fiat,Strada Endurance 1.4 Flex 8V CS Plus,2022,001526-1,Flex,1,F,julho de 2026 ,5ff32svq45lf,"quarta-feira, 1 de julho de 2026 01:56",69009.0
335,1,,,2023,5,"R$ 74.801,00",Fiat,Strada Endurance 1.4 Flex 8V CS Plus,2023,001526-1,Flex,1,F,julho de 2026 ,7mcbsjnq0cpn,"quarta-feira, 1 de julho de 2026 01:56",74801.0
335,1,,,2022,5,"R$ 76.045,00",Fiat,Strada Freedom 1.3 Flex 8V  CS Plus,2022,001527-0,Flex,1,F,julho de 2026 ,72yhmn1pj8lf,"quarta-feira, 1 de julho de 2026 01:56",76045.0
335,1,,,2023,5,"R$ 81.859,00",Fiat,Strada Freedom 1.3 Flex 8V  CS Plus,2023,001527-0,Flex,1,F,julho de 2026 ,983p6wk950pn,"quarta-feira, 1 de julho de 2026 01:56",81859.0
335,1,,,2024,5,"R$ 90.435,00",Fiat,Strada Freedom 1.3 Flex 8V  CS Plus,2024,001527-0,Flex,1,F,julho de 2026 ,cfjnts0wxy7sw,"quarta-feira, 1 de julho de 2026 01:57",90435.0
335,1,,,2025,5,"R$ 92.850,00",Fiat,Strada Freedom 1.3 Flex 8V  CS Plus,2025,001527-0,Flex,1,F,julho de 2026 ,cgfzlytlxrrw3,"quarta-feira, 1 de julho de 2026 01:57",92850.0
335,1,,,2023,5,"R$ 96.428,00",Fiat,Strada Freedom 1.3 Flex 8V CD,2023,001530-0,Flex,1,F,julho de 2026 ,chsx28xm7r3pn,"quarta-feira, 1 de julho de 2026 01:57",96428.0
335,1,,,2024,5,"R$ 100.131,00",Fiat,Strada Freedom 1.3 Flex 8V CD,2024,001530-0,Flex,1,F,julho de 2026 ,f3qsw2h4gfdwd,"quarta-feira, 1 de julho de 2026 01:57",100131.0
335,1,,,2025,5,"R$ 108.219,00",Fiat,Strada Freedom 1.3 Flex 8V CD,2025,001530-0,Flex,1,F,julho de 2026 ,gd6r2984zwdzm,"quarta-feira, 1 de julho de 2026 01:57",108219.0
335,1,,,2021,5,"R$ 74.369,00",Fiat,Fiorino Endurance EVO 1.4 Flex 8V 2p,2021,001531-8,Flex,1,F,julho de 2026 ,7f896c4lqmg6,"quarta-feira, 1 de julho de 2026 01:57",74369.0
335,1,,,2023,5,"R$ 83.566,00",Fiat,Fiorino Endurance EVO 1.4 Flex 8V 2p,2023,001531-8,Flex,1,F,julho de 2026 ,cbx34x9h9z0pn,"quarta-feira, 1 de julho de 2026 01:57",83566.0
335,1,,,2024,5,"R$ 89.564,00",Fiat,Fiorino Endurance EVO 1.4 Flex 8V 2p,2024,001531-8,Flex,1,F,julho de 2026 ,cd6f7rnwt2fsw,"quarta-feira, 1 de julho de 2026 01:57",89564.0
335,1,,,2025,5,"R$ 97.961,00",Fiat,Fiorino Endurance EVO 1.4 Flex 8V 2p,2025,001531-8,Flex,1,F,julho de 2026 ,cjcw9f3zsqsw3,"quarta-feira, 1 de julho de 2026 01:57",97961.0
335,1,,,2021,5,"R$ 52.308,00",Fiat,Grand Siena 1.4 EVO Flex 8V 4p,2021,001532-6,Flex,1,F,julho de 2026 ,y3mtk790fjg6,"quarta-feira, 1 de julho de 2026 01:57",52308.0
335,1,,,2021,5,"R$ 72.573,00",Fiat,Fiorino Working 1.4 Flex 8V 2p,2021,001534-2,Flex,1,F,julho de 2026 ,6r7jnr8hgkg6,"quarta-feira, 1 de julho de 2026 01:57",72573.0
335,1,,,2024,5,"R$ 61.172,00",Fiat,MOBI TREKKING 1.0 Flex 5p.,2024,001536-9,Flex,1,F,julho de 2026 ,2gkl65c6rvsw,"quarta-feira, 1 de julho de 2026 01:57",61172.0
335,1,,,2025,5,"R$ 66.772,00",Fiat,MOBI TREKKING 1.0 Flex 5p.,2025,001536-9,Flex,1,F,julho de 2026 ,4k61kdcj12w3,"quarta-feira, 1 de julho de 2026 01:57",66772.0
335,1,,,2022,5,"R$ 105.125,00",Fiat,Toro Freedom 1.3 T270 4x2 Flex Aut.,2022,001538-5,Flex,1,F,julho de 2026 ,f9k9xnqxlgdny,"quarta-feira, 1 de julho de 2026 01:57",105125.0
335,1,,,2023,5,"R$ 113.867,00",Fiat,Toro Freedom 1.3 T270 4x2 Flex Aut.,2023,001538-5,Flex,1,F,julho de 2026 ,gmt10rtq4gdr5,"quarta-feira, 1 de julho de 2026 01:57",113867.0
335,1,,,2024,5,"R$ 123.834,00",Fiat,Toro Freedom 1.3 T270 4x2 Flex Aut.,2024,001538-5,Flex,1,F,julho de 2026 ,g0jbdd3vfqdwd,"quarta-feira, 1 de julho de 2026 01:57",123834.0
335,1,,,2025,5,"R$ 130.945,00",Fiat,Toro Freedom 1.3 T270 4x2 Flex Aut.,2025,001538-5,Flex,1,F,julho de 2026 ,g8vsrl5dbxdzm,"quarta-feira, 1 de julho de 2026 01:57",130945.0
335,1,,,2025,5,"R$ 147.052,00",Fiat,Toro Volcano 1.3 T270 4x2 Flex Aut.,2025,001539-3,Flex,1,F,julho de 2026 ,hwq7dznpdfdzm,"quarta-feira, 1 de julho de 2026 01:57",147052.0
335,1,,,2022,5,"R$ 87.700,00",Fiat,PULSE AUDACE 1.0 Turbo 200 Flex Aut.,2022,001542-3,Flex,1,F,julho de 2026 ,cdhlq011sm5lf,"quarta-feira, 1 de julho de 2026 01:57",87700.0
335,1,,,2023,5,"R$ 94.056,00",Fiat,PULSE AUDACE 1.0 Turbo 200 Flex Aut.,2023,001542-3,Flex,1,F,julho de 2026 ,cgw3ymsvlzbpn,"quarta-feira, 1 de julho de 2026 01:57",94056.0
335,1,,,2024,5,"R$ 99.095,00",Fiat,PULSE AUDACE 1.0 Turbo 200 Flex Aut.,2024,001542-3,Flex,1,F,julho de 2026 ,cjs6gvw6nk2sw,"quarta-feira, 1 de julho de 2026 01:57",99095.0
335,1,,,2025,5,"R$ 105.044,00",Fiat,PULSE AUDACE 1.0 Turbo 200 Flex Aut.,2025,001542-3,Flex,1,F,julho de 2026 ,f9hcncyggrdzm,"quarta-feira, 1 de julho de 2026 01:57",105044.0
335,1,,,2024,5,"R$ 92.054,00",Fiat,PULSE DRIVE 1.3 8V Flex Aut.,2024,001544-0,Flex,1,F,julho de 2026 ,cf4m8zkdkzysw,"quarta-feira, 1 de julho de 2026 01:57",92054.0
335,1,,,2025,5,"R$ 97.265,00",Fiat,PULSE DRIVE 1.3 8V Flex Aut.,2025,001544-0,Flex,1,F,julho de 2026 ,ch3q9683bwfw3,"quarta-feira, 1 de julho de 2026 01:57",97265.0
335,1,,,2025,5,"R$ 120.661,00",Fiat,Strada Volcano 1.3 Flex 8V CD Aut.,2025,001549-0,Flex,1,F,julho de 2026 ,gwsz6bchqzdzm,"quarta-feira, 1 de julho de 2026 01:57",120661.0
335,1,,,2023,5,"R$ 64.658,00",Fiat,CRONOS DRIVE 1.0 6V Flex,2023,001553-9,Flex,1,F,julho de 2026 ,3sfnx6t3dhpn,"quarta-feira, 1 de julho de 2026 01:57",64658.0
335,1,,,2024,5,"R$ 75.003,00",Fiat,CRONOS DRIVE 1.0 6V Flex,2024,001553-9,Flex,1,F,julho de 2026 ,7pqrt0pdw1sw,"quarta-feira, 1 de julho de 2026 01:57",75003.0
335,1,,,2025,5,"R$ 79.034,00",Fiat,CRONOS DRIVE 1.0 6V Flex,2025,001553-9,Flex,1,F,julho de 2026 ,86zxcfyg36w3,"quarta-feira, 1 de julho de 2026 01:57",79034.0
335,1,,,2026,5,"R$ 88.039,00",Fiat,CRONOS DRIVE 1.0 6V Flex,2026,001553-9,Flex,1,F,julho de 2026 ,cdmkyqvhjvm0b,"quarta-feira, 1 de julho de 2026 01:57",88039.0
335,1,,,2023,5,"R$ 79.924,00",Fiat,CRONOS DRIVE 1.3 8V Flex Aut.,2023,001554-7,Flex,1,F,julho de 2026 ,9kfdhddjg0pn,"quarta-feira, 1 de julho de 2026 01:57",79924.0
335,1,,,2024,5,"R$ 82.370,00",Fiat,CRONOS DRIVE 1.3 8V Flex Aut.,2024,001554-7,Flex,1,F,julho de 2026 ,cbg3fx9ysfjsw,"quarta-feira, 1 de julho de 2026 01:57",82370.0
335,1,,,2025,5,"R$ 92.746,00",Fiat,CRONOS DRIVE 1.3 8V Flex Aut.,2025,001554-7,Flex,1,F,julho de 2026 ,cgdrs37nb22w3,"quarta-feira, 1 de julho de 2026 01:57",92746.0
335,1,,,2023,5,"R$ 111.474,00",Fiat,Fastback Limited Ed.1.3 270 T.Flex Aut.,2023,001556-3,Flex,1,F,julho de 2026 ,gj02pls660dr5,"quarta-feira, 1 de julho de 2026 01:57",111474.0
335,1,,,2024,5,"R$ 119.987,00",Fiat,Fastback Limited Ed.1.3 270 T.Flex Aut.,2024,001556-3,Flex,1,F,julho de 2026 ,gv0hrvvrftdwd,"quarta-feira, 1 de julho de 2026 01:57",119987.0
335,1,,,2025,5,"R$ 129.181,00",Fiat,Fastback Limited Ed.1.3 270 T.Flex Aut.,2025,001556-3,Flex,1,F,julho de 2026 ,g6sn414183dzm,"quarta-feira, 1 de julho de 2026 01:57",129181.0
335,1,,,2023,5,"R$ 107.341,00",Fiat,Fastback Impetus 1.0 200 T. Flex Aut,2023,001557-1,Flex,1,F,julho de 2026 ,gc5vs73r9jdr5,"quarta-feira, 1 de julho de 2026 01:57",107341.0
335,1,,,2024,5,"R$ 115.348,00",Fiat,Fastback Impetus 1.0 200 T. Flex Aut,2024,001557-1,Flex,1,F,julho de 2026 ,gpkwq62tz5dwd,"quarta-feira, 1 de julho de 2026 01:57",115348.0
335,1,,,2025,5,"R$ 121.122,00",Fiat,Fastback Impetus 1.0 200 T. Flex Aut,2025,001557-1,Flex,1,F,julho de 2026 ,gxbrmryds9dzm,"quarta-feira, 1 de julho de 2026 01:57",121122.0
335,1,,,2023,5,"R$ 103.216,00",Fiat,Fastback Audace 1.0 200 T. Flex Aut,2023,001558-0,Flex,1,F,julho de 2026 ,f7bxybxs55dr5,"quarta-feira, 1 de julho de 2026 01:57",103216.0
335,1,,,2025,5,"R$ 114.364,00",Fiat,Fastback Audace 1.0 200 T. Flex Aut,2025,001558-0,Flex,1,F,julho de 2026 ,gnd30nn18zdzm,"quarta-feira, 1 de julho de 2026 01:57",114364.0
335,1,,,2024,5,"R$ 109.531,00",Fiat,Fastback Audace 1.0 200 T. Flex Aut,2024,001558-0,Flex,1,F,julho de 2026 ,ggrgdp89yjdwd,"quarta-feira, 1 de julho de 2026 01:57",109531.0
335,1,,,2024,5,"R$ 77.891,00",Fiat,Strada Endurance 1.3 Flex 8V CS Plus,2024,001569-5,Flex,1,F,julho de 2026 ,8slgjqg3mndwd,"quarta-feira, 1 de julho de 2026 01:57",77891.0
335,1,,,2025,5,"R$ 86.012,00",Fiat,Strada Endurance 1.3 Flex 8V CS Plus,2025,001569-5,Flex,1,F,julho de 2026 ,ccvs6cx97mhdzm,"quarta-feira, 1 de julho de 2026 01:57",86012.0
335,1,,,2025,5,"R$ 88.315,00",Fiat,ARGO TREKKING 1.3 8V Flex Aut.,2025,001562-8,Flex,1,F,julho de 2026 ,cdqs8kr1yd8dzm,"quarta-feira, 1 de julho de 2026 01:57",88315.0
335,1,,,2025,6,"R$ 117.746,00",Fiat,Fastback Audace 200 TB Aut (Hibrído),2025,001578-4,Híbrido,1,H,julho de 2026 ,gsc1pz75s1dzy,"quarta-feira, 1 de julho de 2026 01:57",117746.0
335,1,,,2025,6,"R$ 124.778,00",Fiat,Fastback Impetus 200 T. Aut (Hibrído),2025,001577-6,Híbrido,1,H,julho de 2026 ,g1mm1r34bsdzy,"quarta-feira, 1 de julho de 2026 01:57",124778.0
335,1,,,2025,6,"R$ 107.493,00",Fiat,PULSE AUDACE Turbo 200  Aut. (Hibrído),2025,001579-2,Híbrido,1,H,julho de 2026 ,gdcc2jl7vfdzy,"quarta-feira, 1 de julho de 2026 01:57",107493.0
335,1,,,2025,3,"R$ 161.863,00",Fiat,Toro Volcano 2.2 16V 4x4 TB Diesel Aut.,2025,001586-5,Diesel,1,D,julho de 2026 ,jf3kssch1vdyz,"quarta-feira, 1 de julho de 2026 01:57",161863.0
335,1,,,2025,3,"R$ 223.842,00",Toyota,Hilux CD 4x4 2.8 Diesel Mec.,2025,002015-0,Diesel,1,D,julho de 2026 ,lsr9z2vz5zdyz,"quarta-feira, 1 de julho de 2026 01:57",223842.0
335,1,,,2022,5,"R$ 122.084,00",Toyota,Corolla XEi 2.0 Flex 16V Aut.,2022,002111-3,Flex,1,F,julho de 2026 ,gygqkwx4xjdny,"quarta-feira, 1 de julho de 2026 01:57",122084.0
335,1,,,2024,3,"R$ 184.979,00",Toyota,Hilux CD 4x4 2.8 Diesel Mec.,2024,002015-0,Diesel,1,D,julho de 2026 ,j96rwj46yndvr,"quarta-feira, 1 de julho de 2026 01:58",184979.0
335,1,,,2023,5,"R$ 127.417,00",Toyota,Corolla XEi 2.0 Flex 16V Aut.,2023,002111-3,Flex,1,F,julho de 2026 ,g4qkkkh8d1dr5,"quarta-feira, 1 de julho de 2026 01:58",127417.0
335,1,,,2024,5,"R$ 141.188,00",Toyota,Corolla XEi 2.0 Flex 16V Aut.,2024,002111-3,Flex,1,F,julho de 2026 ,hnv23r61nndwd,"quarta-feira, 1 de julho de 2026 01:58",141188.0
335,1,,,2025,5,"R$ 157.635,00",Toyota,Corolla XEi 2.0 Flex 16V Aut.,2025,002111-3,Flex,1,F,julho de 2026 ,h84wv4x4kfdzm,"quarta-feira, 1 de julho de 2026 01:58",157635.0
335,1,,,2023,5,"R$ 143.255,00",Toyota,Corolla ALTIS/A.Premiu. 2.0 Flex 16V Aut,2023,002112-1,Flex,1,F,julho de 2026 ,hq863xxm7ndr5,"quarta-feira, 1 de julho de 2026 01:58",143255.0
335,1,,,2024,3,"R$ 216.847,00",Toyota,Hilux CD SR 4x4 2.8 TDI Diesel Aut.,2024,002142-3,Diesel,1,D,julho de 2026 ,ljk2bql6wqdvr,"quarta-feira, 1 de julho de 2026 01:58",216847.0
335,1,,,2023,3,"R$ 250.498,00",Toyota,Hilux CD SRX 4x4 2.8 TDI 16V Diesel Aut.,2023,002141-5,Diesel,1,D,julho de 2026 ,ms05s107qfdrj,"quarta-feira, 1 de julho de 2026 01:58",250498.0
335,1,,,2024,3,"R$ 193.261,00",Toyota,Hilux CS 4x4 2.8 TDI Diesel Mec.,2024,002144-0,Diesel,1,D,julho de 2026 ,kmxsn33d46dvr,"quarta-feira, 1 de julho de 2026 01:58",193261.0
335,1,,,2025,3,"R$ 251.047,00",Toyota,Hilux CD SR 4x4 2.8 TDI Diesel Aut.,2025,002142-3,Diesel,1,D,julho de 2026 ,mtn4c91m8bdyz,"quarta-feira, 1 de julho de 2026 01:58",251047.0
335,1,,,2025,3,"R$ 212.987,00",Toyota,Hilux CS 4x4 2.8 TDI Diesel Mec.,2025,002144-0,Diesel,1,D,julho de 2026 ,lc1r13p6pcdyz,"quarta-feira, 1 de julho de 2026 01:58",212987.0
335,1,,,2024,3,"R$ 323.901,00",Toyota,Hilux SW4 SRX 4x4 2.8 TDI 16V Dies. Aut.,2024,002146-6,Diesel,1,D,julho de 2026 ,qk2416dj0tdvr,"quarta-feira, 1 de julho de 2026 01:58",323901.0
335,1,,,2025,5,"R$ 96.685,00",Toyota,YARIS XL Sedan 1.5 Flex 16V 4p Aut.,2025,002168-7,Flex,1,F,julho de 2026 ,chwyh1jqt08w3,"quarta-feira, 1 de julho de 2026 01:58",96685.0
335,1,,,2024,5,"R$ 89.663,00",Toyota,YARIS XL Sedan 1.5 Flex 16V 4p Aut.,2024,002168-7,Flex,1,F,julho de 2026 ,cd7l67r8scpsw,"quarta-feira, 1 de julho de 2026 01:58",89663.0
335,1,,,2024,5,"R$ 124.276,00",Toyota,Corolla GLi 2.0 16V Flex Aut.,2024,002181-4,Flex,1,F,julho de 2026 ,g01dd6389ydwd,"quarta-feira, 1 de julho de 2026 01:58",124276.0
335,1,,,2023,6,"R$ 141.176,00",Toyota,Corolla Altis 1.8 16V Aut. (Híbrido),2023,002182-2,Híbrido,1,H,julho de 2026 ,hnvnlmzxc2dsh,"quarta-feira, 1 de julho de 2026 01:58",141176.0
335,1,,,2023,6,"R$ 145.494,00",Toyota,Corolla Cross XRV 1.8 16V Aut. (Híbrido),2023,002200-4,Híbrido,1,H,julho de 2026 ,htxlxxzjv5dsh,"quarta-feira, 1 de julho de 2026 01:58",145494.0
335,1,,,2024,5,"R$ 142.236,00",Toyota,Corolla Cross XR 2.0 16V Flex Aut.,2024,002201-2,Flex,1,F,julho de 2026 ,hp25yt2hqcdwd,"quarta-feira, 1 de julho de 2026 01:58",142236.0
335,1,,,2024,6,"R$ 160.719,00",Toyota,Corolla Altis 1.8 16V Aut. (Híbrido),2024,002182-2,Híbrido,1,H,julho de 2026 ,jdrzsjxwzsdwq,"quarta-feira, 1 de julho de 2026 01:58",160719.0
335,1,,,2023,5,"R$ 136.469,00",Toyota,Corolla Cross XRE 2.0 16V Flex Aut.,2023,002203-9,Flex,1,F,julho de 2026 ,hhbkysw622dr5,"quarta-feira, 1 de julho de 2026 01:58",136469.0
335,1,,,2024,5,"R$ 148.376,00",Toyota,Corolla Cross XRE 2.0 16V Flex Aut.,2024,002203-9,Flex,1,F,julho de 2026 ,hx9b7j8pgmdwd,"quarta-feira, 1 de julho de 2026 01:58",148376.0
335,1,,,2025,5,"R$ 163.887,00",Toyota,Corolla Cross XRE 2.0 16V Flex Aut.,2025,002203-9,Flex,1,F,julho de 2026 ,jjg4bzkwh9dzm,"quarta-feira, 1 de julho de 2026 01:58",163887.0
335,1,,,2023,5,"R$ 83.848,00",Toyota,YARIS XL 1.5 Flex 16V 5p Aut.,2023,002207-1,Flex,1,F,julho de 2026 ,cb1fnc922tspn,"quarta-feira, 1 de julho de 2026 01:58",83848.0
335,1,,,2024,5,"R$ 89.422,00",Toyota,YARIS XL 1.5 Flex 16V 5p Aut.,2024,002207-1,Flex,1,F,julho de 2026 ,cd4smrwvc8tsw,"quarta-feira, 1 de julho de 2026 01:58",89422.0
335,1,,,2024,6,"R$ 166.120,00",Toyota,Corolla Cross XRX 1.8 16V Aut. (Híbrido),2024,002204-7,Híbrido,1,H,julho de 2026 ,jl29ddrk52dwq,"quarta-feira, 1 de julho de 2026 01:58",166120.0
335,1,,,2025,5,"R$ 95.509,00",Toyota,YARIS XL 1.5 Flex 16V 5p Aut.,2025,002207-1,Flex,1,F,julho de 2026 ,chf42df79slw3,"quarta-feira, 1 de julho de 2026 01:58",95509.0
335,1,,,2024,6,"R$ 292.401,00",Toyota,RAV4 2.5 XSE 4x4 Aut. (Híbrido),2024,002217-9,Híbrido,1,H,julho de 2026 ,pc4671sdxsdwq,"quarta-feira, 1 de julho de 2026 01:58",292401.0
335,1,,,2023,3,"R$ 154.975,00",Ford,Ranger XLS 2.2 4x4 CD Diesel Aut.,2023,003421-5,Diesel,1,D,julho de 2026 ,h506pv5tvkdrj,"quarta-feira, 1 de julho de 2026 01:58",154975.0
335,1,,,2023,1,"R$ 177.395,00",Ford,Bronco Sport Wildtrak 2.0 Tb 16V AWD Aut,2023,003481-9,Gasolina,1,G,julho de 2026 ,j093krmhvmdqw,"quarta-feira, 1 de julho de 2026 01:58",177395.0
335,1,,,2023,3,"R$ 186.379,00",Ford,Ranger Limited 3.2 4x4 CD Diesel Aut.,2023,003364-2,Diesel,1,D,julho de 2026 ,kcvnbrdxcgdrj,"quarta-feira, 1 de julho de 2026 01:58",186379.0
335,1,,,2023,3,"R$ 158.932,00",GM - Chevrolet,S10 Pick-Up LT 2.8 TDI 4x4 CD Diesel Aut,2023,004395-8,Diesel,1,D,julho de 2026 ,jbn08mp2bpdrj,"quarta-feira, 1 de julho de 2026 01:58",158932.0
335,1,,,2024,3,"R$ 180.068,00",GM - Chevrolet,S10 Pick-Up LT 2.8 TDI 4x4 CD Diesel Aut,2024,004395-8,Diesel,1,D,julho de 2026 ,j4f8c3s9zldvr,"quarta-feira, 1 de julho de 2026 01:58",180068.0
335,1,,,2023,3,"R$ 177.665,00",GM - Chevrolet,S10 Pick-Up LTZ 2.8 TDI 4x4 CD Dies.Aut,2023,004397-4,Diesel,1,D,julho de 2026 ,j1mxsplfx0drj,"quarta-feira, 1 de julho de 2026 01:58",177665.0
335,1,,,2025,3,"R$ 248.233,00",GM - Chevrolet,S10 Pick-Up LTZ 2.8 TDI 4x4 CD Dies.Aut,2025,004397-4,Diesel,1,D,julho de 2026 ,mqcvpwrsb6dyz,"quarta-feira, 1 de julho de 2026 01:58",248233.0
335,1,,,2021,3,"R$ 126.223,00",GM - Chevrolet,S10 Pick-Up LS 2.8 TDI 4x4 CD Dies. Mec.,2021,004413-0,Diesel,1,D,julho de 2026 ,g2946tlrkldj2,"quarta-feira, 1 de julho de 2026 01:58",126223.0
335,1,,,2024,3,"R$ 194.903,00",GM - Chevrolet,S10 Pick-Up LTZ 2.8 TDI 4x4 CD Dies.Aut,2024,004397-4,Diesel,1,D,julho de 2026 ,kpvgs7xnb1dvr,"quarta-feira, 1 de julho de 2026 01:58",194903.0
335,1,,,2024,3,"R$ 167.583,00",GM - Chevrolet,S10 Pick-Up LS 2.8 TDI 4x4 CD Dies. Mec.,2024,004413-0,Diesel,1,D,julho de 2026 ,jntgt4wsfpdvr,"quarta-feira, 1 de julho de 2026 01:58",167583.0
335,1,,,2023,3,"R$ 141.921,00",GM - Chevrolet,S10 Pick-Up LS 2.8 TDI 4x4 CD Dies. Mec.,2023,004413-0,Diesel,1,D,julho de 2026 ,hpqq01thfsdrj,"quarta-feira, 1 de julho de 2026 01:58",141921.0
335,1,,,2025,5,"R$ 118.890,00",GM - Chevrolet,SPIN LT 1.8 8V Econo.Flex 5p Aut.,2025,004415-6,Flex,1,F,julho de 2026 ,gtqmp856l8dzm,"quarta-feira, 1 de julho de 2026 01:58",118890.0
335,1,,,2025,5,"R$ 111.701,00",GM - Chevrolet,SPIN LTZ 1.8 8V Econo.Flex 5p Aut.,2025,004417-2,Flex,1,F,julho de 2026 ,gj9bglr778dzm,"quarta-feira, 1 de julho de 2026 01:58",111701.0
335,1,,,2022,5,"R$ 60.530,00",GM - Chevrolet,SPIN LS 1.8 8V Econo.Flex 5p Mec.,2022,004435-0,Flex,1,F,julho de 2026 ,1608f3rdmqlf,"quarta-feira, 1 de julho de 2026 01:58",60530.0
335,1,,,2023,5,"R$ 90.902,00",GM - Chevrolet,SPIN PREMIER 1.8 8V Econo.Flex 5p Aut.,2023,004494-6,Flex,1,F,julho de 2026 ,cfp4krgdhxfpn,"quarta-feira, 1 de julho de 2026 01:58",90902.0
335,1,,,2024,5,"R$ 99.098,00",GM - Chevrolet,SPIN PREMIER 1.8 8V Econo.Flex 5p Aut.,2024,004494-6,Flex,1,F,julho de 2026 ,cjs7knrj5ncsw,"quarta-feira, 1 de julho de 2026 01:58",99098.0
335,1,,,2025,5,"R$ 123.314,00",GM - Chevrolet,SPIN PREMIER 1.8 8V Econo.Flex 5p Aut.,2025,004494-6,Flex,1,F,julho de 2026 ,gzxfg3k250dzm,"quarta-feira, 1 de julho de 2026 01:58",123314.0
335,1,,,2023,3,"R$ 214.448,00",GM - Chevrolet,TRAILBLAZER PREMIER 2.8 TB Diesel Aut.,2023,004498-9,Diesel,1,D,julho de 2026 ,lfrv70sk2kdrj,"quarta-feira, 1 de julho de 2026 01:58",214448.0
335,1,,,2024,3,"R$ 223.073,00",GM - Chevrolet,TRAILBLAZER PREMIER 2.8 TB Diesel Aut.,2024,004498-9,Diesel,1,D,julho de 2026 ,lrwcjctsm5dvr,"quarta-feira, 1 de julho de 2026 01:58",223073.0
335,1,,,2023,5,"R$ 102.120,00",GM - Chevrolet,CRUZE LT 1.4 16V Turbo Flex 4p Aut.,2023,004470-9,Flex,1,F,julho de 2026 ,f5120p7jrwdr5,"quarta-feira, 1 de julho de 2026 01:58",102120.0
335,1,,,2024,5,"R$ 77.021,00",GM - Chevrolet,ONIX SEDAN Plus LT 1.0 12V TB Flex Mec.,2024,004500-4,Flex,1,F,julho de 2026 ,8gc7rxv0zdsw,"quarta-feira, 1 de julho de 2026 01:58",77021.0
335,1,,,2025,5,"R$ 84.020,00",GM - Chevrolet,ONIX SEDAN Plus LT 1.0 12V TB Flex Mec.,2025,004500-4,Flex,1,F,julho de 2026 ,cb3f5dxglk8w3,"quarta-feira, 1 de julho de 2026 01:58",84020.0
335,1,,,2020,5,"R$ 64.438,00",GM - Chevrolet,ONIX SEDAN Plus LT 1.0 12V TB Flex Aut.,2020,004501-2,Flex,1,F,julho de 2026 ,3pvp2d8m7mcz,"quarta-feira, 1 de julho de 2026 01:58",64438.0
335,1,,,2023,5,"R$ 74.933,00",GM - Chevrolet,ONIX SEDAN Plus LT 1.0 12V TB Flex Aut.,2023,004501-2,Flex,1,F,julho de 2026 ,7nw93cq07cpn,"quarta-feira, 1 de julho de 2026 01:59",74933.0
335,1,,,2023,5,"R$ 71.399,00",GM - Chevrolet,ONIX SEDAN Plus LT 1.0 12V TB Flex Mec.,2023,004500-4,Flex,1,F,julho de 2026 ,6bgtj641wmpn,"quarta-feira, 1 de julho de 2026 01:59",71399.0
335,1,,,2024,5,"R$ 82.551,00",GM - Chevrolet,ONIX SEDAN Plus LT 1.0 12V TB Flex Aut.,2024,004501-2,Flex,1,F,julho de 2026 ,cbj67cj40s2sw,"quarta-feira, 1 de julho de 2026 01:59",82551.0
335,1,,,2025,5,"R$ 92.170,00",GM - Chevrolet,ONIX SEDAN Plus LT 1.0 12V TB Flex Aut.,2025,004501-2,Flex,1,F,julho de 2026 ,cf50f0nw75jw3,"quarta-feira, 1 de julho de 2026 01:59",92170.0
335,1,,,2022,5,"R$ 74.010,00",GM - Chevrolet,ONIX SEDAN Plus LTZ 1.0 12V TB Flex Aut.,2022,004502-0,Flex,1,F,julho de 2026 ,692t4p5390lf,"quarta-feira, 1 de julho de 2026 01:59",74010.0
335,1,,,2023,5,"R$ 76.196,00",GM - Chevrolet,ONIX SEDAN Plus LTZ 1.0 12V TB Flex Aut.,2023,004502-0,Flex,1,F,julho de 2026 ,74qc03g3tlpn,"quarta-feira, 1 de julho de 2026 01:59",76196.0
335,1,,,2025,5,"R$ 92.751,00",GM - Chevrolet,ONIX SEDAN Plus LTZ 1.0 12V TB Flex Aut.,2025,004502-0,Flex,1,F,julho de 2026 ,cgdtmgn0j6rw3,"quarta-feira, 1 de julho de 2026 01:59",92751.0
335,1,,,2023,5,"R$ 74.455,00",GM - Chevrolet,ONIX SEDAN Plus LTZ 1.0 12V TB Flex Mec.,2023,004503-9,Flex,1,F,julho de 2026 ,7g9k6pd5h1pn,"quarta-feira, 1 de julho de 2026 01:59",74455.0
335,1,,,2024,5,"R$ 82.658,00",GM - Chevrolet,ONIX SEDAN Plus LTZ 1.0 12V TB Flex Aut.,2024,004502-0,Flex,1,F,julho de 2026 ,cblg3z1fq1vsw,"quarta-feira, 1 de julho de 2026 01:59",82658.0
335,1,,,2023,5,"R$ 81.405,00",GM - Chevrolet,ONIX SED. Plus PREM. 1.0 12V TB Flex Aut,2023,004504-7,Flex,1,F,julho de 2026 ,93spq7x10qpn,"quarta-feira, 1 de julho de 2026 01:59",81405.0
335,1,,,2024,5,"R$ 92.498,00",GM - Chevrolet,ONIX SED. Plus PREM. 1.0 12V TB Flex Aut,2024,004504-7,Flex,1,F,julho de 2026 ,cf9vnr6l2fxsw,"quarta-feira, 1 de julho de 2026 01:59",92498.0
335,1,,,2025,5,"R$ 83.121,00",GM - Chevrolet,ONIX HATCH 1.0 12V TB Flex 5p Aut.,2025,004511-0,Flex,1,F,julho de 2026 ,cbrxdv9y2gjw3,"quarta-feira, 1 de julho de 2026 01:59",83121.0
335,1,,,2025,5,"R$ 100.008,00",GM - Chevrolet,ONIX SED. Plus PREM. 1.0 12V TB Flex Aut,2025,004504-7,Flex,1,F,julho de 2026 ,f3k99rkf4xdzm,"quarta-feira, 1 de julho de 2026 01:59",100008.0
335,1,,,2022,5,"R$ 68.586,00",GM - Chevrolet,ONIX HATCH LT 1.0 12V TB Flex 5p Mec.,2022,004512-8,Flex,1,F,julho de 2026 ,48hcw831yplf,"quarta-feira, 1 de julho de 2026 01:59",68586.0
335,1,,,2023,5,"R$ 71.154,00",GM - Chevrolet,ONIX HATCH LT 1.0 12V TB Flex 5p Mec.,2023,004512-8,Flex,1,F,julho de 2026 ,57lrz3tn0wpn,"quarta-feira, 1 de julho de 2026 01:59",71154.0
335,1,,,2025,5,"R$ 83.725,00",GM - Chevrolet,ONIX HATCH LT 1.0 12V TB Flex 5p Mec.,2025,004512-8,Flex,1,F,julho de 2026 ,cbzzyg2xvkgw3,"quarta-feira, 1 de julho de 2026 01:59",83725.0
335,1,,,2024,5,"R$ 76.821,00",GM - Chevrolet,ONIX HATCH LT 1.0 12V TB Flex 5p Mec.,2024,004512-8,Flex,1,F,julho de 2026 ,8c1j713ryxsw,"quarta-feira, 1 de julho de 2026 01:59",76821.0
335,1,,,2023,5,"R$ 73.021,00",GM - Chevrolet,ONIX HATCH LTZ 1.0 12V TB Flex 5p Mec.,2023,004513-6,Flex,1,F,julho de 2026 ,6yhcjmjgmjpn,"quarta-feira, 1 de julho de 2026 01:59",73021.0
335,1,,,2025,5,"R$ 94.002,00",GM - Chevrolet,ONIX HATCH LT 1.0 12V TB Flex 5p Aut.,2025,004514-4,Flex,1,F,julho de 2026 ,cgwg95wbh3sw3,"quarta-feira, 1 de julho de 2026 01:59",94002.0
335,1,,,2024,5,"R$ 86.467,00",GM - Chevrolet,ONIX HATCH LTZ 1.0 12V TB Flex 5p Aut.,2024,004515-2,Flex,1,F,julho de 2026 ,cc04k336xgzsw,"quarta-feira, 1 de julho de 2026 01:59",86467.0
335,1,,,2025,5,"R$ 96.104,00",GM - Chevrolet,ONIX HATCH LTZ 1.0 12V TB Flex 5p Aut.,2025,004515-2,Flex,1,F,julho de 2026 ,chn4blj6dlbw3,"quarta-feira, 1 de julho de 2026 01:59",96104.0
335,1,,,2023,5,"R$ 80.908,00",GM - Chevrolet,ONIX HATCH LTZ 1.0 12V TB Flex 5p Aut.,2023,004515-2,Flex,1,F,julho de 2026 ,9xy1ry99zcpn,"quarta-feira, 1 de julho de 2026 01:59",80908.0
335,1,,,2024,5,"R$ 90.984,00",GM - Chevrolet,ONIX HATCH PREM. 1.0 12V TB Flex 5p Aut.,2024,004516-0,Flex,1,F,julho de 2026 ,cfq3cplssq1sw,"quarta-feira, 1 de julho de 2026 01:59",90984.0
335,1,,,2025,5,"R$ 96.832,00",GM - Chevrolet,ONIX HATCH PREM. 1.0 12V TB Flex 5p Aut.,2025,004516-0,Flex,1,F,julho de 2026 ,chynyctj698w3,"quarta-feira, 1 de julho de 2026 01:59",96832.0
335,1,,,2022,5,"R$ 62.843,00",GM - Chevrolet,ONIX HATCH LT 1.0 12V Flex 5p Mec.,2022,004517-9,Flex,1,F,julho de 2026 ,224y9zgjcclf,"quarta-feira, 1 de julho de 2026 01:59",62843.0
335,1,,,2023,5,"R$ 66.792,00",GM - Chevrolet,ONIX HATCH LT 1.0 12V Flex 5p Mec.,2023,004517-9,Flex,1,F,julho de 2026 ,4lf9w8j3z9pn,"quarta-feira, 1 de julho de 2026 01:59",66792.0
335,1,,,2023,5,"R$ 81.168,00",GM - Chevrolet,ONIX HATCH PREM. 1.0 12V TB Flex 5p Aut.,2023,004516-0,Flex,1,F,julho de 2026 ,900kbhlnhtpn,"quarta-feira, 1 de julho de 2026 01:59",81168.0
335,1,,,2024,5,"R$ 70.260,00",GM - Chevrolet,ONIX HATCH LT 1.0 12V Flex 5p Mec.,2024,004517-9,Flex,1,F,julho de 2026 ,5w3tszx60nsw,"quarta-feira, 1 de julho de 2026 01:59",70260.0
335,1,,,2025,5,"R$ 73.211,00",GM - Chevrolet,ONIX HATCH LT 1.0 12V Flex 5p Mec.,2025,004517-9,Flex,1,F,julho de 2026 ,60qfcj49xmw3,"quarta-feira, 1 de julho de 2026 01:59",73211.0
335,1,,,2023,5,"R$ 67.661,00",GM - Chevrolet,ONIX SEDAN Plus LT 1.0 12V Flex 4p Mec.,2023,004518-7,Flex,1,F,julho de 2026 ,4xm5d1dctqpn,"quarta-feira, 1 de julho de 2026 01:59",67661.0
335,1,,,2024,5,"R$ 73.773,00",GM - Chevrolet,ONIX SEDAN Plus LT 1.0 12V Flex 4p Mec.,2024,004518-7,Flex,1,F,julho de 2026 ,669pqyxgxjsw,"quarta-feira, 1 de julho de 2026 01:59",73773.0
335,1,,,2025,5,"R$ 78.372,00",GM - Chevrolet,ONIX SEDAN Plus LT 1.0 12V Flex 4p Mec.,2025,004518-7,Flex,1,F,julho de 2026 ,8y687knrn9w3,"quarta-feira, 1 de julho de 2026 01:59",78372.0
335,1,,,2021,5,"R$ 58.959,00",GM - Chevrolet,ONIX HATCH 1.0 12V Flex 5p Mec.,2021,004519-5,Flex,1,F,julho de 2026 ,1ml73tg9dzg6,"quarta-feira, 1 de julho de 2026 01:59",58959.0
335,1,,,2024,5,"R$ 69.049,00",GM - Chevrolet,ONIX HATCH 1.0 12V Flex 5p Mec.,2024,004519-5,Flex,1,F,julho de 2026 ,5fxnskpksdsw,"quarta-feira, 1 de julho de 2026 01:59",69049.0
335,1,,,2025,5,"R$ 70.842,00",GM - Chevrolet,ONIX HATCH 1.0 12V Flex 5p Mec.,2025,004519-5,Flex,1,F,julho de 2026 ,53ych86ltlw3,"quarta-feira, 1 de julho de 2026 01:59",70842.0
335,1,,,2024,5,"R$ 101.499,00",GM - Chevrolet,TRACKER LT 1.0 Turbo 12V Flex Aut.,2024,004522-5,Flex,1,F,julho de 2026 ,f5bh9jwl9tdwd,"quarta-feira, 1 de julho de 2026 01:59",101499.0
335,1,,,2023,5,"R$ 94.092,00",GM - Chevrolet,TRACKER LT 1.0 Turbo 12V Flex Aut.,2023,004522-5,Flex,1,F,julho de 2026 ,cgxj08cnz4kpn,"quarta-feira, 1 de julho de 2026 01:59",94092.0
335,1,,,2022,5,"R$ 104.818,00",GM - Chevrolet,TRACKER Premier 1.2 Turbo 12V Flex Aut.,2022,004525-0,Flex,1,F,julho de 2026 ,f864z98p59dny,"quarta-feira, 1 de julho de 2026 01:59",104818.0
335,1,,,2023,5,"R$ 107.589,00",GM - Chevrolet,TRACKER Premier 1.2 Turbo 12V Flex Aut.,2023,004525-0,Flex,1,F,julho de 2026 ,gdgv7sgkvhdr5,"quarta-feira, 1 de julho de 2026 01:59",107589.0
335,1,,,2024,5,"R$ 117.502,00",GM - Chevrolet,TRACKER Premier 1.2 Turbo 12V Flex Aut.,2024,004525-0,Flex,1,F,julho de 2026 ,gr25r7wpxwdwd,"quarta-feira, 1 de julho de 2026 01:59",117502.0
335,1,,,2025,5,"R$ 128.076,00",GM - Chevrolet,TRACKER Premier 1.2 Turbo 12V Flex Aut.,2025,004525-0,Flex,1,F,julho de 2026 ,g5hh219x3fdzm,"quarta-feira, 1 de julho de 2026 01:59",128076.0
335,1,,,2025,5,"R$ 104.986,00",GM - Chevrolet,TRACKER 1.0 Turbo 12V Flex Aut. ,2025,004526-8,Flex,1,F,julho de 2026 ,f9d79gtlbzdzm,"quarta-feira, 1 de julho de 2026 01:59",104986.0
335,1,,,2022,1,"R$ 143.802,00",GM - Chevrolet,EQUINOX Premier 1.5 Turbo 172cv Aut.,2022,004529-2,Gasolina,1,G,julho de 2026 ,hrx3f984cqdmn,"quarta-feira, 1 de julho de 2026 01:59",143802.0
335,1,,,2023,1,"R$ 152.357,00",GM - Chevrolet,EQUINOX Premier 1.5 Turbo 172cv Aut.,2023,004529-2,Gasolina,1,G,julho de 2026 ,h2y1vmgd26dqw,"quarta-feira, 1 de julho de 2026 01:59",152357.0
335,1,,,2024,1,"R$ 163.053,00",GM - Chevrolet,EQUINOX Premier 1.5 Turbo 172cv Aut.,2024,004529-2,Gasolina,1,G,julho de 2026 ,jhhtmtz5wqdt3,"quarta-feira, 1 de julho de 2026 01:59",163053.0
335,1,,,2023,5,"R$ 97.214,00",GM - Chevrolet,TRACKER LTZ 1.0 Turbo 12V Flex Aut.,2023,004532-2,Flex,1,F,julho de 2026 ,ch24sk79kt6pn,"quarta-feira, 1 de julho de 2026 01:59",97214.0
335,1,,,2024,5,"R$ 107.414,00",GM - Chevrolet,TRACKER LTZ 1.0 Turbo 12V Flex Aut.,2024,004532-2,Flex,1,F,julho de 2026 ,gc8h139sxfdwd,"quarta-feira, 1 de julho de 2026 01:59",107414.0
335,1,,,2025,5,"R$ 117.193,00",GM - Chevrolet,TRACKER LTZ 1.0 Turbo 12V Flex Aut.,2025,004532-2,Flex,1,F,julho de 2026 ,grqyl1v5nndzm,"quarta-feira, 1 de julho de 2026 01:59",117193.0
335,1,,,2025,5,"R$ 106.236,00",GM - Chevrolet,TRACKER LT 1.0 Turbo 12V Flex Aut.,2025,004522-5,Flex,1,F,julho de 2026 ,gbwpq78mxqdzm,"quarta-feira, 1 de julho de 2026 01:59",106236.0
335,1,,,2022,5,"R$ 98.401,00",GM - Chevrolet,TRACKER Premier 1.0 Turbo 12V Flex Aut.,2022,004533-0,Flex,1,F,julho de 2026 ,cjj165mmr01lf,"quarta-feira, 1 de julho de 2026 01:59",98401.0
335,1,,,2023,1,"R$ 137.580,00",GM - Chevrolet,EQUINOX RS 1.5 Turbo  Aut.,2023,004538-1,Gasolina,1,G,julho de 2026 ,hjmysclyb0dqw,"quarta-feira, 1 de julho de 2026 02:00",137580.0
335,1,,,2025,5,"R$ 110.559,00",GM - Chevrolet,MONTANA 1.2 Turbo Flex 12V 4p Mec.,2025,004539-0,Flex,1,F,julho de 2026 ,ghytp5f9qwdzm,"quarta-feira, 1 de julho de 2026 02:00",110559.0
335,1,,,2024,1,"R$ 161.912,00",GM - Chevrolet,EQUINOX RS 1.5 Turbo  Aut.,2024,004538-1,Gasolina,1,G,julho de 2026 ,jf5bz95kbgdt3,"quarta-feira, 1 de julho de 2026 02:00",161912.0
335,1,,,2024,5,"R$ 100.185,00",GM - Chevrolet,MONTANA LT 1.2  Turbo Flex 12V 4p Mec.,2024,004540-3,Flex,1,F,julho de 2026 ,f3srq7h0twdwd,"quarta-feira, 1 de julho de 2026 02:00",100185.0
335,1,,,2025,5,"R$ 110.885,00",GM - Chevrolet,MONTANA LT 1.2  Turbo Flex 12V 4p Mec.,2025,004540-3,Flex,1,F,julho de 2026 ,gjbn049jjgdzm,"quarta-feira, 1 de julho de 2026 02:00",110885.0
335,1,,,2024,5,"R$ 109.796,00",GM - Chevrolet,MONTANA LTZ 1.2 Turbo Flex 12V 4p Aut.,2024,004541-1,Flex,1,F,julho de 2026 ,gg12z0lckqdwd,"quarta-feira, 1 de julho de 2026 02:00",109796.0
335,1,,,2023,5,"R$ 97.449,00",GM - Chevrolet,MONTANA LT 1.2  Turbo Flex 12V 4p Mec.,2023,004540-3,Flex,1,F,julho de 2026 ,ch5w6f4l91jdr5,"quarta-feira, 1 de julho de 2026 02:00",97449.0
335,1,,,2024,5,"R$ 112.142,00",GM - Chevrolet,MONTANA PREMIER 1.2 Turbo Flex 12V Aut.,2024,004542-0,Flex,1,F,julho de 2026 ,gktccghqjwdwd,"quarta-feira, 1 de julho de 2026 02:00",112142.0
335,1,,,2025,5,"R$ 118.182,00",GM - Chevrolet,MONTANA LTZ 1.2 Turbo Flex 12V 4p Aut.,2025,004541-1,Flex,1,F,julho de 2026 ,gswwy7gfjzdzm,"quarta-feira, 1 de julho de 2026 02:00",118182.0
335,1,,,2025,5,"R$ 119.654,00",GM - Chevrolet,MONTANA PREMIER 1.2 Turbo Flex 12V Aut.,2025,004542-0,Flex,1,F,julho de 2026 ,gvmdkcbbp1dzm,"quarta-feira, 1 de julho de 2026 02:00",119654.0
335,1,,,2025,5,"R$ 127.894,00",GM - Chevrolet,TRACKER RS 1.2 Turbo 12V Flex Aut.,2025,004544-6,Flex,1,F,julho de 2026 ,g48w0wlh13dzm,"quarta-feira, 1 de julho de 2026 02:00",127894.0
335,1,,,2025,3,"R$ 195.185,00",GM - Chevrolet,S10 Pick-Up WT 2.8 TDI 4x4 CD Diesel Mec,2025,004552-7,Diesel,1,D,julho de 2026 ,kp5qkbhp38dyz,"quarta-feira, 1 de julho de 2026 02:00",195185.0
335,1,,,2025,3,"R$ 210.478,00",GM - Chevrolet,S10 Pick-Up WT 2.8 TDI 4x4 CD Diesel Aut,2025,004550-0,Diesel,1,D,julho de 2026 ,k83k04plnzdyz,"quarta-feira, 1 de julho de 2026 02:00",210478.0
335,1,,,2023,5,"R$ 89.652,00",VW - VolksWagen,Saveiro CROSS 1.6 T.Flex 16V CD,2023,005408-9,Flex,1,F,julho de 2026 ,cd7g69hcrs6pn,"quarta-feira, 1 de julho de 2026 02:00",89652.0
335,1,,,2019,3,"R$ 92.797,00",VW - VolksWagen,AMAROK CS2.0 16V/S2.0 16V TDI 4x4 Diesel,2019,005338-4,Diesel,1,D,julho de 2026 ,cgfcbr3c6dt9c,"quarta-feira, 1 de julho de 2026 02:00",92797.0
335,1,,,2023,5,"R$ 68.089,00",VW - VolksWagen,Saveiro Robust 1.6 Total Flex 8V,2023,005459-3,Flex,1,F,julho de 2026 ,42nqxy0jblpn,"quarta-feira, 1 de julho de 2026 02:00",68089.0
335,1,,,2024,3,"R$ 232.046,00",VW - VolksWagen,AMAROK Highline CD 3.0 4x4 TB Dies. Aut.,2024,005483-6,Diesel,1,D,julho de 2026 ,l3dhw5jc81dvr,"quarta-feira, 1 de julho de 2026 02:00",232046.0
335,1,,,2022,5,"R$ 70.100,00",VW - VolksWagen,Polo 1.0 Flex 12V 5p,2022,005479-8,Flex,1,F,julho de 2026 ,5t7nzv3460lf,"quarta-feira, 1 de julho de 2026 02:00",70100.0
335,1,,,2022,5,"R$ 95.153,00",VW - VolksWagen,VIRTUS Highline 200 TSI 1.0 Flex 12V Aut,2022,005484-4,Flex,1,F,julho de 2026 ,cg9zn4md0krlf,"quarta-feira, 1 de julho de 2026 02:00",95153.0
335,1,,,2023,5,"R$ 107.057,00",VW - VolksWagen,VIRTUS Highline 200 TSI 1.0 Flex 12V Aut,2023,005484-4,Flex,1,F,julho de 2026 ,gcvjs95dq8dr5,"quarta-feira, 1 de julho de 2026 02:00",107057.0
335,1,,,2025,5,"R$ 119.576,00",VW - VolksWagen,VIRTUS Highline 200 TSI 1.0 Flex 12V Aut,2025,005484-4,Flex,1,F,julho de 2026 ,gvjknwqxmpdzm,"quarta-feira, 1 de julho de 2026 02:00",119576.0
335,1,,,2021,5,"R$ 78.894,00",VW - VolksWagen,VIRTUS Comfort. 200 TSI 1.0 Flex 12V Aut,2021,005485-2,Flex,1,F,julho de 2026 ,85b0w5l912g6,"quarta-feira, 1 de julho de 2026 02:00",78894.0
335,1,,,2022,5,"R$ 88.409,00",VW - VolksWagen,VIRTUS Comfort. 200 TSI 1.0 Flex 12V Aut,2022,005485-2,Flex,1,F,julho de 2026 ,cdrxfqpgf1rlf,"quarta-feira, 1 de julho de 2026 02:00",88409.0
335,1,,,2024,5,"R$ 104.610,00",VW - VolksWagen,VIRTUS Comfort. 200 TSI 1.0 Flex 12V Aut,2024,005485-2,Flex,1,F,julho de 2026 ,f8zlmz6c92dwd,"quarta-feira, 1 de julho de 2026 02:00",104610.0
335,1,,,2025,5,"R$ 112.590,00",VW - VolksWagen,VIRTUS Comfort. 200 TSI 1.0 Flex 12V Aut,2025,005485-2,Flex,1,F,julho de 2026 ,glbm4v7gdsdzm,"quarta-feira, 1 de julho de 2026 02:00",112590.0
335,1,,,2021,1,"R$ 165.502,00",VW - VolksWagen,TIGUAN Allspac R-Line 350 TSI 2.0 4x4,2021,005489-5,Gasolina,1,G,julho de 2026 ,jlct10hrzmdjf,"quarta-feira, 1 de julho de 2026 02:00",165502.0
335,1,,,2024,5,"R$ 110.402,00",VW - VolksWagen,VIRTUS Highline 200 TSI 1.0 Flex 12V Aut,2024,005484-4,Flex,1,F,julho de 2026 ,ghr3s8n89qdwd,"quarta-feira, 1 de julho de 2026 02:00",110402.0
335,1,,,2023,5,"R$ 54.935,00",VW - VolksWagen,Gol 1.0 Flex 12V 5p,2023,005490-9,Flex,1,F,julho de 2026 ,z3fngfct1bpn,"quarta-feira, 1 de julho de 2026 02:00",54935.0
335,1,,,2022,5,"R$ 58.060,00",VW - VolksWagen,Gol 1.6 MSI Flex 8V 5p,2022,005491-7,Flex,1,F,julho de 2026 ,082hk56csmlf,"quarta-feira, 1 de julho de 2026 02:00",58060.0
335,1,,,2023,5,"R$ 60.555,00",VW - VolksWagen,VOYAGE 1.0 Flex 12V 4p,2023,005492-5,Flex,1,F,julho de 2026 ,17bb4jt5n9pn,"quarta-feira, 1 de julho de 2026 02:00",60555.0
335,1,,,2021,5,"R$ 51.296,00",VW - VolksWagen,VOYAGE 1.6 MSI Flex 8V 4p,2021,005493-3,Flex,1,F,julho de 2026 ,yqrztcry35g6,"quarta-feira, 1 de julho de 2026 02:00",51296.0
335,1,,,2022,5,"R$ 59.934,00",VW - VolksWagen,VOYAGE 1.6 MSI Flex 8V 4p,2022,005493-3,Flex,1,F,julho de 2026 ,1z1mzrr27dlf,"quarta-feira, 1 de julho de 2026 02:00",59934.0
335,1,,,2023,3,"R$ 212.045,00",VW - VolksWagen,AMAROK Extreme CD 3.0 4x4 TB Dies. Aut.,2023,005506-9,Diesel,1,D,julho de 2026 ,lbyjnljzbrdrj,"quarta-feira, 1 de julho de 2026 02:00",212045.0
335,1,,,2024,3,"R$ 236.342,00",VW - VolksWagen,AMAROK Extreme CD 3.0 4x4 TB Dies. Aut.,2024,005506-9,Diesel,1,D,julho de 2026 ,l8fnf0n3w4dvr,"quarta-feira, 1 de julho de 2026 02:00",236342.0
335,1,,,2021,5,"R$ 108.474,00",VW - VolksWagen,T-Cross Hig. 250 TSI 1.4 Flex 16V 5p Aut,2021,005508-5,Flex,1,F,julho de 2026 ,gfh1d9k42cdkq,"quarta-feira, 1 de julho de 2026 02:00",108474.0
335,1,,,2022,5,"R$ 115.102,00",VW - VolksWagen,T-Cross Hig. 250 TSI 1.4 Flex 16V 5p Aut,2022,005508-5,Flex,1,F,julho de 2026 ,gn8ykk7g48dny,"quarta-feira, 1 de julho de 2026 02:00",115102.0
335,1,,,2023,5,"R$ 123.679,00",VW - VolksWagen,T-Cross Hig. 250 TSI 1.4 Flex 16V 5p Aut,2023,005508-5,Flex,1,F,julho de 2026 ,g0bpq98tv3dr5,"quarta-feira, 1 de julho de 2026 02:00",123679.0
335,1,,,2024,5,"R$ 131.148,00",VW - VolksWagen,T-Cross Hig. 250 TSI 1.4 Flex 16V 5p Aut,2024,005508-5,Flex,1,F,julho de 2026 ,g825g75hs2dwd,"quarta-feira, 1 de julho de 2026 02:00",131148.0
335,1,,,2025,5,"R$ 141.206,00",VW - VolksWagen,T-Cross Hig. 250 TSI 1.4 Flex 16V 5p Aut,2025,005508-5,Flex,1,F,julho de 2026 ,hnwrdhdd59dzm,"quarta-feira, 1 de julho de 2026 02:00",141206.0
335,1,,,2021,5,"R$ 97.520,00",VW - VolksWagen,T-Cross Comfor. 200 TSI 1.0 Flex 5p Aut.,2021,005509-3,Flex,1,F,julho de 2026 ,ch6q0f1fctndkq,"quarta-feira, 1 de julho de 2026 02:00",97520.0
335,1,,,2022,5,"R$ 102.637,00",VW - VolksWagen,T-Cross Comfor. 200 TSI 1.0 Flex 5p Aut.,2022,005509-3,Flex,1,F,julho de 2026 ,f6nwj6jyhddny,"quarta-feira, 1 de julho de 2026 02:00",102637.0
335,1,,,2023,5,"R$ 109.459,00",VW - VolksWagen,T-Cross Comfor. 200 TSI 1.0 Flex 5p Aut.,2023,005509-3,Flex,1,F,julho de 2026 ,ggnt8ss3hfdr5,"quarta-feira, 1 de julho de 2026 02:00",109459.0
335,1,,,2024,5,"R$ 118.043,00",VW - VolksWagen,T-Cross Comfor. 200 TSI 1.0 Flex 5p Aut.,2024,005509-3,Flex,1,F,julho de 2026 ,gsqvb1jq8wdwd,"quarta-feira, 1 de julho de 2026 02:00",118043.0
335,1,,,2025,5,"R$ 132.321,00",VW - VolksWagen,T-Cross Comfor. 200 TSI 1.0 Flex 5p Aut.,2025,005509-3,Flex,1,F,julho de 2026 ,hbgs5g35r5dzm,"quarta-feira, 1 de julho de 2026 02:00",132321.0
335,1,,,2022,5,"R$ 96.572,00",VW - VolksWagen,T-Cross 200 TSI 1.0  Flex 12V 5p Aut.,2022,005510-7,Flex,1,F,julho de 2026 ,chvmfs0r64jdny,"quarta-feira, 1 de julho de 2026 02:00",96572.0
335,1,,,2023,5,"R$ 100.517,00",VW - VolksWagen,T-Cross 200 TSI 1.0  Flex 12V 5p Aut.,2023,005510-7,Flex,1,F,julho de 2026 ,f35tts7bnwdr5,"quarta-feira, 1 de julho de 2026 02:00",100517.0
335,1,,,2024,5,"R$ 106.812,00",VW - VolksWagen,T-Cross 200 TSI 1.0  Flex 12V 5p Aut.,2024,005510-7,Flex,1,F,julho de 2026 ,gckmrlb4wxdwd,"quarta-feira, 1 de julho de 2026 02:00",106812.0
335,1,,,2025,5,"R$ 119.193,00",VW - VolksWagen,T-Cross 200 TSI 1.0  Flex 12V 5p Aut.,2025,005510-7,Flex,1,F,julho de 2026 ,gt2m3ws5j3dzm,"quarta-feira, 1 de julho de 2026 02:00",119193.0
335,1,,,2026,5,"R$ 128.433,00",VW - VolksWagen,T-Cross 200 TSI 1.0  Flex 12V 5p Aut.,2026,005510-7,Flex,1,F,julho de 2026 ,g5xhbvgzs4d2v,"quarta-feira, 1 de julho de 2026 02:00",128433.0
335,1,,,2023,5,"R$ 100.895,00",VW - VolksWagen,Nivus Comfortline 1.0 200 TSI Flex Aut.,2023,005525-5,Flex,1,F,julho de 2026 ,f4mkq46dfkdr5,"quarta-feira, 1 de julho de 2026 02:00",100895.0
335,1,,,2024,5,"R$ 105.439,00",VW - VolksWagen,Nivus Comfortline 1.0 200 TSI Flex Aut.,2024,005525-5,Flex,1,F,julho de 2026 ,f9yqqhsrvvdwd,"quarta-feira, 1 de julho de 2026 02:00",105439.0
335,1,,,2025,5,"R$ 121.682,00",VW - VolksWagen,Nivus Comfortline 1.0 200 TSI Flex Aut.,2025,005525-5,Flex,1,F,julho de 2026 ,gxz3l8r5lbdzm,"quarta-feira, 1 de julho de 2026 02:00",121682.0
335,1,,,2026,5,"R$ 128.102,00",VW - VolksWagen,Nivus Comfortline 1.0 200 TSI Flex Aut.,2026,005525-5,Flex,1,F,julho de 2026 ,g5jgc7f2lwd2v,"quarta-feira, 1 de julho de 2026 02:00",128102.0
335,1,,,2021,5,"R$ 102.389,00",VW - VolksWagen,Nivus Highline 1.0 200 TSI Flex Aut.,2021,005526-3,Flex,1,F,julho de 2026 ,f6cv3qycnwdkq,"quarta-feira, 1 de julho de 2026 02:00",102389.0
335,1,,,2022,5,"R$ 107.073,00",VW - VolksWagen,Nivus Highline 1.0 200 TSI Flex Aut.,2022,005526-3,Flex,1,F,julho de 2026 ,gcv3t58lsfdny,"quarta-feira, 1 de julho de 2026 02:00",107073.0
335,1,,,2023,5,"R$ 112.353,00",VW - VolksWagen,Nivus Highline 1.0 200 TSI Flex Aut.,2023,005526-3,Flex,1,F,julho de 2026 ,gk103lsxsldr5,"quarta-feira, 1 de julho de 2026 02:01",112353.0
335,1,,,2024,5,"R$ 116.893,00",VW - VolksWagen,Nivus Highline 1.0 200 TSI Flex Aut.,2024,005526-3,Flex,1,F,julho de 2026 ,grc1k64j9tdwd,"quarta-feira, 1 de julho de 2026 02:01",116893.0
335,1,,,2025,5,"R$ 129.831,00",VW - VolksWagen,Nivus Highline 1.0 200 TSI Flex Aut.,2025,005526-3,Flex,1,F,julho de 2026 ,g7j9j63gjhdzm,"quarta-feira, 1 de julho de 2026 02:01",129831.0
335,1,,,2022,5,"R$ 118.069,00",VW - VolksWagen,TAOS Comfortline 1.4 250 TSI Flex Aut.,2022,005527-1,Flex,1,F,julho de 2026 ,gsrsm7k1s4dny,"quarta-feira, 1 de julho de 2026 02:01",118069.0
335,1,,,2023,5,"R$ 129.133,00",VW - VolksWagen,TAOS Comfortline 1.4 250 TSI Flex Aut.,2023,005527-1,Flex,1,F,julho de 2026 ,g6qx2g2swldr5,"quarta-feira, 1 de julho de 2026 02:01",129133.0
335,1,,,2024,5,"R$ 141.613,00",VW - VolksWagen,TAOS Comfortline 1.4 250 TSI Flex Aut.,2024,005527-1,Flex,1,F,julho de 2026 ,hpcjzsy3fwdwd,"quarta-feira, 1 de julho de 2026 02:01",141613.0
335,1,,,2025,5,"R$ 155.911,00",VW - VolksWagen,TAOS Comfortline 1.4 250 TSI Flex Aut.,2025,005527-1,Flex,1,F,julho de 2026 ,h637bts7ghdzm,"quarta-feira, 1 de julho de 2026 02:01",155911.0
335,1,,,2022,5,"R$ 133.879,00",VW - VolksWagen,TAOS Highline 1.4 250 TSI Flex Aut.,2022,005528-0,Flex,1,F,julho de 2026 ,hc9fnksg4cdny,"quarta-feira, 1 de julho de 2026 02:01",133879.0
335,1,,,2023,5,"R$ 142.902,00",VW - VolksWagen,TAOS Highline 1.4 250 TSI Flex Aut.,2023,005528-0,Flex,1,F,julho de 2026 ,hqwdct46sddr5,"quarta-feira, 1 de julho de 2026 02:01",142902.0
335,1,,,2024,5,"R$ 159.570,00",VW - VolksWagen,TAOS Highline 1.4 250 TSI Flex Aut.,2024,005528-0,Flex,1,F,julho de 2026 ,jcd64md357dwd,"quarta-feira, 1 de julho de 2026 02:01",159570.0
335,1,,,2024,5,"R$ 84.194,00",VW - VolksWagen,Saveiro Trendline 1.6 Total Flex 16V,2024,005531-0,Flex,1,F,julho de 2026 ,cb5hdy453t8sw,"quarta-feira, 1 de julho de 2026 02:01",84194.0
335,1,,,2025,5,"R$ 91.490,00",VW - VolksWagen,Saveiro Trendline 1.6 Total Flex 16V,2025,005531-0,Flex,1,F,julho de 2026 ,cfx082km9m1w3,"quarta-feira, 1 de julho de 2026 02:01",91490.0
335,1,,,2023,3,"R$ 169.652,00",VW - VolksWagen,AMAROK Comfor. 3.0 V6 TDI 4x4 Dies. Aut.,2023,005532-8,Diesel,1,D,julho de 2026 ,jq7n245pz8drj,"quarta-feira, 1 de julho de 2026 02:01",169652.0
335,1,,,2023,5,"R$ 69.361,00",VW - VolksWagen,Polo 1.0 MPI Flex 12V 5p,2023,005533-6,Flex,1,F,julho de 2026 ,5kk173r3pldr5,"quarta-feira, 1 de julho de 2026 02:01",69361.0
335,1,,,2024,5,"R$ 73.521,00",VW - VolksWagen,Polo 1.0 MPI Flex 12V 5p,2024,005533-6,Flex,1,F,julho de 2026 ,64b29h1gwkdwd,"quarta-feira, 1 de julho de 2026 02:01",73521.0
335,1,,,2025,5,"R$ 75.611,00",VW - VolksWagen,Polo 1.0 MPI Flex 12V 5p,2025,005533-6,Flex,1,F,julho de 2026 ,7xvrhnd33ndzm,"quarta-feira, 1 de julho de 2026 02:01",75611.0
335,1,,,2023,5,"R$ 78.858,00",VW - VolksWagen,Polo 1.0 TSI Flex 12V 5p,2023,005534-4,Flex,1,F,julho de 2026 ,84xx8bcz1ldr5,"quarta-feira, 1 de julho de 2026 02:01",78858.0
335,1,,,2024,5,"R$ 81.525,00",VW - VolksWagen,Polo 1.0 TSI Flex 12V 5p,2024,005534-4,Flex,1,F,julho de 2026 ,9459t9cg5rdwd,"quarta-feira, 1 de julho de 2026 02:01",81525.0
335,1,,,2023,5,"R$ 84.272,00",VW - VolksWagen,Polo Comfortline TSI 1.0 Flex 12V Aut.,2023,005535-2,Flex,1,F,julho de 2026 ,cb6drts8rg1dr5,"quarta-feira, 1 de julho de 2026 02:01",84272.0
335,1,,,2025,5,"R$ 90.618,00",VW - VolksWagen,Polo 1.0 TSI Flex 12V 5p,2025,005534-4,Flex,1,F,julho de 2026 ,cfltbrlt22cdzm,"quarta-feira, 1 de julho de 2026 02:01",90618.0
335,1,,,2024,5,"R$ 89.158,00",VW - VolksWagen,Polo Comfortline TSI 1.0 Flex 12V Aut.,2024,005535-2,Flex,1,F,julho de 2026 ,cd1pn3wm5s3dwd,"quarta-feira, 1 de julho de 2026 02:01",89158.0
335,1,,,2025,5,"R$ 97.856,00",VW - VolksWagen,Polo Comfortline TSI 1.0 Flex 12V Aut.,2025,005535-2,Flex,1,F,julho de 2026 ,cjbn4bx24p0dzm,"quarta-feira, 1 de julho de 2026 02:01",97856.0
335,1,,,2023,5,"R$ 93.069,00",VW - VolksWagen,Polo Highline TSI 1.0 Flex 12V Aut.,2023,005536-0,Flex,1,F,julho de 2026 ,cgjj6jz0lj4dr5,"quarta-feira, 1 de julho de 2026 02:01",93069.0
335,1,,,2024,5,"R$ 96.922,00",VW - VolksWagen,Polo Highline TSI 1.0 Flex 12V Aut.,2024,005536-0,Flex,1,F,julho de 2026 ,chzqnf05vxldwd,"quarta-feira, 1 de julho de 2026 02:01",96922.0
335,1,,,2025,5,"R$ 105.571,00",VW - VolksWagen,Polo Highline TSI 1.0 Flex 12V Aut.,2025,005536-0,Flex,1,F,julho de 2026 ,f93jf44tskdzm,"quarta-feira, 1 de julho de 2026 02:01",105571.0
335,1,,,2026,5,"R$ 112.011,00",VW - VolksWagen,Polo Highline TSI 1.0 Flex 12V Aut.,2026,005536-0,Flex,1,F,julho de 2026 ,gknlrp2fbfd2v,"quarta-feira, 1 de julho de 2026 02:01",112011.0
335,1,,,2024,5,"R$ 76.175,00",VW - VolksWagen,Saveiro Robust 1.6 Total Flex 16V CD,2024,005537-9,Flex,1,F,julho de 2026 ,74grdnd17jdwd,"quarta-feira, 1 de julho de 2026 02:01",76175.0
335,1,,,2025,5,"R$ 84.677,00",VW - VolksWagen,Saveiro Robust 1.6 Total Flex 16V CD,2025,005537-9,Flex,1,F,julho de 2026 ,ccb4y50jzjtdzm,"quarta-feira, 1 de julho de 2026 02:01",84677.0
335,1,,,2024,5,"R$ 74.947,00",VW - VolksWagen,Saveiro Robust 1.6 Total Flex 16V ,2024,005538-7,Flex,1,F,julho de 2026 ,7n2dt60pt7dwd,"quarta-feira, 1 de julho de 2026 02:01",74947.0
335,1,,,2025,5,"R$ 83.159,00",VW - VolksWagen,Saveiro Robust 1.6 Total Flex 16V ,2025,005538-7,Flex,1,F,julho de 2026 ,cbsb6064xsrdzm,"quarta-feira, 1 de julho de 2026 02:01",83159.0
335,1,,,2026,5,"R$ 88.131,00",VW - VolksWagen,Saveiro Robust 1.6 Total Flex 16V ,2026,005538-7,Flex,1,F,julho de 2026 ,cdnndbl56rpd2v,"quarta-feira, 1 de julho de 2026 02:01",88131.0
335,1,,,2023,5,"R$ 69.100,00",VW - VolksWagen,Saveiro Robust 1.6 Total Flex 16V ,2023,005538-7,Flex,1,F,julho de 2026 ,5gh6d9c3h5dr5,"quarta-feira, 1 de julho de 2026 02:01",69100.0
335,1,,,2023,5,"R$ 65.806,00",VW - VolksWagen,Polo Track 1.0 Flex 12V 5p,2023,005540-9,Flex,1,F,julho de 2026 ,36wx2sljysdr5,"quarta-feira, 1 de julho de 2026 02:01",65806.0
335,1,,,2025,5,"R$ 75.779,00",VW - VolksWagen,Polo Track 1.0 Flex 12V 5p,2025,005540-9,Flex,1,F,julho de 2026 ,7zttf28pjbdzm,"quarta-feira, 1 de julho de 2026 02:01",75779.0
335,1,,,2024,5,"R$ 69.770,00",VW - VolksWagen,Polo Track 1.0 Flex 12V 5p,2024,005540-9,Flex,1,F,julho de 2026 ,5qcqphjvj4dwd,"quarta-feira, 1 de julho de 2026 02:01",69770.0
335,1,,,2026,5,"R$ 81.778,00",VW - VolksWagen,Polo Track 1.0 Flex 12V 5p,2026,005540-9,Flex,1,F,julho de 2026 ,9748jrr1vxd2v,"quarta-feira, 1 de julho de 2026 02:01",81778.0
335,1,,,2024,5,"R$ 89.506,00",VW - VolksWagen,VIRTUS TSI 1.0 Flex 12V 4p Mec.,2024,005542-5,Flex,1,F,julho de 2026 ,cd5r469v01wdwd,"quarta-feira, 1 de julho de 2026 02:01",89506.0
335,1,,,2025,5,"R$ 96.459,00",VW - VolksWagen,VIRTUS TSI 1.0 Flex 12V 4p Mec.,2025,005542-5,Flex,1,F,julho de 2026 ,chs9ckrrmkbdzm,"quarta-feira, 1 de julho de 2026 02:01",96459.0
335,1,,,2024,5,"R$ 95.933,00",VW - VolksWagen,VIRTUS TSI 1.0 Flex 12V 4p Aut.,2024,005543-3,Flex,1,F,julho de 2026 ,chl35tygzy8dwd,"quarta-feira, 1 de julho de 2026 02:01",95933.0
335,1,,,2025,5,"R$ 102.482,00",VW - VolksWagen,VIRTUS TSI 1.0 Flex 12V 4p Aut.,2025,005543-3,Flex,1,F,julho de 2026 ,f6g7w4l99ndzm,"quarta-feira, 1 de julho de 2026 02:01",102482.0
335,1,,,2025,5,"R$ 106.049,00",VW - VolksWagen,Saveiro Extreme 1.6 Flex 16V CD,2025,005546-8,Flex,1,F,julho de 2026 ,gbnw1fhcg5dzm,"quarta-feira, 1 de julho de 2026 02:01",106049.0
335,1,,,2024,1,"R$ 211.473,00",VW - VolksWagen,TIGUAN Allspac R-Line 300 TSI 2.0 ,2024,005547-6,Gasolina,1,G,julho de 2026 ,k98q4x1bcxdt3,"quarta-feira, 1 de julho de 2026 02:01",211473.0
335,1,,,2025,1,"R$ 240.141,00",VW - VolksWagen,TIGUAN Allspac R-Line 300 TSI 2.0 ,2025,005547-6,Gasolina,1,G,julho de 2026 ,mdwqzw6wp9dyb,"quarta-feira, 1 de julho de 2026 02:01",240141.0
335,1,,,2022,1,"R$ 211.072,00",Audi,Q5 Prestige 2.0 TFSI Quattro S tronic,2022,008238-4,Gasolina,1,G,julho de 2026 ,k9s4972d09dmn,"quarta-feira, 1 de julho de 2026 02:01",211072.0
335,1,,,2023,1,"R$ 255.679,00",Audi,Q5 Prestige 2.0 TFSI Quattro S tronic,2023,008238-4,Gasolina,1,G,julho de 2026 ,mz3hjf7688dqw,"quarta-feira, 1 de julho de 2026 02:01",255679.0
335,1,,,2022,1,"R$ 170.559,00",Audi,A4 Prestige 2.0 TFSI S-tronic,2022,008247-3,Gasolina,1,G,julho de 2026 ,jr9m1407n5dmn,"quarta-feira, 1 de julho de 2026 02:01",170559.0
335,1,,,2023,1,"R$ 177.229,00",Audi,A4 Prestige 2.0 TFSI S-tronic,2023,008247-3,Gasolina,1,G,julho de 2026 ,j032jgs98rdqw,"quarta-feira, 1 de julho de 2026 02:01",177229.0
335,1,,,2023,1,"R$ 239.521,00",Audi,A5 Sportback S-Line 2.0 TFSI S-tronic,2023,008249-0,Gasolina,1,G,julho de 2026 ,mc46dpb4v3dqw,"quarta-feira, 1 de julho de 2026 02:01",239521.0
335,1,,,2020,6,"R$ 333.205,00",Audi,Q8 Perf.Black 3.0 TFSI Quat. S-tr/(Híb.),2020,008250-3,Híbrido,1,H,julho de 2026 ,qx0bdmcqnwdgt,"quarta-feira, 1 de julho de 2026 02:01",333205.0
335,1,,,2023,1,"R$ 258.976,00",Audi,Q5 S-Line 2.0 TFSI Quattro S-tronic 252cv/265cv,2023,008248-1,Gasolina,1,G,julho de 2026 ,m3zbfrzgxpdqw,"quarta-feira, 1 de julho de 2026 02:01",258976.0
335,1,,,2024,6,"R$ 215.674,00",Audi,A3 Sed.Perf. Black 2.0 TFSI S-tr. (Hib.),2024,008256-2,Híbrido,1,H,julho de 2026 ,lg6fngy3fbdwq,"quarta-feira, 1 de julho de 2026 02:02",215674.0
335,1,,,2020,6,"R$ 157.186,00",Audi,A3 Sed.Perf. Black 2.0 TFSI S-tr. (Hib.),2020,008256-2,Híbrido,1,H,julho de 2026 ,h8mkytp50zdgt,"quarta-feira, 1 de julho de 2026 02:02",157186.0
335,1,,,2023,4,"R$ 354.036,00",Audi,E-TRON Sportb. Perf.Black Aut.(Elétrico),2023,008260-0,Elétrico,1,E,julho de 2026 ,rqfgvnkr73drv,"quarta-feira, 1 de julho de 2026 02:02",354036.0
335,1,,,2022,4,"R$ 323.825,00",Audi,E-TRON Sportback Perf. Aut. (Elétrico),2022,008259-7,Elétrico,1,E,julho de 2026 ,qk0dfkt59kdnm,"quarta-feira, 1 de julho de 2026 02:02",323825.0
335,1,,,2024,6,"R$ 232.198,00",Audi,A3 Sportb. Perf. Black 2.0 S-tron.(Híb.),2024,008275-9,Híbrido,1,H,julho de 2026 ,l3k05f6f0ndwq,"quarta-feira, 1 de julho de 2026 02:02",232198.0
335,1,,,2024,6,"R$ 216.475,00",Audi,A3 Sportb. S-Line 2.0 TFSI S-Tron.(Híb.),2024,008278-3,Híbrido,1,H,julho de 2026 ,lh4j5zn22sdwq,"quarta-feira, 1 de julho de 2026 02:02",216475.0
335,1,,,2023,6,"R$ 196.800,00",Audi,A3 Sedan S-Line 2.0 TFSI  S-Tron.(Híb.),2023,008279-1,Híbrido,1,H,julho de 2026 ,kr2d8dhqdhdsh,"quarta-feira, 1 de julho de 2026 02:02",196800.0
335,1,,,2024,6,"R$ 203.061,00",Audi,A3 Sedan S-Line 2.0 TFSI  S-Tron.(Híb.),2024,008279-1,Híbrido,1,H,julho de 2026 ,k0dzwkz7xzdwq,"quarta-feira, 1 de julho de 2026 02:02",203061.0
335,1,,,2024,1,"R$ 264.549,00",Audi,Q3 Perf. Black 2.0 TFSI Tiptr. Quattro,2024,008280-5,Gasolina,1,G,julho de 2026 ,nbhwvjgrx0dt3,"quarta-feira, 1 de julho de 2026 02:02",264549.0
335,1,,,2024,1,"R$ 257.026,00",Audi,Q3 SPB Performance 2.0 TFSI Tipt. Quatt.,2024,008282-1,Gasolina,1,G,julho de 2026 ,m1pf8dp7x6dt3,"quarta-feira, 1 de julho de 2026 02:02",257026.0
335,1,,,2023,1,"R$ 220.455,00",Audi,Q3 Performance 2.0 TFSI Tiptr. Quattro,2023,008284-8,Gasolina,1,G,julho de 2026 ,lns6n31y2rdqw,"quarta-feira, 1 de julho de 2026 02:02",220455.0
335,1,,,2025,1,"R$ 294.475,00",Audi,Q3 Performance 2.0 TFSI Tiptr. Quattro,2025,008284-8,Gasolina,1,G,julho de 2026 ,pgll4qnysmdyb,"quarta-feira, 1 de julho de 2026 02:02",294475.0
335,1,,,2023,6,"R$ 281.228,00",Audi,Q5 SB Perf. 2.0 TFSIe S.Tr. Qt (Hib.),2023,008286-4,Híbrido,1,H,julho de 2026 ,ny130hp6h7dsh,"quarta-feira, 1 de julho de 2026 02:02",281228.0
335,1,,,2023,6,"R$ 291.887,00",Audi,Q5 SB P Black. 2.0 TFSIe S.Tr. Qt (Hib.),2023,008287-2,Híbrido,1,H,julho de 2026 ,pckj2954fbdsh,"quarta-feira, 1 de julho de 2026 02:02",291887.0
335,1,,,2023,6,"R$ 289.064,00",Audi,Q5 Performance 2.0 TFSIe S.Tr. Qt (Hib.),2023,008288-0,Híbrido,1,H,julho de 2026 ,n77x8jrnzzdsh,"quarta-feira, 1 de julho de 2026 02:02",289064.0
335,1,,,2024,6,"R$ 326.475,00",Audi,Q5 Performance 2.0 TFSIe S.Tr. Qt (Hib.),2024,008288-0,Híbrido,1,H,julho de 2026 ,qn3qbjt7lwdwq,"quarta-feira, 1 de julho de 2026 02:02",326475.0
335,1,,,2024,1,"R$ 239.051,00",Audi,Q3 Prestige 2.0 TFSI Tiptr.Quatro ,2024,008289-9,Gasolina,1,G,julho de 2026 ,mcl3ttn8wsdt3,"quarta-feira, 1 de julho de 2026 02:02",239051.0
335,1,,,2024,6,"R$ 235.705,00",Audi,A4 Prestige 2.0 16V TFSI Quattro (Híb.),2024,008302-0,Híbrido,1,H,julho de 2026 ,l7phpych66dwq,"quarta-feira, 1 de julho de 2026 02:02",235705.0
335,1,,,2022,1,"R$ 197.700,00",BMW,320iA 2.0 Turbo/ActiveFlex 16V/GP  4p,2022,009164-2,Gasolina,1,G,julho de 2026 ,ks34bv7y2gdmn,"quarta-feira, 1 de julho de 2026 02:02",197700.0
335,1,,,2023,1,"R$ 235.687,00",BMW,320iA 2.0 Turbo/ActiveFlex 16V/GP  4p,2023,009164-2,Gasolina,1,G,julho de 2026 ,l7nvd68x1ndqw,"quarta-feira, 1 de julho de 2026 02:02",235687.0
335,1,,,2024,1,"R$ 258.639,00",BMW,320iA 2.0 Turbo/ActiveFlex 16V/GP  4p,2024,009164-2,Gasolina,1,G,julho de 2026 ,m3k2qkqmpvdt3,"quarta-feira, 1 de julho de 2026 02:02",258639.0
335,1,,,2022,1,"R$ 167.923,00",BMW,X1 SDRIVE 20i 2.0/2.0 TB Acti.Flex Aut.,2022,009172-3,Gasolina,1,G,julho de 2026 ,jn6tx430s9dmn,"quarta-feira, 1 de julho de 2026 02:02",167923.0
335,1,,,2024,5,"R$ 288.518,00",BMW,320iA 2.0 TB M Sport A.Flex/M.Sport 4p,2024,009213-4,Flex,1,F,julho de 2026 ,n7l212vsykdwd,"quarta-feira, 1 de julho de 2026 02:02",288518.0
335,1,,,2021,1,"R$ 152.746,00",BMW,X1 SDRIVE 20i 2.0/2.0 TB Acti.Flex Aut.,2021,009172-3,Gasolina,1,G,julho de 2026 ,h3d5445jb0djf,"quarta-feira, 1 de julho de 2026 02:02",152746.0
335,1,,,2023,6,"R$ 314.220,00",BMW,530e M Sport 2.0 Turbo Aut. (Híbrido),2023,009238-0,Híbrido,1,H,julho de 2026 ,p6q8ycqkcpdsh,"quarta-feira, 1 de julho de 2026 02:02",314220.0
335,1,,,2022,6,"R$ 232.858,00",BMW,330e M Sport 2.0 Turbo Aut. (Híbrido),2022,009266-5,Híbrido,1,H,julho de 2026 ,l4b0twdbkhdn8,"quarta-feira, 1 de julho de 2026 02:02",232858.0
335,1,,,2022,5,"R$ 74.073,00",Citroën,C4 CACTUS FEEL 1.6 16V Flex Aut.,2022,011198-8,Flex,1,F,julho de 2026 ,7btqz7mc70lf,"quarta-feira, 1 de julho de 2026 02:02",74073.0
335,1,,,2023,5,"R$ 78.157,00",Citroën,C4 CACTUS FEEL 1.6 16V Flex Aut.,2023,011198-8,Flex,1,F,julho de 2026 ,8wp4p8gcfqpn,"quarta-feira, 1 de julho de 2026 02:02",78157.0
335,1,,,2020,1,"R$ 294.427,00",BMW,540i M Sport 3.0 Turbo 340cv Aut.,2020,009225-8,Gasolina,1,G,julho de 2026 ,pgjv13gjs2dd6,"quarta-feira, 1 de julho de 2026 02:02",294427.0
335,1,,,2024,3,"R$ 150.074,00",Citroën,Jumpy Cargo 1.5 Turbo Diesel,2024,011216-0,Diesel,1,D,julho de 2026 ,hz82gqsqyqdvr,"quarta-feira, 1 de julho de 2026 02:02",150074.0
335,1,,,2025,3,"R$ 165.897,00",Citroën,Jumpy Cargo 1.5 Turbo Diesel,2025,011216-0,Diesel,1,D,julho de 2026 ,jlt534kkmfdyz,"quarta-feira, 1 de julho de 2026 02:02",165897.0
335,1,,,2023,5,"R$ 60.854,00",Citroën,C3 Live Pack 1.0 Flex 6V 5p Mec.,2023,011223-2,Flex,1,F,julho de 2026 ,2bt0380x07dr5,"quarta-feira, 1 de julho de 2026 02:02",60854.0
335,1,,,2024,5,"R$ 65.467,00",Citroën,C3 Live Pack 1.0 Flex 6V 5p Mec.,2024,011223-2,Flex,1,F,julho de 2026 ,32xqc0h2g8dwd,"quarta-feira, 1 de julho de 2026 02:02",65467.0
335,1,,,2025,5,"R$ 70.263,00",Citroën,C3 Live Pack 1.0 Flex 6V 5p Mec.,2025,011223-2,Flex,1,F,julho de 2026 ,5w4xllp73tdzm,"quarta-feira, 1 de julho de 2026 02:02",70263.0
335,1,,,2023,5,"R$ 60.922,00",Citroën,C3 Feel 1.0 Flex 6V 5p Mec.,2023,011224-0,Flex,1,F,julho de 2026 ,2cmq99gh9vdr5,"quarta-feira, 1 de julho de 2026 02:02",60922.0
335,1,,,2025,5,"R$ 73.114,00",Citroën,C3 Feel 1.0 Flex 6V 5p Mec.,2025,011224-0,Flex,1,F,julho de 2026 ,6zk5dqjl19dzm,"quarta-feira, 1 de julho de 2026 02:02",73114.0
335,1,,,2024,5,"R$ 68.980,00",Citroën,C3 Feel 1.0 Flex 6V 5p Mec.,2024,011224-0,Flex,1,F,julho de 2026 ,5d3k9zg8qjdwd,"quarta-feira, 1 de julho de 2026 02:02",68980.0
335,1,,,2024,5,"R$ 80.643,00",Citroën,C3 Feel Pack 1.6 Flex 16V 5p Aut.,2024,011226-7,Flex,1,F,julho de 2026 ,9tvqvpw6d3dwd,"quarta-feira, 1 de julho de 2026 02:02",80643.0
335,1,,,2025,5,"R$ 96.737,00",Citroën,AIRCROSS Feel 1.0 Flex Turbo 200 Aut.,2025,011232-1,Flex,1,F,julho de 2026 ,chxkdyldrhzdzm,"quarta-feira, 1 de julho de 2026 02:02",96737.0
335,1,,,2025,5,"R$ 95.105,00",Citroën,BASALT Feel 1.0 Flex TB 200 5p Aut.,2025,011239-9,Flex,1,F,julho de 2026 ,cg9d687s6j1dzm,"quarta-feira, 1 de julho de 2026 02:02",95105.0
335,1,,,2024,5,"R$ 102.187,00",Honda,CITY Sedan LX 1.5 Flex 16V 4p Aut.,2024,014059-7,Flex,1,F,julho de 2026 ,f54jhzc1dndwd,"quarta-feira, 1 de julho de 2026 02:02",102187.0
335,1,,,2024,5,"R$ 158.671,00",Honda,HR-V Touring 1.5 Flex TB 16V 5p Aut.,2024,014102-0,Flex,1,F,julho de 2026 ,jbcj504hvvdwd,"quarta-feira, 1 de julho de 2026 02:02",158671.0
335,1,,,2025,5,"R$ 169.290,00",Honda,HR-V Touring 1.5 Flex TB 16V 5p Aut.,2025,014102-0,Flex,1,F,julho de 2026 ,jqth6n31qmdzm,"quarta-feira, 1 de julho de 2026 02:02",169290.0
335,1,,,2025,5,"R$ 102.317,00",Citroën,AIRCROSS Shine 1.0 Flex TB 200 Aut.,2025,011230-5,Flex,1,F,julho de 2026 ,f587zsk9rqdzm,"quarta-feira, 1 de julho de 2026 02:02",102317.0
335,1,,,2024,6,"R$ 245.600,00",Honda,Accord Sedan 2.0 TB 16V Aut. (Híbrido),2024,014105-4,Híbrido,1,H,julho de 2026 ,ml84yp2vcmdwq,"quarta-feira, 1 de julho de 2026 02:02",245600.0
335,1,,,2025,5,"R$ 143.611,00",Honda,HR-V EX 1.5 Flex Sensing 16V 5p Aut.,2025,014109-7,Flex,1,F,julho de 2026 ,hrp47r7mcmdzm,"quarta-feira, 1 de julho de 2026 02:02",143611.0
335,1,,,2025,5,"R$ 158.639,00",Honda,HR-V Advance 1.5  Flex TB 16V 5p Aut.,2025,014111-9,Flex,1,F,julho de 2026 ,jbbc384llpdzm,"quarta-feira, 1 de julho de 2026 02:02",158639.0
335,1,,,2024,6,"R$ 202.803,00",Honda,Civic Sed.Touring 2.0 16V Aut. (Híbrido),2024,014112-7,Híbrido,1,H,julho de 2026 ,kz3l5rfmnddwq,"quarta-feira, 1 de julho de 2026 02:02",202803.0
335,1,,,2025,1,"R$ 160.155,00",Honda,ZR-V Touring 2.0 16V 5p Aut.,2025,014114-3,Gasolina,1,G,julho de 2026 ,jc3g89rvrvdyb,"quarta-feira, 1 de julho de 2026 02:02",160155.0
335,1,,,2024,5,"R$ 101.885,00",Honda,CITY Hatchback LX 1.5 Flex 16V Aut.,2024,014116-0,Flex,1,F,julho de 2026 ,f5sj68l7fxdwd,"quarta-feira, 1 de julho de 2026 02:03",101885.0
335,1,,,2022,5,"R$ 66.119,00",Hyundai,HB20 Evolution 1.0 Flex 12V Mec.,2022,015164-5,Flex,1,F,julho de 2026 ,4bkpt5xnvglf,"quarta-feira, 1 de julho de 2026 02:03",66119.0
335,1,,,2024,5,"R$ 107.360,00",Honda,CITY Hatchback EX 1.5 Flex 16V Aut.,2024,014115-1,Flex,1,F,julho de 2026 ,gc6j6xkk2ddwd,"quarta-feira, 1 de julho de 2026 02:03",107360.0
335,1,,,2024,5,"R$ 67.076,00",Hyundai,HB20 Sense 1.0 Flex 12V Mec.,2024,015165-3,Flex,1,F,julho de 2026 ,4psjwvpjxlsw,"quarta-feira, 1 de julho de 2026 02:03",67076.0
335,1,,,2022,5,"R$ 61.623,00",Hyundai,HB20 Vision 1.0 Flex 12V Mec.,2022,015168-8,Flex,1,F,julho de 2026 ,2mvjwwyscblf,"quarta-feira, 1 de julho de 2026 02:03",61623.0
335,1,,,2022,5,"R$ 63.966,00",Hyundai,HB20S Vision 1.0 Flex 12V Mec.,2022,015174-2,Flex,1,F,julho de 2026 ,3h94shqv90lf,"quarta-feira, 1 de julho de 2026 02:03",63966.0
335,1,,,2020,5,"R$ 70.975,00",Hyundai,HB20S Evolution 1.0 TB Flex 12V Aut.,2020,015178-5,Flex,1,F,julho de 2026 ,55hp3fl862cz,"quarta-feira, 1 de julho de 2026 02:03",70975.0
335,1,,,2023,5,"R$ 63.132,00",Hyundai,HB20 Sense 1.0 Flex 12V Mec.,2023,015165-3,Flex,1,F,julho de 2026 ,26j0m065lgpn,"quarta-feira, 1 de julho de 2026 02:03",63132.0
335,1,,,2023,5,"R$ 96.697,00",Hyundai,Creta Action 1.6 16V Flex Aut.,2023,015190-4,Flex,1,F,julho de 2026 ,chw2v7206n0pn,"quarta-feira, 1 de julho de 2026 02:03",96697.0
335,1,,,2024,5,"R$ 101.901,00",Hyundai,Creta Action 1.6 16V Flex Aut.,2024,015190-4,Flex,1,F,julho de 2026 ,f5s375g28fdwd,"quarta-feira, 1 de julho de 2026 02:03",101901.0
335,1,,,2025,5,"R$ 105.741,00",Hyundai,Creta Action 1.6 16V Flex Aut.,2025,015190-4,Flex,1,F,julho de 2026 ,f99pz54fccdzm,"quarta-feira, 1 de julho de 2026 02:03",105741.0
335,1,,,2022,5,"R$ 66.205,00",Hyundai,HB20 Evolution Bluelink 1.0 Flex 12V Mec,2022,015191-2,Flex,1,F,julho de 2026 ,4ckyvh8dqvlf,"quarta-feira, 1 de julho de 2026 02:03",66205.0
335,1,,,2024,5,"R$ 112.599,00",Hyundai,Creta Comfort 1.0 TB 12V Flex Aut.,2024,015200-5,Flex,1,F,julho de 2026 ,glby87pv85dwd,"quarta-feira, 1 de julho de 2026 02:03",112599.0
335,1,,,2025,5,"R$ 122.050,00",Hyundai,Creta Comfort 1.0 TB 12V Flex Aut.,2025,015200-5,Flex,1,F,julho de 2026 ,gyfg79sns3dzm,"quarta-feira, 1 de julho de 2026 02:03",122050.0
335,1,,,2024,5,"R$ 139.929,00",Hyundai,Creta Ultimate 2.0 16V Flex Aut.,2024,015201-3,Flex,1,F,julho de 2026 ,hmdbjmv83ndwd,"quarta-feira, 1 de julho de 2026 02:03",139929.0
335,1,,,2024,5,"R$ 132.352,00",Hyundai,Creta Platinum 1.0 TB 12V Flex Aut.,2024,015202-1,Flex,1,F,julho de 2026 ,hbhx297nmqdwd,"quarta-feira, 1 de julho de 2026 02:03",132352.0
335,1,,,2025,5,"R$ 144.263,00",Hyundai,Creta Platinum 1.0 TB 12V Flex Aut.,2025,015202-1,Flex,1,F,julho de 2026 ,hsgvwsvvxbdzm,"quarta-feira, 1 de julho de 2026 02:03",144263.0
335,1,,,2023,5,"R$ 119.765,00",Hyundai,Creta Platinum 1.0 TB 12V Flex Aut.,2023,015202-1,Flex,1,F,julho de 2026 ,gvrfmkflb6dr5,"quarta-feira, 1 de julho de 2026 02:03",119765.0
335,1,,,2025,5,"R$ 128.181,00",Hyundai,Creta Limited 1.0 TB 12V Flex Aut.,2025,015203-0,Flex,1,F,julho de 2026 ,g5mbdnn50qdzm,"quarta-feira, 1 de julho de 2026 02:03",128181.0
335,1,,,2024,5,"R$ 97.512,00",Hyundai,HB20S Platinum Plus 1.0 TB Flex 12V Aut.,2024,015205-6,Flex,1,F,julho de 2026 ,ch6m29zqsx2sw,"quarta-feira, 1 de julho de 2026 02:03",97512.0
335,1,,,2022,5,"R$ 78.338,00",Hyundai,HB20S Platinum 1.0 TB Flex 12V Aut.,2022,015206-4,Flex,1,F,julho de 2026 ,8ytx4k5gyzlf,"quarta-feira, 1 de julho de 2026 02:03",78338.0
335,1,,,2022,5,"R$ 73.226,00",Hyundai,HB20 Platinum 1.0 TB Flex 12V Mec.,2022,015204-8,Flex,1,F,julho de 2026 ,60wwczrg0plf,"quarta-feira, 1 de julho de 2026 02:03",73226.0
335,1,,,2023,5,"R$ 89.639,00",Hyundai,HB20S Platinum 1.0 TB Flex 12V Aut.,2023,015206-4,Flex,1,F,julho de 2026 ,cd7bhtrnp4qpn,"quarta-feira, 1 de julho de 2026 02:03",89639.0
335,1,,,2024,5,"R$ 96.854,00",Hyundai,HB20S Platinum 1.0 TB Flex 12V Aut.,2024,015206-4,Flex,1,F,julho de 2026 ,chyxx7918mfsw,"quarta-feira, 1 de julho de 2026 02:03",96854.0
335,1,,,2024,5,"R$ 92.064,00",Hyundai,HB20 Platinum 1.0 TB Flex 12V Aut.,2024,015209-9,Flex,1,F,julho de 2026 ,cf4rxnhl1dtsw,"quarta-feira, 1 de julho de 2026 02:03",92064.0
335,1,,,2024,5,"R$ 94.039,00",Hyundai,HB20 Platinum Plus 1.0 TB Flex 12V Aut.,2024,015208-0,Flex,1,F,julho de 2026 ,cgwxr2sqbfwsw,"quarta-feira, 1 de julho de 2026 02:03",94039.0
335,1,,,2025,5,"R$ 150.371,00",Hyundai,Creta N Line 1.0 TB 12V Flex Aut.,2025,015212-9,Flex,1,F,julho de 2026 ,h0mv3r2zjrdzm,"quarta-feira, 1 de julho de 2026 02:03",150371.0
335,1,,,2024,5,"R$ 135.974,00",Hyundai,Creta N Line 1.0 TB 12V Flex Aut.,2024,015212-9,Flex,1,F,julho de 2026 ,hgrk6qtkl1dwd,"quarta-feira, 1 de julho de 2026 02:03",135974.0
335,1,,,2023,5,"R$ 79.139,00",Hyundai,HB20 Comfort 1.0 TB Flex 12V Aut,2023,015214-5,Flex,1,F,julho de 2026 ,8762gbwpfzpn,"quarta-feira, 1 de julho de 2026 02:03",79139.0
335,1,,,2024,5,"R$ 75.415,00",Hyundai,HB20 Limited 1.0 Flex 12V Mec.,2024,015213-7,Flex,1,F,julho de 2026 ,7vkh18qr3vsw,"quarta-feira, 1 de julho de 2026 02:03",75415.0
335,1,,,2024,5,"R$ 82.964,00",Hyundai,HB20 Comfort 1.0 TB Flex 12V Aut,2024,015214-5,Flex,1,F,julho de 2026 ,cbp2bv4k7fxsw,"quarta-feira, 1 de julho de 2026 02:03",82964.0
335,1,,,2023,5,"R$ 64.316,00",Hyundai,HB20 Comfort 1.0 Flex 12V Mec.,2023,015215-3,Flex,1,F,julho de 2026 ,3nfcfj9kzxpn,"quarta-feira, 1 de julho de 2026 02:03",64316.0
335,1,,,2024,5,"R$ 69.974,00",Hyundai,HB20 Comfort 1.0 Flex 12V Mec.,2024,015215-3,Flex,1,F,julho de 2026 ,5srv8vg1khsw,"quarta-feira, 1 de julho de 2026 02:03",69974.0
335,1,,,2024,5,"R$ 74.611,00",Hyundai,HB20 Comfort 1.0 TB Flex 12V Mec,2024,015216-1,Flex,1,F,julho de 2026 ,7j38ymyldxsw,"quarta-feira, 1 de julho de 2026 02:03",74611.0
335,1,,,2023,5,"R$ 66.366,00",Hyundai,HB20 Comfort 1.0 TB Flex 12V Mec,2023,015216-1,Flex,1,F,julho de 2026 ,4fggxxqdr2pn,"quarta-feira, 1 de julho de 2026 02:03",66366.0
335,1,,,2023,5,"R$ 78.669,00",Hyundai,HB20S Comfort 1.0 TB Flex 12V Aut.,2023,015217-0,Flex,1,F,julho de 2026 ,82p7ppxkdndr5,"quarta-feira, 1 de julho de 2026 02:03",78669.0
335,1,,,2023,5,"R$ 71.326,00",Hyundai,HB20S Comfort 1.0  Flex 12V Mec.,2023,015218-8,Flex,1,F,julho de 2026 ,59l80gmj32dr5,"quarta-feira, 1 de julho de 2026 02:03",71326.0
335,1,,,2024,5,"R$ 77.031,00",Hyundai,HB20S Comfort 1.0  Flex 12V Mec.,2024,015218-8,Flex,1,F,julho de 2026 ,8ghwflmt17dwd,"quarta-feira, 1 de julho de 2026 02:03",77031.0
335,1,,,2025,5,"R$ 95.926,00",Hyundai,HB20 Plat. Safety 1.0 TB Flex 12V Aut.,2025,015233-1,Flex,1,F,julho de 2026 ,chl1mywm9d7dzm,"quarta-feira, 1 de julho de 2026 02:03",95926.0
335,1,,,2024,5,"R$ 66.596,00",Hyundai,HB20 Sense Plus 1.0 Flex 12V Mec.,2024,015234-0,Flex,1,F,julho de 2026 ,4h42f9qnrsdwd,"quarta-feira, 1 de julho de 2026 02:03",66596.0
335,1,,,2025,5,"R$ 68.537,00",Hyundai,HB20 Sense Plus 1.0 Flex 12V Mec.,2025,015234-0,Flex,1,F,julho de 2026 ,47xksll2rvdzm,"quarta-feira, 1 de julho de 2026 02:03",68537.0
335,1,,,2024,5,"R$ 76.329,00",Hyundai,HB20 Limited Plus 1.0 Flex 12V Mec.,2024,015235-8,Flex,1,F,julho de 2026 ,758qlzmg1ddwd,"quarta-feira, 1 de julho de 2026 02:03",76329.0
335,1,,,2025,5,"R$ 78.697,00",Hyundai,HB20 Limited Plus 1.0 Flex 12V Mec.,2025,015235-8,Flex,1,F,julho de 2026 ,821d5yhngbdzm,"quarta-feira, 1 de julho de 2026 02:03",78697.0
335,1,,,2024,5,"R$ 85.738,00",Hyundai,HB20 Comfort Plus 1.0 TB Flex 12V Aut.,2024,015236-6,Flex,1,F,julho de 2026 ,ccrll188z1kdwd,"quarta-feira, 1 de julho de 2026 02:03",85738.0
335,1,,,2025,5,"R$ 91.624,00",Hyundai,HB20 Comfort Plus 1.0 TB Flex 12V Aut.,2025,015236-6,Flex,1,F,julho de 2026 ,cfzlzxprmmxdzm,"quarta-feira, 1 de julho de 2026 02:03",91624.0
335,1,,,2024,5,"R$ 132.251,00",Hyundai,Creta Plat. Safety 1.0 TB 12V Flex Aut.,2024,015237-4,Flex,1,F,julho de 2026 ,hbc79d8dhbdwd,"quarta-feira, 1 de julho de 2026 02:03",132251.0
335,1,,,2025,5,"R$ 143.788,00",Hyundai,Creta Plat. Safety 1.0 TB 12V Flex Aut.,2025,015237-4,Flex,1,F,julho de 2026 ,hrxln81h3xdzm,"quarta-feira, 1 de julho de 2026 02:03",143788.0
335,1,,,2024,5,"R$ 96.733,00",Hyundai,HB20S Plat. Safety 1.0 TB Flex 12V Aut.,2024,015238-2,Flex,1,F,julho de 2026 ,chxhywds4b3dwd,"quarta-feira, 1 de julho de 2026 02:03",96733.0
335,1,,,2024,5,"R$ 75.435,00",Hyundai,HB20S Comfort Plus 1.0 Flex 12V Mec.,2024,015239-0,Flex,1,F,julho de 2026 ,7vssdvndy8dwd,"quarta-feira, 1 de julho de 2026 02:03",75435.0
335,1,,,2024,5,"R$ 85.993,00",Hyundai,HB20S Comfort 1.0 TB Flex 12V Aut.,2024,015217-0,Flex,1,F,julho de 2026 ,ccvk89bvgkydwd,"quarta-feira, 1 de julho de 2026 02:04",85993.0
335,1,,,2024,5,"R$ 88.981,00",Hyundai,HB20S Comfort Plus 1.0 TB Flex 12V Aut,2024,015240-4,Flex,1,F,julho de 2026 ,cdzmbrsrl9bdwd,"quarta-feira, 1 de julho de 2026 02:04",88981.0
335,1,,,2025,5,"R$ 95.480,00",Hyundai,HB20S Comfort Plus 1.0 TB Flex 12V Aut,2025,015240-4,Flex,1,F,julho de 2026 ,chftjml9k8kdzm,"quarta-feira, 1 de julho de 2026 02:04",95480.0
335,1,,,2024,5,"R$ 78.120,00",Hyundai,HB20S Limited Plus 1.0  Flex 12V Mec.,2024,015242-0,Flex,1,F,julho de 2026 ,8v8ps3v41sdwd,"quarta-feira, 1 de julho de 2026 02:04",78120.0
335,1,,,2025,5,"R$ 82.485,00",Hyundai,HB20S Limited Plus 1.0  Flex 12V Mec.,2025,015242-0,Flex,1,F,julho de 2026 ,cbjf7pvk56tdzm,"quarta-feira, 1 de julho de 2026 02:04",82485.0
335,1,,,2024,5,"R$ 118.116,00",Hyundai,Creta Limit. Safety 1.0 TB 12V Flex Aut.,2024,015243-9,Flex,1,F,julho de 2026 ,gsthlwvdbpdwd,"quarta-feira, 1 de julho de 2026 02:04",118116.0
335,1,,,2025,5,"R$ 80.299,00",Hyundai,HB20S Comfort Plus 1.0 Flex 12V Mec.,2025,015239-0,Flex,1,F,julho de 2026 ,9ptptf86hsdzm,"quarta-feira, 1 de julho de 2026 02:04",80299.0
335,1,,,2024,5,"R$ 112.700,00",Hyundai,Creta Comfort Plus 1.0 TB 12V Flex Aut.,2024,015244-7,Flex,1,F,julho de 2026 ,glgm22tyj0dwd,"quarta-feira, 1 de julho de 2026 02:04",112700.0
335,1,,,2025,5,"R$ 120.172,00",Hyundai,Creta Comfort Plus 1.0 TB 12V Flex Aut.,2025,015244-7,Flex,1,F,julho de 2026 ,gv666s45njdzm,"quarta-feira, 1 de julho de 2026 02:04",120172.0
335,1,,,2024,5,"R$ 70.005,00",Hyundai,HB20 Comfort Plus 1.0 Flex 12V Mec.,2024,015245-5,Flex,1,F,julho de 2026 ,5s34knr7pqdwd,"quarta-feira, 1 de julho de 2026 02:04",70005.0
335,1,,,2025,5,"R$ 74.085,00",Hyundai,HB20 Comfort Plus 1.0 Flex 12V Mec.,2025,015245-5,Flex,1,F,julho de 2026 ,7by26h3ttsdzm,"quarta-feira, 1 de julho de 2026 02:04",74085.0
335,1,,,2025,5,"R$ 91.804,00",Hyundai,HB20 Comf. Plus Tech 1.0 TB Flex 12V Aut,2025,015246-3,Flex,1,F,julho de 2026 ,cf1qd2n39nfdzm,"quarta-feira, 1 de julho de 2026 02:04",91804.0
335,1,,,2025,5,"R$ 91.948,00",Hyundai,HB20S Com. Plus Tech 1.0 TB Flex 12V Aut,2025,015247-1,Flex,1,F,julho de 2026 ,cf3drl1z9nwdzm,"quarta-feira, 1 de julho de 2026 02:04",91948.0
335,1,,,2025,1,"R$ 154.777,00",Hyundai,Creta Ultimate 1.6 TB 16V Aut.,2025,015249-8,Gasolina,1,G,julho de 2026 ,h5s0ltmjyydyb,"quarta-feira, 1 de julho de 2026 02:04",154777.0
335,1,,,2026,5,"R$ 102.471,00",Hyundai,HB20 Limited 1.0 TB Flex 12V Aut.,2026,015251-0,Flex,1,F,julho de 2026 ,f6gvhxpm6dd2v,"quarta-feira, 1 de julho de 2026 02:04",102471.0
335,1,,,2026,5,"R$ 105.646,00",Hyundai,HB20S Limited 1.0  TB Flex 12V Aut.,2026,015252-8,Flex,1,F,julho de 2026 ,f957yv239fd2v,"quarta-feira, 1 de julho de 2026 02:04",105646.0
335,1,,,2021,5,"R$ 77.058,00",Jeep,Renegade Sport 1.8 4x2 Flex 16V Aut.,2021,017034-8,Flex,1,F,julho de 2026 ,8gtpnrpc7ng6,"quarta-feira, 1 de julho de 2026 02:04",77058.0
335,1,,,2021,5,"R$ 82.129,00",Jeep,Renegade Longitude 1.8 4x2 Flex 16V Aut.,2021,017035-6,Flex,1,F,julho de 2026 ,cbc8vf80g51g6,"quarta-feira, 1 de julho de 2026 02:04",82129.0
335,1,,,2025,5,"R$ 129.589,00",Hyundai,Creta Limit. Safety 1.0 TB 12V Flex Aut.,2025,015243-9,Flex,1,F,julho de 2026 ,g68hv8mpg7dzm,"quarta-feira, 1 de julho de 2026 02:04",129589.0
335,1,,,2021,3,"R$ 96.584,00",Jeep,Renegade Longitude 2.0 4x4 TB Diesel Aut,2021,017037-2,Diesel,1,D,julho de 2026 ,chvrs0rxtrrgk,"quarta-feira, 1 de julho de 2026 02:04",96584.0
335,1,,,2022,5,"R$ 126.712,00",Jeep,COMPASS LIMITED T270 1.3 TB 4x2 Flex Aut,2022,017070-4,Flex,1,F,julho de 2026 ,g3wx597brbdny,"quarta-feira, 1 de julho de 2026 02:04",126712.0
335,1,,,2024,5,"R$ 149.230,00",Jeep,COMPASS LIMITED T270 1.3 TB 4x2 Flex Aut,2024,017070-4,Flex,1,F,julho de 2026 ,hy9dg82v5jdwd,"quarta-feira, 1 de julho de 2026 02:04",149230.0
335,1,,,2025,5,"R$ 172.105,00",Jeep,COMPASS LIMITED T270 1.3 TB 4x2 Flex Aut,2025,017070-4,Flex,1,F,julho de 2026 ,jt3t01zbwzdzm,"quarta-feira, 1 de julho de 2026 02:04",172105.0
335,1,,,2023,5,"R$ 139.836,00",Jeep,COMPASS LIMITED T270 1.3 TB 4x2 Flex Aut,2023,017070-4,Flex,1,F,julho de 2026 ,hl8yq59l10dr5,"quarta-feira, 1 de julho de 2026 02:04",139836.0
335,1,,,2022,5,"R$ 120.082,00",Jeep,COMPASS LONG. T270 1.3 TB 4x2 Flex Aut.,2022,017071-2,Flex,1,F,julho de 2026 ,gv3ys5yndvdny,"quarta-feira, 1 de julho de 2026 02:04",120082.0
335,1,,,2023,5,"R$ 129.061,00",Jeep,COMPASS LONG. T270 1.3 TB 4x2 Flex Aut.,2023,017071-2,Flex,1,F,julho de 2026 ,g6m9ykk725dr5,"quarta-feira, 1 de julho de 2026 02:04",129061.0
335,1,,,2025,5,"R$ 146.567,00",Jeep,COMPASS LONG. T270 1.3 TB 4x2 Flex Aut.,2025,017071-2,Flex,1,F,julho de 2026 ,hv5lx6my5jdzm,"quarta-feira, 1 de julho de 2026 02:04",146567.0
335,1,,,2024,5,"R$ 136.445,00",Jeep,COMPASS LONG. T270 1.3 TB 4x2 Flex Aut.,2024,017071-2,Flex,1,F,julho de 2026 ,hg9pxhd688dwd,"quarta-feira, 1 de julho de 2026 02:04",136445.0
335,1,,,2024,5,"R$ 163.348,00",Jeep,COMPASS S T270 1.3 TB 4x2 Flex Aut.,2024,017074-7,Flex,1,F,julho de 2026 ,jhvj00prv4dwd,"quarta-feira, 1 de julho de 2026 02:04",163348.0
335,1,,,2025,5,"R$ 172.452,00",Jeep,COMPASS S T270 1.3 TB 4x2 Flex Aut.,2025,017074-7,Flex,1,F,julho de 2026 ,jvjf0kwgbzdzm,"quarta-feira, 1 de julho de 2026 02:04",172452.0
335,1,,,2023,5,"R$ 152.522,00",Jeep,COMPASS S T270 1.3 TB 4x2 Flex Aut.,2023,017074-7,Flex,1,F,julho de 2026 ,h241rzjznjdr5,"quarta-feira, 1 de julho de 2026 02:04",152522.0
335,1,,,2023,3,"R$ 145.324,00",Jeep,COMPASS LONG. TD 350 2.0 4x4 Diesel Aut.,2023,017075-5,Diesel,1,D,julho de 2026 ,htqfcxtcf6drj,"quarta-feira, 1 de julho de 2026 02:04",145324.0
335,1,,,2022,3,"R$ 129.264,00",Jeep,COMPASS LONG. TD 350 2.0 4x4 Diesel Aut.,2022,017075-5,Diesel,1,D,julho de 2026 ,g6wpn7hrm5dm9,"quarta-feira, 1 de julho de 2026 02:04",129264.0
335,1,,,2022,3,"R$ 136.383,00",Jeep,COMPASS LIMITED TD 350 2.0 4x4 Die. Aut.,2022,017077-1,Diesel,1,D,julho de 2026 ,hg7f1v1r41dm9,"quarta-feira, 1 de julho de 2026 02:04",136383.0
335,1,,,2024,3,"R$ 165.856,00",Jeep,COMPASS LONG. TD 350 2.0 4x4 Diesel Aut.,2024,017075-5,Diesel,1,D,julho de 2026 ,jlspx061dcdvr,"quarta-feira, 1 de julho de 2026 02:04",165856.0
335,1,,,2022,3,"R$ 158.785,00",Jeep,Commander Limited TD380 2.0 4x4 Die.Aut.,2022,017080-1,Diesel,1,D,julho de 2026 ,jbhpm0pdkldm9,"quarta-feira, 1 de julho de 2026 02:04",158785.0
335,1,,,2023,3,"R$ 178.622,00",Jeep,Commander Limited TD380 2.0 4x4 Die.Aut.,2023,017080-1,Diesel,1,D,julho de 2026 ,j2rp25gpp1drj,"quarta-feira, 1 de julho de 2026 02:04",178622.0
335,1,,,2024,3,"R$ 194.981,00",Jeep,Commander Limited TD380 2.0 4x4 Die.Aut.,2024,017080-1,Diesel,1,D,julho de 2026 ,kpx9prpjpddvr,"quarta-feira, 1 de julho de 2026 02:04",194981.0
335,1,,,2022,5,"R$ 147.155,00",Jeep,Commander Limited T270 1.3 TB Flex Aut.,2022,017081-0,Flex,1,F,julho de 2026 ,hwvzgqb28sdny,"quarta-feira, 1 de julho de 2026 02:04",147155.0
335,1,,,2023,5,"R$ 156.266,00",Jeep,Commander Limited T270 1.3 TB Flex Aut.,2023,017081-0,Flex,1,F,julho de 2026 ,h7j4br62t7dr5,"quarta-feira, 1 de julho de 2026 02:04",156266.0
335,1,,,2025,5,"R$ 177.595,00",Jeep,Commander Limited T270 1.3 TB Flex Aut.,2025,017081-0,Flex,1,F,julho de 2026 ,j1kcxm3znrdzm,"quarta-feira, 1 de julho de 2026 02:04",177595.0
335,1,,,2023,5,"R$ 167.264,00",Jeep,Commander Overland T270 1.3 TB Flex Aut.,2023,017082-8,Flex,1,F,julho de 2026 ,jnfwdn3m89dr5,"quarta-feira, 1 de julho de 2026 02:04",167264.0
335,1,,,2024,5,"R$ 186.180,00",Jeep,Commander Overland T270 1.3 TB Flex Aut.,2024,017082-8,Flex,1,F,julho de 2026 ,kcmd3tnthddwd,"quarta-feira, 1 de julho de 2026 02:04",186180.0
335,1,,,2024,5,"R$ 167.452,00",Jeep,Commander Limited T270 1.3 TB Flex Aut.,2024,017081-0,Flex,1,F,julho de 2026 ,jnnp7dvcjndwd,"quarta-feira, 1 de julho de 2026 02:04",167452.0
335,1,,,2025,5,"R$ 205.561,00",Jeep,Commander Overland T270 1.3 TB Flex Aut.,2025,017082-8,Flex,1,F,julho de 2026 ,k3bvr4zwfhdzm,"quarta-feira, 1 de julho de 2026 02:04",205561.0
335,1,,,2025,3,"R$ 223.610,00",Jeep,Commander Overl. TD380 2.0 4x4 Die. Aut.,2025,017083-6,Diesel,1,D,julho de 2026 ,lshwlg5wswdyz,"quarta-feira, 1 de julho de 2026 02:04",223610.0
335,1,,,2024,3,"R$ 204.524,00",Jeep,Commander Overl. TD380 2.0 4x4 Die. Aut.,2024,017083-6,Diesel,1,D,julho de 2026 ,k135bbh931dvr,"quarta-feira, 1 de julho de 2026 02:04",204524.0
335,1,,,2024,5,"R$ 102.982,00",Jeep,Renegade Sport T270 1.3 TB 4x2 Flex Aut.,2024,017085-2,Flex,1,F,julho de 2026 ,f62d8wrxdjdwd,"quarta-feira, 1 de julho de 2026 02:04",102982.0
335,1,,,2023,5,"R$ 99.345,00",Jeep,Renegade Sport T270 1.3 TB 4x2 Flex Aut.,2023,017085-2,Flex,1,F,julho de 2026 ,cjw4brhbwjqpn,"quarta-feira, 1 de julho de 2026 02:04",99345.0
335,1,,,2024,5,"R$ 125.086,00",Jeep,Renegade Trailhawk T270 1.3 TB Flex Aut.,2024,017086-0,Flex,1,F,julho de 2026 ,g1zt218y68dwd,"quarta-feira, 1 de julho de 2026 02:04",125086.0
335,1,,,2023,5,"R$ 114.805,00",Jeep,Renegade S T270 1.3 TB 4x4 Flex Aut.,2023,017087-9,Flex,1,F,julho de 2026 ,gnx4xkwvnhdr5,"quarta-feira, 1 de julho de 2026 02:04",114805.0
335,1,,,2022,5,"R$ 98.024,00",Jeep,Renegade Long. T270 1.3 TB 4x2 Flex Aut.,2022,017088-7,Flex,1,F,julho de 2026 ,cjdm59pdnn4lf,"quarta-feira, 1 de julho de 2026 02:05",98024.0
335,1,,,2023,5,"R$ 102.407,00",Jeep,Renegade Long. T270 1.3 TB 4x2 Flex Aut.,2023,017088-7,Flex,1,F,julho de 2026 ,f6djdgmpj9dr5,"quarta-feira, 1 de julho de 2026 02:05",102407.0
335,1,,,2024,5,"R$ 110.307,00",Jeep,Renegade Long. T270 1.3 TB 4x2 Flex Aut.,2024,017088-7,Flex,1,F,julho de 2026 ,ghnnrznzjqdwd,"quarta-feira, 1 de julho de 2026 02:05",110307.0
335,1,,,2025,5,"R$ 118.638,00",Jeep,Renegade Long. T270 1.3 TB 4x2 Flex Aut.,2025,017088-7,Flex,1,F,julho de 2026 ,gtfgr2vwkldzm,"quarta-feira, 1 de julho de 2026 02:05",118638.0
335,1,,,2025,1,"R$ 217.971,00",Jeep,Commander Overland Hurric 2.0 4x4 TB Aut,2025,017098-4,Gasolina,1,G,julho de 2026 ,lkwxtc2n9rdyb,"quarta-feira, 1 de julho de 2026 02:05",217971.0
335,1,,,2024,5,"R$ 123.701,00",Jeep,Renegade S T270 1.3 TB 4x4 Flex Aut.,2024,017087-9,Flex,1,F,julho de 2026 ,g0chjs231zdwd,"quarta-feira, 1 de julho de 2026 02:05",123701.0
335,1,,,2022,3,"R$ 388.254,00",Mercedes-Benz,GLE-400 3.0 TB 4MATIC Diesel Aut.,2022,021442-6,Diesel,1,D,julho de 2026 ,s0j55zl25ndm9,"quarta-feira, 1 de julho de 2026 02:05",388254.0
335,1,,,2025,1,"R$ 230.488,00",Jeep,Commander Black Hurricane 2.0 4x4 TB Aut,2025,017099-2,Gasolina,1,G,julho de 2026 ,l1kwd20tqtdyb,"quarta-feira, 1 de julho de 2026 02:05",230488.0
335,1,,,2025,3,"R$ 353.230,00",Mercedes-Benz,Sprin. 517 VAN E.L.P.T.A. 21L Die. (E6),2025,021507-4,Diesel,1,D,julho de 2026 ,rpg5phwm4cdyz,"quarta-feira, 1 de julho de 2026 02:05",353230.0
335,1,,,2024,3,"R$ 277.971,00",Mitsubishi,Pajero Sport HPE 2.4 4x4 Diesel Aut.,2024,022178-3,Diesel,1,D,julho de 2026 ,nt7q5ch9x4dvr,"quarta-feira, 1 de julho de 2026 02:05",277971.0
335,1,,,2024,3,"R$ 180.849,00",Nissan,Frontier ATTAC.CD 4x4 2.3 Bi-TB Die. Aut,2024,023160-6,Diesel,1,D,julho de 2026 ,j5cnc0lhtwdvr,"quarta-feira, 1 de julho de 2026 02:05",180849.0
335,1,,,2022,5,"R$ 121.482,00",Mitsubishi,OUTLANDER Sport HPE 2.0 16V Flex Aut.,2022,022192-9,Flex,1,F,julho de 2026 ,gxrt8c860fdny,"quarta-feira, 1 de julho de 2026 02:05",121482.0
335,1,,,2022,3,"R$ 119.327,00",Nissan,Frontier S CD 4x4 2.3 TB Diesel Mec.,2022,023161-4,Diesel,1,D,julho de 2026 ,gt7h3ghflsdm9,"quarta-feira, 1 de julho de 2026 02:05",119327.0
335,1,,,2024,3,"R$ 145.280,00",Nissan,Frontier S CD 4x4 2.3 TB Diesel Mec.,2024,023161-4,Diesel,1,D,julho de 2026 ,htnts0zgywdvr,"quarta-feira, 1 de julho de 2026 02:05",145280.0
335,1,,,2025,3,"R$ 200.700,00",Nissan,Frontier ATTAC.CD 4x4 2.3 Bi-TB Die. Aut,2025,023160-6,Diesel,1,D,julho de 2026 ,kxm5l5rc4kdyz,"quarta-feira, 1 de julho de 2026 02:05",200700.0
335,1,,,2023,5,"R$ 89.802,00",Nissan,VERSA Advance 1.6 16V Flex Aut.,2023,023175-4,Flex,1,F,julho de 2026 ,cd87rfqgp7cpn,"quarta-feira, 1 de julho de 2026 02:05",89802.0
335,1,,,2024,5,"R$ 96.858,00",Nissan,VERSA Advance 1.6 16V Flex Aut.,2024,023175-4,Flex,1,F,julho de 2026 ,chyzdbg4kvfsw,"quarta-feira, 1 de julho de 2026 02:05",96858.0
335,1,,,2021,5,"R$ 67.049,00",Nissan,VERSA V-DRIVE PLUS 1.6 16V Flex Aut.,2021,023171-1,Flex,1,F,julho de 2026 ,4pgqnxn9n1g6,"quarta-feira, 1 de julho de 2026 02:05",67049.0
335,1,,,2023,5,"R$ 93.958,00",Nissan,KICKS Sense 1.6 16V Flex Aut.,2023,023178-9,Flex,1,F,julho de 2026 ,cgvzbdyb7n1pn,"quarta-feira, 1 de julho de 2026 02:05",93958.0
335,1,,,2022,5,"R$ 92.741,00",Nissan,KICKS Advance 1.6 16V Flex Aut.,2022,023180-0,Flex,1,F,julho de 2026 ,cgdpzsq9357lf,"quarta-feira, 1 de julho de 2026 02:05",92741.0
335,1,,,2023,5,"R$ 99.925,00",Nissan,KICKS Advance 1.6 16V Flex Aut.,2023,023180-0,Flex,1,F,julho de 2026 ,cj3x4x5wfhypn,"quarta-feira, 1 de julho de 2026 02:05",99925.0
335,1,,,2024,5,"R$ 107.716,00",Nissan,KICKS Advance 1.6 16V Flex Aut.,2024,023180-0,Flex,1,F,julho de 2026 ,gdmhbtnzyvdwd,"quarta-feira, 1 de julho de 2026 02:05",107716.0
335,1,,,2022,5,"R$ 98.380,00",Nissan,KICKS Exclusive 1.6 16V Flex Aut.,2022,023181-9,Flex,1,F,julho de 2026 ,cjjtlkf4js0lf,"quarta-feira, 1 de julho de 2026 02:05",98380.0
335,1,,,2024,5,"R$ 115.073,00",Nissan,KICKS Exclusive 1.6 16V Flex Aut.,2024,023181-9,Flex,1,F,julho de 2026 ,gn7wwnkzm7dwd,"quarta-feira, 1 de julho de 2026 02:05",115073.0
335,1,,,2024,5,"R$ 105.229,00",Nissan,KICKS Sense 1.6 16V Flex Aut.,2024,023178-9,Flex,1,F,julho de 2026 ,f9p2296lspdwd,"quarta-feira, 1 de julho de 2026 02:05",105229.0
335,1,,,2024,5,"R$ 94.453,00",Nissan,KICKS Active 1.6 16V Flex Aut.,2024,023186-0,Flex,1,F,julho de 2026 ,cg1r7vbr6xxdwd,"quarta-feira, 1 de julho de 2026 02:05",94453.0
335,1,,,2023,1,"R$ 115.564,00",Nissan,Sentra Advance 2.0 16V Aut.,2023,023187-8,Gasolina,1,G,julho de 2026 ,gptq3zkwrmdqw,"quarta-feira, 1 de julho de 2026 02:05",115564.0
335,1,,,2025,1,"R$ 131.906,00",Nissan,Sentra Advance 2.0 16V Aut.,2025,023187-8,Gasolina,1,G,julho de 2026 ,g9zqkrzlc6dyb,"quarta-feira, 1 de julho de 2026 02:05",131906.0
335,1,,,2025,1,"R$ 153.863,00",Nissan,Sentra Exclusive 2.0 16V Aut.,2025,023188-6,Gasolina,1,G,julho de 2026 ,h4qsq92hchdyb,"quarta-feira, 1 de julho de 2026 02:05",153863.0
335,1,,,2024,1,"R$ 121.561,00",Nissan,Sentra Advance 2.0 16V Aut.,2024,023187-8,Gasolina,1,G,julho de 2026 ,gxvp8slnjvdt3,"quarta-feira, 1 de julho de 2026 02:05",121561.0
335,1,,,2024,1,"R$ 139.805,00",Nissan,Sentra Exclu. Int. Premium 2.0 16V Aut.,2024,023189-4,Gasolina,1,G,julho de 2026 ,hl7ttb6pnfdt3,"quarta-feira, 1 de julho de 2026 02:05",139805.0
335,1,,,2023,1,"R$ 130.307,00",Nissan,Sentra Exclu. Int. Premium 2.0 16V Aut.,2023,023189-4,Gasolina,1,G,julho de 2026 ,g73lwlx6z7dqw,"quarta-feira, 1 de julho de 2026 02:05",130307.0
335,1,,,2025,1,"R$ 154.468,00",Nissan,Sentra Exclu. Int. Premium 2.0 16V Aut.,2025,023189-4,Gasolina,1,G,julho de 2026 ,h5fsfmk7sfdyb,"quarta-feira, 1 de julho de 2026 02:05",154468.0
335,1,,,2025,5,"R$ 108.829,00",Nissan,KICKS Play Active Plus 1.6 16V Flex Aut.,2025,023191-6,Flex,1,F,julho de 2026 ,gfxyd7z1zvdzm,"quarta-feira, 1 de julho de 2026 02:05",108829.0
335,1,,,2025,5,"R$ 113.430,00",Nissan,KICKS Play Sense 1.6 16V Flex Aut.,2025,023192-4,Flex,1,F,julho de 2026 ,gl95mkwyt6dzm,"quarta-feira, 1 de julho de 2026 02:05",113430.0
335,1,,,2023,5,"R$ 74.930,00",Peugeot,208 Allure 1.6 Flex 16V 5p Aut.,2023,024215-2,Flex,1,F,julho de 2026 ,7nv69fn56tpn,"quarta-feira, 1 de julho de 2026 02:05",74930.0
335,1,,,2022,5,"R$ 66.232,00",Peugeot,2008 Allure Pack 1.6 Flex 16V Aut.,2022,024245-4,Flex,1,F,julho de 2026 ,4cwr2fsbgqlf,"quarta-feira, 1 de julho de 2026 02:05",66232.0
335,1,,,2022,1,"R$ 138.196,00",Peugeot,3008 Griffe 1.6 Turbo 16V 5p Aut.,2022,024176-8,Gasolina,1,G,julho de 2026 ,hkcbvxh4t7dmn,"quarta-feira, 1 de julho de 2026 02:05",138196.0
335,1,,,2022,5,"R$ 66.691,00",Peugeot,208 Active 1.6 Flex 16V 5p Aut.,2022,024249-7,Flex,1,F,julho de 2026 ,4j8lwj8zlslf,"quarta-feira, 1 de julho de 2026 02:05",66691.0
335,1,,,2024,5,"R$ 82.860,00",Peugeot,208 Active 1.6 Flex 16V 5p Aut.,2024,024249-7,Flex,1,F,julho de 2026 ,cbnvj1hxdcpsw,"quarta-feira, 1 de julho de 2026 02:05",82860.0
335,1,,,2022,5,"R$ 53.539,00",Peugeot,208 Like Essencial 1.6 Flex 16V 5p Mec.,2022,024256-0,Flex,1,F,julho de 2026 ,zk17ylkd1klf,"quarta-feira, 1 de julho de 2026 02:05",53539.0
335,1,,,2024,5,"R$ 83.433,00",Peugeot,Partner Rapid Busin. Pack 1.4 Flex Mec.,2024,024263-2,Flex,1,F,julho de 2026 ,cbwktb5p3yqsw,"quarta-feira, 1 de julho de 2026 02:05",83433.0
335,1,,,2023,5,"R$ 57.852,00",Peugeot,208 Like 1.0 Flex 6V 5p Mec.,2023,024264-0,Flex,1,F,julho de 2026 ,06mwx01f1dpn,"quarta-feira, 1 de julho de 2026 02:05",57852.0
335,1,,,2024,5,"R$ 67.925,00",Peugeot,208 Like 1.0 Flex 6V 5p Mec.,2024,024264-0,Flex,1,F,julho de 2026 ,40q31r39x2sw,"quarta-feira, 1 de julho de 2026 02:05",67925.0
335,1,,,2021,3,"R$ 151.165,00",Renault,Master 2.3 dCi Furgão 16V Diesel,2021,025196-8,Diesel,1,D,julho de 2026 ,h1kqrqr102dj2,"quarta-feira, 1 de julho de 2026 02:05",151165.0
335,1,,,2022,3,"R$ 158.320,00",Renault,Master 2.3 dCi Furgão 16V Diesel,2022,025196-8,Diesel,1,D,julho de 2026 ,h9ysptkqwzdm9,"quarta-feira, 1 de julho de 2026 02:05",158320.0
335,1,,,2024,3,"R$ 205.324,00",Renault,Master 2.3 dCi Grand Furgão16V Diesel,2024,025197-6,Diesel,1,D,julho de 2026 ,k217qv3bckdvr,"quarta-feira, 1 de julho de 2026 02:05",205324.0
335,1,,,2024,3,"R$ 218.562,00",Renault,Master 2.3 dCi Extra Furgão 16V Diesel,2024,025198-4,Diesel,1,D,julho de 2026 ,llldqpsm5ddvr,"quarta-feira, 1 de julho de 2026 02:05",218562.0
335,1,,,2025,3,"R$ 225.452,00",Renault,Master 2.3 dCi Extra Furgão 16V Diesel,2025,025198-4,Diesel,1,D,julho de 2026 ,lvnt2g9ckjdyz,"quarta-feira, 1 de julho de 2026 02:06",225452.0
335,1,,,2022,3,"R$ 220.391,00",Renault,Master 2.3 dCi Executive Longo 16L Dies,2022,025205-0,Diesel,1,D,julho de 2026 ,lnqwkmpnh0dm9,"quarta-feira, 1 de julho de 2026 02:06",220391.0
335,1,,,2023,5,"R$ 71.903,00",Peugeot,208 Active 1.6 Flex 16V 5p Aut.,2023,024249-7,Flex,1,F,julho de 2026 ,6jc0dk3lrfpn,"quarta-feira, 1 de julho de 2026 02:06",71903.0
335,1,,,2023,3,"R$ 250.637,00",Renault,Master 2.3 dCi Executive Longo 16L Dies,2023,025205-0,Diesel,1,D,julho de 2026 ,ms57d7vpzvdrj,"quarta-feira, 1 de julho de 2026 02:06",250637.0
335,1,,,2024,3,"R$ 258.652,00",Renault,Master 2.3 dCi Executive Longo 16L Dies,2024,025205-0,Diesel,1,D,julho de 2026 ,m3lkcm97hmdvr,"quarta-feira, 1 de julho de 2026 02:06",258652.0
335,1,,,2025,3,"R$ 286.684,00",Renault,Master 2.3 dCi Executive Longo 16L Dies,2025,025205-0,Diesel,1,D,julho de 2026 ,n5gflhs9wrdyz,"quarta-feira, 1 de julho de 2026 02:06",286684.0
335,1,,,2023,5,"R$ 49.489,00",Renault,KWID Zen 1.0 Flex 12V 5p Mec.,2023,025266-2,Flex,1,F,julho de 2026 ,x1k6bh5w3jpn,"quarta-feira, 1 de julho de 2026 02:06",49489.0
335,1,,,2024,5,"R$ 52.328,00",Renault,KWID Zen 1.0 Flex 12V 5p Mec.,2024,025266-2,Flex,1,F,julho de 2026 ,y3v2x3h3jfsw,"quarta-feira, 1 de julho de 2026 02:06",52328.0
335,1,,,2025,5,"R$ 56.855,00",Renault,KWID Zen 1.0 Flex 12V 5p Mec.,2025,025266-2,Flex,1,F,julho de 2026 ,0tyh5jbdblw3,"quarta-feira, 1 de julho de 2026 02:06",56855.0
335,1,,,2026,5,"R$ 63.070,00",Renault,KWID Zen 1.0 Flex 12V 5p Mec.,2026,025266-2,Flex,1,F,julho de 2026 ,25tg1rmrj00b,"quarta-feira, 1 de julho de 2026 02:06",63070.0
335,1,,,2022,5,"R$ 47.135,00",Renault,KWID Intense 1.0 Flex 12V 5p Mec.,2022,025267-0,Flex,1,F,julho de 2026 ,w4zlhn1h9blf,"quarta-feira, 1 de julho de 2026 02:06",47135.0
335,1,,,2022,5,"R$ 44.728,00",Renault,KWID Zen 1.0 Flex 12V 5p Mec.,2022,025266-2,Flex,1,F,julho de 2026 ,v7rqg7bcpmlf,"quarta-feira, 1 de julho de 2026 02:06",44728.0
335,1,,,2023,5,"R$ 51.706,00",Renault,KWID Intense 1.0 Flex 12V 5p Mec.,2023,025267-0,Flex,1,F,julho de 2026 ,ywk0h092plpn,"quarta-feira, 1 de julho de 2026 02:06",51706.0
335,1,,,2024,5,"R$ 55.435,00",Renault,KWID Intense 1.0 Flex 12V 5p Mec.,2024,025267-0,Flex,1,F,julho de 2026 ,z89c7k29d1sw,"quarta-feira, 1 de julho de 2026 02:06",55435.0
335,1,,,2025,5,"R$ 60.176,00",Renault,KWID Intense 1.0 Flex 12V 5p Mec.,2025,025267-0,Flex,1,F,julho de 2026 ,12wlqzgwkqw3,"quarta-feira, 1 de julho de 2026 02:06",60176.0
335,1,,,2026,5,"R$ 66.312,00",Renault,KWID Intense 1.0 Flex 12V 5p Mec.,2026,025267-0,Flex,1,F,julho de 2026 ,4dtvgyy9zd0b,"quarta-feira, 1 de julho de 2026 02:06",66312.0
335,1,,,2023,5,"R$ 54.541,00",Renault,KWID OUTSIDER 1.0 Flex 12V 5p Mec.,2023,025279-4,Flex,1,F,julho de 2026 ,zytf1gwqnbpn,"quarta-feira, 1 de julho de 2026 02:06",54541.0
335,1,,,2025,5,"R$ 63.729,00",Renault,KWID OUTSIDER 1.0 Flex 12V 5p Mec.,2025,025279-4,Flex,1,F,julho de 2026 ,3fj0cq4tj8w3,"quarta-feira, 1 de julho de 2026 02:06",63729.0
335,1,,,2025,5,"R$ 75.013,00",Renault,LOGAN Life Flex 1.0 12V 4p Mec.,2025,025289-1,Flex,1,F,julho de 2026 ,7pvdhxmltzw3,"quarta-feira, 1 de julho de 2026 02:06",75013.0
335,1,,,2024,5,"R$ 72.744,00",Renault,STEPWAY Zen Flex 1.6 16V Mec.,2024,025281-6,Flex,1,F,julho de 2026 ,6t7pd2z65rsw,"quarta-feira, 1 de julho de 2026 02:06",72744.0
335,1,,,2024,5,"R$ 62.522,00",Renault,LOGAN Zen Flex 1.0 12V 4p Mec.,2024,025290-5,Flex,1,F,julho de 2026 ,2zc9fhf7dksw,"quarta-feira, 1 de julho de 2026 02:06",62522.0
335,1,,,2023,5,"R$ 57.175,00",Renault,LOGAN Zen Flex 1.0 12V 4p Mec.,2023,025290-5,Flex,1,F,julho de 2026 ,0yptsqv7p4pn,"quarta-feira, 1 de julho de 2026 02:06",57175.0
335,1,,,2025,5,"R$ 76.071,00",Renault,LOGAN Zen Flex 1.0 12V 4p Mec.,2025,025290-5,Flex,1,F,julho de 2026 ,727yk9xzdww3,"quarta-feira, 1 de julho de 2026 02:06",76071.0
335,1,,,2023,5,"R$ 96.698,00",Renault,DUSTER Iconic 1.6 16V Flex Aut.,2023,025300-6,Flex,1,F,julho de 2026 ,chw27jc29trpn,"quarta-feira, 1 de julho de 2026 02:06",96698.0
335,1,,,2024,5,"R$ 99.988,00",Renault,DUSTER Iconic 1.6 16V Flex Aut.,2024,025300-6,Flex,1,F,julho de 2026 ,cj4n1sqdlzdsw,"quarta-feira, 1 de julho de 2026 02:06",99988.0
335,1,,,2024,5,"R$ 93.073,00",Renault,DUSTER Intense 1.6 16V Flex Aut.,2024,025301-4,Flex,1,F,julho de 2026 ,cgjlnmf67jbsw,"quarta-feira, 1 de julho de 2026 02:06",93073.0
335,1,,,2023,5,"R$ 95.101,00",Renault,DUSTER Iconic 1.3 TB 16V Flex Aut.,2023,025310-3,Flex,1,F,julho de 2026 ,cg9cr7cm1vwpn,"quarta-feira, 1 de julho de 2026 02:06",95101.0
335,1,,,2025,5,"R$ 106.646,00",Renault,OROCH Intense 1.6 Flex 16V Mec.,2025,025312-0,Flex,1,F,julho de 2026 ,gcclqbf4b5dzm,"quarta-feira, 1 de julho de 2026 02:06",106646.0
335,1,,,2023,5,"R$ 75.622,00",Renault,DUSTER Zen 1.6 16V Flex Mec.,2023,025303-0,Flex,1,F,julho de 2026 ,7xzrf5hr95pn,"quarta-feira, 1 de julho de 2026 02:06",75622.0
335,1,,,2024,5,"R$ 88.542,00",Renault,OROCH Pro 1.6 Flex 16V Mec.,2024,025313-8,Flex,1,F,julho de 2026 ,cdtgr9wspf1sw,"quarta-feira, 1 de julho de 2026 02:06",88542.0
335,1,,,2024,5,"R$ 92.250,00",Renault,DUSTER Intense 1.6 16V Flex Mec.,2024,025319-7,Flex,1,F,julho de 2026 ,cf6yjdycpwsdwd,"quarta-feira, 1 de julho de 2026 02:06",92250.0
335,1,,,2023,5,"R$ 86.298,00",Renault,OROCH Pro 1.6 Flex 16V Mec.,2023,025313-8,Flex,1,F,julho de 2026 ,ccy44xd9kn3pn,"quarta-feira, 1 de julho de 2026 02:06",86298.0
335,1,,,2024,5,"R$ 93.540,00",Renault,DUSTER Intense Plus 1.6 16V Flex Aut.,2024,025322-7,Flex,1,F,julho de 2026 ,cgp2dkmkbqsdwd,"quarta-feira, 1 de julho de 2026 02:06",93540.0
335,1,,,2025,5,"R$ 106.496,00",Renault,DUSTER Intense Plus 1.6 16V Flex Aut.,2025,025322-7,Flex,1,F,julho de 2026 ,gb54pwmy1ydzm,"quarta-feira, 1 de julho de 2026 02:06",106496.0
335,1,,,2025,5,"R$ 110.276,00",Renault,DUSTER Iconic Plus 1.6 16V Flex Aut.,2025,025324-3,Flex,1,F,julho de 2026 ,ghmjt4j6kldzm,"quarta-feira, 1 de julho de 2026 02:06",110276.0
335,1,,,2026,5,"R$ 120.698,00",Renault,DUSTER Intense Plus 1.6 16V Flex Aut.,2026,025322-7,Flex,1,F,julho de 2026 ,gwvbwphcb0d2v,"quarta-feira, 1 de julho de 2026 02:06",120698.0
335,1,,,2025,5,"R$ 106.835,00",Renault,DUSTER Intense Plus 1.6 16V Flex Mec.,2025,025325-1,Flex,1,F,julho de 2026 ,gclgny1k87dzm,"quarta-feira, 1 de julho de 2026 02:06",106835.0
335,1,,,2025,5,"R$ 96.173,00",Renault,Kardian Evolut. Flex 1.0 TB 12V 5p Aut.,2025,025327-8,Flex,1,F,julho de 2026 ,chpyd1k979hdzm,"quarta-feira, 1 de julho de 2026 02:06",96173.0
335,1,,,2025,5,"R$ 104.573,00",Renault,Kardian Prem. Ed Flex 1.0 TB 12V 5p Aut.,2025,025329-4,Flex,1,F,julho de 2026 ,f8x7ylcr2ndzm,"quarta-feira, 1 de julho de 2026 02:06",104573.0
335,1,,,2025,5,"R$ 92.068,00",Renault,Kangoo Advanced 1.6 16V Flex ,2025,025331-6,Flex,1,F,julho de 2026 ,cf4tcqcwsm1dzm,"quarta-feira, 1 de julho de 2026 02:06",92068.0
335,1,,,2021,6,"R$ 184.023,00",Volvo,XC 60 T-8 MOMENTUM 2.0 (Híbrido),2021,029141-2,Híbrido,1,H,julho de 2026 ,j820p1bf6ldk1,"quarta-feira, 1 de julho de 2026 02:06",184023.0
335,1,,,2022,6,"R$ 224.943,00",Volvo,XC 60 T-8 INSC. EXPRESS. 2.0 (Híbrido),2022,029151-0,Híbrido,1,H,julho de 2026 ,lt2bkd4584dn8,"quarta-feira, 1 de julho de 2026 02:06",224943.0
335,1,,,2024,6,"R$ 376.970,00",Volvo,XC 90 T-8 Plus 2.0 AWD (Híbrido),2024,029155-2,Híbrido,1,H,julho de 2026 ,sk91v8gpxmdwq,"quarta-feira, 1 de julho de 2026 02:06",376970.0
335,1,,,2025,5,"R$ 98.265,00",Renault,Kardian Techno Flex 1.0 TB 12V 5p Aut.,2025,025328-6,Flex,1,F,julho de 2026 ,cjhgsr9yl8cdzm,"quarta-feira, 1 de julho de 2026 02:06",98265.0
335,1,,,2023,6,"R$ 267.764,00",Volvo,XC 60 T-8 Ultimate 2.0 AWD (Híbrido),2023,029158-7,Híbrido,1,H,julho de 2026 ,nf8rcnc343dsh,"quarta-feira, 1 de julho de 2026 02:06",267764.0
335,1,,,2024,6,"R$ 305.325,00",Volvo,XC 60 T-8 Ultimate 2.0 AWD (Híbrido),2024,029158-7,Híbrido,1,H,julho de 2026 ,pv9zf2bdqfdwq,"quarta-feira, 1 de julho de 2026 02:06",305325.0
335,1,,,2024,6,"R$ 297.408,00",Volvo,XC 60 T-8 Plus 2.0 AWD (Híbrido),2024,029159-5,Híbrido,1,H,julho de 2026 ,pk06xrgyv3dwq,"quarta-feira, 1 de julho de 2026 02:06",297408.0
335,1,,,2025,6,"R$ 366.506,00",Volvo,XC 60 T-8 Plus 2.0 AWD (Híbrido),2025,029159-5,Híbrido,1,H,julho de 2026 ,r51qhpdrlldzy,"quarta-feira, 1 de julho de 2026 02:06",366506.0
335,1,,,2023,6,"R$ 250.640,00",Volvo,XC 60 T-8 Plus 2.0 AWD (Híbrido),2023,029159-5,Híbrido,1,H,julho de 2026 ,ms6bs1ny0sdsh,"quarta-feira, 1 de julho de 2026 02:06",250640.0
335,1,,,2023,4,"R$ 212.683,00",Volvo,C40 Twin Ultimate (Elétrico),2023,029160-9,Elétrico,1,E,julho de 2026 ,lcpqjj1lzxdrv,"quarta-feira, 1 de julho de 2026 02:06",212683.0
335,1,,,2022,1,"R$ 435.733,00",Land Rover,Defender 110 2.0 Turbo SE Si4 Aut.,2022,033180-5,Gasolina,1,G,julho de 2026 ,vs6xfh1pzgdmn,"quarta-feira, 1 de julho de 2026 02:07",435733.0
335,1,,,2025,6,"R$ 391.495,00",Volvo,XC 60 T-8 Ultra 2.0 AWD (Híbrido),2025,029172-2,Híbrido,1,H,julho de 2026 ,s4bzz7r5z5dzy,"quarta-feira, 1 de julho de 2026 02:07",391495.0
335,1,,,2022,1,"R$ 126.332,00",Caoa Chery/Chery,Tiggo 8 TXS 1.6 16V TGDi Aut.,2022,073029-7,Gasolina,1,G,julho de 2026 ,g3f304g471dmn,"quarta-feira, 1 de julho de 2026 02:07",126332.0
335,1,,,2024,3,"R$ 186.145,00",RAM,RAMPAGE REBEL 2.0 TB CD 4X4 Diesel Aut.,2024,083015-1,Diesel,1,D,julho de 2026 ,kck4n79pc1dvr,"quarta-feira, 1 de julho de 2026 02:07",186145.0
335,1,,,2023,6,"R$ 196.512,00",MINI,COOPER Countryman S E ALL4 1.5  (Híb.),2023,071045-8,Híbrido,1,H,julho de 2026 ,krqyrqjk54dsh,"quarta-feira, 1 de julho de 2026 02:07",196512.0
335,1,,,2024,1,"R$ 185.675,00",RAM,RAMPAGE REBEL HURR.4 2.0 TB CD 4X4 Aut.,2024,083016-0,Gasolina,1,G,julho de 2026 ,kb013fgv0sdt3,"quarta-feira, 1 de julho de 2026 02:07",185675.0
335,1,,,2024,1,"R$ 197.022,00",RAM,RAMPAGE R/T HURRIC. 4 2.0 TB CD 4X4 Aut.,2024,083019-4,Gasolina,1,G,julho de 2026 ,ksbhdpwwmndt3,"quarta-feira, 1 de julho de 2026 02:07",197022.0
335,1,,,2025,1,"R$ 210.805,00",RAM,RAMPAGE R/T HURRIC. 4 2.0 TB CD 4X4 Aut.,2025,083019-4,Gasolina,1,G,julho de 2026 ,k9hgg2bwlgdyb,"quarta-feira, 1 de julho de 2026 02:07",210805.0
335,1,,,2025,3,"R$ 212.694,00",RAM,RAMPAGE LARAMIE 2.2 TB CD 4X4 Die. Aut.,2025,083021-6,Diesel,1,D,julho de 2026 ,lcp3xrzz5pdyz,"quarta-feira, 1 de julho de 2026 02:07",212694.0
335,1,,,2023,1,"R$ 129.710,00",Caoa Chery,Tiggo 7 Pro 1.6 Turbo 16V Aut.  ,2023,093004-0,Gasolina,1,G,julho de 2026 ,g7dw6rvwsqdqw,"quarta-feira, 1 de julho de 2026 02:07",129710.0
335,1,,,2023,6,"R$ 164.420,00",Caoa Chery,Tiggo 8 PRO 1.5 Turbo (Híbrido) ,2023,093010-5,Híbrido,1,H,julho de 2026 ,jj3hxcnbzndsh,"quarta-feira, 1 de julho de 2026 02:07",164420.0
335,1,,,2024,6,"R$ 179.732,00",Caoa Chery,Tiggo 8 PRO 1.5 Turbo (Híbrido) ,2024,093010-5,Híbrido,1,H,julho de 2026 ,j311st8shmdwq,"quarta-feira, 1 de julho de 2026 02:07",179732.0
335,1,,,2024,1,"R$ 139.610,00",Caoa Chery,Tiggo 7 Pro Max Drive 1.6 Turbo 16V Aut.,2024,093011-3,Gasolina,1,G,julho de 2026 ,hl0q23sh8cdt3,"quarta-feira, 1 de julho de 2026 02:07",139610.0
335,1,,,2023,1,"R$ 136.609,00",Caoa Chery,Tiggo 8 Max Drive 1.6 Turbo Aut.,2023,093013-0,Gasolina,1,G,julho de 2026 ,hhhnpwq58ddqw,"quarta-feira, 1 de julho de 2026 02:07",136609.0
335,1,,,2024,1,"R$ 153.457,00",Caoa Chery,Tiggo 8 Max Drive 1.6 Turbo Aut.,2024,093013-0,Gasolina,1,G,julho de 2026 ,h3708y7cd4dt3,"quarta-feira, 1 de julho de 2026 02:07",153457.0
335,1,,,2023,4,"R$ 79.994,00",Caoa Chery,iCar EQ1 TECH (Elétrico),2023,093007-5,Elétrico,1,E,julho de 2026 ,9k7t6zyjp8pb,"quarta-feira, 1 de julho de 2026 02:07",79994.0
335,1,,,2024,6,"R$ 167.057,00",BYD,Song Plus 1.5 16V Aut. (Hibrido),2024,095005-0,Híbrido,1,H,julho de 2026 ,jm6b470vvgdwq,"quarta-feira, 1 de julho de 2026 02:07",167057.0
335,1,,,2025,6,"R$ 183.866,00",BYD,Song Plus 1.5 16V Aut. (Hibrido),2025,095005-0,Híbrido,1,H,julho de 2026 ,j8w9s2ttn2dzy,"quarta-feira, 1 de julho de 2026 02:07",183866.0
335,1,,,2025,6,"R$ 219.971,00",GWM,Haval H6 34 1.5 AWD (Hibrido),2025,096002-0,Híbrido,1,H,julho de 2026 ,lm7l97xcb1dzy,"quarta-feira, 1 de julho de 2026 02:07",219971.0
335,1,,,2025,6,"R$ 240.905,00",GWM,Haval H6 GT 1.5 AWD (Hibrido),2025,096003-9,Híbrido,1,H,julho de 2026 ,mfshtzw880dzy,"quarta-feira, 1 de julho de 2026 02:07",240905.0
334,1,,,2021,1,"R$ 68.454,00",Fiat,Doblo Cargo 1.8 mpi Fire Flex 8V/16V 4p,2021,001235-1,Gasolina,1,G,junho de 2026 ,46ydkxj46jfx,"quarta-feira, 1 de julho de 2026 02:07",68454.0
334,1,,,2023,3,"R$ 131.377,00",Fiat,Toro Volcano 2.0 16V 4x4 TB Diesel Aut.,2023,001453-2,Diesel,1,D,junho de 2026 ,g9chh2tvvtdrj,"quarta-feira, 1 de julho de 2026 02:07",131377.0
334,1,,,2024,3,"R$ 146.528,00",Fiat,Toro Volcano 2.0 16V 4x4 TB Diesel Aut.,2024,001453-2,Diesel,1,D,junho de 2026 ,hv35zxnkfpdvr,"quarta-feira, 1 de julho de 2026 02:07",146528.0
334,1,,,2025,3,"R$ 157.566,00",Fiat,Toro Volcano 2.0 16V 4x4 TB Diesel Aut.,2025,001453-2,Diesel,1,D,junho de 2026 ,h82c3z1hmqdyz,"quarta-feira, 1 de julho de 2026 02:07",157566.0
334,1,,,2020,5,"R$ 44.954,00",Fiat,MOBI LIKE 1.0 Fire Flex 5p.,2020,001461-3,Flex,1,F,junho de 2026 ,wbdvyc0yrscz,"quarta-feira, 1 de julho de 2026 02:07",44954.0
334,1,,,2021,5,"R$ 46.518,00",Fiat,MOBI LIKE 1.0 Fire Flex 5p.,2021,001461-3,Flex,1,F,junho de 2026 ,wxrbdp3zh1g6,"quarta-feira, 1 de julho de 2026 02:07",46518.0
334,1,,,2022,5,"R$ 50.190,00",Fiat,MOBI LIKE 1.0 Fire Flex 5p.,2022,001461-3,Flex,1,F,junho de 2026 ,x9szwgtw69lf,"quarta-feira, 1 de julho de 2026 02:07",50190.0
334,1,,,2023,5,"R$ 53.853,00",Fiat,MOBI LIKE 1.0 Fire Flex 5p.,2023,001461-3,Flex,1,F,junho de 2026 ,zprcyld6k3pn,"quarta-feira, 1 de julho de 2026 02:07",53853.0
334,1,,,2024,5,"R$ 56.244,00",Fiat,MOBI LIKE 1.0 Fire Flex 5p.,2024,001461-3,Flex,1,F,junho de 2026 ,0lsfn94v1rsw,"quarta-feira, 1 de julho de 2026 02:07",56244.0
334,1,,,2025,5,"R$ 60.737,00",Fiat,MOBI LIKE 1.0 Fire Flex 5p.,2025,001461-3,Flex,1,F,junho de 2026 ,19ghtqrbxfw3,"quarta-feira, 1 de julho de 2026 02:07",60737.0
334,1,,,2022,5,"R$ 60.281,00",Fiat,ARGO DRIVE 1.0 6V Flex,2022,001494-0,Flex,1,F,junho de 2026 ,133rtjl83klf,"quarta-feira, 1 de julho de 2026 02:07",60281.0
334,1,,,2023,5,"R$ 65.328,00",Fiat,ARGO DRIVE 1.0 6V Flex,2023,001494-0,Flex,1,F,junho de 2026 ,30855zy3tlpn,"quarta-feira, 1 de julho de 2026 02:07",65328.0
334,1,,,2024,5,"R$ 69.044,00",Fiat,ARGO DRIVE 1.0 6V Flex,2024,001494-0,Flex,1,F,junho de 2026 ,5fvvfp393ysw,"quarta-feira, 1 de julho de 2026 02:07",69044.0
334,1,,,2025,5,"R$ 71.590,00",Fiat,ARGO DRIVE 1.0 6V Flex,2025,001494-0,Flex,1,F,junho de 2026 ,6dp7m129dlw3,"quarta-feira, 1 de julho de 2026 02:07",71590.0
334,1,,,2026,5,"R$ 80.848,00",Fiat,ARGO DRIVE 1.0 6V Flex,2026,001494-0,Flex,1,F,junho de 2026 ,9w77px1pqt0b,"quarta-feira, 1 de julho de 2026 02:07",80848.0
334,1,,,2021,5,"R$ 73.251,00",Fiat,CRONOS PRECISION 1.8 16V Flex Aut.,2021,001502-4,Flex,1,F,junho de 2026 ,605y1yhf9ng6,"quarta-feira, 1 de julho de 2026 02:07",73251.0
334,1,,,2022,5,"R$ 67.101,00",Fiat,CRONOS DRIVE 1.3 8V Flex,2022,001505-9,Flex,1,F,junho de 2026 ,4p2mkt7236lf,"quarta-feira, 1 de julho de 2026 02:07",67101.0
334,1,,,2023,5,"R$ 74.119,00",Fiat,CRONOS DRIVE 1.3 8V Flex,2023,001505-9,Flex,1,F,junho de 2026 ,7ccf9d6rq4pn,"quarta-feira, 1 de julho de 2026 02:07",74119.0
334,1,,,2024,5,"R$ 81.333,00",Fiat,CRONOS DRIVE 1.3 8V Flex,2024,001505-9,Flex,1,F,junho de 2026 ,92yjgphgypsw,"quarta-feira, 1 de julho de 2026 02:07",81333.0
334,1,,,2022,5,"R$ 66.054,00",Fiat,CRONOS 1.3 8V Flex,2022,001506-7,Flex,1,F,junho de 2026 ,39s2fn91f2lf,"quarta-feira, 1 de julho de 2026 02:07",66054.0
334,1,,,2022,5,"R$ 58.729,00",Fiat,ARGO 1.0 6V Flex,2022,001509-1,Flex,1,F,junho de 2026 ,1jxnkhmbf9dny,"quarta-feira, 1 de julho de 2026 02:07",58729.0
334,1,,,2025,5,"R$ 86.474,00",Fiat,CRONOS DRIVE 1.3 8V Flex,2025,001505-9,Flex,1,F,junho de 2026 ,cc063zthydww3,"quarta-feira, 1 de julho de 2026 02:07",86474.0
334,1,,,2024,5,"R$ 65.906,00",Fiat,ARGO 1.0 6V Flex,2024,001509-1,Flex,1,F,junho de 2026 ,3718tv9pxwdwd,"quarta-feira, 1 de julho de 2026 02:07",65906.0
334,1,,,2025,5,"R$ 71.120,00",Fiat,ARGO 1.0 6V Flex,2025,001509-1,Flex,1,F,junho de 2026 ,566dwhc0lvdzm,"quarta-feira, 1 de julho de 2026 02:07",71120.0
334,1,,,2024,5,"R$ 83.627,00",Fiat,ARGO TREKKING 1.3 8V Flex,2024,001519-9,Flex,1,F,junho de 2026 ,cbyt97wqdr4sw,"quarta-feira, 1 de julho de 2026 02:07",83627.0
334,1,,,2025,5,"R$ 86.678,00",Fiat,ARGO TREKKING 1.3 8V Flex,2025,001519-9,Flex,1,F,junho de 2026 ,cc3l8kwb6z7w3,"quarta-feira, 1 de julho de 2026 02:07",86678.0
334,1,,,2023,5,"R$ 62.999,00",Fiat,ARGO 1.0 6V Flex,2023,001509-1,Flex,1,F,junho de 2026 ,24zn08jwl0dr5,"quarta-feira, 1 de julho de 2026 02:07",62999.0
334,1,,,2022,5,"R$ 70.085,00",Fiat,Strada Endurance 1.4 Flex 8V CS Plus,2022,001526-1,Flex,1,F,junho de 2026 ,5t16y4knl2lf,"quarta-feira, 1 de julho de 2026 02:07",70085.0
334,1,,,2023,5,"R$ 75.666,00",Fiat,Strada Endurance 1.4 Flex 8V CS Plus,2023,001526-1,Flex,1,F,junho de 2026 ,7yhq6r5ww7pn,"quarta-feira, 1 de julho de 2026 02:07",75666.0
334,1,,,2022,5,"R$ 76.890,00",Fiat,Strada Freedom 1.3 Flex 8V  CS Plus,2022,001527-0,Flex,1,F,junho de 2026 ,8dvmp02w5xlf,"quarta-feira, 1 de julho de 2026 02:08",76890.0
334,1,,,2024,5,"R$ 91.010,00",Fiat,Strada Freedom 1.3 Flex 8V  CS Plus,2024,001527-0,Flex,1,F,junho de 2026 ,cfrdtmxfdjbsw,"quarta-feira, 1 de julho de 2026 02:08",91010.0
334,1,,,2025,5,"R$ 93.459,00",Fiat,Strada Freedom 1.3 Flex 8V  CS Plus,2025,001527-0,Flex,1,F,junho de 2026 ,cgn3ywqb58bw3,"quarta-feira, 1 de julho de 2026 02:08",93459.0
334,1,,,2023,5,"R$ 83.084,00",Fiat,Strada Freedom 1.3 Flex 8V  CS Plus,2023,001527-0,Flex,1,F,junho de 2026 ,cbrgyy2sgvypn,"quarta-feira, 1 de julho de 2026 02:08",83084.0
334,1,,,2023,5,"R$ 96.634,00",Fiat,Strada Freedom 1.3 Flex 8V CD,2023,001530-0,Flex,1,F,junho de 2026 ,chwbzc6c25ppn,"quarta-feira, 1 de julho de 2026 02:08",96634.0
334,1,,,2024,5,"R$ 100.394,00",Fiat,Strada Freedom 1.3 Flex 8V CD,2024,001530-0,Flex,1,F,junho de 2026 ,f31b7g24w3dwd,"quarta-feira, 1 de julho de 2026 02:08",100394.0
334,1,,,2021,5,"R$ 75.530,00",Fiat,Fiorino Endurance EVO 1.4 Flex 8V 2p,2021,001531-8,Flex,1,F,junho de 2026 ,7ww9trdjj7g6,"quarta-feira, 1 de julho de 2026 02:08",75530.0
334,1,,,2023,5,"R$ 84.274,00",Fiat,Fiorino Endurance EVO 1.4 Flex 8V 2p,2023,001531-8,Flex,1,F,junho de 2026 ,cb6fhcbkgkkpn,"quarta-feira, 1 de julho de 2026 02:08",84274.0
334,1,,,2025,5,"R$ 108.497,00",Fiat,Strada Freedom 1.3 Flex 8V CD,2025,001530-0,Flex,1,F,junho de 2026 ,gfjwbn1x99dzm,"quarta-feira, 1 de julho de 2026 02:08",108497.0
334,1,,,2025,5,"R$ 98.269,00",Fiat,Fiorino Endurance EVO 1.4 Flex 8V 2p,2025,001531-8,Flex,1,F,junho de 2026 ,cjhh7vfc1ztw3,"quarta-feira, 1 de julho de 2026 02:08",98269.0
334,1,,,2021,5,"R$ 52.225,00",Fiat,Grand Siena 1.4 EVO Flex 8V 4p,2021,001532-6,Flex,1,F,junho de 2026 ,y2nncg50rhg6,"quarta-feira, 1 de julho de 2026 02:08",52225.0
334,1,,,2024,5,"R$ 89.667,00",Fiat,Fiorino Endurance EVO 1.4 Flex 8V 2p,2024,001531-8,Flex,1,F,junho de 2026 ,cd7nn9mvfcdsw,"quarta-feira, 1 de julho de 2026 02:08",89667.0
334,1,,,2024,5,"R$ 61.478,00",Fiat,MOBI TREKKING 1.0 Flex 5p.,2024,001536-9,Flex,1,F,junho de 2026 ,2k4t2wjshksw,"quarta-feira, 1 de julho de 2026 02:08",61478.0
334,1,,,2021,5,"R$ 71.670,00",Fiat,Fiorino Working 1.4 Flex 8V 2p,2021,001534-2,Flex,1,F,junho de 2026 ,6fm91ncsw8g6,"quarta-feira, 1 de julho de 2026 02:08",71670.0
334,1,,,2025,5,"R$ 66.890,00",Fiat,MOBI TREKKING 1.0 Flex 5p.,2025,001536-9,Flex,1,F,junho de 2026 ,4mlx3r5t9gw3,"quarta-feira, 1 de julho de 2026 02:08",66890.0
334,1,,,2023,5,"R$ 114.604,00",Fiat,Toro Freedom 1.3 T270 4x2 Flex Aut.,2023,001538-5,Flex,1,F,junho de 2026 ,gnpvfqg9vsdr5,"quarta-feira, 1 de julho de 2026 02:08",114604.0
334,1,,,2024,5,"R$ 124.647,00",Fiat,Toro Freedom 1.3 T270 4x2 Flex Aut.,2024,001538-5,Flex,1,F,junho de 2026 ,g1gwf0jgb8dwd,"quarta-feira, 1 de julho de 2026 02:08",124647.0
334,1,,,2022,5,"R$ 105.488,00",Fiat,Toro Freedom 1.3 T270 4x2 Flex Aut.,2022,001538-5,Flex,1,F,junho de 2026 ,f90hx0kdnrdny,"quarta-feira, 1 de julho de 2026 02:08",105488.0
334,1,,,2025,5,"R$ 147.747,00",Fiat,Toro Volcano 1.3 T270 4x2 Flex Aut.,2025,001539-3,Flex,1,F,junho de 2026 ,hxkhhw6hl2dzm,"quarta-feira, 1 de julho de 2026 02:08",147747.0
334,1,,,2022,5,"R$ 88.223,00",Fiat,PULSE AUDACE 1.0 Turbo 200 Flex Aut.,2022,001542-3,Flex,1,F,junho de 2026 ,cdpqtym36hwlf,"quarta-feira, 1 de julho de 2026 02:08",88223.0
334,1,,,2023,5,"R$ 94.186,00",Fiat,PULSE AUDACE 1.0 Turbo 200 Flex Aut.,2023,001542-3,Flex,1,F,junho de 2026 ,cgym6dp42cnpn,"quarta-feira, 1 de julho de 2026 02:08",94186.0
334,1,,,2024,5,"R$ 99.166,00",Fiat,PULSE AUDACE 1.0 Turbo 200 Flex Aut.,2024,001542-3,Flex,1,F,junho de 2026 ,cjt08vf54fwsw,"quarta-feira, 1 de julho de 2026 02:08",99166.0
334,1,,,2025,5,"R$ 132.199,00",Fiat,Toro Freedom 1.3 T270 4x2 Flex Aut.,2025,001538-5,Flex,1,F,junho de 2026 ,hbbcp2vgk2dzm,"quarta-feira, 1 de julho de 2026 02:08",132199.0
334,1,,,2025,5,"R$ 105.429,00",Fiat,PULSE AUDACE 1.0 Turbo 200 Flex Aut.,2025,001542-3,Flex,1,F,junho de 2026 ,f9ycf5m0jddzm,"quarta-feira, 1 de julho de 2026 02:08",105429.0
334,1,,,2024,5,"R$ 92.670,00",Fiat,PULSE DRIVE 1.3 8V Flex Aut.,2024,001544-0,Flex,1,F,junho de 2026 ,cgcv5sh0sbnsw,"quarta-feira, 1 de julho de 2026 02:08",92670.0
334,1,,,2025,5,"R$ 97.832,00",Fiat,PULSE DRIVE 1.3 8V Flex Aut.,2025,001544-0,Flex,1,F,junho de 2026 ,cjbddxtm097w3,"quarta-feira, 1 de julho de 2026 02:08",97832.0
334,1,,,2025,5,"R$ 121.012,00",Fiat,Strada Volcano 1.3 Flex 8V CD Aut.,2025,001549-0,Flex,1,F,junho de 2026 ,gw6rpjfr22dzm,"quarta-feira, 1 de julho de 2026 02:08",121012.0
334,1,,,2023,5,"R$ 65.201,00",Fiat,CRONOS DRIVE 1.0 6V Flex,2023,001553-9,Flex,1,F,junho de 2026 ,3zs06pdgjfpn,"quarta-feira, 1 de julho de 2026 02:08",65201.0
334,1,,,2024,5,"R$ 75.612,00",Fiat,CRONOS DRIVE 1.0 6V Flex,2024,001553-9,Flex,1,F,junho de 2026 ,7xv3rxfpdmsw,"quarta-feira, 1 de julho de 2026 02:08",75612.0
334,1,,,2025,5,"R$ 79.187,00",Fiat,CRONOS DRIVE 1.0 6V Flex,2025,001553-9,Flex,1,F,junho de 2026 ,88sh833fk7w3,"quarta-feira, 1 de julho de 2026 02:08",79187.0
334,1,,,2023,5,"R$ 80.463,00",Fiat,CRONOS DRIVE 1.3 8V Flex Aut.,2023,001554-7,Flex,1,F,junho de 2026 ,9rq9ppghj9pn,"quarta-feira, 1 de julho de 2026 02:08",80463.0
334,1,,,2024,5,"R$ 82.784,00",Fiat,CRONOS DRIVE 1.3 8V Flex Aut.,2024,001554-7,Flex,1,F,junho de 2026 ,cbmyxpthvlnsw,"quarta-feira, 1 de julho de 2026 02:08",82784.0
334,1,,,2026,5,"R$ 91.054,00",Fiat,CRONOS DRIVE 1.0 6V Flex,2026,001553-9,Flex,1,F,junho de 2026 ,cfrxtdwt5r80b,"quarta-feira, 1 de julho de 2026 02:08",91054.0
334,1,,,2025,5,"R$ 93.997,00",Fiat,CRONOS DRIVE 1.3 8V Flex Aut.,2025,001554-7,Flex,1,F,junho de 2026 ,cgwfht22jl6w3,"quarta-feira, 1 de julho de 2026 02:08",93997.0
334,1,,,2024,5,"R$ 121.059,00",Fiat,Fastback Limited Ed.1.3 270 T.Flex Aut.,2024,001556-3,Flex,1,F,junho de 2026 ,gw8gm5n6g1dwd,"quarta-feira, 1 de julho de 2026 02:08",121059.0
334,1,,,2025,5,"R$ 129.738,00",Fiat,Fastback Limited Ed.1.3 270 T.Flex Aut.,2025,001556-3,Flex,1,F,junho de 2026 ,g7fxrqlc8jdzm,"quarta-feira, 1 de julho de 2026 02:08",129738.0
334,1,,,2023,5,"R$ 107.815,00",Fiat,Fastback Impetus 1.0 200 T. Flex Aut,2023,001557-1,Flex,1,F,junho de 2026 ,gdq2wr3rz3dr5,"quarta-feira, 1 de julho de 2026 02:08",107815.0
334,1,,,2024,5,"R$ 116.773,00",Fiat,Fastback Impetus 1.0 200 T. Flex Aut,2024,001557-1,Flex,1,F,junho de 2026 ,gq7pcmphfldwd,"quarta-feira, 1 de julho de 2026 02:08",116773.0
334,1,,,2025,5,"R$ 121.594,00",Fiat,Fastback Impetus 1.0 200 T. Flex Aut,2025,001557-1,Flex,1,F,junho de 2026 ,gxwxgd901vdzm,"quarta-feira, 1 de julho de 2026 02:08",121594.0
334,1,,,2023,5,"R$ 112.261,00",Fiat,Fastback Limited Ed.1.3 270 T.Flex Aut.,2023,001556-3,Flex,1,F,junho de 2026 ,gkypf02074dr5,"quarta-feira, 1 de julho de 2026 02:08",112261.0
334,1,,,2023,5,"R$ 103.811,00",Fiat,Fastback Audace 1.0 200 T. Flex Aut,2023,001558-0,Flex,1,F,junho de 2026 ,f71kb964r6dr5,"quarta-feira, 1 de julho de 2026 02:08",103811.0
334,1,,,2024,5,"R$ 110.324,00",Fiat,Fastback Audace 1.0 200 T. Flex Aut,2024,001558-0,Flex,1,F,junho de 2026 ,ghn8xqf7brdwd,"quarta-feira, 1 de julho de 2026 02:08",110324.0
334,1,,,2025,5,"R$ 89.586,00",Fiat,ARGO TREKKING 1.3 8V Flex Aut.,2025,001562-8,Flex,1,F,junho de 2026 ,cd6p7mhy16mdzm,"quarta-feira, 1 de julho de 2026 02:08",89586.0
334,1,,,2024,5,"R$ 78.305,00",Fiat,Strada Endurance 1.3 Flex 8V CS Plus,2024,001569-5,Flex,1,F,junho de 2026 ,8yfx8605ssdwd,"quarta-feira, 1 de julho de 2026 02:08",78305.0
334,1,,,2025,5,"R$ 114.918,00",Fiat,Fastback Audace 1.0 200 T. Flex Aut,2025,001558-0,Flex,1,F,junho de 2026 ,gn177jnt2vdzm,"quarta-feira, 1 de julho de 2026 02:08",114918.0
334,1,,,2025,6,"R$ 125.765,00",Fiat,Fastback Impetus 200 T. Aut (Hibrído),2025,001577-6,Híbrido,1,H,junho de 2026 ,g2sh42wwm4dzy,"quarta-feira, 1 de julho de 2026 02:08",125765.0
334,1,,,2025,5,"R$ 86.660,00",Fiat,Strada Endurance 1.3 Flex 8V CS Plus,2025,001569-5,Flex,1,F,junho de 2026 ,cc3dqq9xkdcdzm,"quarta-feira, 1 de julho de 2026 02:08",86660.0
334,1,,,2025,6,"R$ 111.392,00",Fiat,PULSE AUDACE Turbo 200  Aut. (Hibrído),2025,001579-2,Híbrido,1,H,junho de 2026 ,gjx29b3w6rdzy,"quarta-feira, 1 de julho de 2026 02:08",111392.0
334,1,,,2025,3,"R$ 162.765,00",Fiat,Toro Volcano 2.2 16V 4x4 TB Diesel Aut.,2025,001586-5,Diesel,1,D,junho de 2026 ,jg5b322kmbdyz,"quarta-feira, 1 de julho de 2026 02:09",162765.0
334,1,,,2025,6,"R$ 120.101,00",Fiat,Fastback Audace 200 TB Aut (Hibrído),2025,001578-4,Híbrido,1,H,junho de 2026 ,gv4m6sdmqgdzy,"quarta-feira, 1 de julho de 2026 02:09",120101.0
334,1,,,2024,3,"R$ 187.985,00",Toyota,Hilux CD 4x4 2.8 Diesel Mec.,2024,002015-0,Diesel,1,D,junho de 2026 ,kfq0xc5xp2dvr,"quarta-feira, 1 de julho de 2026 02:09",187985.0
334,1,,,2025,3,"R$ 227.879,00",Toyota,Hilux CD 4x4 2.8 Diesel Mec.,2025,002015-0,Diesel,1,D,junho de 2026 ,lyh1p5g4sjdyz,"quarta-feira, 1 de julho de 2026 02:09",227879.0
334,1,,,2022,5,"R$ 122.216,00",Toyota,Corolla XEi 2.0 Flex 16V Aut.,2022,002111-3,Flex,1,F,junho de 2026 ,gymh9j2y6ldny,"quarta-feira, 1 de julho de 2026 02:09",122216.0
334,1,,,2023,5,"R$ 127.845,00",Toyota,Corolla XEi 2.0 Flex 16V Aut.,2023,002111-3,Flex,1,F,junho de 2026 ,g463s94rpwdr5,"quarta-feira, 1 de julho de 2026 02:09",127845.0
334,1,,,2024,5,"R$ 142.891,00",Toyota,Corolla XEi 2.0 Flex 16V Aut.,2024,002111-3,Flex,1,F,junho de 2026 ,hqvzzkn10kdwd,"quarta-feira, 1 de julho de 2026 02:09",142891.0
334,1,,,2023,5,"R$ 143.359,00",Toyota,Corolla ALTIS/A.Premiu. 2.0 Flex 16V Aut,2023,002112-1,Flex,1,F,junho de 2026 ,hrdz9j9858dr5,"quarta-feira, 1 de julho de 2026 02:09",143359.0
334,1,,,2025,5,"R$ 158.528,00",Toyota,Corolla XEi 2.0 Flex 16V Aut.,2025,002111-3,Flex,1,F,junho de 2026 ,h96b13bjk8dzm,"quarta-feira, 1 de julho de 2026 02:09",158528.0
334,1,,,2023,3,"R$ 252.396,00",Toyota,Hilux CD SRX 4x4 2.8 TDI 16V Diesel Aut.,2023,002141-5,Diesel,1,D,junho de 2026 ,mv75c2w8pzdrj,"quarta-feira, 1 de julho de 2026 02:09",252396.0
334,1,,,2024,3,"R$ 217.432,00",Toyota,Hilux CD SR 4x4 2.8 TDI Diesel Aut.,2024,002142-3,Diesel,1,D,junho de 2026 ,lj8bhdsp6ldvr,"quarta-feira, 1 de julho de 2026 02:09",217432.0
334,1,,,2024,3,"R$ 193.165,00",Toyota,Hilux CS 4x4 2.8 TDI Diesel Mec.,2024,002144-0,Diesel,1,D,junho de 2026 ,kms9hv03vldvr,"quarta-feira, 1 de julho de 2026 02:09",193165.0
334,1,,,2025,3,"R$ 256.574,00",Toyota,Hilux CD SR 4x4 2.8 TDI Diesel Aut.,2025,002142-3,Diesel,1,D,junho de 2026 ,m040y7402xdyz,"quarta-feira, 1 de julho de 2026 02:09",256574.0
334,1,,,2024,3,"R$ 326.811,00",Toyota,Hilux SW4 SRX 4x4 2.8 TDI 16V Dies. Aut.,2024,002146-6,Diesel,1,D,junho de 2026 ,qphxxtfh1pdvr,"quarta-feira, 1 de julho de 2026 02:09",326811.0
334,1,,,2025,3,"R$ 212.618,00",Toyota,Hilux CS 4x4 2.8 TDI Diesel Mec.,2025,002144-0,Diesel,1,D,junho de 2026 ,lcmb83vg2vdyz,"quarta-feira, 1 de julho de 2026 02:09",212618.0
334,1,,,2024,5,"R$ 90.114,00",Toyota,YARIS XL Sedan 1.5 Flex 16V 4p Aut.,2024,002168-7,Flex,1,F,junho de 2026 ,cfdw4w5d58ssw,"quarta-feira, 1 de julho de 2026 02:09",90114.0
334,1,,,2025,5,"R$ 97.018,00",Toyota,YARIS XL Sedan 1.5 Flex 16V 4p Aut.,2025,002168-7,Flex,1,F,junho de 2026 ,ch0vj3568wbw3,"quarta-feira, 1 de julho de 2026 02:09",97018.0
334,1,,,2024,5,"R$ 125.521,00",Toyota,Corolla GLi 2.0 16V Flex Aut.,2024,002181-4,Flex,1,F,junho de 2026 ,g2hm7bhp0gdwd,"quarta-feira, 1 de julho de 2026 02:09",125521.0
334,1,,,2024,6,"R$ 161.442,00",Toyota,Corolla Altis 1.8 16V Aut. (Híbrido),2024,002182-2,Híbrido,1,H,junho de 2026 ,jfl8fg6wjwdwq,"quarta-feira, 1 de julho de 2026 02:09",161442.0
334,1,,,2023,6,"R$ 142.326,00",Toyota,Corolla Altis 1.8 16V Aut. (Híbrido),2023,002182-2,Híbrido,1,H,junho de 2026 ,hp6gcf5r2kdsh,"quarta-feira, 1 de julho de 2026 02:09",142326.0
334,1,,,2024,5,"R$ 142.727,00",Toyota,Corolla Cross XR 2.0 16V Flex Aut.,2024,002201-2,Flex,1,F,junho de 2026 ,hqn054wmrqdwd,"quarta-feira, 1 de julho de 2026 02:09",142727.0
334,1,,,2023,5,"R$ 137.233,00",Toyota,Corolla Cross XRE 2.0 16V Flex Aut.,2023,002203-9,Flex,1,F,junho de 2026 ,hh7bsvhsfbdr5,"quarta-feira, 1 de julho de 2026 02:09",137233.0
334,1,,,2024,5,"R$ 149.537,00",Toyota,Corolla Cross XRE 2.0 16V Flex Aut.,2024,002203-9,Flex,1,F,junho de 2026 ,hznkdldk4sdwd,"quarta-feira, 1 de julho de 2026 02:09",149537.0
334,1,,,2025,5,"R$ 165.314,00",Toyota,Corolla Cross XRE 2.0 16V Flex Aut.,2025,002203-9,Flex,1,F,junho de 2026 ,jk4z67sxdrdzm,"quarta-feira, 1 de julho de 2026 02:09",165314.0
334,1,,,2024,6,"R$ 167.594,00",Toyota,Corolla Cross XRX 1.8 16V Aut. (Híbrido),2024,002204-7,Híbrido,1,H,junho de 2026 ,jntv7b486sdwq,"quarta-feira, 1 de julho de 2026 02:09",167594.0
334,1,,,2023,5,"R$ 84.270,00",Toyota,YARIS XL 1.5 Flex 16V 5p Aut.,2023,002207-1,Flex,1,F,junho de 2026 ,cb6c085mx26pn,"quarta-feira, 1 de julho de 2026 02:09",84270.0
334,1,,,2024,5,"R$ 89.872,00",Toyota,YARIS XL 1.5 Flex 16V 5p Aut.,2024,002207-1,Flex,1,F,junho de 2026 ,cd9154zvyxrsw,"quarta-feira, 1 de julho de 2026 02:09",89872.0
334,1,,,2025,5,"R$ 95.837,00",Toyota,YARIS XL 1.5 Flex 16V 5p Aut.,2025,002207-1,Flex,1,F,junho de 2026 ,chkz84m4h9vw3,"quarta-feira, 1 de julho de 2026 02:09",95837.0
334,1,,,2024,6,"R$ 297.984,00",Toyota,RAV4 2.5 XSE 4x4 Aut. (Híbrido),2024,002217-9,Híbrido,1,H,junho de 2026 ,plp4x1c4d8dwq,"quarta-feira, 1 de julho de 2026 02:09",297984.0
334,1,,,2023,3,"R$ 188.890,00",Ford,Ranger Limited 3.2 4x4 CD Diesel Aut.,2023,003364-2,Diesel,1,D,junho de 2026 ,kgsxmh85lddrj,"quarta-feira, 1 de julho de 2026 02:09",188890.0
334,1,,,2023,6,"R$ 145.156,00",Toyota,Corolla Cross XRV 1.8 16V Aut. (Híbrido),2023,002200-4,Híbrido,1,H,junho de 2026 ,hth92q9jsndsh,"quarta-feira, 1 de julho de 2026 02:09",145156.0
334,1,,,2023,3,"R$ 157.469,00",Ford,Ranger XLS 2.2 4x4 CD Diesel Aut.,2023,003421-5,Diesel,1,D,junho de 2026 ,h8yvtt7yqqdrj,"quarta-feira, 1 de julho de 2026 02:09",157469.0
334,1,,,2023,1,"R$ 179.625,00",Ford,Bronco Sport Wildtrak 2.0 Tb 16V AWD Aut,2023,003481-9,Gasolina,1,G,junho de 2026 ,j3x47b6vzjdqw,"quarta-feira, 1 de julho de 2026 02:09",179625.0
334,1,,,2023,3,"R$ 159.651,00",GM - Chevrolet,S10 Pick-Up LT 2.8 TDI 4x4 CD Diesel Aut,2023,004395-8,Diesel,1,D,junho de 2026 ,jch5dvq9zqdrj,"quarta-feira, 1 de julho de 2026 02:09",159651.0
334,1,,,2024,3,"R$ 180.513,00",GM - Chevrolet,S10 Pick-Up LT 2.8 TDI 4x4 CD Diesel Aut,2024,004395-8,Diesel,1,D,junho de 2026 ,j4zfsn7yl6dvr,"quarta-feira, 1 de julho de 2026 02:09",180513.0
334,1,,,2023,3,"R$ 177.848,00",GM - Chevrolet,S10 Pick-Up LTZ 2.8 TDI 4x4 CD Dies.Aut,2023,004397-4,Diesel,1,D,junho de 2026 ,j1vkzq5n8ddrj,"quarta-feira, 1 de julho de 2026 02:09",177848.0
334,1,,,2024,3,"R$ 201.662,00",GM - Chevrolet,S10 Pick-Up LTZ 2.8 TDI 4x4 CD Dies.Aut,2024,004397-4,Diesel,1,D,junho de 2026 ,kyr4j7xl0hdvr,"quarta-feira, 1 de julho de 2026 02:09",201662.0
334,1,,,2025,3,"R$ 250.192,00",GM - Chevrolet,S10 Pick-Up LTZ 2.8 TDI 4x4 CD Dies.Aut,2025,004397-4,Diesel,1,D,junho de 2026 ,msn10l52m7dyz,"quarta-feira, 1 de julho de 2026 02:09",250192.0
334,1,,,2023,3,"R$ 142.635,00",GM - Chevrolet,S10 Pick-Up LS 2.8 TDI 4x4 CD Dies. Mec.,2023,004413-0,Diesel,1,D,junho de 2026 ,hqkpjmstf7drj,"quarta-feira, 1 de julho de 2026 02:09",142635.0
334,1,,,2024,3,"R$ 168.913,00",GM - Chevrolet,S10 Pick-Up LS 2.8 TDI 4x4 CD Dies. Mec.,2024,004413-0,Diesel,1,D,junho de 2026 ,jqctd79wv2dvr,"quarta-feira, 1 de julho de 2026 02:09",168913.0
334,1,,,2021,3,"R$ 126.858,00",GM - Chevrolet,S10 Pick-Up LS 2.8 TDI 4x4 CD Dies. Mec.,2021,004413-0,Diesel,1,D,junho de 2026 ,g317pzdg58dj2,"quarta-feira, 1 de julho de 2026 02:09",126858.0
334,1,,,2025,5,"R$ 114.870,00",GM - Chevrolet,SPIN LT 1.8 8V Econo.Flex 5p Aut.,2025,004415-6,Flex,1,F,junho de 2026 ,gn0h4x616cdzm,"quarta-feira, 1 de julho de 2026 02:09",114870.0
334,1,,,2025,5,"R$ 114.028,00",GM - Chevrolet,SPIN LTZ 1.8 8V Econo.Flex 5p Aut.,2025,004417-2,Flex,1,F,junho de 2026 ,gm0xfb5jt7dzm,"quarta-feira, 1 de julho de 2026 02:09",114028.0
334,1,,,2022,5,"R$ 60.428,00",GM - Chevrolet,SPIN LS 1.8 8V Econo.Flex 5p Mec.,2022,004435-0,Flex,1,F,junho de 2026 ,15t54q79ymlf,"quarta-feira, 1 de julho de 2026 02:09",60428.0
334,1,,,2023,5,"R$ 92.247,00",GM - Chevrolet,SPIN PREMIER 1.8 8V Econo.Flex 5p Aut.,2023,004494-6,Flex,1,F,junho de 2026 ,cf6xflzg95qpn,"quarta-feira, 1 de julho de 2026 02:09",92247.0
334,1,,,2024,5,"R$ 100.033,00",GM - Chevrolet,SPIN PREMIER 1.8 8V Econo.Flex 5p Aut.,2024,004494-6,Flex,1,F,junho de 2026 ,f3l7gyr1zydwd,"quarta-feira, 1 de julho de 2026 02:09",100033.0
334,1,,,2025,5,"R$ 124.030,00",GM - Chevrolet,SPIN PREMIER 1.8 8V Econo.Flex 5p Aut.,2025,004494-6,Flex,1,F,junho de 2026 ,g0rf7j5snhdzm,"quarta-feira, 1 de julho de 2026 02:09",124030.0
334,1,,,2023,3,"R$ 215.884,00",GM - Chevrolet,TRAILBLAZER PREMIER 2.8 TB Diesel Aut.,2023,004498-9,Diesel,1,D,junho de 2026 ,lhf18m98hndrj,"quarta-feira, 1 de julho de 2026 02:09",215884.0
334,1,,,2024,3,"R$ 231.164,00",GM - Chevrolet,TRAILBLAZER PREMIER 2.8 TB Diesel Aut.,2024,004498-9,Diesel,1,D,junho de 2026 ,l2cf3cysr3dvr,"quarta-feira, 1 de julho de 2026 02:09",231164.0
334,1,,,2023,5,"R$ 102.025,00",GM - Chevrolet,CRUZE LT 1.4 16V Turbo Flex 4p Aut.,2023,004470-9,Flex,1,F,junho de 2026 ,f5ymzczd5sdr5,"quarta-feira, 1 de julho de 2026 02:09",102025.0
334,1,,,2023,5,"R$ 73.989,00",GM - Chevrolet,ONIX SEDAN Plus LT 1.0 12V TB Flex Mec.,2023,004500-4,Flex,1,F,junho de 2026 ,69t6h5rmxqpn,"quarta-feira, 1 de julho de 2026 02:10",73989.0
334,1,,,2025,5,"R$ 84.548,00",GM - Chevrolet,ONIX SEDAN Plus LT 1.0 12V TB Flex Mec.,2025,004500-4,Flex,1,F,junho de 2026 ,cb9m2ny47rsw3,"quarta-feira, 1 de julho de 2026 02:10",84548.0
334,1,,,2024,5,"R$ 77.352,00",GM - Chevrolet,ONIX SEDAN Plus LT 1.0 12V TB Flex Mec.,2024,004500-4,Flex,1,F,junho de 2026 ,8k8j9z3r84sw,"quarta-feira, 1 de julho de 2026 02:10",77352.0
334,1,,,2023,5,"R$ 75.310,00",GM - Chevrolet,ONIX SEDAN Plus LT 1.0 12V TB Flex Aut.,2023,004501-2,Flex,1,F,junho de 2026 ,7tbbyzprnjpn,"quarta-feira, 1 de julho de 2026 02:10",75310.0
334,1,,,2020,5,"R$ 65.600,00",GM - Chevrolet,ONIX SEDAN Plus LT 1.0 12V TB Flex Aut.,2020,004501-2,Flex,1,F,junho de 2026 ,34g1y2nfbdcz,"quarta-feira, 1 de julho de 2026 02:10",65600.0
334,1,,,2024,5,"R$ 82.966,00",GM - Chevrolet,ONIX SEDAN Plus LT 1.0 12V TB Flex Aut.,2024,004501-2,Flex,1,F,junho de 2026 ,cbp22dbtx7csw,"quarta-feira, 1 de julho de 2026 02:10",82966.0
334,1,,,2022,5,"R$ 74.586,00",GM - Chevrolet,ONIX SEDAN Plus LTZ 1.0 12V TB Flex Aut.,2022,004502-0,Flex,1,F,junho de 2026 ,7jt57wvf38lf,"quarta-feira, 1 de julho de 2026 02:10",74586.0
334,1,,,2025,5,"R$ 92.634,00",GM - Chevrolet,ONIX SEDAN Plus LT 1.0 12V TB Flex Aut.,2025,004501-2,Flex,1,F,junho de 2026 ,cgcf24wnphqw3,"quarta-feira, 1 de julho de 2026 02:10",92634.0
334,1,,,2024,5,"R$ 83.021,00",GM - Chevrolet,ONIX SEDAN Plus LTZ 1.0 12V TB Flex Aut.,2024,004502-0,Flex,1,F,junho de 2026 ,cbqq13jnlsrsw,"quarta-feira, 1 de julho de 2026 02:10",83021.0
334,1,,,2023,5,"R$ 76.771,00",GM - Chevrolet,ONIX SEDAN Plus LTZ 1.0 12V TB Flex Aut.,2023,004502-0,Flex,1,F,junho de 2026 ,8cgcvz0lcppn,"quarta-feira, 1 de julho de 2026 02:10",76771.0
334,1,,,2023,5,"R$ 74.930,00",GM - Chevrolet,ONIX SEDAN Plus LTZ 1.0 12V TB Flex Mec.,2023,004503-9,Flex,1,F,junho de 2026 ,7nv684jxq0pn,"quarta-feira, 1 de julho de 2026 02:10",74930.0
334,1,,,2023,5,"R$ 81.593,00",GM - Chevrolet,ONIX SED. Plus PREM. 1.0 12V TB Flex Aut,2023,004504-7,Flex,1,F,junho de 2026 ,95z007fnpdpn,"quarta-feira, 1 de julho de 2026 02:10",81593.0
334,1,,,2024,5,"R$ 92.985,00",GM - Chevrolet,ONIX SED. Plus PREM. 1.0 12V TB Flex Aut,2024,004504-7,Flex,1,F,junho de 2026 ,cghkn156zttsw,"quarta-feira, 1 de julho de 2026 02:10",92985.0
334,1,,,2025,5,"R$ 99.936,00",GM - Chevrolet,ONIX SED. Plus PREM. 1.0 12V TB Flex Aut,2025,004504-7,Flex,1,F,junho de 2026 ,cj314v1vwsyw3,"quarta-feira, 1 de julho de 2026 02:10",99936.0
334,1,,,2025,5,"R$ 83.539,00",GM - Chevrolet,ONIX HATCH 1.0 12V TB Flex 5p Aut.,2025,004511-0,Flex,1,F,junho de 2026 ,cbxtbpz0jn9w3,"quarta-feira, 1 de julho de 2026 02:10",83539.0
334,1,,,2022,5,"R$ 68.931,00",GM - Chevrolet,ONIX HATCH LT 1.0 12V TB Flex 5p Mec.,2022,004512-8,Flex,1,F,junho de 2026 ,5djr6g3nyplf,"quarta-feira, 1 de julho de 2026 02:10",68931.0
334,1,,,2023,5,"R$ 71.512,00",GM - Chevrolet,ONIX HATCH LT 1.0 12V TB Flex 5p Mec.,2023,004512-8,Flex,1,F,junho de 2026 ,6cswr4d9fzpn,"quarta-feira, 1 de julho de 2026 02:10",71512.0
334,1,,,2024,5,"R$ 77.208,00",GM - Chevrolet,ONIX HATCH LT 1.0 12V TB Flex 5p Mec.,2024,004512-8,Flex,1,F,junho de 2026 ,8jk6sl9y0psw,"quarta-feira, 1 de julho de 2026 02:10",77208.0
334,1,,,2025,5,"R$ 84.146,00",GM - Chevrolet,ONIX HATCH LT 1.0 12V TB Flex 5p Mec.,2025,004512-8,Flex,1,F,junho de 2026 ,cb4xy3nbvkqw3,"quarta-feira, 1 de julho de 2026 02:10",84146.0
334,1,,,2023,5,"R$ 73.388,00",GM - Chevrolet,ONIX HATCH LTZ 1.0 12V TB Flex 5p Mec.,2023,004513-6,Flex,1,F,junho de 2026 ,62srp87qd2pn,"quarta-feira, 1 de julho de 2026 02:10",73388.0
334,1,,,2025,5,"R$ 94.494,00",GM - Chevrolet,ONIX HATCH LT 1.0 12V TB Flex 5p Aut.,2025,004514-4,Flex,1,F,junho de 2026 ,cg174tbknthw3,"quarta-feira, 1 de julho de 2026 02:10",94494.0
334,1,,,2023,5,"R$ 81.315,00",GM - Chevrolet,ONIX HATCH LTZ 1.0 12V TB Flex 5p Aut.,2023,004515-2,Flex,1,F,junho de 2026 ,92qznd0f9cpn,"quarta-feira, 1 de julho de 2026 02:10",81315.0
334,1,,,2024,5,"R$ 86.542,00",GM - Chevrolet,ONIX HATCH LTZ 1.0 12V TB Flex 5p Aut.,2024,004515-2,Flex,1,F,junho de 2026 ,cc10t5vpsdfsw,"quarta-feira, 1 de julho de 2026 02:10",86542.0
334,1,,,2025,5,"R$ 96.297,00",GM - Chevrolet,ONIX HATCH LTZ 1.0 12V TB Flex 5p Aut.,2025,004515-2,Flex,1,F,junho de 2026 ,chrdg6z97ktw3,"quarta-feira, 1 de julho de 2026 02:10",96297.0
334,1,,,2023,5,"R$ 81.576,00",GM - Chevrolet,ONIX HATCH PREM. 1.0 12V TB Flex 5p Aut.,2023,004516-0,Flex,1,F,junho de 2026 ,95svg7dm2zpn,"quarta-feira, 1 de julho de 2026 02:10",81576.0
334,1,,,2024,5,"R$ 90.856,00",GM - Chevrolet,ONIX HATCH PREM. 1.0 12V TB Flex 5p Aut.,2024,004516-0,Flex,1,F,junho de 2026 ,cfplvfk2n6rsw,"quarta-feira, 1 de julho de 2026 02:10",90856.0
334,1,,,2025,5,"R$ 97.092,00",GM - Chevrolet,ONIX HATCH PREM. 1.0 12V TB Flex 5p Aut.,2025,004516-0,Flex,1,F,junho de 2026 ,ch1qfxzztykw3,"quarta-feira, 1 de julho de 2026 02:10",97092.0
334,1,,,2022,5,"R$ 63.850,00",GM - Chevrolet,ONIX HATCH LT 1.0 12V Flex 5p Mec.,2022,004517-9,Flex,1,F,junho de 2026 ,3gyzq0lzm4lf,"quarta-feira, 1 de julho de 2026 02:10",63850.0
334,1,,,2023,5,"R$ 69.215,00",GM - Chevrolet,ONIX HATCH LT 1.0 12V Flex 5p Mec.,2023,004517-9,Flex,1,F,junho de 2026 ,5hvz52d62gpn,"quarta-feira, 1 de julho de 2026 02:10",69215.0
334,1,,,2024,5,"R$ 71.207,00",GM - Chevrolet,ONIX HATCH LT 1.0 12V Flex 5p Mec.,2024,004517-9,Flex,1,F,junho de 2026 ,57605cmvhrsw,"quarta-feira, 1 de julho de 2026 02:10",71207.0
334,1,,,2025,5,"R$ 73.476,00",GM - Chevrolet,ONIX HATCH LT 1.0 12V Flex 5p Mec.,2025,004517-9,Flex,1,F,junho de 2026 ,63tq7564vqw3,"quarta-feira, 1 de julho de 2026 02:10",73476.0
334,1,,,2023,5,"R$ 69.235,00",GM - Chevrolet,ONIX SEDAN Plus LT 1.0 12V Flex 4p Mec.,2023,004518-7,Flex,1,F,junho de 2026 ,5h28jyw6cypn,"quarta-feira, 1 de julho de 2026 02:10",69235.0
334,1,,,2024,5,"R$ 74.639,00",GM - Chevrolet,ONIX SEDAN Plus LT 1.0 12V Flex 4p Mec.,2024,004518-7,Flex,1,F,junho de 2026 ,7kggfhkg2ksw,"quarta-feira, 1 de julho de 2026 02:10",74639.0
334,1,,,2025,5,"R$ 77.922,00",GM - Chevrolet,ONIX SEDAN Plus LT 1.0 12V Flex 4p Mec.,2025,004518-7,Flex,1,F,junho de 2026 ,8syqtrzvc2w3,"quarta-feira, 1 de julho de 2026 02:10",77922.0
334,1,,,2021,5,"R$ 58.978,00",GM - Chevrolet,ONIX HATCH 1.0 12V Flex 5p Mec.,2021,004519-5,Flex,1,F,junho de 2026 ,1mt4510qldg6,"quarta-feira, 1 de julho de 2026 02:10",58978.0
334,1,,,2024,5,"R$ 69.344,00",GM - Chevrolet,ONIX HATCH 1.0 12V Flex 5p Mec.,2024,004519-5,Flex,1,F,junho de 2026 ,5kcwp1gtmbsw,"quarta-feira, 1 de julho de 2026 02:10",69344.0
334,1,,,2025,5,"R$ 71.148,00",GM - Chevrolet,ONIX HATCH 1.0 12V Flex 5p Mec.,2025,004519-5,Flex,1,F,junho de 2026 ,57jlc0b5j9w3,"quarta-feira, 1 de julho de 2026 02:10",71148.0
334,1,,,2023,5,"R$ 94.885,00",GM - Chevrolet,TRACKER LT 1.0 Turbo 12V Flex Aut.,2023,004522-5,Flex,1,F,junho de 2026 ,cg6t8fd742tpn,"quarta-feira, 1 de julho de 2026 02:10",94885.0
334,1,,,2024,5,"R$ 101.553,00",GM - Chevrolet,TRACKER LT 1.0 Turbo 12V Flex Aut.,2024,004522-5,Flex,1,F,junho de 2026 ,f5dg4pn0ymdwd,"quarta-feira, 1 de julho de 2026 02:10",101553.0
334,1,,,2025,5,"R$ 106.770,00",GM - Chevrolet,TRACKER LT 1.0 Turbo 12V Flex Aut.,2025,004522-5,Flex,1,F,junho de 2026 ,gch3fj0p58dzm,"quarta-feira, 1 de julho de 2026 02:10",106770.0
334,1,,,2022,5,"R$ 104.864,00",GM - Chevrolet,TRACKER Premier 1.2 Turbo 12V Flex Aut.,2022,004525-0,Flex,1,F,junho de 2026 ,f88tt1km0zdny,"quarta-feira, 1 de julho de 2026 02:10",104864.0
334,1,,,2023,5,"R$ 108.267,00",GM - Chevrolet,TRACKER Premier 1.2 Turbo 12V Flex Aut.,2023,004525-0,Flex,1,F,junho de 2026 ,gd8h5w57qcdr5,"quarta-feira, 1 de julho de 2026 02:10",108267.0
334,1,,,2024,5,"R$ 118.645,00",GM - Chevrolet,TRACKER Premier 1.2 Turbo 12V Flex Aut.,2024,004525-0,Flex,1,F,junho de 2026 ,gtfqnkc8jrdwd,"quarta-feira, 1 de julho de 2026 02:10",118645.0
334,1,,,2025,5,"R$ 129.479,00",GM - Chevrolet,TRACKER Premier 1.2 Turbo 12V Flex Aut.,2025,004525-0,Flex,1,F,junho de 2026 ,g64hx01jkhdzm,"quarta-feira, 1 de julho de 2026 02:10",129479.0
334,1,,,2025,5,"R$ 105.514,00",GM - Chevrolet,TRACKER 1.0 Turbo 12V Flex Aut. ,2025,004526-8,Flex,1,F,junho de 2026 ,f91f65pj8fdzm,"quarta-feira, 1 de julho de 2026 02:10",105514.0
334,1,,,2022,1,"R$ 143.557,00",GM - Chevrolet,EQUINOX Premier 1.5 Turbo 172cv Aut.,2022,004529-2,Gasolina,1,G,junho de 2026 ,hrm6dk49t6dmn,"quarta-feira, 1 de julho de 2026 02:10",143557.0
334,1,,,2023,1,"R$ 153.755,00",GM - Chevrolet,EQUINOX Premier 1.5 Turbo 172cv Aut.,2023,004529-2,Gasolina,1,G,junho de 2026 ,h4lv1x32xpdqw,"quarta-feira, 1 de julho de 2026 02:10",153755.0
334,1,,,2024,1,"R$ 165.040,00",GM - Chevrolet,EQUINOX Premier 1.5 Turbo 172cv Aut.,2024,004529-2,Gasolina,1,G,junho de 2026 ,jkt1hk5nh6dt3,"quarta-feira, 1 de julho de 2026 02:10",165040.0
334,1,,,2023,5,"R$ 98.003,00",GM - Chevrolet,TRACKER LTZ 1.0 Turbo 12V Flex Aut.,2023,004532-2,Flex,1,F,junho de 2026 ,cjddkn4dbqtpn,"quarta-feira, 1 de julho de 2026 02:10",98003.0
334,1,,,2024,5,"R$ 108.111,00",GM - Chevrolet,TRACKER LTZ 1.0 Turbo 12V Flex Aut.,2024,004532-2,Flex,1,F,junho de 2026 ,gd2vdxgzk3dwd,"quarta-feira, 1 de julho de 2026 02:11",108111.0
334,1,,,2025,5,"R$ 118.877,00",GM - Chevrolet,TRACKER LTZ 1.0 Turbo 12V Flex Aut.,2025,004532-2,Flex,1,F,junho de 2026 ,gtp415wn6rdzm,"quarta-feira, 1 de julho de 2026 02:11",118877.0
334,1,,,2022,5,"R$ 97.851,00",GM - Chevrolet,TRACKER Premier 1.0 Turbo 12V Flex Aut.,2022,004533-0,Flex,1,F,junho de 2026 ,cjbl90dj4dplf,"quarta-feira, 1 de julho de 2026 02:11",97851.0
334,1,,,2023,1,"R$ 137.844,00",GM - Chevrolet,EQUINOX RS 1.5 Turbo  Aut.,2023,004538-1,Gasolina,1,G,junho de 2026 ,hjyj7pz4h6dqw,"quarta-feira, 1 de julho de 2026 02:11",137844.0
334,1,,,2024,1,"R$ 162.576,00",GM - Chevrolet,EQUINOX RS 1.5 Turbo  Aut.,2024,004538-1,Gasolina,1,G,junho de 2026 ,jgyg5fjm03dt3,"quarta-feira, 1 de julho de 2026 02:11",162576.0
334,1,,,2025,5,"R$ 110.698,00",GM - Chevrolet,MONTANA 1.2 Turbo Flex 12V 4p Mec.,2025,004539-0,Flex,1,F,junho de 2026 ,gh3v999d3kdzm,"quarta-feira, 1 de julho de 2026 02:11",110698.0
334,1,,,2023,5,"R$ 97.939,00",GM - Chevrolet,MONTANA LT 1.2  Turbo Flex 12V 4p Mec.,2023,004540-3,Flex,1,F,junho de 2026 ,cjcm9j0lr6xdr5,"quarta-feira, 1 de julho de 2026 02:11",97939.0
334,1,,,2024,5,"R$ 100.442,00",GM - Chevrolet,MONTANA LT 1.2  Turbo Flex 12V 4p Mec.,2024,004540-3,Flex,1,F,junho de 2026 ,f322916xxgdwd,"quarta-feira, 1 de julho de 2026 02:11",100442.0
334,1,,,2025,5,"R$ 111.742,00",GM - Chevrolet,MONTANA LT 1.2  Turbo Flex 12V 4p Mec.,2025,004540-3,Flex,1,F,junho de 2026 ,gkbtnnf8dqdzm,"quarta-feira, 1 de julho de 2026 02:11",111742.0
334,1,,,2024,5,"R$ 111.939,00",GM - Chevrolet,MONTANA LTZ 1.2 Turbo Flex 12V 4p Aut.,2024,004541-1,Flex,1,F,junho de 2026 ,gkkzmrhnhqdwd,"quarta-feira, 1 de julho de 2026 02:11",111939.0
334,1,,,2025,5,"R$ 120.228,00",GM - Chevrolet,MONTANA LTZ 1.2 Turbo Flex 12V 4p Aut.,2025,004541-1,Flex,1,F,junho de 2026 ,gv879tks0xdzm,"quarta-feira, 1 de julho de 2026 02:11",120228.0
334,1,,,2025,5,"R$ 93.893,00",GM - Chevrolet,ONIX SEDAN Plus LTZ 1.0 12V TB Flex Aut.,2025,004502-0,Flex,1,F,junho de 2026 ,cgt6p0fxc09w3,"quarta-feira, 1 de julho de 2026 02:11",93893.0
334,1,,,2024,5,"R$ 112.706,00",GM - Chevrolet,MONTANA PREMIER 1.2 Turbo Flex 12V Aut.,2024,004542-0,Flex,1,F,junho de 2026 ,glgvvmmblxdwd,"quarta-feira, 1 de julho de 2026 02:11",112706.0
334,1,,,2025,5,"R$ 120.352,00",GM - Chevrolet,MONTANA PREMIER 1.2 Turbo Flex 12V Aut.,2025,004542-0,Flex,1,F,junho de 2026 ,gwfr019p27dzm,"quarta-feira, 1 de julho de 2026 02:11",120352.0
334,1,,,2025,5,"R$ 129.400,00",GM - Chevrolet,TRACKER RS 1.2 Turbo 12V Flex Aut.,2025,004544-6,Flex,1,F,junho de 2026 ,g61mxkz4bbdzm,"quarta-feira, 1 de julho de 2026 02:11",129400.0
334,1,,,2025,3,"R$ 194.312,00",GM - Chevrolet,S10 Pick-Up WT 2.8 TDI 4x4 CD Diesel Mec,2025,004552-7,Diesel,1,D,junho de 2026 ,kn4zww5wgmdyz,"quarta-feira, 1 de julho de 2026 02:11",194312.0
334,1,,,2019,3,"R$ 92.668,00",VW - VolksWagen,AMAROK CS2.0 16V/S2.0 16V TDI 4x4 Diesel,2019,005338-4,Diesel,1,D,junho de 2026 ,cgcvf7sj7mc9c,"quarta-feira, 1 de julho de 2026 02:11",92668.0
334,1,,,2023,5,"R$ 90.035,00",VW - VolksWagen,Saveiro CROSS 1.6 T.Flex 16V CD,2023,005408-9,Flex,1,F,junho de 2026 ,cfczfrv2ktbpn,"quarta-feira, 1 de julho de 2026 02:11",90035.0
334,1,,,2023,5,"R$ 68.152,00",VW - VolksWagen,Saveiro Robust 1.6 Total Flex 8V,2023,005459-3,Flex,1,F,junho de 2026 ,43dmr4z623pn,"quarta-feira, 1 de julho de 2026 02:11",68152.0
334,1,,,2022,5,"R$ 70.218,00",VW - VolksWagen,Polo 1.0 Flex 12V 5p,2022,005479-8,Flex,1,F,junho de 2026 ,5wmkj7yggdlf,"quarta-feira, 1 de julho de 2026 02:11",70218.0
334,1,,,2025,3,"R$ 211.990,00",GM - Chevrolet,S10 Pick-Up WT 2.8 TDI 4x4 CD Diesel Aut,2025,004550-0,Diesel,1,D,junho de 2026 ,lbwjpdy989dyz,"quarta-feira, 1 de julho de 2026 02:11",211990.0
334,1,,,2022,5,"R$ 94.460,00",VW - VolksWagen,VIRTUS Highline 200 TSI 1.0 Flex 12V Aut,2022,005484-4,Flex,1,F,junho de 2026 ,cg1vsp9k69blf,"quarta-feira, 1 de julho de 2026 02:11",94460.0
334,1,,,2023,5,"R$ 107.315,00",VW - VolksWagen,VIRTUS Highline 200 TSI 1.0 Flex 12V Aut,2023,005484-4,Flex,1,F,junho de 2026 ,gc4xh2phkcdr5,"quarta-feira, 1 de julho de 2026 02:11",107315.0
334,1,,,2024,3,"R$ 237.753,00",VW - VolksWagen,AMAROK Highline CD 3.0 4x4 TB Dies. Aut.,2024,005483-6,Diesel,1,D,junho de 2026 ,l92x9dv0vjdvr,"quarta-feira, 1 de julho de 2026 02:11",237753.0
334,1,,,2025,5,"R$ 119.981,00",VW - VolksWagen,VIRTUS Highline 200 TSI 1.0 Flex 12V Aut,2025,005484-4,Flex,1,F,junho de 2026 ,gvz8z8n46ndzm,"quarta-feira, 1 de julho de 2026 02:11",119981.0
334,1,,,2021,5,"R$ 78.951,00",VW - VolksWagen,VIRTUS Comfort. 200 TSI 1.0 Flex 12V Aut,2021,005485-2,Flex,1,F,junho de 2026 ,850q4lvx7mg6,"quarta-feira, 1 de julho de 2026 02:11",78951.0
334,1,,,2024,5,"R$ 110.992,00",VW - VolksWagen,VIRTUS Highline 200 TSI 1.0 Flex 12V Aut,2024,005484-4,Flex,1,F,junho de 2026 ,gjgkllxp75dwd,"quarta-feira, 1 de julho de 2026 02:11",110992.0
334,1,,,2024,5,"R$ 106.086,00",VW - VolksWagen,VIRTUS Comfort. 200 TSI 1.0 Flex 12V Aut,2024,005485-2,Flex,1,F,junho de 2026 ,gbp7qs7gstdwd,"quarta-feira, 1 de julho de 2026 02:11",106086.0
334,1,,,2025,5,"R$ 113.179,00",VW - VolksWagen,VIRTUS Comfort. 200 TSI 1.0 Flex 12V Aut,2025,005485-2,Flex,1,F,junho de 2026 ,gl01s8npmqdzm,"quarta-feira, 1 de julho de 2026 02:11",113179.0
334,1,,,2021,1,"R$ 165.889,00",VW - VolksWagen,TIGUAN Allspac R-Line 350 TSI 2.0 4x4,2021,005489-5,Gasolina,1,G,junho de 2026 ,jltw3ntpg9djf,"quarta-feira, 1 de julho de 2026 02:11",165889.0
334,1,,,2023,5,"R$ 55.254,00",VW - VolksWagen,Gol 1.0 Flex 12V 5p,2023,005490-9,Flex,1,F,junho de 2026 ,z65lsy4d54pn,"quarta-feira, 1 de julho de 2026 02:11",55254.0
334,1,,,2022,5,"R$ 88.354,00",VW - VolksWagen,VIRTUS Comfort. 200 TSI 1.0 Flex 12V Aut,2022,005485-2,Flex,1,F,junho de 2026 ,cdq8fz4s5q7lf,"quarta-feira, 1 de julho de 2026 02:11",88354.0
334,1,,,2022,5,"R$ 58.432,00",VW - VolksWagen,Gol 1.6 MSI Flex 8V 5p,2022,005491-7,Flex,1,F,junho de 2026 ,1ffp3bjvwzlf,"quarta-feira, 1 de julho de 2026 02:11",58432.0
334,1,,,2023,5,"R$ 61.094,00",VW - VolksWagen,VOYAGE 1.0 Flex 12V 4p,2023,005492-5,Flex,1,F,junho de 2026 ,2fm8btw4rlpn,"quarta-feira, 1 de julho de 2026 02:11",61094.0
334,1,,,2021,5,"R$ 51.162,00",VW - VolksWagen,VOYAGE 1.6 MSI Flex 8V 4p,2021,005493-3,Flex,1,F,junho de 2026 ,yn58yk9r0xg6,"quarta-feira, 1 de julho de 2026 02:11",51162.0
334,1,,,2022,5,"R$ 59.685,00",VW - VolksWagen,VOYAGE 1.6 MSI Flex 8V 4p,2022,005493-3,Flex,1,F,junho de 2026 ,1w34b31gvllf,"quarta-feira, 1 de julho de 2026 02:11",59685.0
334,1,,,2023,3,"R$ 215.705,00",VW - VolksWagen,AMAROK Extreme CD 3.0 4x4 TB Dies. Aut.,2023,005506-9,Diesel,1,D,junho de 2026 ,lg7kk8wg3qdrj,"quarta-feira, 1 de julho de 2026 02:11",215705.0
334,1,,,2024,3,"R$ 240.640,00",VW - VolksWagen,AMAROK Extreme CD 3.0 4x4 TB Dies. Aut.,2024,005506-9,Diesel,1,D,junho de 2026 ,mfgv7pbg2ddvr,"quarta-feira, 1 de julho de 2026 02:11",240640.0
334,1,,,2021,5,"R$ 109.166,00",VW - VolksWagen,T-Cross Hig. 250 TSI 1.4 Flex 16V 5p Aut,2021,005508-5,Flex,1,F,junho de 2026 ,gf954fpd3gdkq,"quarta-feira, 1 de julho de 2026 02:11",109166.0
334,1,,,2022,5,"R$ 115.474,00",VW - VolksWagen,T-Cross Hig. 250 TSI 1.4 Flex 16V 5p Aut,2022,005508-5,Flex,1,F,junho de 2026 ,gpqgp9cmr6dny,"quarta-feira, 1 de julho de 2026 02:11",115474.0
334,1,,,2023,5,"R$ 124.222,00",VW - VolksWagen,T-Cross Hig. 250 TSI 1.4 Flex 16V 5p Aut,2023,005508-5,Flex,1,F,junho de 2026 ,g0zfkzbkn9dr5,"quarta-feira, 1 de julho de 2026 02:11",124222.0
334,1,,,2024,5,"R$ 131.860,00",VW - VolksWagen,T-Cross Hig. 250 TSI 1.4 Flex 16V 5p Aut,2024,005508-5,Flex,1,F,junho de 2026 ,g9x1qzjgchdwd,"quarta-feira, 1 de julho de 2026 02:11",131860.0
334,1,,,2021,5,"R$ 97.598,00",VW - VolksWagen,T-Cross Comfor. 200 TSI 1.0 Flex 5p Aut.,2021,005509-3,Flex,1,F,junho de 2026 ,ch7nb9m8sjldkq,"quarta-feira, 1 de julho de 2026 02:11",97598.0
334,1,,,2025,5,"R$ 141.665,00",VW - VolksWagen,T-Cross Hig. 250 TSI 1.4 Flex 16V 5p Aut,2025,005508-5,Flex,1,F,junho de 2026 ,hpffk16mz4dzm,"quarta-feira, 1 de julho de 2026 02:11",141665.0
334,1,,,2023,5,"R$ 109.978,00",VW - VolksWagen,T-Cross Comfor. 200 TSI 1.0 Flex 5p Aut.,2023,005509-3,Flex,1,F,junho de 2026 ,gg8p14cdv7dr5,"quarta-feira, 1 de julho de 2026 02:11",109978.0
334,1,,,2022,5,"R$ 102.865,00",VW - VolksWagen,T-Cross Comfor. 200 TSI 1.0 Flex 5p Aut.,2022,005509-3,Flex,1,F,junho de 2026 ,f6x5f2phh0dny,"quarta-feira, 1 de julho de 2026 02:11",102865.0
334,1,,,2024,5,"R$ 118.720,00",VW - VolksWagen,T-Cross Comfor. 200 TSI 1.0 Flex 5p Aut.,2024,005509-3,Flex,1,F,junho de 2026 ,gtjf47f7d7dwd,"quarta-feira, 1 de julho de 2026 02:11",118720.0
334,1,,,2025,5,"R$ 132.212,00",VW - VolksWagen,T-Cross Comfor. 200 TSI 1.0 Flex 5p Aut.,2025,005509-3,Flex,1,F,junho de 2026 ,hbbvb4hg0vdzm,"quarta-feira, 1 de julho de 2026 02:11",132212.0
334,1,,,2022,5,"R$ 96.708,00",VW - VolksWagen,T-Cross 200 TSI 1.0  Flex 12V 5p Aut.,2022,005510-7,Flex,1,F,junho de 2026 ,chw6v5ptr3tdny,"quarta-feira, 1 de julho de 2026 02:11",96708.0
334,1,,,2023,5,"R$ 101.315,00",VW - VolksWagen,T-Cross 200 TSI 1.0  Flex 12V 5p Aut.,2023,005510-7,Flex,1,F,junho de 2026 ,f43tzgf5ppdr5,"quarta-feira, 1 de julho de 2026 02:11",101315.0
334,1,,,2024,5,"R$ 108.140,00",VW - VolksWagen,T-Cross 200 TSI 1.0  Flex 12V 5p Aut.,2024,005510-7,Flex,1,F,junho de 2026 ,gd3w2t4wv8dwd,"quarta-feira, 1 de julho de 2026 02:11",108140.0
334,1,,,2026,5,"R$ 128.763,00",VW - VolksWagen,T-Cross 200 TSI 1.0  Flex 12V 5p Aut.,2026,005510-7,Flex,1,F,junho de 2026 ,g59g5jhcxdd2v,"quarta-feira, 1 de julho de 2026 02:12",128763.0
334,1,,,2025,5,"R$ 120.037,00",VW - VolksWagen,T-Cross 200 TSI 1.0  Flex 12V 5p Aut.,2025,005510-7,Flex,1,F,junho de 2026 ,gv1929dhzndzm,"quarta-feira, 1 de julho de 2026 02:12",120037.0
334,1,,,2023,5,"R$ 101.166,00",VW - VolksWagen,Nivus Comfortline 1.0 200 TSI Flex Aut.,2023,005525-5,Flex,1,F,junho de 2026 ,f4yd2z8wpcdr5,"quarta-feira, 1 de julho de 2026 02:12",101166.0
334,1,,,2024,5,"R$ 106.011,00",VW - VolksWagen,Nivus Comfortline 1.0 200 TSI Flex Aut.,2024,005525-5,Flex,1,F,junho de 2026 ,gbmh63dvq0dwd,"quarta-feira, 1 de julho de 2026 02:12",106011.0
334,1,,,2025,5,"R$ 123.071,00",VW - VolksWagen,Nivus Comfortline 1.0 200 TSI Flex Aut.,2025,005525-5,Flex,1,F,junho de 2026 ,gzmln635v5dzm,"quarta-feira, 1 de julho de 2026 02:12",123071.0
334,1,,,2021,5,"R$ 102.814,00",VW - VolksWagen,Nivus Highline 1.0 200 TSI Flex Aut.,2021,005526-3,Flex,1,F,junho de 2026 ,f6v9zp39r5dkq,"quarta-feira, 1 de julho de 2026 02:12",102814.0
334,1,,,2026,5,"R$ 129.235,00",VW - VolksWagen,Nivus Comfortline 1.0 200 TSI Flex Aut.,2026,005525-5,Flex,1,F,junho de 2026 ,g6vmz7tsyld2v,"quarta-feira, 1 de julho de 2026 02:12",129235.0
334,1,,,2022,5,"R$ 107.602,00",VW - VolksWagen,Nivus Highline 1.0 200 TSI Flex Aut.,2022,005526-3,Flex,1,F,junho de 2026 ,gdhbwtyrfddny,"quarta-feira, 1 de julho de 2026 02:12",107602.0
334,1,,,2023,5,"R$ 112.807,00",VW - VolksWagen,Nivus Highline 1.0 200 TSI Flex Aut.,2023,005526-3,Flex,1,F,junho de 2026 ,glljnjj6yvdr5,"quarta-feira, 1 de julho de 2026 02:12",112807.0
334,1,,,2024,5,"R$ 117.338,00",VW - VolksWagen,Nivus Highline 1.0 200 TSI Flex Aut.,2024,005526-3,Flex,1,F,junho de 2026 ,grw6zsk5yfdwd,"quarta-feira, 1 de julho de 2026 02:12",117338.0
334,1,,,2025,5,"R$ 129.944,00",VW - VolksWagen,Nivus Highline 1.0 200 TSI Flex Aut.,2025,005526-3,Flex,1,F,junho de 2026 ,g7pdv6tr0rdzm,"quarta-feira, 1 de julho de 2026 02:12",129944.0
334,1,,,2022,5,"R$ 118.916,00",VW - VolksWagen,TAOS Comfortline 1.4 250 TSI Flex Aut.,2022,005527-1,Flex,1,F,junho de 2026 ,gtrk0flyd7dny,"quarta-feira, 1 de julho de 2026 02:12",118916.0
334,1,,,2023,5,"R$ 130.472,00",VW - VolksWagen,TAOS Comfortline 1.4 250 TSI Flex Aut.,2023,005527-1,Flex,1,F,junho de 2026 ,g79lsytkvmdr5,"quarta-feira, 1 de julho de 2026 02:12",130472.0
334,1,,,2024,5,"R$ 141.785,00",VW - VolksWagen,TAOS Comfortline 1.4 250 TSI Flex Aut.,2024,005527-1,Flex,1,F,junho de 2026 ,hpkssml9sldwd,"quarta-feira, 1 de julho de 2026 02:12",141785.0
334,1,,,2022,5,"R$ 134.603,00",VW - VolksWagen,TAOS Highline 1.4 250 TSI Flex Aut.,2022,005528-0,Flex,1,F,junho de 2026 ,hd4rffwndzdny,"quarta-feira, 1 de julho de 2026 02:12",134603.0
334,1,,,2023,5,"R$ 143.064,00",VW - VolksWagen,TAOS Highline 1.4 250 TSI Flex Aut.,2023,005528-0,Flex,1,F,junho de 2026 ,hq18xcpkvydr5,"quarta-feira, 1 de julho de 2026 02:12",143064.0
334,1,,,2024,5,"R$ 161.119,00",VW - VolksWagen,TAOS Highline 1.4 250 TSI Flex Aut.,2024,005528-0,Flex,1,F,junho de 2026 ,jd7jg8rppndwd,"quarta-feira, 1 de julho de 2026 02:12",161119.0
334,1,,,2024,5,"R$ 84.582,00",VW - VolksWagen,Saveiro Trendline 1.6 Total Flex 16V,2024,005531-0,Flex,1,F,junho de 2026 ,cb91fr0h446sw,"quarta-feira, 1 de julho de 2026 02:12",84582.0
334,1,,,2025,5,"R$ 91.460,00",VW - VolksWagen,Saveiro Trendline 1.6 Total Flex 16V,2025,005531-0,Flex,1,F,junho de 2026 ,cfxpc1c26xkw3,"quarta-feira, 1 de julho de 2026 02:12",91460.0
334,1,,,2025,5,"R$ 157.800,00",VW - VolksWagen,TAOS Comfortline 1.4 250 TSI Flex Aut.,2025,005527-1,Flex,1,F,junho de 2026 ,h9bwshclxddzm,"quarta-feira, 1 de julho de 2026 02:12",157800.0
334,1,,,2023,5,"R$ 70.370,00",VW - VolksWagen,Polo 1.0 MPI Flex 12V 5p,2023,005533-6,Flex,1,F,junho de 2026 ,5yds6q48hpdr5,"quarta-feira, 1 de julho de 2026 02:12",70370.0
334,1,,,2024,5,"R$ 74.562,00",VW - VolksWagen,Polo 1.0 MPI Flex 12V 5p,2024,005533-6,Flex,1,F,junho de 2026 ,7jkgtkdq3tdwd,"quarta-feira, 1 de julho de 2026 02:12",74562.0
334,1,,,2023,3,"R$ 165.159,00",VW - VolksWagen,AMAROK Comfor. 3.0 V6 TDI 4x4 Dies. Aut.,2023,005532-8,Diesel,1,D,junho de 2026 ,jkzck5x507drj,"quarta-feira, 1 de julho de 2026 02:12",165159.0
334,1,,,2023,5,"R$ 79.413,00",VW - VolksWagen,Polo 1.0 TSI Flex 12V 5p,2023,005534-4,Flex,1,F,junho de 2026 ,9cfnrbfjbgdr5,"quarta-feira, 1 de julho de 2026 02:12",79413.0
334,1,,,2024,5,"R$ 81.521,00",VW - VolksWagen,Polo 1.0 TSI Flex 12V 5p,2024,005534-4,Flex,1,F,junho de 2026 ,944vrr1d9gdwd,"quarta-feira, 1 de julho de 2026 02:12",81521.0
334,1,,,2025,5,"R$ 76.853,00",VW - VolksWagen,Polo 1.0 MPI Flex 12V 5p,2025,005533-6,Flex,1,F,junho de 2026 ,8dd5svqn8bdzm,"quarta-feira, 1 de julho de 2026 02:12",76853.0
334,1,,,2025,5,"R$ 90.723,00",VW - VolksWagen,Polo 1.0 TSI Flex 12V 5p,2025,005534-4,Flex,1,F,junho de 2026 ,cfm1ht41cwndzm,"quarta-feira, 1 de julho de 2026 02:12",90723.0
334,1,,,2023,5,"R$ 85.192,00",VW - VolksWagen,Polo Comfortline TSI 1.0 Flex 12V Aut.,2023,005535-2,Flex,1,F,junho de 2026 ,ccj54y7mhvsdr5,"quarta-feira, 1 de julho de 2026 02:12",85192.0
334,1,,,2025,5,"R$ 98.281,00",VW - VolksWagen,Polo Comfortline TSI 1.0 Flex 12V Aut.,2025,005535-2,Flex,1,F,junho de 2026 ,cjhnl1n0jrxdzm,"quarta-feira, 1 de julho de 2026 02:12",98281.0
334,1,,,2024,5,"R$ 89.416,00",VW - VolksWagen,Polo Comfortline TSI 1.0 Flex 12V Aut.,2024,005535-2,Flex,1,F,junho de 2026 ,cd4qf4gt2w2dwd,"quarta-feira, 1 de julho de 2026 02:12",89416.0
334,1,,,2024,5,"R$ 97.481,00",VW - VolksWagen,Polo Highline TSI 1.0 Flex 12V Aut.,2024,005536-0,Flex,1,F,junho de 2026 ,ch58tz6qr73dwd,"quarta-feira, 1 de julho de 2026 02:12",97481.0
334,1,,,2023,5,"R$ 93.476,00",VW - VolksWagen,Polo Highline TSI 1.0 Flex 12V Aut.,2023,005536-0,Flex,1,F,junho de 2026 ,cgn94ffpqv4dr5,"quarta-feira, 1 de julho de 2026 02:12",93476.0
334,1,,,2025,5,"R$ 106.305,00",VW - VolksWagen,Polo Highline TSI 1.0 Flex 12V Aut.,2025,005536-0,Flex,1,F,junho de 2026 ,gby6hbcvbbdzm,"quarta-feira, 1 de julho de 2026 02:12",106305.0
334,1,,,2026,5,"R$ 110.562,00",VW - VolksWagen,Polo Highline TSI 1.0 Flex 12V Aut.,2026,005536-0,Flex,1,F,junho de 2026 ,ghyx2xs59hd2v,"quarta-feira, 1 de julho de 2026 02:12",110562.0
334,1,,,2024,5,"R$ 75.514,00",VW - VolksWagen,Saveiro Robust 1.6 Total Flex 16V CD,2024,005537-9,Flex,1,F,junho de 2026 ,7wqhjrkdc8dwd,"quarta-feira, 1 de julho de 2026 02:12",75514.0
334,1,,,2025,5,"R$ 84.597,00",VW - VolksWagen,Saveiro Robust 1.6 Total Flex 16V CD,2025,005537-9,Flex,1,F,junho de 2026 ,cb96wr3sjm8dzm,"quarta-feira, 1 de julho de 2026 02:12",84597.0
334,1,,,2023,5,"R$ 66.995,00",VW - VolksWagen,Saveiro Robust 1.6 Total Flex 16V ,2023,005538-7,Flex,1,F,junho de 2026 ,4nt26c92h0dr5,"quarta-feira, 1 de julho de 2026 02:12",66995.0
334,1,,,2024,5,"R$ 75.900,00",VW - VolksWagen,Saveiro Robust 1.6 Total Flex 16V ,2024,005538-7,Flex,1,F,junho de 2026 ,707stcgdw9dwd,"quarta-feira, 1 de julho de 2026 02:12",75900.0
334,1,,,2025,5,"R$ 83.621,00",VW - VolksWagen,Saveiro Robust 1.6 Total Flex 16V ,2025,005538-7,Flex,1,F,junho de 2026 ,cbyr4mvnnlmdzm,"quarta-feira, 1 de julho de 2026 02:12",83621.0
334,1,,,2023,5,"R$ 65.996,00",VW - VolksWagen,Polo Track 1.0 Flex 12V 5p,2023,005540-9,Flex,1,F,junho de 2026 ,383zxcbt4sdr5,"quarta-feira, 1 de julho de 2026 02:12",65996.0
334,1,,,2024,5,"R$ 70.325,00",VW - VolksWagen,Polo Track 1.0 Flex 12V 5p,2024,005540-9,Flex,1,F,junho de 2026 ,5xwf5hlct0dwd,"quarta-feira, 1 de julho de 2026 02:12",70325.0
334,1,,,2026,5,"R$ 88.731,00",VW - VolksWagen,Saveiro Robust 1.6 Total Flex 16V ,2026,005538-7,Flex,1,F,junho de 2026 ,cdwpgvvtvwtd2v,"quarta-feira, 1 de julho de 2026 02:12",88731.0
334,1,,,2026,5,"R$ 81.826,00",VW - VolksWagen,Polo Track 1.0 Flex 12V 5p,2026,005540-9,Flex,1,F,junho de 2026 ,98qqcjw1n0d2v,"quarta-feira, 1 de julho de 2026 02:12",81826.0
334,1,,,2024,5,"R$ 90.544,00",VW - VolksWagen,VIRTUS TSI 1.0 Flex 12V 4p Mec.,2024,005542-5,Flex,1,F,junho de 2026 ,cfkyfygvrhndwd,"quarta-feira, 1 de julho de 2026 02:12",90544.0
334,1,,,2025,5,"R$ 97.610,00",VW - VolksWagen,VIRTUS TSI 1.0 Flex 12V 4p Mec.,2025,005542-5,Flex,1,F,junho de 2026 ,ch7sqh5r2rbdzm,"quarta-feira, 1 de julho de 2026 02:12",97610.0
334,1,,,2024,5,"R$ 97.189,00",VW - VolksWagen,VIRTUS TSI 1.0 Flex 12V 4p Aut.,2024,005543-3,Flex,1,F,junho de 2026 ,ch2vpv8jds6dwd,"quarta-feira, 1 de julho de 2026 02:12",97189.0
334,1,,,2025,5,"R$ 103.305,00",VW - VolksWagen,VIRTUS TSI 1.0 Flex 12V 4p Aut.,2025,005543-3,Flex,1,F,junho de 2026 ,f7f4604shcdzm,"quarta-feira, 1 de julho de 2026 02:12",103305.0
334,1,,,2025,5,"R$ 75.974,00",VW - VolksWagen,Polo Track 1.0 Flex 12V 5p,2025,005540-9,Flex,1,F,junho de 2026 ,713pl4m604dzm,"quarta-feira, 1 de julho de 2026 02:12",75974.0
334,1,,,2025,5,"R$ 106.386,00",VW - VolksWagen,Saveiro Extreme 1.6 Flex 16V CD,2025,005546-8,Flex,1,F,junho de 2026 ,gb14rl51n1dzm,"quarta-feira, 1 de julho de 2026 02:12",106386.0
334,1,,,2024,1,"R$ 217.661,00",VW - VolksWagen,TIGUAN Allspac R-Line 300 TSI 2.0 ,2024,005547-6,Gasolina,1,G,junho de 2026 ,lkjnh64s9ndt3,"quarta-feira, 1 de julho de 2026 02:12",217661.0
334,1,,,2022,1,"R$ 214.583,00",Audi,Q5 Prestige 2.0 TFSI Quattro S tronic,2022,008238-4,Gasolina,1,G,junho de 2026 ,lfxscgcdlcdmn,"quarta-feira, 1 de julho de 2026 02:13",214583.0
334,1,,,2023,1,"R$ 252.780,00",Audi,Q5 Prestige 2.0 TFSI Quattro S tronic,2023,008238-4,Gasolina,1,G,junho de 2026 ,mwp31zz42ydqw,"quarta-feira, 1 de julho de 2026 02:13",252780.0
334,1,,,2025,1,"R$ 246.898,00",VW - VolksWagen,TIGUAN Allspac R-Line 300 TSI 2.0 ,2025,005547-6,Gasolina,1,G,junho de 2026 ,mntbg1lgxqdyb,"quarta-feira, 1 de julho de 2026 02:13",246898.0
334,1,,,2022,1,"R$ 173.904,00",Audi,A4 Prestige 2.0 TFSI S-tronic,2022,008247-3,Gasolina,1,G,junho de 2026 ,jw6612gknkdmn,"quarta-feira, 1 de julho de 2026 02:13",173904.0
334,1,,,2023,1,"R$ 263.693,00",Audi,Q5 S-Line 2.0 TFSI Quattro S-tronic 252cv,2023,008248-1,Gasolina,1,G,junho de 2026 ,m9hsbv038sdqw,"quarta-feira, 1 de julho de 2026 02:13",263693.0
334,1,,,2023,1,"R$ 178.241,00",Audi,A4 Prestige 2.0 TFSI S-tronic,2023,008247-3,Gasolina,1,G,junho de 2026 ,j19vs0wpq0dqw,"quarta-feira, 1 de julho de 2026 02:13",178241.0
334,1,,,2020,6,"R$ 335.720,00",Audi,Q8 Perf.Black 3.0 TFSI Quat. S-tr/(Híb.),2020,008250-3,Híbrido,1,H,junho de 2026 ,q0yq53hqswdgt,"quarta-feira, 1 de julho de 2026 02:13",335720.0
334,1,,,2023,1,"R$ 239.423,00",Audi,A5 Sportback S-Line 2.0 TFSI S-tronic,2023,008249-0,Gasolina,1,G,junho de 2026 ,mc1mzkng3gdqw,"quarta-feira, 1 de julho de 2026 02:13",239423.0
334,1,,,2020,6,"R$ 159.635,00",Audi,A3 Sed.Perf. Black 2.0 TFSI S-tr. (Hib.),2020,008256-2,Híbrido,1,H,junho de 2026 ,jchlcy6z6xdgt,"quarta-feira, 1 de julho de 2026 02:13",159635.0
334,1,,,2024,6,"R$ 210.827,00",Audi,A3 Sed.Perf. Black 2.0 TFSI S-tr. (Hib.),2024,008256-2,Híbrido,1,H,junho de 2026 ,k9h78g36bldwq,"quarta-feira, 1 de julho de 2026 02:13",210827.0
334,1,,,2022,4,"R$ 334.541,00",Audi,E-TRON Sportback Perf. Aut. (Elétrico),2022,008259-7,Elétrico,1,E,junho de 2026 ,qzkwrbj21bdnm,"quarta-feira, 1 de julho de 2026 02:13",334541.0
334,1,,,2023,4,"R$ 364.533,00",Audi,E-TRON Sportb. Perf.Black Aut.(Elétrico),2023,008260-0,Elétrico,1,E,junho de 2026 ,r3q0dwb6xvdrv,"quarta-feira, 1 de julho de 2026 02:13",364533.0
334,1,,,2024,6,"R$ 233.100,00",Audi,A3 Sportb. Perf. Black 2.0 S-tron.(Híb.),2024,008275-9,Híbrido,1,H,junho de 2026 ,l4mthrxhk4dwq,"quarta-feira, 1 de julho de 2026 02:13",233100.0
334,1,,,2023,6,"R$ 196.358,00",Audi,A3 Sedan S-Line 2.0 TFSI  S-Tron.(Híb.),2023,008279-1,Híbrido,1,H,junho de 2026 ,krkb7kbhr9dsh,"quarta-feira, 1 de julho de 2026 02:13",196358.0
334,1,,,2024,6,"R$ 204.142,00",Audi,A3 Sedan S-Line 2.0 TFSI  S-Tron.(Híb.),2024,008279-1,Híbrido,1,H,junho de 2026 ,k1n8w74chvdwq,"quarta-feira, 1 de julho de 2026 02:13",204142.0
334,1,,,2024,1,"R$ 268.444,00",Audi,Q3 Perf. Black 2.0 TFSI Tiptr. Quattro,2024,008280-5,Gasolina,1,G,junho de 2026 ,ng2gkmqpc8dt3,"quarta-feira, 1 de julho de 2026 02:13",268444.0
334,1,,,2024,1,"R$ 260.860,00",Audi,Q3 SPB Performance 2.0 TFSI Tipt. Quatt.,2024,008282-1,Gasolina,1,G,junho de 2026 ,m55s7tdw2zdt3,"quarta-feira, 1 de julho de 2026 02:13",260860.0
334,1,,,2023,1,"R$ 218.557,00",Audi,Q3 Performance 2.0 TFSI Tiptr. Quattro,2023,008284-8,Gasolina,1,G,junho de 2026 ,llk6200sx2dqw,"quarta-feira, 1 de julho de 2026 02:13",218557.0
334,1,,,2025,1,"R$ 299.432,00",Audi,Q3 Performance 2.0 TFSI Tiptr. Quattro,2025,008284-8,Gasolina,1,G,junho de 2026 ,pndsgwp1l0dyb,"quarta-feira, 1 de julho de 2026 02:13",299432.0
334,1,,,2023,6,"R$ 282.559,00",Audi,Q5 SB Perf. 2.0 TFSIe S.Tr. Qt (Hib.),2023,008286-4,Híbrido,1,H,junho de 2026 ,n0mhqjyhn4dsh,"quarta-feira, 1 de julho de 2026 02:13",282559.0
334,1,,,2023,6,"R$ 294.707,00",Audi,Q5 SB P Black. 2.0 TFSIe S.Tr. Qt (Hib.),2023,008287-2,Híbrido,1,H,junho de 2026 ,pgv1j83g2rdsh,"quarta-feira, 1 de julho de 2026 02:13",294707.0
334,1,,,2023,6,"R$ 289.518,00",Audi,Q5 Performance 2.0 TFSIe S.Tr. Qt (Hib.),2023,008288-0,Híbrido,1,H,junho de 2026 ,n8sftghy47dsh,"quarta-feira, 1 de julho de 2026 02:13",289518.0
334,1,,,2024,6,"R$ 327.333,00",Audi,Q5 Performance 2.0 TFSIe S.Tr. Qt (Hib.),2024,008288-0,Híbrido,1,H,junho de 2026 ,qp3w2ys46ndwq,"quarta-feira, 1 de julho de 2026 02:13",327333.0
334,1,,,2024,1,"R$ 242.258,00",Audi,Q3 Prestige 2.0 TFSI Tiptr.Quatro ,2024,008289-9,Gasolina,1,G,junho de 2026 ,mhcpbgz3mydt3,"quarta-feira, 1 de julho de 2026 02:13",242258.0
334,1,,,2024,6,"R$ 235.498,00",Audi,A4 Prestige 2.0 16V TFSI Quattro (Híb.),2024,008302-0,Híbrido,1,H,junho de 2026 ,l7fzgh3p89dwq,"quarta-feira, 1 de julho de 2026 02:13",235498.0
334,1,,,2022,1,"R$ 197.108,00",BMW,320iA 2.0 Turbo/ActiveFlex 16V/GP  4p,2022,009164-2,Gasolina,1,G,junho de 2026 ,ksfl9l61hvdmn,"quarta-feira, 1 de julho de 2026 02:13",197108.0
334,1,,,2023,1,"R$ 231.727,00",BMW,320iA 2.0 Turbo/ActiveFlex 16V/GP  4p,2023,009164-2,Gasolina,1,G,junho de 2026 ,l20xgm1v6qdqw,"quarta-feira, 1 de julho de 2026 02:13",231727.0
334,1,,,2024,1,"R$ 258.640,00",BMW,320iA 2.0 Turbo/ActiveFlex 16V/GP  4p,2024,009164-2,Gasolina,1,G,junho de 2026 ,m3k3vgf7t9dt3,"quarta-feira, 1 de julho de 2026 02:13",258640.0
334,1,,,2021,1,"R$ 153.559,00",BMW,X1 SDRIVE 20i 2.0/2.0 TB Acti.Flex Aut.,2021,009172-3,Gasolina,1,G,junho de 2026 ,h4cq6rk38kdjf,"quarta-feira, 1 de julho de 2026 02:13",153559.0
334,1,,,2022,1,"R$ 165.205,00",BMW,X1 SDRIVE 20i 2.0/2.0 TB Acti.Flex Aut.,2022,009172-3,Gasolina,1,G,junho de 2026 ,jk01dxxc2ddmn,"quarta-feira, 1 de julho de 2026 02:13",165205.0
334,1,,,2024,5,"R$ 289.818,00",BMW,320iA 2.0 TB M Sport A.Flex/M.Sport 4p,2024,009213-4,Flex,1,F,junho de 2026 ,n84bt9xclgdwd,"quarta-feira, 1 de julho de 2026 02:13",289818.0
334,1,,,2020,1,"R$ 299.208,00",BMW,540i M Sport 3.0 Turbo 340cv Aut.,2020,009225-8,Gasolina,1,G,junho de 2026 ,pm4m2ph3smdd6,"quarta-feira, 1 de julho de 2026 02:13",299208.0
334,1,,,2023,6,"R$ 315.004,00",BMW,530e M Sport 2.0 Turbo Aut. (Híbrido),2023,009238-0,Híbrido,1,H,junho de 2026 ,p7nr90ks68dsh,"quarta-feira, 1 de julho de 2026 02:13",315004.0
334,1,,,2022,6,"R$ 233.909,00",BMW,330e M Sport 2.0 Turbo Aut. (Híbrido),2022,009266-5,Híbrido,1,H,junho de 2026 ,l5k61n4xbwdn8,"quarta-feira, 1 de julho de 2026 02:13",233909.0
334,1,,,2022,5,"R$ 74.446,00",Citroën,C4 CACTUS FEEL 1.6 16V Flex Aut.,2022,011198-8,Flex,1,F,junho de 2026 ,7g59sn2qmjlf,"quarta-feira, 1 de julho de 2026 02:13",74446.0
334,1,,,2023,5,"R$ 78.550,00",Citroën,C4 CACTUS FEEL 1.6 16V Flex Aut.,2023,011198-8,Flex,1,F,junho de 2026 ,809zvldm2gpn,"quarta-feira, 1 de julho de 2026 02:13",78550.0
334,1,,,2024,3,"R$ 151.046,00",Citroën,Jumpy Cargo 1.5 Turbo Diesel,2024,011216-0,Diesel,1,D,junho de 2026 ,h1fdn3cqcbdvr,"quarta-feira, 1 de julho de 2026 02:13",151046.0
334,1,,,2025,3,"R$ 165.024,00",Citroën,Jumpy Cargo 1.5 Turbo Diesel,2025,011216-0,Diesel,1,D,junho de 2026 ,jktggp7qysdyz,"quarta-feira, 1 de julho de 2026 02:13",165024.0
334,1,,,2024,6,"R$ 217.956,00",Audi,A3 Sportb. S-Line 2.0 TFSI S-Tron.(Híb.),2024,008278-3,Híbrido,1,H,junho de 2026 ,lkwcxfr253dwq,"quarta-feira, 1 de julho de 2026 02:13",217956.0
334,1,,,2023,5,"R$ 61.160,00",Citroën,C3 Live Pack 1.0 Flex 6V 5p Mec.,2023,011223-2,Flex,1,F,junho de 2026 ,2gd7zz5hrydr5,"quarta-feira, 1 de julho de 2026 02:13",61160.0
334,1,,,2024,5,"R$ 66.010,00",Citroën,C3 Live Pack 1.0 Flex 6V 5p Mec.,2024,011223-2,Flex,1,F,junho de 2026 ,3882ng2fl6dwd,"quarta-feira, 1 de julho de 2026 02:13",66010.0
334,1,,,2025,5,"R$ 70.490,00",Citroën,C3 Live Pack 1.0 Flex 6V 5p Mec.,2025,011223-2,Flex,1,F,junho de 2026 ,5ztd911w1sdzm,"quarta-feira, 1 de julho de 2026 02:13",70490.0
334,1,,,2023,5,"R$ 61.229,00",Citroën,C3 Feel 1.0 Flex 6V 5p Mec.,2023,011224-0,Flex,1,F,junho de 2026 ,2g7bf9qx9qdr5,"quarta-feira, 1 de julho de 2026 02:13",61229.0
334,1,,,2024,5,"R$ 69.403,00",Citroën,C3 Feel 1.0 Flex 6V 5p Mec.,2024,011224-0,Flex,1,F,junho de 2026 ,5k2bg34y73dwd,"quarta-feira, 1 de julho de 2026 02:13",69403.0
334,1,,,2025,5,"R$ 73.530,00",Citroën,C3 Feel 1.0 Flex 6V 5p Mec.,2025,011224-0,Flex,1,F,junho de 2026 ,64gcptbcrrdzm,"quarta-feira, 1 de julho de 2026 02:13",73530.0
334,1,,,2024,5,"R$ 81.617,00",Citroën,C3 Feel Pack 1.6 Flex 16V 5p Aut.,2024,011226-7,Flex,1,F,junho de 2026 ,958rf0yp0kdwd,"quarta-feira, 1 de julho de 2026 02:13",81617.0
334,1,,,2025,5,"R$ 96.822,00",Citroën,AIRCROSS Feel 1.0 Flex Turbo 200 Aut.,2025,011232-1,Flex,1,F,junho de 2026 ,chyj9n73211dzm,"quarta-feira, 1 de julho de 2026 02:13",96822.0
334,1,,,2025,5,"R$ 94.494,00",Citroën,BASALT Feel 1.0 Flex TB 200 5p Aut.,2025,011239-9,Flex,1,F,junho de 2026 ,cg174s14wvvdzm,"quarta-feira, 1 de julho de 2026 02:13",94494.0
334,1,,,2024,5,"R$ 102.896,00",Honda,CITY Sedan LX 1.5 Flex 16V 4p Aut.,2024,014059-7,Flex,1,F,junho de 2026 ,f6y9cw9fsjdwd,"quarta-feira, 1 de julho de 2026 02:13",102896.0
334,1,,,2025,5,"R$ 103.475,00",Citroën,AIRCROSS Shine 1.0 Flex TB 200 Aut.,2025,011230-5,Flex,1,F,junho de 2026 ,f7nbr08m8bdzm,"quarta-feira, 1 de julho de 2026 02:13",103475.0
334,1,,,2025,5,"R$ 170.477,00",Honda,HR-V Touring 1.5 Flex TB 16V 5p Aut.,2025,014102-0,Flex,1,F,junho de 2026 ,jr6nnwcq86dzm,"quarta-feira, 1 de julho de 2026 02:14",170477.0
334,1,,,2024,5,"R$ 159.427,00",Honda,HR-V Touring 1.5 Flex TB 16V 5p Aut.,2024,014102-0,Flex,1,F,junho de 2026 ,jb700m7lczdwd,"quarta-feira, 1 de julho de 2026 02:14",159427.0
334,1,,,2024,6,"R$ 248.040,00",Honda,Accord Sedan 2.0 TB 16V Aut. (Híbrido),2024,014105-4,Híbrido,1,H,junho de 2026 ,mp4t7g8z0xdwq,"quarta-feira, 1 de julho de 2026 02:14",248040.0
334,1,,,2025,5,"R$ 144.567,00",Honda,HR-V EX 1.5 Flex Sensing 16V 5p Aut.,2025,014109-7,Flex,1,F,junho de 2026 ,hstxd8tm4zdzm,"quarta-feira, 1 de julho de 2026 02:14",144567.0
334,1,,,2024,6,"R$ 206.779,00",Honda,Civic Sed.Touring 2.0 16V Aut. (Híbrido),2024,014112-7,Híbrido,1,H,junho de 2026 ,k4r344hhygdwq,"quarta-feira, 1 de julho de 2026 02:14",206779.0
334,1,,,2025,1,"R$ 164.142,00",Honda,ZR-V Touring 2.0 16V 5p Aut.,2025,014114-3,Gasolina,1,G,junho de 2026 ,jjsdnxrr1ldyb,"quarta-feira, 1 de julho de 2026 02:14",164142.0
334,1,,,2024,5,"R$ 107.603,00",Honda,CITY Hatchback EX 1.5 Flex 16V Aut.,2024,014115-1,Flex,1,F,junho de 2026 ,gdhc0qwwzrdwd,"quarta-feira, 1 de julho de 2026 02:14",107603.0
334,1,,,2024,5,"R$ 103.446,00",Honda,CITY Hatchback LX 1.5 Flex 16V Aut.,2024,014116-0,Flex,1,F,junho de 2026 ,f7l822p0njdwd,"quarta-feira, 1 de julho de 2026 02:14",103446.0
334,1,,,2022,5,"R$ 66.565,00",Hyundai,HB20 Evolution 1.0 Flex 12V Mec.,2022,015164-5,Flex,1,F,junho de 2026 ,4hss43fvfrlf,"quarta-feira, 1 de julho de 2026 02:14",66565.0
334,1,,,2023,5,"R$ 63.566,00",Hyundai,HB20 Sense 1.0 Flex 12V Mec.,2023,015165-3,Flex,1,F,junho de 2026 ,3cmrrd750tpn,"quarta-feira, 1 de julho de 2026 02:14",63566.0
334,1,,,2024,5,"R$ 67.031,00",Hyundai,HB20 Sense 1.0 Flex 12V Mec.,2024,015165-3,Flex,1,F,junho de 2026 ,4n75t78q7psw,"quarta-feira, 1 de julho de 2026 02:14",67031.0
334,1,,,2022,5,"R$ 61.882,00",Hyundai,HB20 Vision 1.0 Flex 12V Mec.,2022,015168-8,Flex,1,F,junho de 2026 ,2qwn5r8jqglf,"quarta-feira, 1 de julho de 2026 02:14",61882.0
334,1,,,2022,5,"R$ 64.641,00",Hyundai,HB20S Vision 1.0 Flex 12V Mec.,2022,015174-2,Flex,1,F,junho de 2026 ,3r7hctn157lf,"quarta-feira, 1 de julho de 2026 02:14",64641.0
334,1,,,2020,5,"R$ 71.342,00",Hyundai,HB20S Evolution 1.0 TB Flex 12V Aut.,2020,015178-5,Flex,1,F,junho de 2026 ,59s283bj0mcz,"quarta-feira, 1 de julho de 2026 02:14",71342.0
334,1,,,2023,5,"R$ 97.070,00",Hyundai,Creta Action 1.6 16V Flex Aut.,2023,015190-4,Flex,1,F,junho de 2026 ,ch1gf1jhj1jpn,"quarta-feira, 1 de julho de 2026 02:14",97070.0
334,1,,,2024,5,"R$ 102.033,00",Hyundai,Creta Action 1.6 16V Flex Aut.,2024,015190-4,Flex,1,F,junho de 2026 ,f5yxztmxkhdwd,"quarta-feira, 1 de julho de 2026 02:14",102033.0
334,1,,,2025,5,"R$ 160.989,00",Honda,HR-V Advance 1.5  Flex TB 16V 5p Aut.,2025,014111-9,Flex,1,F,junho de 2026 ,jd2s0d63wjdzm,"quarta-feira, 1 de julho de 2026 02:14",160989.0
334,1,,,2025,5,"R$ 106.333,00",Hyundai,Creta Action 1.6 16V Flex Aut.,2025,015190-4,Flex,1,F,junho de 2026 ,gbz61cz6rvdzm,"quarta-feira, 1 de julho de 2026 02:14",106333.0
334,1,,,2022,5,"R$ 66.652,00",Hyundai,HB20 Evolution Bluelink 1.0 Flex 12V Mec,2022,015191-2,Flex,1,F,junho de 2026 ,4jtffqxfk9lf,"quarta-feira, 1 de julho de 2026 02:14",66652.0
334,1,,,2024,5,"R$ 113.325,00",Hyundai,Creta Comfort 1.0 TB 12V Flex Aut.,2024,015200-5,Flex,1,F,junho de 2026 ,gl6b9zfd0tdwd,"quarta-feira, 1 de julho de 2026 02:14",113325.0
334,1,,,2024,5,"R$ 141.238,00",Hyundai,Creta Ultimate 2.0 16V Flex Aut.,2024,015201-3,Flex,1,F,junho de 2026 ,hnxxf67h86dwd,"quarta-feira, 1 de julho de 2026 02:14",141238.0
334,1,,,2025,5,"R$ 123.935,00",Hyundai,Creta Comfort 1.0 TB 12V Flex Aut.,2025,015200-5,Flex,1,F,junho de 2026 ,g0mz5729bydzm,"quarta-feira, 1 de julho de 2026 02:14",123935.0
334,1,,,2023,5,"R$ 120.240,00",Hyundai,Creta Platinum 1.0 TB 12V Flex Aut.,2023,015202-1,Flex,1,F,junho de 2026 ,gv9ptz7rr9dr5,"quarta-feira, 1 de julho de 2026 02:14",120240.0
334,1,,,2024,5,"R$ 132.577,00",Hyundai,Creta Platinum 1.0 TB 12V Flex Aut.,2024,015202-1,Flex,1,F,junho de 2026 ,hbr3mdyngsdwd,"quarta-feira, 1 de julho de 2026 02:14",132577.0
334,1,,,2025,5,"R$ 144.988,00",Hyundai,Creta Platinum 1.0 TB 12V Flex Aut.,2025,015202-1,Flex,1,F,junho de 2026 ,hs96slr6xgdzm,"quarta-feira, 1 de julho de 2026 02:14",144988.0
334,1,,,2025,5,"R$ 128.443,00",Hyundai,Creta Limited 1.0 TB 12V Flex Aut.,2025,015203-0,Flex,1,F,junho de 2026 ,g5xvl4f0qwdzm,"quarta-feira, 1 de julho de 2026 02:14",128443.0
334,1,,,2024,5,"R$ 96.985,00",Hyundai,HB20S Platinum Plus 1.0 TB Flex 12V Aut.,2024,015205-6,Flex,1,F,junho de 2026 ,ch0gj9jhncfsw,"quarta-feira, 1 de julho de 2026 02:14",96985.0
334,1,,,2022,5,"R$ 79.089,00",Hyundai,HB20S Platinum 1.0 TB Flex 12V Aut.,2022,015206-4,Flex,1,F,junho de 2026 ,87mw18j1vglf,"quarta-feira, 1 de julho de 2026 02:14",79089.0
334,1,,,2022,5,"R$ 73.119,00",Hyundai,HB20 Platinum 1.0 TB Flex 12V Mec.,2022,015204-8,Flex,1,F,junho de 2026 ,6zmzq4m40slf,"quarta-feira, 1 de julho de 2026 02:14",73119.0
334,1,,,2024,5,"R$ 96.592,00",Hyundai,HB20S Platinum 1.0 TB Flex 12V Aut.,2024,015206-4,Flex,1,F,junho de 2026 ,chvvp4vqmtjsw,"quarta-feira, 1 de julho de 2026 02:14",96592.0
334,1,,,2023,5,"R$ 90.224,00",Hyundai,HB20S Platinum 1.0 TB Flex 12V Aut.,2023,015206-4,Flex,1,F,junho de 2026 ,cff54blfnbfpn,"quarta-feira, 1 de julho de 2026 02:14",90224.0
334,1,,,2024,5,"R$ 92.717,00",Hyundai,HB20 Platinum 1.0 TB Flex 12V Aut.,2024,015209-9,Flex,1,F,junho de 2026 ,cgdd8cbtlhhsw,"quarta-feira, 1 de julho de 2026 02:14",92717.0
334,1,,,2024,5,"R$ 93.305,00",Hyundai,HB20 Platinum Plus 1.0 TB Flex 12V Aut.,2024,015208-0,Flex,1,F,junho de 2026 ,cgl9zpdstcvsw,"quarta-feira, 1 de julho de 2026 02:14",93305.0
334,1,,,2024,5,"R$ 136.260,00",Hyundai,Creta N Line 1.0 TB 12V Flex Aut.,2024,015212-9,Flex,1,F,junho de 2026 ,hg2zgh2trldwd,"quarta-feira, 1 de julho de 2026 02:14",136260.0
334,1,,,2025,5,"R$ 151.364,00",Hyundai,Creta N Line 1.0 TB 12V Flex Aut.,2025,015212-9,Flex,1,F,junho de 2026 ,h1syznqt56dzm,"quarta-feira, 1 de julho de 2026 02:14",151364.0
334,1,,,2024,5,"R$ 75.799,00",Hyundai,HB20 Limited 1.0 Flex 12V Mec.,2024,015213-7,Flex,1,F,junho de 2026 ,7z12sykfc4sw,"quarta-feira, 1 de julho de 2026 02:14",75799.0
334,1,,,2023,5,"R$ 79.537,00",Hyundai,HB20 Comfort 1.0 TB Flex 12V Aut,2023,015214-5,Flex,1,F,junho de 2026 ,9dwqx4f6djpn,"quarta-feira, 1 de julho de 2026 02:14",79537.0
334,1,,,2024,5,"R$ 83.437,00",Hyundai,HB20 Comfort 1.0 TB Flex 12V Aut,2024,015214-5,Flex,1,F,junho de 2026 ,cbwl8d0f84ksw,"quarta-feira, 1 de julho de 2026 02:14",83437.0
334,1,,,2023,5,"R$ 64.860,00",Hyundai,HB20 Comfort 1.0 Flex 12V Mec.,2023,015215-3,Flex,1,F,junho de 2026 ,3vs2y9zsc0pn,"quarta-feira, 1 de julho de 2026 02:14",64860.0
334,1,,,2023,5,"R$ 67.770,00",Hyundai,HB20 Comfort 1.0 TB Flex 12V Mec,2023,015216-1,Flex,1,F,junho de 2026 ,4yxsks36kwpn,"quarta-feira, 1 de julho de 2026 02:14",67770.0
334,1,,,2024,5,"R$ 76.011,00",Hyundai,HB20 Comfort 1.0 TB Flex 12V Mec,2024,015216-1,Flex,1,F,junho de 2026 ,72j4jbvz42sw,"quarta-feira, 1 de julho de 2026 02:14",76011.0
334,1,,,2024,5,"R$ 70.326,00",Hyundai,HB20 Comfort 1.0 Flex 12V Mec.,2024,015215-3,Flex,1,F,junho de 2026 ,5xwtf3bldmsw,"quarta-feira, 1 de julho de 2026 02:14",70326.0
334,1,,,2024,5,"R$ 85.782,00",Hyundai,HB20S Comfort 1.0 TB Flex 12V Aut.,2024,015217-0,Flex,1,F,junho de 2026 ,ccr3ltwt058dwd,"quarta-feira, 1 de julho de 2026 02:14",85782.0
334,1,,,2023,5,"R$ 71.867,00",Hyundai,HB20S Comfort 1.0  Flex 12V Mec.,2023,015218-8,Flex,1,F,junho de 2026 ,6hyxrbx6qpdr5,"quarta-feira, 1 de julho de 2026 02:14",71867.0
334,1,,,2024,5,"R$ 77.419,00",Hyundai,HB20S Comfort 1.0  Flex 12V Mec.,2024,015218-8,Flex,1,F,junho de 2026 ,8l1w7fywc5dwd,"quarta-feira, 1 de julho de 2026 02:14",77419.0
334,1,,,2025,5,"R$ 96.094,00",Hyundai,HB20 Plat. Safety 1.0 TB Flex 12V Aut.,2025,015233-1,Flex,1,F,junho de 2026 ,chn0pwznytpdzm,"quarta-feira, 1 de julho de 2026 02:14",96094.0
334,1,,,2024,5,"R$ 66.980,00",Hyundai,HB20 Sense Plus 1.0 Flex 12V Mec.,2024,015234-0,Flex,1,F,junho de 2026 ,4nnm5zj902dwd,"quarta-feira, 1 de julho de 2026 02:14",66980.0
334,1,,,2025,5,"R$ 68.664,00",Hyundai,HB20 Sense Plus 1.0 Flex 12V Mec.,2025,015234-0,Flex,1,F,junho de 2026 ,49dqrmj0cpdzm,"quarta-feira, 1 de julho de 2026 02:14",68664.0
334,1,,,2024,5,"R$ 76.460,00",Hyundai,HB20 Limited Plus 1.0 Flex 12V Mec.,2024,015235-8,Flex,1,F,junho de 2026 ,77tbm51spwdwd,"quarta-feira, 1 de julho de 2026 02:14",76460.0
334,1,,,2025,5,"R$ 78.654,00",Hyundai,HB20 Limited Plus 1.0 Flex 12V Mec.,2025,015235-8,Flex,1,F,junho de 2026 ,82jsnybj9rdzm,"quarta-feira, 1 de julho de 2026 02:15",78654.0
334,1,,,2024,5,"R$ 86.101,00",Hyundai,HB20 Comfort Plus 1.0 TB Flex 12V Aut.,2024,015236-6,Flex,1,F,junho de 2026 ,ccwvj5shvsgdwd,"quarta-feira, 1 de julho de 2026 02:15",86101.0
334,1,,,2025,5,"R$ 91.704,00",Hyundai,HB20 Comfort Plus 1.0 TB Flex 12V Aut.,2025,015236-6,Flex,1,F,junho de 2026 ,cf0j19wvqv5dzm,"quarta-feira, 1 de julho de 2026 02:15",91704.0
334,1,,,2024,5,"R$ 132.475,00",Hyundai,Creta Plat. Safety 1.0 TB 12V Flex Aut.,2024,015237-4,Flex,1,F,junho de 2026 ,hbndpk46lwdwd,"quarta-feira, 1 de julho de 2026 02:15",132475.0
334,1,,,2025,5,"R$ 144.511,00",Hyundai,Creta Plat. Safety 1.0 TB 12V Flex Aut.,2025,015237-4,Flex,1,F,junho de 2026 ,hsrv97bhn0dzm,"quarta-feira, 1 de julho de 2026 02:15",144511.0
334,1,,,2024,5,"R$ 96.254,00",Hyundai,HB20S Plat. Safety 1.0 TB Flex 12V Aut.,2024,015238-2,Flex,1,F,junho de 2026 ,chqwvp2jnd6dwd,"quarta-feira, 1 de julho de 2026 02:15",96254.0
334,1,,,2024,5,"R$ 75.815,00",Hyundai,HB20S Comfort Plus 1.0 Flex 12V Mec.,2024,015239-0,Flex,1,F,junho de 2026 ,7z7w2bzn5xdwd,"quarta-feira, 1 de julho de 2026 02:15",75815.0
334,1,,,2025,5,"R$ 80.595,00",Hyundai,HB20S Comfort Plus 1.0 Flex 12V Mec.,2025,015239-0,Flex,1,F,junho de 2026 ,9s88z659lwdzm,"quarta-feira, 1 de julho de 2026 02:15",80595.0
334,1,,,2024,5,"R$ 89.975,00",Hyundai,HB20S Comfort Plus 1.0 TB Flex 12V Aut,2024,015240-4,Flex,1,F,junho de 2026 ,cfb8mpz8140dwd,"quarta-feira, 1 de julho de 2026 02:15",89975.0
334,1,,,2025,5,"R$ 95.204,00",Hyundai,HB20S Comfort Plus 1.0 TB Flex 12V Aut,2025,015240-4,Flex,1,F,junho de 2026 ,chbk6r062sddzm,"quarta-feira, 1 de julho de 2026 02:15",95204.0
334,1,,,2024,5,"R$ 80.615,00",Hyundai,HB20S Limited Plus 1.0  Flex 12V Mec.,2024,015242-0,Flex,1,F,junho de 2026 ,9tjkb3n72kdwd,"quarta-feira, 1 de julho de 2026 02:15",80615.0
334,1,,,2025,5,"R$ 83.297,00",Hyundai,HB20S Limited Plus 1.0  Flex 12V Mec.,2025,015242-0,Flex,1,F,junho de 2026 ,cbtzcyhjf44dzm,"quarta-feira, 1 de julho de 2026 02:15",83297.0
334,1,,,2024,5,"R$ 118.489,00",Hyundai,Creta Limit. Safety 1.0 TB 12V Flex Aut.,2024,015243-9,Flex,1,F,junho de 2026 ,gs71wjsqn4dwd,"quarta-feira, 1 de julho de 2026 02:15",118489.0
334,1,,,2025,5,"R$ 130.158,00",Hyundai,Creta Limit. Safety 1.0 TB 12V Flex Aut.,2025,015243-9,Flex,1,F,junho de 2026 ,g7x5z2s65vdzm,"quarta-feira, 1 de julho de 2026 02:15",130158.0
334,1,,,2024,5,"R$ 112.903,00",Hyundai,Creta Comfort Plus 1.0 TB 12V Flex Aut.,2024,015244-7,Flex,1,F,junho de 2026 ,glp0tqnwdqdwd,"quarta-feira, 1 de julho de 2026 02:15",112903.0
334,1,,,2025,5,"R$ 120.122,00",Hyundai,Creta Comfort Plus 1.0 TB 12V Flex Aut.,2025,015244-7,Flex,1,F,junho de 2026 ,gv5dv9gcrndzm,"quarta-feira, 1 de julho de 2026 02:15",120122.0
334,1,,,2024,5,"R$ 70.357,00",Hyundai,HB20 Comfort Plus 1.0 Flex 12V Mec.,2024,015245-5,Flex,1,F,junho de 2026 ,5x72qxmsjvdwd,"quarta-feira, 1 de julho de 2026 02:15",70357.0
334,1,,,2025,5,"R$ 74.319,00",Hyundai,HB20 Comfort Plus 1.0 Flex 12V Mec.,2025,015245-5,Flex,1,F,junho de 2026 ,7fp4s1bdlwdzm,"quarta-feira, 1 de julho de 2026 02:15",74319.0
334,1,,,2023,5,"R$ 79.065,00",Hyundai,HB20S Comfort 1.0 TB Flex 12V Aut.,2023,015217-0,Flex,1,F,junho de 2026 ,87b5mw7ctwdr5,"quarta-feira, 1 de julho de 2026 02:15",79065.0
334,1,,,2025,5,"R$ 92.266,00",Hyundai,HB20 Comf. Plus Tech 1.0 TB Flex 12V Aut,2025,015246-3,Flex,1,F,junho de 2026 ,cf64bn9m1f9dzm,"quarta-feira, 1 de julho de 2026 02:15",92266.0
334,1,,,2025,1,"R$ 153.226,00",Hyundai,Creta Ultimate 1.6 TB 16V Aut.,2025,015249-8,Gasolina,1,G,junho de 2026 ,h3zmz7hgvcdyb,"quarta-feira, 1 de julho de 2026 02:15",153226.0
334,1,,,2026,5,"R$ 103.643,00",Hyundai,HB20 Limited 1.0 TB Flex 12V Aut.,2026,015251-0,Flex,1,F,junho de 2026 ,f7vf15rkv7d2v,"quarta-feira, 1 de julho de 2026 02:15",103643.0
334,1,,,2026,5,"R$ 107.742,00",Hyundai,HB20S Limited 1.0  TB Flex 12V Aut.,2026,015252-8,Flex,1,F,junho de 2026 ,gdnfmxtq25d2v,"quarta-feira, 1 de julho de 2026 02:15",107742.0
334,1,,,2021,5,"R$ 77.025,00",Jeep,Renegade Sport 1.8 4x2 Flex 16V Aut.,2021,017034-8,Flex,1,F,junho de 2026 ,8gfptprrqpg6,"quarta-feira, 1 de julho de 2026 02:15",77025.0
334,1,,,2021,5,"R$ 83.069,00",Jeep,Renegade Longitude 1.8 4x2 Flex 16V Aut.,2021,017035-6,Flex,1,F,junho de 2026 ,cbq9hylt5t0g6,"quarta-feira, 1 de julho de 2026 02:15",83069.0
334,1,,,2021,3,"R$ 96.909,00",Jeep,Renegade Longitude 2.0 4x4 TB Diesel Aut,2021,017037-2,Diesel,1,D,junho de 2026 ,chzkxy2fhhjgk,"quarta-feira, 1 de julho de 2026 02:15",96909.0
334,1,,,2022,5,"R$ 128.036,00",Jeep,COMPASS LIMITED T270 1.3 TB 4x2 Flex Aut,2022,017070-4,Flex,1,F,junho de 2026 ,g5f10vsbtmdny,"quarta-feira, 1 de julho de 2026 02:15",128036.0
334,1,,,2023,5,"R$ 140.439,00",Jeep,COMPASS LIMITED T270 1.3 TB 4x2 Flex Aut,2023,017070-4,Flex,1,F,junho de 2026 ,hmzv5l3ff5dr5,"quarta-feira, 1 de julho de 2026 02:15",140439.0
334,1,,,2024,5,"R$ 150.989,00",Jeep,COMPASS LIMITED T270 1.3 TB 4x2 Flex Aut,2024,017070-4,Flex,1,F,junho de 2026 ,h1cbf3066bdwd,"quarta-feira, 1 de julho de 2026 02:15",150989.0
334,1,,,2025,5,"R$ 174.645,00",Jeep,COMPASS LIMITED T270 1.3 TB 4x2 Flex Aut,2025,017070-4,Flex,1,F,junho de 2026 ,jx24zsdy5wdzm,"quarta-feira, 1 de julho de 2026 02:15",174645.0
334,1,,,2022,5,"R$ 121.077,00",Jeep,COMPASS LONG. T270 1.3 TB 4x2 Flex Aut.,2022,017071-2,Flex,1,F,junho de 2026 ,gw83xx6wjbdny,"quarta-feira, 1 de julho de 2026 02:15",121077.0
334,1,,,2023,5,"R$ 130.224,00",Jeep,COMPASS LONG. T270 1.3 TB 4x2 Flex Aut.,2023,017071-2,Flex,1,F,junho de 2026 ,g70lcgbh7cdr5,"quarta-feira, 1 de julho de 2026 02:15",130224.0
334,1,,,2025,5,"R$ 92.411,00",Hyundai,HB20S Com. Plus Tech 1.0 TB Flex 12V Aut,2025,015247-1,Flex,1,F,junho de 2026 ,cf8t1gzmwqxdzm,"quarta-feira, 1 de julho de 2026 02:15",92411.0
334,1,,,2024,5,"R$ 137.556,00",Jeep,COMPASS LONG. T270 1.3 TB 4x2 Flex Aut.,2024,017071-2,Flex,1,F,junho de 2026 ,hjl2q1xwnmdwd,"quarta-feira, 1 de julho de 2026 02:15",137556.0
334,1,,,2025,5,"R$ 146.972,00",Jeep,COMPASS LONG. T270 1.3 TB 4x2 Flex Aut.,2025,017071-2,Flex,1,F,junho de 2026 ,hwm98lk6rhdzm,"quarta-feira, 1 de julho de 2026 02:15",146972.0
334,1,,,2024,5,"R$ 165.553,00",Jeep,COMPASS S T270 1.3 TB 4x2 Flex Aut.,2024,017074-7,Flex,1,F,junho de 2026 ,jlfpjczht4dwd,"quarta-feira, 1 de julho de 2026 02:15",165553.0
334,1,,,2025,5,"R$ 174.441,00",Jeep,COMPASS S T270 1.3 TB 4x2 Flex Aut.,2025,017074-7,Flex,1,F,junho de 2026 ,jxvq35n9fhdzm,"quarta-feira, 1 de julho de 2026 02:15",174441.0
334,1,,,2022,3,"R$ 130.716,00",Jeep,COMPASS LONG. TD 350 2.0 4x4 Diesel Aut.,2022,017075-5,Diesel,1,D,junho de 2026 ,g8lgqq1dpjdm9,"quarta-feira, 1 de julho de 2026 02:15",130716.0
334,1,,,2023,3,"R$ 145.283,00",Jeep,COMPASS LONG. TD 350 2.0 4x4 Diesel Aut.,2023,017075-5,Diesel,1,D,junho de 2026 ,htnx5sd62zdrj,"quarta-feira, 1 de julho de 2026 02:15",145283.0
334,1,,,2024,3,"R$ 166.235,00",Jeep,COMPASS LONG. TD 350 2.0 4x4 Diesel Aut.,2024,017075-5,Diesel,1,D,junho de 2026 ,jl7gy71g2xdvr,"quarta-feira, 1 de julho de 2026 02:15",166235.0
334,1,,,2022,3,"R$ 137.607,00",Jeep,COMPASS LIMITED TD 350 2.0 4x4 Die. Aut.,2022,017077-1,Diesel,1,D,junho de 2026 ,hjnx6gb9lqdm9,"quarta-feira, 1 de julho de 2026 02:15",137607.0
334,1,,,2022,3,"R$ 159.960,00",Jeep,Commander Limited TD380 2.0 4x4 Die.Aut.,2022,017080-1,Diesel,1,D,junho de 2026 ,jcwdk15wdzdm9,"quarta-feira, 1 de julho de 2026 02:15",159960.0
334,1,,,2023,3,"R$ 179.385,00",Jeep,Commander Limited TD380 2.0 4x4 Die.Aut.,2023,017080-1,Diesel,1,D,junho de 2026 ,j3nfs8719sdrj,"quarta-feira, 1 de julho de 2026 02:15",179385.0
334,1,,,2024,3,"R$ 197.140,00",Jeep,Commander Limited TD380 2.0 4x4 Die.Aut.,2024,017080-1,Diesel,1,D,junho de 2026 ,ksgscclr7ndvr,"quarta-feira, 1 de julho de 2026 02:15",197140.0
334,1,,,2022,5,"R$ 147.895,00",Jeep,Commander Limited T270 1.3 TB Flex Aut.,2022,017081-0,Flex,1,F,junho de 2026 ,hxqv8gf65ndny,"quarta-feira, 1 de julho de 2026 02:15",147895.0
334,1,,,2023,5,"R$ 158.287,00",Jeep,Commander Limited T270 1.3 TB Flex Aut.,2023,017081-0,Flex,1,F,junho de 2026 ,h9xlh30t48dr5,"quarta-feira, 1 de julho de 2026 02:15",158287.0
334,1,,,2024,5,"R$ 167.683,00",Jeep,Commander Limited T270 1.3 TB Flex Aut.,2024,017081-0,Flex,1,F,junho de 2026 ,jnx3h2fgqtdwd,"quarta-feira, 1 de julho de 2026 02:15",167683.0
334,1,,,2023,5,"R$ 152.974,00",Jeep,COMPASS S T270 1.3 TB 4x2 Flex Aut.,2023,017074-7,Flex,1,F,junho de 2026 ,h3pg11nxcrdr5,"quarta-feira, 1 de julho de 2026 02:15",152974.0
334,1,,,2025,5,"R$ 177.539,00",Jeep,Commander Limited T270 1.3 TB Flex Aut.,2025,017081-0,Flex,1,F,junho de 2026 ,j1hbtkj2dsdzm,"quarta-feira, 1 de julho de 2026 02:15",177539.0
334,1,,,2023,5,"R$ 168.458,00",Jeep,Commander Overland T270 1.3 TB Flex Aut.,2023,017082-8,Flex,1,F,junho de 2026 ,jpt8rc1myhdr5,"quarta-feira, 1 de julho de 2026 02:15",168458.0
334,1,,,2024,5,"R$ 189.053,00",Jeep,Commander Overland T270 1.3 TB Flex Aut.,2024,017082-8,Flex,1,F,junho de 2026 ,kgzt81mym5dwd,"quarta-feira, 1 de julho de 2026 02:16",189053.0
334,1,,,2025,5,"R$ 208.932,00",Jeep,Commander Overland T270 1.3 TB Flex Aut.,2025,017082-8,Flex,1,F,junho de 2026 ,k69c17jz89dzm,"quarta-feira, 1 de julho de 2026 02:16",208932.0
334,1,,,2025,3,"R$ 224.449,00",Jeep,Commander Overl. TD380 2.0 4x4 Die. Aut.,2025,017083-6,Diesel,1,D,junho de 2026 ,lthcx7p9lvdyz,"quarta-feira, 1 de julho de 2026 02:16",224449.0
334,1,,,2023,5,"R$ 99.845,00",Jeep,Renegade Sport T270 1.3 TB 4x2 Flex Aut.,2023,017085-2,Flex,1,F,junho de 2026 ,cj2z2h9ktbqpn,"quarta-feira, 1 de julho de 2026 02:16",99845.0
334,1,,,2024,3,"R$ 210.431,00",Jeep,Commander Overl. TD380 2.0 4x4 Die. Aut.,2024,017083-6,Diesel,1,D,junho de 2026 ,k81v2gbwyrdvr,"quarta-feira, 1 de julho de 2026 02:16",210431.0
334,1,,,2024,5,"R$ 103.358,00",Jeep,Renegade Sport T270 1.3 TB 4x2 Flex Aut.,2024,017085-2,Flex,1,F,junho de 2026 ,f7h2x94sxjdwd,"quarta-feira, 1 de julho de 2026 02:16",103358.0
334,1,,,2023,5,"R$ 115.550,00",Jeep,Renegade S T270 1.3 TB 4x4 Flex Aut.,2023,017087-9,Flex,1,F,junho de 2026 ,gps7by1w5ydr5,"quarta-feira, 1 de julho de 2026 02:16",115550.0
334,1,,,2024,5,"R$ 126.498,00",Jeep,Renegade Trailhawk T270 1.3 TB Flex Aut.,2024,017086-0,Flex,1,F,junho de 2026 ,g3m42c966zdwd,"quarta-feira, 1 de julho de 2026 02:16",126498.0
334,1,,,2024,5,"R$ 123.504,00",Jeep,Renegade S T270 1.3 TB 4x4 Flex Aut.,2024,017087-9,Flex,1,F,junho de 2026 ,gz4bkny5c7dwd,"quarta-feira, 1 de julho de 2026 02:16",123504.0
334,1,,,2022,5,"R$ 98.354,00",Jeep,Renegade Long. T270 1.3 TB 4x2 Flex Aut.,2022,017088-7,Flex,1,F,junho de 2026 ,cjjh4lgjkqqlf,"quarta-feira, 1 de julho de 2026 02:16",98354.0
334,1,,,2023,5,"R$ 102.528,00",Jeep,Renegade Long. T270 1.3 TB 4x2 Flex Aut.,2023,017088-7,Flex,1,F,junho de 2026 ,f6jxqwvgvpdr5,"quarta-feira, 1 de julho de 2026 02:16",102528.0
334,1,,,2024,5,"R$ 110.963,00",Jeep,Renegade Long. T270 1.3 TB 4x2 Flex Aut.,2024,017088-7,Flex,1,F,junho de 2026 ,gjfhxnjld7dwd,"quarta-feira, 1 de julho de 2026 02:16",110963.0
334,1,,,2025,5,"R$ 119.541,00",Jeep,Renegade Long. T270 1.3 TB 4x2 Flex Aut.,2025,017088-7,Flex,1,F,junho de 2026 ,gvg87bc3vldzm,"quarta-feira, 1 de julho de 2026 02:16",119541.0
334,1,,,2025,1,"R$ 234.929,00",Jeep,Commander Black Hurricane 2.0 4x4 TB Aut,2025,017099-2,Gasolina,1,G,junho de 2026 ,l6r9bnvlrwdyb,"quarta-feira, 1 de julho de 2026 02:16",234929.0
334,1,,,2022,3,"R$ 394.359,00",Mercedes-Benz,GLE-400 3.0 TB 4MATIC Diesel Aut.,2022,021442-6,Diesel,1,D,junho de 2026 ,s7p20387tkdm9,"quarta-feira, 1 de julho de 2026 02:16",394359.0
334,1,,,2025,3,"R$ 348.256,00",Mercedes-Benz,Sprin. 517 VAN E.L.P.T.A. 21L Die. (E6),2025,021507-4,Diesel,1,D,junho de 2026 ,rhnc6gv8s2dyz,"quarta-feira, 1 de julho de 2026 02:16",348256.0
334,1,,,2024,3,"R$ 283.390,00",Mitsubishi,Pajero Sport HPE 2.4 4x4 Diesel Aut.,2024,022178-3,Diesel,1,D,junho de 2026 ,n1lp1xwq9zdvr,"quarta-feira, 1 de julho de 2026 02:16",283390.0
334,1,,,2022,5,"R$ 118.230,00",Mitsubishi,OUTLANDER Sport HPE 2.0 16V Flex Aut.,2022,022192-9,Flex,1,F,junho de 2026 ,gsym1t7ydxdny,"quarta-feira, 1 de julho de 2026 02:16",118230.0
334,1,,,2025,1,"R$ 225.052,00",Jeep,Commander Overland Hurric 2.0 4x4 TB Aut,2025,017098-4,Gasolina,1,G,junho de 2026 ,lt59cnn3vddyb,"quarta-feira, 1 de julho de 2026 02:16",225052.0
334,1,,,2024,3,"R$ 184.776,00",Nissan,Frontier ATTAC.CD 4x4 2.3 Bi-TB Die. Aut,2024,023160-6,Diesel,1,D,junho de 2026 ,j9zc4vvbjndvr,"quarta-feira, 1 de julho de 2026 02:16",184776.0
334,1,,,2022,3,"R$ 120.296,00",Nissan,Frontier S CD 4x4 2.3 TB Diesel Mec.,2022,023161-4,Diesel,1,D,junho de 2026 ,gwcqx1mvtvdm9,"quarta-feira, 1 de julho de 2026 02:16",120296.0
334,1,,,2025,3,"R$ 203.651,00",Nissan,Frontier ATTAC.CD 4x4 2.3 Bi-TB Die. Aut,2025,023160-6,Diesel,1,D,junho de 2026 ,k03fnw2xyldyz,"quarta-feira, 1 de julho de 2026 02:16",203651.0
334,1,,,2021,5,"R$ 67.152,00",Nissan,VERSA V-DRIVE PLUS 1.6 16V Flex Aut.,2021,023171-1,Flex,1,F,junho de 2026 ,4qn46wmwy0g6,"quarta-feira, 1 de julho de 2026 02:16",67152.0
334,1,,,2024,3,"R$ 150.550,00",Nissan,Frontier S CD 4x4 2.3 TB Diesel Mec.,2024,023161-4,Diesel,1,D,junho de 2026 ,h0vcs29c3tdvr,"quarta-feira, 1 de julho de 2026 02:16",150550.0
334,1,,,2023,5,"R$ 90.453,00",Nissan,VERSA Advance 1.6 16V Flex Aut.,2023,023175-4,Flex,1,F,junho de 2026 ,cfjwclzfksqpn,"quarta-feira, 1 de julho de 2026 02:16",90453.0
334,1,,,2024,5,"R$ 97.206,00",Nissan,VERSA Advance 1.6 16V Flex Aut.,2024,023175-4,Flex,1,F,junho de 2026 ,ch21wfkhqmxsw,"quarta-feira, 1 de julho de 2026 02:16",97206.0
334,1,,,2024,5,"R$ 106.299,00",Nissan,KICKS Sense 1.6 16V Flex Aut.,2024,023178-9,Flex,1,F,junho de 2026 ,gbyzqsdpcwdwd,"quarta-feira, 1 de julho de 2026 02:16",106299.0
334,1,,,2022,5,"R$ 93.021,00",Nissan,KICKS Advance 1.6 16V Flex Aut.,2022,023180-0,Flex,1,F,junho de 2026 ,cghzrps7n2rlf,"quarta-feira, 1 de julho de 2026 02:16",93021.0
334,1,,,2023,5,"R$ 100.305,00",Nissan,KICKS Advance 1.6 16V Flex Aut.,2023,023180-0,Flex,1,F,junho de 2026 ,f3x3yrtgkrdr5,"quarta-feira, 1 de julho de 2026 02:16",100305.0
334,1,,,2024,5,"R$ 108.331,00",Nissan,KICKS Advance 1.6 16V Flex Aut.,2024,023180-0,Flex,1,F,junho de 2026 ,gfbt9c6016dwd,"quarta-feira, 1 de julho de 2026 02:16",108331.0
334,1,,,2022,5,"R$ 98.914,00",Nissan,KICKS Exclusive 1.6 16V Flex Aut.,2022,023181-9,Flex,1,F,junho de 2026 ,cjq2pd8k8khlf,"quarta-feira, 1 de julho de 2026 02:16",98914.0
334,1,,,2023,5,"R$ 94.050,00",Nissan,KICKS Sense 1.6 16V Flex Aut.,2023,023178-9,Flex,1,F,junho de 2026 ,cgw1r0nyh17pn,"quarta-feira, 1 de julho de 2026 02:16",94050.0
334,1,,,2024,5,"R$ 115.533,00",Nissan,KICKS Exclusive 1.6 16V Flex Aut.,2024,023181-9,Flex,1,F,junho de 2026 ,gpsl546c5ldwd,"quarta-feira, 1 de julho de 2026 02:16",115533.0
334,1,,,2024,5,"R$ 96.597,00",Nissan,KICKS Active 1.6 16V Flex Aut.,2024,023186-0,Flex,1,F,junho de 2026 ,chvxjg00yj2dwd,"quarta-feira, 1 de julho de 2026 02:16",96597.0
334,1,,,2024,1,"R$ 123.392,00",Nissan,Sentra Advance 2.0 16V Aut.,2024,023187-8,Gasolina,1,G,junho de 2026 ,gzz8cj09vtdt3,"quarta-feira, 1 de julho de 2026 02:16",123392.0
334,1,,,2025,1,"R$ 132.601,00",Nissan,Sentra Advance 2.0 16V Aut.,2025,023187-8,Gasolina,1,G,junho de 2026 ,hbsznpjdlvdyb,"quarta-feira, 1 de julho de 2026 02:16",132601.0
334,1,,,2023,1,"R$ 116.053,00",Nissan,Sentra Advance 2.0 16V Aut.,2023,023187-8,Gasolina,1,G,junho de 2026 ,gqdh3frnbydqw,"quarta-feira, 1 de julho de 2026 02:16",116053.0
334,1,,,2023,1,"R$ 133.135,00",Nissan,Sentra Exclu. Int. Premium 2.0 16V Aut.,2023,023189-4,Gasolina,1,G,junho de 2026 ,hcfdb0b1gsdqw,"quarta-feira, 1 de julho de 2026 02:16",133135.0
334,1,,,2025,1,"R$ 155.445,00",Nissan,Sentra Exclusive 2.0 16V Aut.,2025,023188-6,Gasolina,1,G,junho de 2026 ,h6k88m64tydyb,"quarta-feira, 1 de julho de 2026 02:16",155445.0
334,1,,,2024,1,"R$ 141.050,00",Nissan,Sentra Exclu. Int. Premium 2.0 16V Aut.,2024,023189-4,Gasolina,1,G,junho de 2026 ,hnp2mgk3bydt3,"quarta-feira, 1 de julho de 2026 02:16",141050.0
334,1,,,2025,5,"R$ 108.643,00",Nissan,KICKS Play Active Plus 1.6 16V Flex Aut.,2025,023191-6,Flex,1,F,junho de 2026 ,gfp5vbs39sdzm,"quarta-feira, 1 de julho de 2026 02:16",108643.0
334,1,,,2025,5,"R$ 114.658,00",Nissan,KICKS Play Sense 1.6 16V Flex Aut.,2025,023192-4,Flex,1,F,junho de 2026 ,gnrs8wf65ydzm,"quarta-feira, 1 de julho de 2026 02:16",114658.0
334,1,,,2022,1,"R$ 139.854,00",Peugeot,3008 Griffe 1.6 Turbo 16V 5p Aut.,2022,024176-8,Gasolina,1,G,junho de 2026 ,hl9l0wdvhxdmn,"quarta-feira, 1 de julho de 2026 02:16",139854.0
334,1,,,2023,5,"R$ 76.345,00",Peugeot,208 Allure 1.6 Flex 16V 5p Aut.,2023,024215-2,Flex,1,F,junho de 2026 ,76gjwkf9xdpn,"quarta-feira, 1 de julho de 2026 02:16",76345.0
334,1,,,2022,5,"R$ 65.810,00",Peugeot,2008 Allure Pack 1.6 Flex 16V Aut.,2022,024245-4,Flex,1,F,junho de 2026 ,36yc4wk4j0lf,"quarta-feira, 1 de julho de 2026 02:16",65810.0
334,1,,,2022,5,"R$ 67.383,00",Peugeot,208 Active 1.6 Flex 16V 5p Aut.,2022,024249-7,Flex,1,F,junho de 2026 ,4tc30wbkyrlf,"quarta-feira, 1 de julho de 2026 02:16",67383.0
334,1,,,2023,5,"R$ 72.827,00",Peugeot,208 Active 1.6 Flex 16V 5p Aut.,2023,024249-7,Flex,1,F,junho de 2026 ,6v6vl5yq5tpn,"quarta-feira, 1 de julho de 2026 02:16",72827.0
334,1,,,2024,5,"R$ 82.816,00",Peugeot,208 Active 1.6 Flex 16V 5p Aut.,2024,024249-7,Flex,1,F,junho de 2026 ,cbnbj76mfyysw,"quarta-feira, 1 de julho de 2026 02:16",82816.0
334,1,,,2022,5,"R$ 53.809,00",Peugeot,208 Like Essencial 1.6 Flex 16V 5p Mec.,2022,024256-0,Flex,1,F,junho de 2026 ,zn7c5p7g9glf,"quarta-feira, 1 de julho de 2026 02:16",53809.0
334,1,,,2024,5,"R$ 84.411,00",Peugeot,Partner Rapid Busin. Pack 1.4 Flex Mec.,2024,024263-2,Flex,1,F,junho de 2026 ,cb7080n70ltsw,"quarta-feira, 1 de julho de 2026 02:16",84411.0
334,1,,,2023,5,"R$ 58.657,00",Peugeot,208 Like 1.0 Flex 6V 5p Mec.,2023,024264-0,Flex,1,F,junho de 2026 ,1h2g9l3r4lpn,"quarta-feira, 1 de julho de 2026 02:17",58657.0
334,1,,,2024,5,"R$ 68.048,00",Peugeot,208 Like 1.0 Flex 6V 5p Mec.,2024,024264-0,Flex,1,F,junho de 2026 ,415tymkvg8sw,"quarta-feira, 1 de julho de 2026 02:17",68048.0
334,1,,,2025,1,"R$ 156.057,00",Nissan,Sentra Exclu. Int. Premium 2.0 16V Aut.,2025,023189-4,Gasolina,1,G,junho de 2026 ,h69jvgd6bhdyb,"quarta-feira, 1 de julho de 2026 02:17",156057.0
334,1,,,2021,3,"R$ 151.925,00",Renault,Master 2.3 dCi Furgão 16V Diesel,2021,025196-8,Diesel,1,D,junho de 2026 ,h2gb213wf8dj2,"quarta-feira, 1 de julho de 2026 02:17",151925.0
334,1,,,2024,3,"R$ 200.759,00",Renault,Master 2.3 dCi Grand Furgão16V Diesel,2024,025197-6,Diesel,1,D,junho de 2026 ,kxp92zch3cdvr,"quarta-feira, 1 de julho de 2026 02:17",200759.0
334,1,,,2022,3,"R$ 159.116,00",Renault,Master 2.3 dCi Furgão 16V Diesel,2022,025196-8,Diesel,1,D,junho de 2026 ,jbwqll46grdm9,"quarta-feira, 1 de julho de 2026 02:17",159116.0
334,1,,,2024,3,"R$ 223.521,00",Renault,Master 2.3 dCi Extra Furgão 16V Diesel,2024,025198-4,Diesel,1,D,junho de 2026 ,lsdm9qf3ftdvr,"quarta-feira, 1 de julho de 2026 02:17",223521.0
334,1,,,2025,3,"R$ 230.521,00",Renault,Master 2.3 dCi Extra Furgão 16V Diesel,2025,025198-4,Diesel,1,D,junho de 2026 ,l1l2lq94qqdyz,"quarta-feira, 1 de julho de 2026 02:17",230521.0
334,1,,,2023,3,"R$ 257.504,00",Renault,Master 2.3 dCi Executive Longo 16L Dies,2023,025205-0,Diesel,1,D,junho de 2026 ,m17tvmll21drj,"quarta-feira, 1 de julho de 2026 02:17",257504.0
334,1,,,2024,3,"R$ 265.521,00",Renault,Master 2.3 dCi Executive Longo 16L Dies,2024,025205-0,Diesel,1,D,junho de 2026 ,ncm61wph1vdvr,"quarta-feira, 1 de julho de 2026 02:17",265521.0
334,1,,,2025,3,"R$ 297.082,00",Renault,Master 2.3 dCi Executive Longo 16L Dies,2025,025205-0,Diesel,1,D,junho de 2026 ,pknclp5gnddyz,"quarta-feira, 1 de julho de 2026 02:17",297082.0
334,1,,,2022,5,"R$ 44.953,00",Renault,KWID Zen 1.0 Flex 12V 5p Mec.,2022,025266-2,Flex,1,F,junho de 2026 ,wbdhn3d928lf,"quarta-feira, 1 de julho de 2026 02:17",44953.0
334,1,,,2022,3,"R$ 219.502,00",Renault,Master 2.3 dCi Executive Longo 16L Dies,2022,025205-0,Diesel,1,D,junho de 2026 ,lmpkwbcv63dm9,"quarta-feira, 1 de julho de 2026 02:17",219502.0
334,1,,,2023,5,"R$ 50.131,00",Renault,KWID Zen 1.0 Flex 12V 5p Mec.,2023,025266-2,Flex,1,F,junho de 2026 ,x83j23039fpn,"quarta-feira, 1 de julho de 2026 02:17",50131.0
334,1,,,2024,5,"R$ 52.895,00",Renault,KWID Zen 1.0 Flex 12V 5p Mec.,2024,025266-2,Flex,1,F,junho de 2026 ,zbh5mm1sy7sw,"quarta-feira, 1 de julho de 2026 02:17",52895.0
334,1,,,2025,5,"R$ 56.860,00",Renault,KWID Zen 1.0 Flex 12V 5p Mec.,2025,025266-2,Flex,1,F,junho de 2026 ,0t0bhm3ytrw3,"quarta-feira, 1 de julho de 2026 02:17",56860.0
334,1,,,2026,5,"R$ 62.268,00",Renault,KWID Zen 1.0 Flex 12V 5p Mec.,2026,025266-2,Flex,1,F,junho de 2026 ,2wdzgb8mk00b,"quarta-feira, 1 de julho de 2026 02:17",62268.0
334,1,,,2023,5,"R$ 52.622,00",Renault,KWID Intense 1.0 Flex 12V 5p Mec.,2023,025267-0,Flex,1,F,junho de 2026 ,y69yk85f0ppn,"quarta-feira, 1 de julho de 2026 02:17",52622.0
334,1,,,2022,5,"R$ 47.844,00",Renault,KWID Intense 1.0 Flex 12V 5p Mec.,2022,025267-0,Flex,1,F,junho de 2026 ,xd885z6h31lf,"quarta-feira, 1 de julho de 2026 02:17",47844.0
334,1,,,2024,5,"R$ 56.093,00",Renault,KWID Intense 1.0 Flex 12V 5p Mec.,2024,025267-0,Flex,1,F,junho de 2026 ,0j0j8wx2tjsw,"quarta-feira, 1 de julho de 2026 02:17",56093.0
334,1,,,2026,5,"R$ 66.880,00",Renault,KWID Intense 1.0 Flex 12V 5p Mec.,2026,025267-0,Flex,1,F,junho de 2026 ,4mg9fsmvpc0b,"quarta-feira, 1 de julho de 2026 02:17",66880.0
334,1,,,2023,5,"R$ 55.195,00",Renault,KWID OUTSIDER 1.0 Flex 12V 5p Mec.,2023,025279-4,Flex,1,F,junho de 2026 ,z6g40l63z5pn,"quarta-feira, 1 de julho de 2026 02:17",55195.0
334,1,,,2025,5,"R$ 64.195,00",Renault,KWID OUTSIDER 1.0 Flex 12V 5p Mec.,2025,025279-4,Flex,1,F,junho de 2026 ,3l0c1j4ydsw3,"quarta-feira, 1 de julho de 2026 02:17",64195.0
334,1,,,2024,5,"R$ 73.653,00",Renault,STEPWAY Zen Flex 1.6 16V Mec.,2024,025281-6,Flex,1,F,junho de 2026 ,65w2l8znnqsw,"quarta-feira, 1 de julho de 2026 02:17",73653.0
334,1,,,2025,5,"R$ 75.390,00",Renault,LOGAN Life Flex 1.0 12V 4p Mec.,2025,025289-1,Flex,1,F,junho de 2026 ,7t8fcjk974w3,"quarta-feira, 1 de julho de 2026 02:17",75390.0
334,1,,,2023,5,"R$ 57.594,00",Renault,LOGAN Zen Flex 1.0 12V 4p Mec.,2023,025290-5,Flex,1,F,junho de 2026 ,03l3wp1j52pn,"quarta-feira, 1 de julho de 2026 02:17",57594.0
334,1,,,2024,5,"R$ 62.837,00",Renault,LOGAN Zen Flex 1.0 12V 4p Mec.,2024,025290-5,Flex,1,F,junho de 2026 ,222spvqfhqsw,"quarta-feira, 1 de julho de 2026 02:17",62837.0
334,1,,,2025,5,"R$ 76.454,00",Renault,LOGAN Zen Flex 1.0 12V 4p Mec.,2025,025290-5,Flex,1,F,junho de 2026 ,77q41pmsd0w3,"quarta-feira, 1 de julho de 2026 02:17",76454.0
334,1,,,2023,5,"R$ 98.037,00",Renault,DUSTER Iconic 1.6 16V Flex Aut.,2023,025300-6,Flex,1,F,junho de 2026 ,cjdsxr4f1h2pn,"quarta-feira, 1 de julho de 2026 02:17",98037.0
334,1,,,2024,5,"R$ 100.491,00",Renault,DUSTER Iconic 1.6 16V Flex Aut.,2024,025300-6,Flex,1,F,junho de 2026 ,f34wjmww4wdwd,"quarta-feira, 1 de julho de 2026 02:17",100491.0
334,1,,,2024,5,"R$ 93.541,00",Renault,DUSTER Intense 1.6 16V Flex Aut.,2024,025301-4,Flex,1,F,junho de 2026 ,cgp2rtvg1w5sw,"quarta-feira, 1 de julho de 2026 02:17",93541.0
334,1,,,2023,5,"R$ 76.554,00",Renault,DUSTER Zen 1.6 16V Flex Mec.,2023,025303-0,Flex,1,F,junho de 2026 ,78xhs4bpvvpn,"quarta-feira, 1 de julho de 2026 02:17",76554.0
334,1,,,2025,5,"R$ 60.592,00",Renault,KWID Intense 1.0 Flex 12V 5p Mec.,2025,025267-0,Flex,1,F,junho de 2026 ,17rs018m75w3,"quarta-feira, 1 de julho de 2026 02:17",60592.0
334,1,,,2023,5,"R$ 95.922,00",Renault,DUSTER Iconic 1.3 TB 16V Flex Aut.,2023,025310-3,Flex,1,F,junho de 2026 ,chlz5wnpx5npn,"quarta-feira, 1 de julho de 2026 02:17",95922.0
334,1,,,2025,5,"R$ 107.032,00",Renault,OROCH Intense 1.6 Flex 16V Mec.,2025,025312-0,Flex,1,F,junho de 2026 ,gctmm1yv4bdzm,"quarta-feira, 1 de julho de 2026 02:17",107032.0
334,1,,,2023,5,"R$ 84.562,00",Renault,OROCH Pro 1.6 Flex 16V Mec.,2023,025313-8,Flex,1,F,junho de 2026 ,cb9s5d304tgpn,"quarta-feira, 1 de julho de 2026 02:17",84562.0
334,1,,,2024,5,"R$ 92.250,00",Renault,DUSTER Intense 1.6 16V Flex Mec.,2024,025319-7,Flex,1,F,junho de 2026 ,cf6yjdlj014dwd,"quarta-feira, 1 de julho de 2026 02:17",92250.0
334,1,,,2024,5,"R$ 94.011,00",Renault,DUSTER Intense Plus 1.6 16V Flex Aut.,2024,025322-7,Flex,1,F,junho de 2026 ,cgwllkw5pw3dwd,"quarta-feira, 1 de julho de 2026 02:17",94011.0
334,1,,,2024,5,"R$ 87.758,00",Renault,OROCH Pro 1.6 Flex 16V Mec.,2024,025313-8,Flex,1,F,junho de 2026 ,cdh8tjsns6ysw,"quarta-feira, 1 de julho de 2026 02:17",87758.0
334,1,,,2025,5,"R$ 107.598,00",Renault,DUSTER Intense Plus 1.6 16V Flex Aut.,2025,025322-7,Flex,1,F,junho de 2026 ,gdg6c2tywndzm,"quarta-feira, 1 de julho de 2026 02:17",107598.0
334,1,,,2025,5,"R$ 112.826,00",Renault,DUSTER Iconic Plus 1.6 16V Flex Aut.,2025,025324-3,Flex,1,F,junho de 2026 ,gll6143n3ndzm,"quarta-feira, 1 de julho de 2026 02:17",112826.0
334,1,,,2026,5,"R$ 123.053,00",Renault,DUSTER Intense Plus 1.6 16V Flex Aut.,2026,025322-7,Flex,1,F,junho de 2026 ,gzlydgms8fd2v,"quarta-feira, 1 de julho de 2026 02:17",123053.0
334,1,,,2025,5,"R$ 96.447,00",Renault,Kardian Evolut. Flex 1.0 TB 12V 5p Aut.,2025,025327-8,Flex,1,F,junho de 2026 ,chs40bwhql1dzm,"quarta-feira, 1 de julho de 2026 02:17",96447.0
334,1,,,2025,5,"R$ 106.521,00",Renault,DUSTER Intense Plus 1.6 16V Flex Mec.,2025,025325-1,Flex,1,F,junho de 2026 ,gb61v2v0m3dzm,"quarta-feira, 1 de julho de 2026 02:17",106521.0
334,1,,,2025,5,"R$ 104.969,00",Renault,Kardian Prem. Ed Flex 1.0 TB 12V 5p Aut.,2025,025329-4,Flex,1,F,junho de 2026 ,f9dm4l0b3zdzm,"quarta-feira, 1 de julho de 2026 02:17",104969.0
334,1,,,2025,5,"R$ 99.562,00",Renault,Kardian Techno Flex 1.0 TB 12V 5p Aut.,2025,025328-6,Flex,1,F,junho de 2026 ,cjzn6sp2rwxdzm,"quarta-feira, 1 de julho de 2026 02:17",99562.0
334,1,,,2021,6,"R$ 186.083,00",Volvo,XC 60 T-8 MOMENTUM 2.0 (Híbrido),2021,029141-2,Híbrido,1,H,junho de 2026 ,kchwtmtdvrdk1,"quarta-feira, 1 de julho de 2026 02:17",186083.0
334,1,,,2025,5,"R$ 92.513,00",Renault,Kangoo Advanced 1.6 16V Flex ,2025,025331-6,Flex,1,F,junho de 2026 ,cf903rz83y5dzm,"quarta-feira, 1 de julho de 2026 02:17",92513.0
334,1,,,2024,6,"R$ 379.680,00",Volvo,XC 90 T-8 Plus 2.0 AWD (Híbrido),2024,029155-2,Híbrido,1,H,junho de 2026 ,sphkcz0qn8dwq,"quarta-feira, 1 de julho de 2026 02:17",379680.0
334,1,,,2022,6,"R$ 225.487,00",Volvo,XC 60 T-8 INSC. EXPRESS. 2.0 (Híbrido),2022,029151-0,Híbrido,1,H,junho de 2026 ,lvp3hz03tvdn8,"quarta-feira, 1 de julho de 2026 02:17",225487.0
334,1,,,2023,6,"R$ 272.498,00",Volvo,XC 60 T-8 Ultimate 2.0 AWD (Híbrido),2023,029158-7,Híbrido,1,H,junho de 2026 ,nmttfj700ddsh,"quarta-feira, 1 de julho de 2026 02:18",272498.0
334,1,,,2023,6,"R$ 252.558,00",Volvo,XC 60 T-8 Plus 2.0 AWD (Híbrido),2023,029159-5,Híbrido,1,H,junho de 2026 ,mwf1xnspjndsh,"quarta-feira, 1 de julho de 2026 02:18",252558.0
334,1,,,2024,6,"R$ 307.818,00",Volvo,XC 60 T-8 Ultimate 2.0 AWD (Híbrido),2024,029158-7,Híbrido,1,H,junho de 2026 ,py7lf3lbv2dwq,"quarta-feira, 1 de julho de 2026 02:18",307818.0
334,1,,,2024,6,"R$ 301.511,00",Volvo,XC 60 T-8 Plus 2.0 AWD (Híbrido),2024,029159-5,Híbrido,1,H,junho de 2026 ,pqvbz5p9dqdwq,"quarta-feira, 1 de julho de 2026 02:18",301511.0
334,1,,,2025,6,"R$ 371.299,00",Volvo,XC 60 T-8 Plus 2.0 AWD (Híbrido),2025,029159-5,Híbrido,1,H,junho de 2026 ,scnx1d6j9bdzy,"quarta-feira, 1 de julho de 2026 02:18",371299.0
334,1,,,2025,6,"R$ 392.490,00",Volvo,XC 60 T-8 Ultra 2.0 AWD (Híbrido),2025,029172-2,Híbrido,1,H,junho de 2026 ,s5h43z1d3ndzy,"quarta-feira, 1 de julho de 2026 02:18",392490.0
334,1,,,2023,4,"R$ 215.075,00",Volvo,C40 Twin Ultimate (Elétrico),2023,029160-9,Elétrico,1,E,junho de 2026 ,lghnqp7wsfdrv,"quarta-feira, 1 de julho de 2026 02:18",215075.0
334,1,,,2023,6,"R$ 199.609,00",MINI,COOPER Countryman S E ALL4 1.5  (Híb.),2023,071045-8,Híbrido,1,H,junho de 2026 ,kwch94g21jdsh,"quarta-feira, 1 de julho de 2026 02:18",199609.0
334,1,,,2022,1,"R$ 126.740,00",Caoa Chery/Chery,Tiggo 8 TXS 1.6 16V TGDi Aut.,2022,073029-7,Gasolina,1,G,junho de 2026 ,g3xyq9vy0kdmn,"quarta-feira, 1 de julho de 2026 02:18",126740.0
334,1,,,2022,1,"R$ 440.503,00",Land Rover,Defender 110 2.0 Turbo SE Si4 Aut.,2022,033180-5,Gasolina,1,G,junho de 2026 ,vzs81v47zbdmn,"quarta-feira, 1 de julho de 2026 02:18",440503.0
334,1,,,2024,3,"R$ 189.562,00",RAM,RAMPAGE REBEL 2.0 TB CD 4X4 Diesel Aut.,2024,083015-1,Diesel,1,D,junho de 2026 ,khlbs269nldvr,"quarta-feira, 1 de julho de 2026 02:18",189562.0
334,1,,,2024,1,"R$ 198.822,00",RAM,RAMPAGE R/T HURRIC. 4 2.0 TB CD 4X4 Aut.,2024,083019-4,Gasolina,1,G,junho de 2026 ,kvfxkm4tfmdt3,"quarta-feira, 1 de julho de 2026 02:18",198822.0
334,1,,,2024,1,"R$ 190.521,00",RAM,RAMPAGE REBEL HURR.4 2.0 TB CD 4X4 Aut.,2024,083016-0,Gasolina,1,G,junho de 2026 ,kjp6cfbf6wdt3,"quarta-feira, 1 de julho de 2026 02:18",190521.0
334,1,,,2025,1,"R$ 213.630,00",RAM,RAMPAGE R/T HURRIC. 4 2.0 TB CD 4X4 Aut.,2025,083019-4,Gasolina,1,G,junho de 2026 ,lds4kn94wgdyb,"quarta-feira, 1 de julho de 2026 02:18",213630.0
334,1,,,2025,3,"R$ 216.169,00",RAM,RAMPAGE LARAMIE 2.2 TB CD 4X4 Die. Aut.,2025,083021-6,Diesel,1,D,junho de 2026 ,lhsfdh1bk5dyz,"quarta-feira, 1 de julho de 2026 02:18",216169.0
334,1,,,2023,4,"R$ 80.236,00",Caoa Chery,iCar EQ1 TECH (Elétrico),2023,093007-5,Elétrico,1,E,junho de 2026 ,9n2syv4wlnpb,"quarta-feira, 1 de julho de 2026 02:18",80236.0
334,1,,,2023,6,"R$ 165.015,00",Caoa Chery,Tiggo 8 PRO 1.5 Turbo (Híbrido) ,2023,093010-5,Híbrido,1,H,junho de 2026 ,jks4bbypkpdsh,"quarta-feira, 1 de julho de 2026 02:18",165015.0
334,1,,,2023,1,"R$ 130.105,00",Caoa Chery,Tiggo 7 Pro 1.6 Turbo 16V Aut.  ,2023,093004-0,Gasolina,1,G,junho de 2026 ,g7v78vn83jdqw,"quarta-feira, 1 de julho de 2026 02:18",130105.0
334,1,,,2024,6,"R$ 180.061,00",Caoa Chery,Tiggo 8 PRO 1.5 Turbo (Híbrido) ,2024,093010-5,Híbrido,1,H,junho de 2026 ,j4f0hlgzwcdwq,"quarta-feira, 1 de julho de 2026 02:18",180061.0
334,1,,,2024,1,"R$ 139.870,00",Caoa Chery,Tiggo 7 Pro Max Drive 1.6 Turbo 16V Aut.,2024,093011-3,Gasolina,1,G,junho de 2026 ,hl951qxzjhdt3,"quarta-feira, 1 de julho de 2026 02:18",139870.0
334,1,,,2024,1,"R$ 154.482,00",Caoa Chery,Tiggo 8 Max Drive 1.6 Turbo Aut.,2024,093013-0,Gasolina,1,G,junho de 2026 ,h5f86lv393dt3,"quarta-feira, 1 de julho de 2026 02:18",154482.0
334,1,,,2023,1,"R$ 136.653,00",Caoa Chery,Tiggo 8 Max Drive 1.6 Turbo Aut.,2023,093013-0,Gasolina,1,G,junho de 2026 ,hhj78rdrm1dqw,"quarta-feira, 1 de julho de 2026 02:18",136653.0
334,1,,,2025,6,"R$ 184.858,00",BYD,Song Plus 1.5 16V Aut. (Hibrido),2025,095005-0,Híbrido,1,H,junho de 2026 ,j92cj1nhl0dzy,"quarta-feira, 1 de julho de 2026 02:18",184858.0
334,1,,,2025,6,"R$ 222.258,00",GWM,Haval H6 34 1.5 AWD (Hibrido),2025,096002-0,Híbrido,1,H,junho de 2026 ,lqxq6ts7wcdzy,"quarta-feira, 1 de julho de 2026 02:18",222258.0
334,1,,,2025,6,"R$ 245.856,00",GWM,Haval H6 GT 1.5 AWD (Hibrido),2025,096003-9,Híbrido,1,H,junho de 2026 ,mmlgdk18q9dzy,"quarta-feira, 1 de julho de 2026 02:18",245856.0
334,1,,,2024,6,"R$ 167.456,00",BYD,Song Plus 1.5 16V Aut. (Hibrido),2024,095005-0,Híbrido,1,H,junho de 2026 ,jnnvq12z2bdwq,"quarta-feira, 1 de julho de 2026 02:18",167456.0
335,1,,,32000,5,"R$ 76.438,00",Fiat,MOBI LIKE 1.0 Fire Flex 5p.,32000,001461-3,Flex,1,F,julho de 2026 ,77kbr83yd9cz,"quarta-feira, 1 de julho de 2026 02:20",76438.0
335,1,,,32000,5,"R$ 91.117,00",Fiat,ARGO DRIVE 1.0 6V Flex,32000,001494-0,Flex,1,F,julho de 2026 ,cfsnp8p885kcz,"quarta-feira, 1 de julho de 2026 02:20",91117.0
335,1,,,32000,5,"R$ 171.335,00",Fiat,Toro Freedom 1.3 T270 4x2 Flex Aut.,32000,001538-5,Flex,1,F,julho de 2026 ,js6vfdd7prcz,"quarta-feira, 1 de julho de 2026 02:20",171335.0
335,1,,,32000,3,"R$ 206.966,00",Fiat,Scudo Cargo 1.5 16V Turbo Diesel,32000,001550-4,Diesel,1,D,julho de 2026 ,k4zxv0gfnxcb,"quarta-feira, 1 de julho de 2026 02:20",206966.0
335,1,,,32000,5,"R$ 115.213,00",Fiat,CRONOS DRIVE 1.3 8V Flex Aut.,32000,001554-7,Flex,1,F,julho de 2026 ,gpdzmsc1dkcz,"quarta-feira, 1 de julho de 2026 02:20",115213.0
335,1,,,32000,3,"R$ 279.778,00",Fiat,Ducato Cargo 2.2 Diesel (E6),32000,001563-6,Diesel,1,D,julho de 2026 ,nxcd6tqkpzj1gy,"quarta-feira, 1 de julho de 2026 02:20",279778.0
335,1,,,32000,5,"R$ 119.233,00",Fiat,Fastback 1.0 200 Turbo Flex Aut,32000,001568-7,Flex,1,F,julho de 2026 ,gt32519pkpj1hl,"quarta-feira, 1 de julho de 2026 02:20",119233.0
335,1,,,32000,5,"R$ 112.985,00",Fiat,Strada Endurance 1.3 Flex 8V CS Plus,32000,001569-5,Flex,1,F,julho de 2026 ,glsz6zcn5fj1hl,"quarta-feira, 1 de julho de 2026 02:20",112985.0
335,1,,,32000,5,"R$ 132.996,00",Fiat,Fiorino Endurance 1.3 Flex 8V 2p,32000,001589-0,Flex,1,F,julho de 2026 ,hb8bqvh6gtj1hl,"quarta-feira, 1 de julho de 2026 02:20",132996.0
335,1,,,32000,5,"R$ 119.235,00",Fiat,PULSE 1.0 Turbo 200  Flex Aut.,32000,001592-0,Flex,1,F,julho de 2026 ,gt35fxx9v8j1hl,"quarta-feira, 1 de julho de 2026 02:20",119235.0
335,1,,,32000,5,"R$ 175.481,00",Toyota,Corolla XEi 2.0 Flex 16V Aut.,32000,002111-3,Flex,1,F,julho de 2026 ,jy2jys6nlncz,"quarta-feira, 1 de julho de 2026 02:20",175481.0
335,1,,,32000,3,"R$ 305.068,00",Toyota,Hilux CD SR 4x4 2.8 TDI Diesel Aut.,32000,002142-3,Diesel,1,D,julho de 2026 ,pv0mv58d5jcb,"quarta-feira, 1 de julho de 2026 02:20",305068.0
335,1,,,32000,5,"R$ 195.813,00",Toyota,Corolla Cross XRE 2.0 16V Flex Aut.,32000,002203-9,Flex,1,F,julho de 2026 ,kqxj41k77mcz,"quarta-feira, 1 de julho de 2026 02:20",195813.0
335,1,,,32000,5,"R$ 109.221,00",Toyota,YARIS XL 1.5 Flex 16V 5p Aut.,32000,002207-1,Flex,1,F,julho de 2026 ,ggc53mc9r9cz,"quarta-feira, 1 de julho de 2026 02:20",109221.0
335,1,,,32000,3,"R$ 292.666,00",Ford,TRANSIT Furgão 2.0 Medio Turbo Diesel,32000,003487-8,Diesel,1,D,julho de 2026 ,pdgvvb2h1gj1gy,"quarta-feira, 1 de julho de 2026 02:20",292666.0
335,1,,,32000,3,"R$ 249.520,00",Ford,Ranger XL 2.0 4x4 CD Diesel Mec. ,32000,003502-5,Diesel,1,D,julho de 2026 ,mrwmt1tb8gj1gy,"quarta-feira, 1 de julho de 2026 02:20",249520.0
335,1,,,32000,5,"R$ 136.266,00",GM - Chevrolet,SPIN LT 1.8 8V Econo.Flex 5p Mec.,32000,004414-8,Flex,1,F,julho de 2026 ,hg2563mxc4cz,"quarta-feira, 1 de julho de 2026 02:20",136266.0
335,1,,,32000,5,"R$ 163.114,00",GM - Chevrolet,SPIN PREMIER 1.8 8V Econo.Flex 5p Aut.,32000,004494-6,Flex,1,F,julho de 2026 ,jhk1cjhy0bcz,"quarta-feira, 1 de julho de 2026 02:20",163114.0
335,1,,,32000,5,"R$ 120.359,00",GM - Chevrolet,ONIX SEDAN Plus LT 1.0 12V TB Flex Aut.,32000,004501-2,Flex,1,F,julho de 2026 ,gwf0xmxpvhcz,"quarta-feira, 1 de julho de 2026 02:20",120359.0
335,1,,,32000,5,"R$ 102.469,00",GM - Chevrolet,ONIX HATCH LT 1.0 12V Flex 5p Mec.,32000,004517-9,Flex,1,F,julho de 2026 ,f6gr72xgrycz,"quarta-feira, 1 de julho de 2026 02:20",102469.0
335,1,,,32000,5,"R$ 171.521,00",GM - Chevrolet,TRACKER Premier 1.2 Turbo 12V Flex Aut.,32000,004525-0,Flex,1,F,julho de 2026 ,jtflz8g3c1cz,"quarta-feira, 1 de julho de 2026 02:20",171521.0
335,1,,,32000,5,"R$ 157.175,00",GM - Chevrolet,MONTANA LTZ 1.2 Turbo Flex 12V 4p Aut.,32000,004541-1,Flex,1,F,julho de 2026 ,h8l5klr66fj1hl,"quarta-feira, 1 de julho de 2026 02:20",157175.0
335,1,,,32000,3,"R$ 301.530,00",GM - Chevrolet,S10 Pick-Up WT 2.8 TDI 4x4 CD Diesel Aut,32000,004550-0,Diesel,1,D,julho de 2026 ,pqv1dt8q5lj1gy,"quarta-feira, 1 de julho de 2026 02:21",301530.0
335,1,,,32000,3,"R$ 370.238,00",VW - VolksWagen,AMAROK Highline CD 3.0 4x4 TB Dies. Aut.,32000,005483-6,Diesel,1,D,julho de 2026 ,sbfcj937vbcb,"quarta-feira, 1 de julho de 2026 02:21",370238.0
335,1,,,32000,5,"R$ 152.705,00",VW - VolksWagen,VIRTUS Highline 200 TSI 1.0 Flex 12V Aut,32000,005484-4,Flex,1,F,julho de 2026 ,h3cpy12h3xcz,"quarta-feira, 1 de julho de 2026 02:21",152705.0
335,1,,,32000,5,"R$ 163.587,00",VW - VolksWagen,T-Cross Comfor. 200 TSI 1.0 Flex 5p Aut.,32000,005509-3,Flex,1,F,julho de 2026 ,jh3693ym3hj1hl,"quarta-feira, 1 de julho de 2026 02:21",163587.0
335,1,,,32000,5,"R$ 154.037,00",VW - VolksWagen,Nivus Highline 1.0 200 TSI Flex Aut.,32000,005526-3,Flex,1,F,julho de 2026 ,h4x3s19sz9cz,"quarta-feira, 1 de julho de 2026 02:21",154037.0
335,1,,,32000,5,"R$ 216.231,00",VW - VolksWagen,TAOS Highline 1.4 250 TSI Flex Aut.,32000,005528-0,Flex,1,F,julho de 2026 ,lhvn76dkl0cz,"quarta-feira, 1 de julho de 2026 02:21",216231.0
335,1,,,32000,5,"R$ 126.168,00",VW - VolksWagen,Saveiro Robust 1.6 Total Flex 16V CD,32000,005537-9,Flex,1,F,julho de 2026 ,g2747pch8mj1hl,"quarta-feira, 1 de julho de 2026 02:21",126168.0
335,1,,,32000,5,"R$ 92.449,00",VW - VolksWagen,Polo Track 1.0 Flex 12V 5p,32000,005540-9,Flex,1,F,julho de 2026 ,cf88vnh2j6fcz,"quarta-feira, 1 de julho de 2026 02:21",92449.0
335,1,,,32000,5,"R$ 121.949,00",VW - VolksWagen,Tera 1.0 170 TSI Flex 12V 5p Mec.,32000,005554-9,Flex,1,F,julho de 2026 ,gx9tgdtmn5j1hl,"quarta-feira, 1 de julho de 2026 02:21",121949.0
335,1,,,32000,1,"R$ 331.405,00",BMW,X1 SDRIVE 20i GP 2.0 TB Aut.,32000,009323-8,Gasolina,1,G,julho de 2026 ,qvww7m1bf8j1f9,"quarta-feira, 1 de julho de 2026 02:21",331405.0
335,1,,,32000,5,"R$ 84.950,00",Citroën,C3 Live Pack 1.0 Flex 6V 5p Mec.,32000,011223-2,Flex,1,F,julho de 2026 ,ccgb57cd3q2cz,"quarta-feira, 1 de julho de 2026 02:21",84950.0
335,1,,,32000,5,"R$ 97.618,00",Citroën,BASALT Feel 1.0 Flex 6V 5p Mec.,32000,011238-0,Flex,1,F,julho de 2026 ,ch7wmnwn61jcz,"quarta-feira, 1 de julho de 2026 02:21",97618.0
335,1,,,32000,5,"R$ 118.414,00",Honda,CITY Sedan LX 1.5 Flex 16V 4p Aut.,32000,014059-7,Flex,1,F,julho de 2026 ,gs5bcwchh8cz,"quarta-feira, 1 de julho de 2026 02:21",118414.0
335,1,,,32000,5,"R$ 150.359,00",Honda,WR-V EX 1.5 Flexone 16V 5p Aut.,32000,014094-5,Flex,1,F,julho de 2026 ,h0mfll3588cz,"quarta-feira, 1 de julho de 2026 02:21",150359.0
335,1,,,32000,5,"R$ 202.450,00",Honda,HR-V Advance 1.5  Flex TB 16V 5p Aut.,32000,014111-9,Flex,1,F,julho de 2026 ,kzpsfnncpvj1hl,"quarta-feira, 1 de julho de 2026 02:21",202450.0
335,1,,,32000,5,"R$ 121.356,00",Honda,CITY Hatchback LX 1.5 Flex 16V Aut.,32000,014116-0,Flex,1,F,julho de 2026 ,gxl7871xrhj1hl,"quarta-feira, 1 de julho de 2026 02:21",121356.0
335,1,,,32000,5,"R$ 146.687,00",Hyundai,Creta Comfort 1.0 TB 12V Flex Aut.,32000,015200-5,Flex,1,F,julho de 2026 ,hv9y4q4mbccz,"quarta-feira, 1 de julho de 2026 02:21",146687.0
335,1,,,32000,5,"R$ 90.705,00",Hyundai,HB20S Comfort Plus 1.0 Flex 12V Mec.,32000,015239-0,Flex,1,F,julho de 2026 ,cfmty06p52kcz,"quarta-feira, 1 de julho de 2026 02:21",90705.0
335,1,,,32000,5,"R$ 91.356,00",Hyundai,HB20 Comfort Plus 1.0 Flex 12V Mec.,32000,015245-5,Flex,1,F,julho de 2026 ,cfwgk6thvqtcz,"quarta-feira, 1 de julho de 2026 02:21",91356.0
335,1,,,32000,5,"R$ 194.712,00",Jeep,COMPASS LONG. T270 1.3 TB 4x2 Flex Aut.,32000,017071-2,Flex,1,F,julho de 2026 ,kpmjlq395ycz,"quarta-feira, 1 de julho de 2026 02:21",194712.0
335,1,,,32000,5,"R$ 245.441,00",Jeep,Commander Limited T270 1.3 TB Flex Aut.,32000,017081-0,Flex,1,F,julho de 2026 ,ml3csxxh1fcz,"quarta-feira, 1 de julho de 2026 02:21",245441.0
335,1,,,32000,5,"R$ 121.169,00",Jeep,Renegade Sport T270 1.3 TB 4x2 Flex Aut.,32000,017085-2,Flex,1,F,julho de 2026 ,gxdglg2d3rcz,"quarta-feira, 1 de julho de 2026 02:21",121169.0
335,1,,,32000,3,"R$ 291.215,00",Mitsubishi,Triton HPE 2.4 CD 4x4 TB Diesel Aut.,32000,022213-5,Diesel,1,D,julho de 2026 ,pbr3xq8fwvj1gy,"quarta-feira, 1 de julho de 2026 02:21",291215.0
335,1,,,32000,3,"R$ 265.510,00",Nissan,Frontier ATTAC.CD 4x4 2.3 Bi-TB Die. Aut,32000,023160-6,Diesel,1,D,julho de 2026 ,ncmtnp13c8cb,"quarta-feira, 1 de julho de 2026 02:21",265510.0
335,1,,,32000,5,"R$ 146.780,00",Nissan,VERSA Exclusive 1.6 16V Flex Aut.,32000,023174-6,Flex,1,F,julho de 2026 ,hwfbx5nkg1cz,"quarta-feira, 1 de julho de 2026 02:21",146780.0
335,1,,,32000,1,"R$ 172.490,00",Nissan,Sentra Advance 2.0 16V Aut.,32000,023187-8,Gasolina,1,G,julho de 2026 ,jvkttvt8mtj1f9,"quarta-feira, 1 de julho de 2026 02:21",172490.0
335,1,,,32000,5,"R$ 184.951,00",Nissan,KICKS Exclusive 1.0 Turbo Flex Aut.,32000,023196-7,Flex,1,F,julho de 2026 ,j95rbh9g5rj1hl,"quarta-feira, 1 de julho de 2026 02:21",184951.0
335,1,,,32000,3,"R$ 196.573,00",Peugeot,Expert Cargo 1.5 Turbo Diesel,32000,024260-8,Diesel,1,D,julho de 2026 ,krs5hd13dwcb,"quarta-feira, 1 de julho de 2026 02:21",196573.0
335,1,,,32000,5,"R$ 98.120,00",Peugeot,208 Style 1.0 Flex 6V 5p Mec.,32000,024265-9,Flex,1,F,julho de 2026 ,cjfr2zyfmf9cz,"quarta-feira, 1 de julho de 2026 02:21",98120.0
335,1,,,32000,5,"R$ 134.728,00",Peugeot,2008 Active 1.0 Turbo Flex 5p Aut.,32000,024274-8,Flex,1,F,julho de 2026 ,hd888ml1rwj1hl,"quarta-feira, 1 de julho de 2026 02:21",134728.0
335,1,,,32000,3,"R$ 271.483,00",Renault,Master 2.3 dCi Furgão 16V Diesel,32000,025196-8,Diesel,1,D,julho de 2026 ,nlmxr6b662cb,"quarta-feira, 1 de julho de 2026 02:21",271483.0
335,1,,,32000,5,"R$ 69.397,00",Renault,KWID Zen 1.0 Flex 12V 5p Mec.,32000,025266-2,Flex,1,F,julho de 2026 ,5kz4wyt0b9cz,"quarta-feira, 1 de julho de 2026 02:21",69397.0
335,1,,,32000,5,"R$ 130.989,00",Renault,OROCH Intense 1.6 Flex 16V Mec.,32000,025312-0,Flex,1,F,julho de 2026 ,g8xdbhysbpcz,"quarta-feira, 1 de julho de 2026 02:21",130989.0
335,1,,,32000,5,"R$ 128.985,00",Renault,DUSTER Intense Plus 1.6 16V Flex Mec.,32000,025325-1,Flex,1,F,julho de 2026 ,g6kj9wx4fjj1hl,"quarta-feira, 1 de julho de 2026 02:21",128985.0
335,1,,,32000,5,"R$ 113.968,00",Renault,Kardian Authentic 1.0 TB 12V 5p Aut.,32000,025335-9,Flex,1,F,julho de 2026 ,gmyqtlzfrnj1hl,"quarta-feira, 1 de julho de 2026 02:21",113968.0
335,1,,,32000,3,"R$ 490.722,00",RAM,3500 LARAMIE 6.7 TB CD 4x4 Diesel,32000,083007-0,Diesel,1,D,julho de 2026 ,xwpll2rf54cb,"quarta-feira, 1 de julho de 2026 02:21",490722.0
335,1,,,32000,3,"R$ 226.295,00",RAM,RAMPAGE BIG HORN 2.2 TB CD 4X4 Die Aut.,32000,083026-7,Diesel,1,D,julho de 2026 ,lwngxzldjbj1gy,"quarta-feira, 1 de julho de 2026 02:21",226295.0
335,1,,,32000,4,"R$ 138.138,00",GEELY,EX2 MAX ,32000,088006-0,Elétrico,1,E,julho de 2026 ,hj87hzx5bvj1g8,"quarta-feira, 1 de julho de 2026 02:21",138138.0
335,1,,,32000,5,"R$ 129.040,00",Caoa Chery,Tiggo 5X SPORT 1.5 Turbo Flex Aut.,32000,093014-8,Flex,1,F,julho de 2026 ,g6mj80l7jtj1hl,"quarta-feira, 1 de julho de 2026 02:21",129040.0
335,1,,,32000,1,"R$ 198.275,00",Caoa Chery,Tiggo 8 PRO 1.6 TGDi Aut.,32000,093018-0,Gasolina,1,G,julho de 2026 ,kts068vhhsj1f9,"quarta-feira, 1 de julho de 2026 02:21",198275.0
335,1,,,32000,1,"R$ 185.194,00",Caoa Chery,Tiggo 7 Pro Max Drive 1.6 Turbo 16V Aut.,32000,093011-3,Gasolina,1,G,julho de 2026 ,kbgk4cps4mj1f9,"quarta-feira, 1 de julho de 2026 02:21",185194.0
335,1,,,32000,4,"R$ 149.990,00",BYD,Dolphin EV (Elétrico),32000,095007-6,Elétrico,1,E,julho de 2026 ,hz50tml4s9j1g8,"quarta-feira, 1 de julho de 2026 02:21",149990.0
335,1,,,32000,6,"R$ 249.890,00",BYD,Song Plus 1.5 16V Aut. (Hibrido),32000,095005-0,Híbrido,1,H,julho de 2026 ,mr92qydsn0j1hx,"quarta-feira, 1 de julho de 2026 02:21",249890.0
335,1,,,32000,4,"R$ 120.931,00",BYD,Dolphin Mini (Elétrico),32000,095010-6,Elétrico,1,E,julho de 2026 ,gw3td7sd8xj1g8,"quarta-feira, 1 de julho de 2026 02:21",120931.0
335,1,,,32000,6,"R$ 171.565,00",BYD,King GL 1.5 16V Aut. (Hibrido),32000,095012-2,Híbrido,1,H,julho de 2026 ,jtg6k4ck18j1hx,"quarta-feira, 1 de julho de 2026 02:21",171565.0
335,1,,,32000,4,"R$ 182.990,00",BYD,Yuan Pro (Elétrico),32000,095015-7,Elétrico,1,E,julho de 2026 ,j7wgrw41l2j1g8,"quarta-feira, 1 de julho de 2026 02:21",182990.0
335,1,,,32000,6,"R$ 343.976,00",BYD,SHARK GS 1.5 16V 4x4 Aut. (Híbrido),32000,095016-5,Híbrido,1,H,julho de 2026 ,rbmtpjvfvsj1hx,"quarta-feira, 1 de julho de 2026 02:22",343976.0
335,1,,,32000,6,"R$ 250.000,00",GWM,Haval H6 19 1.5 (Hibrido),32000,096008-0,Híbrido,1,H,julho de 2026 ,msf2n5r958j1hx,"quarta-feira, 1 de julho de 2026 02:22",250000.0
335,1,,,32000,4,"R$ 298.452,00",BYD,Seal (Elétrico),32000,095008-4,Elétrico,1,E,julho de 2026 ,pl7471n2x9j1g8,"quarta-feira, 1 de julho de 2026 02:22",298452.0
335,1,,,32000,6,"R$ 165.038,00",Omoda,5 Luxury 1.5 TB FWD,32000,302002-9,Híbrido,1,H,julho de 2026 ,jkty7qr389j1hx,"quarta-feira, 1 de julho de 2026 02:22",165038.0
335,1,,,32000,3,"R$ 332.990,00",GWM,Haval H9 Exclusive TD480,32000,096012-8,Diesel,1,D,julho de 2026 ,qxrh4sp67zj1gy,"quarta-feira, 1 de julho de 2026 02:22",332990.0
335,1,,,32000,6,"R$ 257.490,00",Omoda,7 Luxury 1.5 TB FWD,32000,302004-5,Híbrido,1,H,julho de 2026 ,m1692mqwn3j1hx,"quarta-feira, 1 de julho de 2026 02:22",257490.0
334,1,,,32000,5,"R$ 72.879,00",Fiat,MOBI LIKE 1.0 Fire Flex 5p.,32000,001461-3,Flex,1,F,junho de 2026 ,6wtrjfl2mmcz,"quarta-feira, 1 de julho de 2026 02:22",72879.0
334,1,,,32000,5,"R$ 90.956,00",Fiat,ARGO DRIVE 1.0 6V Flex,32000,001494-0,Flex,1,F,junho de 2026 ,cfqr55zg6yycz,"quarta-feira, 1 de julho de 2026 02:22",90956.0
334,1,,,32000,5,"R$ 169.328,00",Fiat,Toro Freedom 1.3 T270 4x2 Flex Aut.,32000,001538-5,Flex,1,F,junho de 2026 ,jqvw0ztyctcz,"quarta-feira, 1 de julho de 2026 02:22",169328.0
334,1,,,32000,3,"R$ 209.801,00",Fiat,Scudo Cargo 1.5 16V Turbo Diesel,32000,001550-4,Diesel,1,D,junho de 2026 ,k79y6xkj62cb,"quarta-feira, 1 de julho de 2026 02:22",209801.0
334,1,,,32000,5,"R$ 114.053,00",Fiat,CRONOS DRIVE 1.3 8V Flex Aut.,32000,001554-7,Flex,1,F,junho de 2026 ,gm1tllw58scz,"quarta-feira, 1 de julho de 2026 02:22",114053.0
334,1,,,32000,3,"R$ 281.873,00",Fiat,Ducato Cargo 2.2 Diesel (E6),32000,001563-6,Diesel,1,D,junho de 2026 ,nztkrymzr6j1gy,"quarta-feira, 1 de julho de 2026 02:22",281873.0
334,1,,,32000,5,"R$ 119.912,00",Fiat,Fastback 1.0 200 Turbo Flex Aut,32000,001568-7,Flex,1,F,junho de 2026 ,gvxr73vj42j1hl,"quarta-feira, 1 de julho de 2026 02:22",119912.0
334,1,,,32000,5,"R$ 111.208,00",Fiat,Strada Endurance 1.3 Flex 8V CS Plus,32000,001569-5,Flex,1,F,junho de 2026 ,gjqdzbmvw6j1hl,"quarta-feira, 1 de julho de 2026 02:22",111208.0
334,1,,,32000,5,"R$ 123.364,00",Fiat,Fiorino Endurance 1.3 Flex 8V 2p,32000,001589-0,Flex,1,F,junho de 2026 ,gzy7th9dxdj1hl,"quarta-feira, 1 de julho de 2026 02:22",123364.0
334,1,,,32000,5,"R$ 118.705,00",Fiat,PULSE 1.0 Turbo 200  Flex Aut.,32000,001592-0,Flex,1,F,junho de 2026 ,gthw788vbnj1hl,"quarta-feira, 1 de julho de 2026 02:22",118705.0
334,1,,,32000,5,"R$ 172.802,00",Toyota,Corolla XEi 2.0 Flex 16V Aut.,32000,002111-3,Flex,1,F,junho de 2026 ,jvx5ctn65wcz,"quarta-feira, 1 de julho de 2026 02:22",172802.0
334,1,,,32000,3,"R$ 308.776,00",Toyota,Hilux CD SR 4x4 2.8 TDI Diesel Aut.,32000,002142-3,Diesel,1,D,junho de 2026 ,p0cdwhlss8cb,"quarta-feira, 1 de julho de 2026 02:22",308776.0
334,1,,,32000,5,"R$ 190.960,00",Toyota,Corolla Cross XRE 2.0 16V Flex Aut.,32000,002203-9,Flex,1,F,junho de 2026 ,kj640gv7sscz,"quarta-feira, 1 de julho de 2026 02:22",190960.0
334,1,,,32000,5,"R$ 109.339,00",Toyota,YARIS XL 1.5 Flex 16V 5p Aut.,32000,002207-1,Flex,1,F,junho de 2026 ,ggjg175jw4cz,"quarta-feira, 1 de julho de 2026 02:22",109339.0
334,1,,,32000,3,"R$ 295.211,00",Ford,TRANSIT Furgão 2.0 Medio Turbo Diesel,32000,003487-8,Diesel,1,D,junho de 2026 ,phgcfqk1yyj1gy,"quarta-feira, 1 de julho de 2026 02:22",295211.0
334,1,,,32000,3,"R$ 250.550,00",Ford,Ranger XL 2.0 4x4 CD Diesel Mec. ,32000,003502-5,Diesel,1,D,junho de 2026 ,ms22dbh1s0j1gy,"quarta-feira, 1 de julho de 2026 02:22",250550.0
334,1,,,32000,5,"R$ 135.325,00",GM - Chevrolet,SPIN LT 1.8 8V Econo.Flex 5p Mec.,32000,004414-8,Flex,1,F,junho de 2026 ,hfzzyg2jbdcz,"quarta-feira, 1 de julho de 2026 02:22",135325.0
334,1,,,32000,5,"R$ 161.765,00",GM - Chevrolet,SPIN PREMIER 1.8 8V Econo.Flex 5p Aut.,32000,004494-6,Flex,1,F,junho de 2026 ,jfz0cpg6l0cz,"quarta-feira, 1 de julho de 2026 02:22",161765.0
334,1,,,32000,5,"R$ 118.510,00",GM - Chevrolet,ONIX SEDAN Plus LT 1.0 12V TB Flex Aut.,32000,004501-2,Flex,1,F,junho de 2026 ,gs8tj2pk83cz,"quarta-feira, 1 de julho de 2026 02:22",118510.0
334,1,,,32000,5,"R$ 102.563,00",GM - Chevrolet,ONIX HATCH LT 1.0 12V Flex 5p Mec.,32000,004517-9,Flex,1,F,junho de 2026 ,f6k55d58gdcz,"quarta-feira, 1 de julho de 2026 02:22",102563.0
334,1,,,32000,5,"R$ 173.021,00",GM - Chevrolet,TRACKER Premier 1.2 Turbo 12V Flex Aut.,32000,004525-0,Flex,1,F,junho de 2026 ,jv534c0l85cz,"quarta-feira, 1 de julho de 2026 02:22",173021.0
334,1,,,32000,5,"R$ 155.423,00",GM - Chevrolet,MONTANA LTZ 1.2 Turbo Flex 12V 4p Aut.,32000,004541-1,Flex,1,F,junho de 2026 ,h6khg6b023j1hl,"quarta-feira, 1 de julho de 2026 02:22",155423.0
334,1,,,32000,3,"R$ 295.425,00",GM - Chevrolet,S10 Pick-Up WT 2.8 TDI 4x4 CD Diesel Aut,32000,004550-0,Diesel,1,D,junho de 2026 ,php4kmfgckj1gy,"quarta-feira, 1 de julho de 2026 02:22",295425.0
334,1,,,32000,3,"R$ 371.748,00",VW - VolksWagen,AMAROK Highline CD 3.0 4x4 TB Dies. Aut.,32000,005483-6,Diesel,1,D,junho de 2026 ,sc57yqsl0mcb,"quarta-feira, 1 de julho de 2026 02:22",371748.0
334,1,,,32000,5,"R$ 150.719,00",VW - VolksWagen,VIRTUS Highline 200 TSI 1.0 Flex 12V Aut,32000,005484-4,Flex,1,F,junho de 2026 ,h01h65j21tcz,"quarta-feira, 1 de julho de 2026 02:22",150719.0
334,1,,,32000,5,"R$ 162.680,00",VW - VolksWagen,T-Cross Comfor. 200 TSI 1.0 Flex 5p Aut.,32000,005509-3,Flex,1,F,junho de 2026 ,jg18b20jq9j1hl,"quarta-feira, 1 de julho de 2026 02:22",162680.0
334,1,,,32000,5,"R$ 214.940,00",VW - VolksWagen,TAOS Highline 1.4 250 TSI Flex Aut.,32000,005528-0,Flex,1,F,junho de 2026 ,lgbrl8hjbmcz,"quarta-feira, 1 de julho de 2026 02:22",214940.0
334,1,,,32000,5,"R$ 126.138,00",VW - VolksWagen,Saveiro Robust 1.6 Total Flex 16V CD,32000,005537-9,Flex,1,F,junho de 2026 ,g262frxdw2j1hl,"quarta-feira, 1 de julho de 2026 02:22",126138.0
334,1,,,32000,5,"R$ 154.023,00",VW - VolksWagen,Nivus Highline 1.0 200 TSI Flex Aut.,32000,005526-3,Flex,1,F,junho de 2026 ,h4xl00vm70cz,"quarta-feira, 1 de julho de 2026 02:22",154023.0
334,1,,,32000,5,"R$ 121.712,00",VW - VolksWagen,Tera 1.0 170 TSI Flex 12V 5p Mec.,32000,005554-9,Flex,1,F,junho de 2026 ,gx06d258ysj1hl,"quarta-feira, 1 de julho de 2026 02:22",121712.0
334,1,,,32000,1,"R$ 331.845,00",BMW,X1 SDRIVE 20i GP 2.0 TB Aut.,32000,009323-8,Gasolina,1,G,junho de 2026 ,qwdw0kd1f9j1f9,"quarta-feira, 1 de julho de 2026 02:22",331845.0
334,1,,,32000,5,"R$ 92.413,00",VW - VolksWagen,Polo Track 1.0 Flex 12V 5p,32000,005540-9,Flex,1,F,junho de 2026 ,cf8vr0kscwzcz,"quarta-feira, 1 de julho de 2026 02:22",92413.0
334,1,,,32000,5,"R$ 86.490,00",Citroën,C3 Live Pack 1.0 Flex 6V 5p Mec.,32000,011223-2,Flex,1,F,junho de 2026 ,cc1dx78p4btcz,"quarta-feira, 1 de julho de 2026 02:22",86490.0
334,1,,,32000,5,"R$ 97.520,00",Citroën,BASALT Feel 1.0 Flex 6V 5p Mec.,32000,011238-0,Flex,1,F,junho de 2026 ,ch6q0fppjd2cz,"quarta-feira, 1 de julho de 2026 02:22",97520.0
334,1,,,32000,5,"R$ 118.761,00",Honda,CITY Sedan LX 1.5 Flex 16V 4p Aut.,32000,014059-7,Flex,1,F,junho de 2026 ,gtkycb50y9cz,"quarta-feira, 1 de julho de 2026 02:22",118761.0
334,1,,,32000,5,"R$ 201.827,00",Honda,HR-V Advance 1.5  Flex TB 16V 5p Aut.,32000,014111-9,Flex,1,F,junho de 2026 ,kyy4glfql7j1hl,"quarta-feira, 1 de julho de 2026 02:22",201827.0
334,1,,,32000,5,"R$ 150.250,00",Honda,WR-V EX 1.5 Flexone 16V 5p Aut.,32000,014094-5,Flex,1,F,junho de 2026 ,h0hgr8hhjycz,"quarta-feira, 1 de julho de 2026 02:22",150250.0
334,1,,,32000,5,"R$ 121.588,00",Honda,CITY Hatchback LX 1.5 Flex 16V Aut.,32000,014116-0,Flex,1,F,junho de 2026 ,gxwppvf6n5j1hl,"quarta-feira, 1 de julho de 2026 02:22",121588.0
334,1,,,32000,5,"R$ 144.025,00",Hyundai,Creta Comfort 1.0 TB 12V Flex Aut.,32000,015200-5,Flex,1,F,junho de 2026 ,hr56qkd98ccz,"quarta-feira, 1 de julho de 2026 02:22",144025.0
334,1,,,32000,5,"R$ 91.462,00",Hyundai,HB20S Comfort Plus 1.0 Flex 12V Mec.,32000,015239-0,Flex,1,F,junho de 2026 ,cfxp3kntvj0cz,"quarta-feira, 1 de julho de 2026 02:23",91462.0
334,1,,,32000,5,"R$ 88.998,00",Hyundai,HB20 Comfort Plus 1.0 Flex 12V Mec.,32000,015245-5,Flex,1,F,junho de 2026 ,cdzth9f1g3vcz,"quarta-feira, 1 de julho de 2026 02:23",88998.0
334,1,,,32000,5,"R$ 194.938,00",Jeep,COMPASS LONG. T270 1.3 TB 4x2 Flex Aut.,32000,017071-2,Flex,1,F,junho de 2026 ,kpwq7rnhrjcz,"quarta-feira, 1 de julho de 2026 02:23",194938.0
334,1,,,32000,5,"R$ 249.374,00",Jeep,Commander Limited T270 1.3 TB Flex Aut.,32000,017081-0,Flex,1,F,junho de 2026 ,mrqbbb1f29cz,"quarta-feira, 1 de julho de 2026 02:23",249374.0
334,1,,,32000,5,"R$ 121.527,00",Jeep,Renegade Sport T270 1.3 TB 4x2 Flex Aut.,32000,017085-2,Flex,1,F,junho de 2026 ,gxtgy5tzkgcz,"quarta-feira, 1 de julho de 2026 02:23",121527.0
334,1,,,32000,3,"R$ 254.825,00",Nissan,Frontier ATTAC.CD 4x4 2.3 Bi-TB Die. Aut,32000,023160-6,Diesel,1,D,junho de 2026 ,my3f8pcs0ccb,"quarta-feira, 1 de julho de 2026 02:23",254825.0
334,1,,,32000,5,"R$ 143.884,00",Nissan,VERSA Exclusive 1.6 16V Flex Aut.,32000,023174-6,Flex,1,F,junho de 2026 ,hr02vht1f8cz,"quarta-feira, 1 de julho de 2026 02:23",143884.0
334,1,,,32000,1,"R$ 170.577,00",Nissan,Sentra Advance 2.0 16V Aut.,32000,023187-8,Gasolina,1,G,junho de 2026 ,jr99btmbldj1f9,"quarta-feira, 1 de julho de 2026 02:23",170577.0
334,1,,,32000,5,"R$ 184.956,00",Nissan,KICKS Exclusive 1.0 Turbo Flex Aut.,32000,023196-7,Flex,1,F,junho de 2026 ,j95xy38t68j1hl,"quarta-feira, 1 de julho de 2026 02:23",184956.0
334,1,,,32000,3,"R$ 195.429,00",Peugeot,Expert Cargo 1.5 Turbo Diesel,32000,024260-8,Diesel,1,D,junho de 2026 ,kqglg3k6xccb,"quarta-feira, 1 de julho de 2026 02:23",195429.0
334,1,,,32000,3,"R$ 309.230,00",Mitsubishi,Triton HPE 2.4 CD 4x4 TB Diesel Aut.,32000,022213-5,Diesel,1,D,junho de 2026 ,p0wxffrl2vj1gy,"quarta-feira, 1 de julho de 2026 02:23",309230.0
334,1,,,32000,5,"R$ 97.451,00",Peugeot,208 Style 1.0 Flex 6V 5p Mec.,32000,024265-9,Flex,1,F,junho de 2026 ,ch5xxzpk5hrcz,"quarta-feira, 1 de julho de 2026 02:23",97451.0
334,1,,,32000,5,"R$ 135.234,00",Peugeot,2008 Active 1.0 Turbo Flex 5p Aut.,32000,024274-8,Flex,1,F,junho de 2026 ,hfwpdwlypzj1hl,"quarta-feira, 1 de julho de 2026 02:23",135234.0
334,1,,,32000,3,"R$ 271.483,00",Renault,Master 2.3 dCi Furgão 16V Diesel,32000,025196-8,Diesel,1,D,junho de 2026 ,nlmxr48nm0cb,"quarta-feira, 1 de julho de 2026 02:23",271483.0
334,1,,,32000,5,"R$ 132.515,00",Renault,OROCH Intense 1.6 Flex 16V Mec.,32000,025312-0,Flex,1,F,junho de 2026 ,hbpvrsl237cz,"quarta-feira, 1 de julho de 2026 02:23",132515.0
334,1,,,32000,5,"R$ 68.817,00",Renault,KWID Zen 1.0 Flex 12V 5p Mec.,32000,025266-2,Flex,1,F,junho de 2026 ,5b6bpw0yt3cz,"quarta-feira, 1 de julho de 2026 02:23",68817.0
334,1,,,32000,5,"R$ 130.978,00",Renault,DUSTER Intense Plus 1.6 16V Flex Mec.,32000,025325-1,Flex,1,F,junho de 2026 ,g8wzx6zqd3j1hl,"quarta-feira, 1 de julho de 2026 02:23",130978.0
334,1,,,32000,5,"R$ 115.654,00",Renault,Kardian Authentic 1.0 TB 12V 5p Aut.,32000,025335-9,Flex,1,F,junho de 2026 ,gpx0jll9rsj1hl,"quarta-feira, 1 de julho de 2026 02:23",115654.0
334,1,,,32000,3,"R$ 493.353,00",RAM,3500 LARAMIE 6.7 TB CD 4x4 Diesel,32000,083007-0,Diesel,1,D,junho de 2026 ,xzr63c3wk0cb,"quarta-feira, 1 de julho de 2026 02:23",493353.0
334,1,,,32000,3,"R$ 223.800,00",RAM,RAMPAGE BIG HORN 2.2 TB CD 4X4 Die Aut.,32000,083026-7,Diesel,1,D,junho de 2026 ,lsqsn0jyrjj1gy,"quarta-feira, 1 de julho de 2026 02:23",223800.0
334,1,,,32000,4,"R$ 137.866,00",GEELY,EX2 MAX ,32000,088006-0,Elétrico,1,E,junho de 2026 ,hjzb04wb6dj1g8,"quarta-feira, 1 de julho de 2026 02:23",137866.0
334,1,,,32000,5,"R$ 128.240,00",Caoa Chery,Tiggo 5X SPORT 1.5 Turbo Flex Aut.,32000,093014-8,Flex,1,F,junho de 2026 ,g5pgwflwwvj1hl,"quarta-feira, 1 de julho de 2026 02:23",128240.0
334,1,,,32000,1,"R$ 198.119,00",Caoa Chery,Tiggo 8 PRO 1.6 TGDi Aut.,32000,093018-0,Gasolina,1,G,junho de 2026 ,ktmcf703l6j1f9,"quarta-feira, 1 de julho de 2026 02:23",198119.0
334,1,,,32000,1,"R$ 179.122,00",Caoa Chery,Tiggo 7 Pro Max Drive 1.6 Turbo 16V Aut.,32000,093011-3,Gasolina,1,G,junho de 2026 ,j3bwgtnl9mj1f9,"quarta-feira, 1 de julho de 2026 02:23",179122.0
334,1,,,32000,6,"R$ 248.574,00",BYD,Song Plus 1.5 16V Aut. (Hibrido),32000,095005-0,Híbrido,1,H,junho de 2026 ,mqr7xr537qj1hx,"quarta-feira, 1 de julho de 2026 02:23",248574.0
334,1,,,32000,4,"R$ 149.990,00",BYD,Dolphin EV (Elétrico),32000,095007-6,Elétrico,1,E,junho de 2026 ,hz50tljk67j1g8,"quarta-feira, 1 de julho de 2026 02:23",149990.0
334,1,,,32000,4,"R$ 299.990,00",BYD,Seal (Elétrico),32000,095008-4,Elétrico,1,E,junho de 2026 ,pn116g2mf1j1g8,"quarta-feira, 1 de julho de 2026 02:23",299990.0
334,1,,,32000,4,"R$ 120.780,00",BYD,Dolphin Mini (Elétrico),32000,095010-6,Elétrico,1,E,junho de 2026 ,gwx98v0y0xj1g8,"quarta-feira, 1 de julho de 2026 02:23",120780.0
334,1,,,32000,6,"R$ 172.990,00",BYD,King GL 1.5 16V Aut. (Hibrido),32000,095012-2,Híbrido,1,H,junho de 2026 ,jv4z6jy7hpj1hx,"quarta-feira, 1 de julho de 2026 02:23",172990.0
334,1,,,32000,6,"R$ 344.749,00",BYD,SHARK GS 1.5 16V 4x4 Aut. (Híbrido),32000,095016-5,Híbrido,1,H,junho de 2026 ,rcjxnyrnqpj1hx,"quarta-feira, 1 de julho de 2026 02:23",344749.0
334,1,,,32000,6,"R$ 250.333,00",GWM,Haval H6 19 1.5 (Hibrido),32000,096008-0,Híbrido,1,H,junho de 2026 ,mst5wm68g2j1hx,"quarta-feira, 1 de julho de 2026 02:23",250333.0
334,1,,,32000,3,"R$ 332.990,00",GWM,Haval H9 Exclusive TD480,32000,096012-8,Diesel,1,D,junho de 2026 ,qxrh4rmnnxj1gy,"quarta-feira, 1 de julho de 2026 02:23",332990.0
334,1,,,32000,6,"R$ 165.994,00",Omoda,5 Luxury 1.5 TB FWD,32000,302002-9,Híbrido,1,H,junho de 2026 ,jlyqd7b42nj1hx,"quarta-feira, 1 de julho de 2026 02:23",165994.0
334,1,,,32000,4,"R$ 183.323,00",BYD,Yuan Pro (Elétrico),32000,095015-7,Elétrico,1,E,junho de 2026 ,j78kzclzwwj1g8,"quarta-feira, 1 de julho de 2026 02:23",183323.0
334,1,,,32000,6,"R$ 256.990,00",Omoda,7 Luxury 1.5 TB FWD,32000,302004-5,Híbrido,1,H,junho de 2026 ,m1m4pwfyxzj1hx,"quarta-feira, 1 de julho de 2026 02:23",256990.0
335,1,,,2021,nan,"R$ 44.369,00",Fiat,UNO ATTRACTIVE 1.0 Fire Flex 8V 5p,2021,001424-9,Flex,1,F,julho de 2026 ,v3j7fjmfxmg6,"quarta-feira, 1 de julho de 2026 03:45",44369.0
335,1,,,2026,nan,"R$ 66.577,00",Fiat,MOBI LIKE 1.0 Fire Flex 5p.,2026,001461-3,Flex,1,F,julho de 2026 ,4hx5cybn600b,"quarta-feira, 1 de julho de 2026 03:45",66577.0
335,1,,,2026,nan,"R$ 78.505,00",Fiat,ARGO 1.0 6V Flex,2026,001509-1,Flex,1,F,julho de 2026 ,80smtfp8nmd2v,"quarta-feira, 1 de julho de 2026 03:45",78505.0
335,1,,,2022,nan,"R$ 75.706,00",Fiat,Strada Endurance 1.4 Flex 8V CD,2022,001529-6,Flex,1,F,julho de 2026 ,7yy8xwzd62lf,"quarta-feira, 1 de julho de 2026 03:45",75706.0
335,1,,,2022,nan,"R$ 79.606,00",Fiat,Fiorino Endurance EVO 1.4 Flex 8V 2p,2022,001531-8,Flex,1,F,julho de 2026 ,9fptdr2df9lf,"quarta-feira, 1 de julho de 2026 03:45",79606.0
335,1,,,2024,nan,"R$ 115.752,00",Fiat,Toro Endurance 1.3 T270 4x2 Flex Aut.,2024,001537-7,Flex,1,F,julho de 2026 ,gp1kyq6x44dwd,"quarta-feira, 1 de julho de 2026 03:45",115752.0
335,1,,,2025,nan,"R$ 122.911,00",Fiat,Toro Endurance 1.3 T270 4x2 Flex Aut.,2025,001537-7,Flex,1,F,julho de 2026 ,gzfsdj8bx3dzm,"quarta-feira, 1 de julho de 2026 03:45",122911.0
335,1,,,2022,nan,"R$ 117.362,00",Fiat,Toro Volcano 1.3 T270 4x2 Flex Aut.,2022,001539-3,Flex,1,F,julho de 2026 ,grx2036brkdny,"quarta-feira, 1 de julho de 2026 03:45",117362.0
335,1,,,2023,nan,"R$ 88.059,00",Fiat,PULSE DRIVE 1.3 8V Flex Aut.,2023,001544-0,Flex,1,F,julho de 2026 ,cdms62qlz7lpn,"quarta-feira, 1 de julho de 2026 03:45",88059.0
335,1,,,2026,nan,"R$ 105.779,00",Fiat,PULSE DRIVE 1.3 8V Flex Aut.,2026,001544-0,Flex,1,F,julho de 2026 ,gbb2th17jkd2v,"quarta-feira, 1 de julho de 2026 03:45",105779.0
335,1,,,2024,nan,"R$ 114.502,00",Fiat,Strada Volcano 1.3 Flex 8V CD Aut.,2024,001549-0,Flex,1,F,julho de 2026 ,gnk4hyqs84dwd,"quarta-feira, 1 de julho de 2026 03:45",114502.0
335,1,,,2023,nan,"R$ 146.349,00",Fiat,Scudo Cargo 1.5 16V Turbo Diesel,2023,001550-4,Diesel,1,D,julho de 2026 ,hvxn9lk7xbdrj,"quarta-feira, 1 de julho de 2026 03:46",146349.0
335,1,,,2025,nan,"R$ 161.291,00",Fiat,Scudo Cargo 1.5 16V Turbo Diesel,2025,001550-4,Diesel,1,D,julho de 2026 ,jffr85mbpbdyz,"quarta-feira, 1 de julho de 2026 03:46",161291.0
335,1,,,2026,nan,"R$ 96.179,00",Fiat,CRONOS DRIVE 1.3 8V Flex Aut.,2026,001554-7,Flex,1,F,julho de 2026 ,chp0lnnpsws0b,"quarta-feira, 1 de julho de 2026 03:46",96179.0
335,1,,,2023,nan,"R$ 195.120,00",Fiat,E-Scudo (Elétrico),2023,001560-1,Elétrico,1,E,julho de 2026 ,kp3b9xpd9ydrv,"quarta-feira, 1 de julho de 2026 03:46",195120.0
335,1,,,2024,nan,"R$ 246.100,00",Fiat,Ducato Minibus 2.2 Comf.19L Diesel (E6),2024,001567-9,Diesel,1,D,julho de 2026 ,mmwbbdckhddvr,"quarta-feira, 1 de julho de 2026 03:46",246100.0
335,1,,,2026,nan,"R$ 94.768,00",Fiat,Strada Endurance 1.3 Flex 8V CS Plus,2026,001569-5,Flex,1,F,julho de 2026 ,cg5gq31zbsrd2v,"quarta-feira, 1 de julho de 2026 03:46",94768.0
335,1,,,2026,nan,"R$ 115.707,00",Fiat,PULSE AUDACE Turbo 200  Aut. (Hibrído),2026,001579-2,Híbrido,1,H,julho de 2026 ,gpzx7wrjwxd25,"quarta-feira, 1 de julho de 2026 03:46",115707.0
335,1,,,2025,nan,"R$ 98.214,00",Fiat,Fiorino Endurance 1.3 Flex 8V 2p,2025,001589-0,Flex,1,F,julho de 2026 ,cjgv739npsvdzm,"quarta-feira, 1 de julho de 2026 03:46",98214.0
335,1,,,2026,nan,"R$ 195.225,00",Fiat,Scudo Multi 2.2 16 V Turbo Diesel,2026,001591-1,Diesel,1,D,julho de 2026 ,kp65mhz6gvd16,"quarta-feira, 1 de julho de 2026 03:46",195225.0
335,1,,,2023,nan,"R$ 84.174,00",Toyota,YARIS XL Sedan 1.5 Flex 16V 4p Aut.,2023,002168-7,Flex,1,F,julho de 2026 ,cb474l62g9cpn,"quarta-feira, 1 de julho de 2026 03:46",84174.0
335,1,,,2022,nan,"R$ 113.760,00",Toyota,Corolla GLi 2.0 16V Flex Aut.,2022,002181-4,Flex,1,F,julho de 2026 ,gmp5f9tr8bdny,"quarta-feira, 1 de julho de 2026 03:46",113760.0
335,1,,,2025,nan,"R$ 143.092,00",Toyota,Corolla GLi 2.0 16V Flex Aut.,2025,002181-4,Flex,1,F,julho de 2026 ,hq29gffzwfdzm,"quarta-feira, 1 de julho de 2026 03:46",143092.0
335,1,,,2024,nan,"R$ 164.124,00",Toyota,Corolla Altis Prem. 1.8 Aut. (Híbrido),2024,002183-0,Híbrido,1,H,julho de 2026 ,jjrrc75v7fdwq,"quarta-feira, 1 de julho de 2026 03:46",164124.0
335,1,,,2025,nan,"R$ 294.713,00",Toyota,RAV4 2.5 SX Connect 4x4  Aut. (Híbrido),2025,002196-2,Híbrido,1,H,julho de 2026 ,pgv79w144sdzy,"quarta-feira, 1 de julho de 2026 03:46",294713.0
335,1,,,2024,nan,"R$ 159.193,00",Toyota,Corolla Cross XRV 1.8 16V Aut. (Híbrido),2024,002200-4,Híbrido,1,H,julho de 2026 ,jbzjb650tmdwq,"quarta-feira, 1 de julho de 2026 03:46",159193.0
335,1,,,2023,nan,"R$ 131.564,00",Toyota,Corolla Cross XR 2.0 16V Flex Aut.,2023,002201-2,Flex,1,F,julho de 2026 ,g9k86x05b7dr5,"quarta-feira, 1 de julho de 2026 03:46",131564.0
335,1,,,2026,nan,"R$ 174.855,00",Toyota,Corolla Cross XRE 2.0 16V Flex Aut.,2026,002203-9,Flex,1,F,julho de 2026 ,jybslz2wv6d2v,"quarta-feira, 1 de julho de 2026 03:46",174855.0
335,1,,,2025,nan,"R$ 188.072,00",Toyota,Corolla Cross XRX 1.8 16V Aut. (Híbrido),2025,002204-7,Híbrido,1,H,julho de 2026 ,kft5x9skh4dzy,"quarta-feira, 1 de julho de 2026 03:46",188072.0
335,1,,,2023,nan,"R$ 343.461,00",Toyota,Hilux SW4 Diamond 2.8 TB 4x4 Die. Aut.,2023,002205-5,Diesel,1,D,julho de 2026 ,q903dxcywjdrj,"quarta-feira, 1 de julho de 2026 03:46",343461.0
335,1,,,2023,nan,"R$ 350.634,00",Toyota,Hilux SW4 GRS 2.8 TB 4x4 Diesel Aut.,2023,002206-3,Diesel,1,D,julho de 2026 ,rlftmqsyxydrj,"quarta-feira, 1 de julho de 2026 03:46",350634.0
335,1,,,2024,nan,"R$ 343.476,00",Toyota,Hilux SW4 SRX Plat. 4x4 2.8 TB Die. Aut.,2024,002214-4,Diesel,1,D,julho de 2026 ,q91m9tmy1sdvr,"quarta-feira, 1 de julho de 2026 03:46",343476.0
335,1,,,2023,nan,"R$ 149.989,00",Ford,Ranger XL 2.2 4x4 CS Diesel Mec.,2023,003433-9,Diesel,1,D,julho de 2026 ,hz5zpqjsr2drj,"quarta-feira, 1 de julho de 2026 03:46",149989.0
335,1,,,2021,nan,"R$ 59.055,00",Ford,Ka 1.5 Sedan SE Plus 12V Flex 4p Aut.,2021,003465-7,Flex,1,F,julho de 2026 ,1nq4s1tfplg6,"quarta-feira, 1 de julho de 2026 03:46",59055.0
335,1,,,2022,nan,"R$ 160.013,00",Ford,Bronco Sport Wildtrak 2.0 Tb 16V AWD Aut,2022,003481-9,Gasolina,1,G,julho de 2026 ,jcx99b9pt8dmn,"quarta-feira, 1 de julho de 2026 03:46",160013.0
335,1,,,2026,nan,"R$ 309.333,00",Ford,TRANSIT Minibus 18 Lug. 2.0 16V Diesel,2026,003484-3,Diesel,1,D,julho de 2026 ,p00ng7fsnld16,"quarta-feira, 1 de julho de 2026 03:46",309333.0
335,1,,,2026,nan,"R$ 213.899,00",Ford,Ranger XL 2.0 4x4 CD Diesel Mec. ,2026,003502-5,Diesel,1,D,julho de 2026 ,ld3xnqyfsdd16,"quarta-feira, 1 de julho de 2026 03:46",213899.0
335,1,,,2026,nan,"R$ 261.586,00",GM - Chevrolet,S10 Pick-Up LTZ 2.8 TDI 4x4 CD Dies.Aut,2026,004397-4,Diesel,1,D,julho de 2026 ,m6058lwbz2d16,"quarta-feira, 1 de julho de 2026 03:46",261586.0
335,1,,,2024,nan,"R$ 79.954,00",GM - Chevrolet,SPIN LS 1.8 8V Econo.Flex 5p Mec.,2024,004435-0,Flex,1,F,julho de 2026 ,9kr9h3bgbmsw,"quarta-feira, 1 de julho de 2026 03:46",79954.0
335,1,,,2022,nan,"R$ 98.562,00",GM - Chevrolet,CRUZE LT 1.4 16V Turbo Flex 4p Aut.,2022,004470-9,Flex,1,F,julho de 2026 ,cjlyq7yv1z0lf,"quarta-feira, 1 de julho de 2026 03:46",98562.0
335,1,,,2022,nan,"R$ 133.937,00",GM - Chevrolet,S10 Pick-Up Advantage 2.5 Flex 4x2 CD,2022,004474-1,Flex,1,F,julho de 2026 ,hdcj0gqb9mdny,"quarta-feira, 1 de julho de 2026 03:46",133937.0
335,1,,,2026,nan,"R$ 139.489,00",GM - Chevrolet,SPIN PREMIER 1.8 8V Econo.Flex 5p Aut.,2026,004494-6,Flex,1,F,julho de 2026 ,hlwbrn9yjdd2v,"quarta-feira, 1 de julho de 2026 03:46",139489.0
335,1,,,2021,nan,"R$ 59.738,00",GM - Chevrolet,ONIX HATCH LT 1.0 12V Flex 5p Mec.,2021,004517-9,Flex,1,F,julho de 2026 ,1xrdj23yxkg6,"quarta-feira, 1 de julho de 2026 03:46",59738.0
335,1,,,2022,nan,"R$ 63.476,00",GM - Chevrolet,ONIX SEDAN Plus LT 1.0 12V Flex 4p Mec.,2022,004518-7,Flex,1,F,julho de 2026 ,3bk1n80t1qlf,"quarta-feira, 1 de julho de 2026 03:46",63476.0
335,1,,,2025,nan,"R$ 97.802,00",GM - Chevrolet,ONIX HATCH RS 1.0 TB 12V Flex 5p Aut.,2025,004530-6,Flex,1,F,julho de 2026 ,ch91hw98nkjw3,"quarta-feira, 1 de julho de 2026 03:46",97802.0
335,1,,,2026,nan,"R$ 141.728,00",GM - Chevrolet,TRACKER LTZ 1.0 Turbo 12V Flex Aut.,2026,004532-2,Flex,1,F,julho de 2026 ,hphqkpb82wd2v,"quarta-feira, 1 de julho de 2026 03:46",141728.0
335,1,,,2023,nan,"R$ 106.027,00",GM - Chevrolet,MONTANA LTZ 1.2 Turbo Flex 12V 4p Aut.,2023,004541-1,Flex,1,F,julho de 2026 ,gbm27zl41fdr5,"quarta-feira, 1 de julho de 2026 03:46",106027.0
335,1,,,2026,nan,"R$ 136.437,00",GM - Chevrolet,MONTANA LTZ 1.2 Turbo Flex 12V 4p Aut.,2026,004541-1,Flex,1,F,julho de 2026 ,hg9dw00hmxd2v,"quarta-feira, 1 de julho de 2026 03:46",136437.0
335,1,,,2022,nan,"R$ 62.286,00",VW - VolksWagen,Saveiro Robust 1.6 Total Flex 8V,2022,005459-3,Flex,1,F,julho de 2026 ,2wmh8zt6lmlf,"quarta-feira, 1 de julho de 2026 03:46",62286.0
335,1,,,2026,nan,"R$ 129.406,00",VW - VolksWagen,VIRTUS Highline 200 TSI 1.0 Flex 12V Aut,2026,005484-4,Flex,1,F,julho de 2026 ,g61vn6qqd7d2v,"quarta-feira, 1 de julho de 2026 03:46",129406.0
335,1,,,2023,nan,"R$ 101.237,00",VW - VolksWagen,VIRTUS Comfort. 200 TSI 1.0 Flex 12V Aut,2023,005485-2,Flex,1,F,julho de 2026 ,f40z20ybd5dr5,"quarta-feira, 1 de julho de 2026 03:46",101237.0
335,1,,,2026,nan,"R$ 118.378,00",VW - VolksWagen,VIRTUS Comfort. 200 TSI 1.0 Flex 12V Aut,2026,005485-2,Flex,1,F,julho de 2026 ,gs30tfgmc4d2v,"quarta-feira, 1 de julho de 2026 03:46",118378.0
335,1,,,2019,nan,"R$ 143.332,00",VW - VolksWagen,TIGUAN Allspac R-Line 350 TSI 2.0 4x4,2019,005489-5,Gasolina,1,G,julho de 2026 ,hrc0whch91c9z,"quarta-feira, 1 de julho de 2026 03:46",143332.0
335,1,,,2022,nan,"R$ 64.575,00",VW - VolksWagen,VOYAGE 1.6 MSI Flex 16V 4p Aut.,2022,005501-8,Flex,1,F,julho de 2026 ,3rghqqwlnklf,"quarta-feira, 1 de julho de 2026 03:46",64575.0
335,1,,,2026,nan,"R$ 159.706,00",VW - VolksWagen,T-Cross Hig. 250 TSI 1.4 Flex 16V 5p Aut,2026,005508-5,Flex,1,F,julho de 2026 ,jck5czzq7pd2v,"quarta-feira, 1 de julho de 2026 03:46",159706.0
335,1,,,2026,nan,"R$ 146.519,00",VW - VolksWagen,T-Cross Comfor. 200 TSI 1.0 Flex 5p Aut.,2026,005509-3,Flex,1,F,julho de 2026 ,hv3vvkqt45d2v,"quarta-feira, 1 de julho de 2026 03:46",146519.0
335,1,,,2026,nan,"R$ 97.337,00",VW - VolksWagen,Polo Sense TSI 1.0 Flex 12V Aut,2026,005513-1,Flex,1,F,julho de 2026 ,ch4lhg5sd44d2v,"quarta-feira, 1 de julho de 2026 03:46",97337.0
335,1,,,2026,nan,"R$ 137.884,00",VW - VolksWagen,Nivus Highline 1.0 200 TSI Flex Aut.,2026,005526-3,Flex,1,F,julho de 2026 ,hjzz9yf0mwd2v,"quarta-feira, 1 de julho de 2026 03:46",137884.0
335,1,,,2023,nan,"R$ 79.878,00",VW - VolksWagen,VIRTUS TSI 1.0 Flex 12V 4p Mec.,2023,005542-5,Flex,1,F,julho de 2026 ,9jwn5jz49zdr5,"quarta-feira, 1 de julho de 2026 03:46",79878.0
335,1,,,2026,nan,"R$ 103.907,00",VW - VolksWagen,VIRTUS TSI 1.0 Flex 12V 4p Mec.,2026,005542-5,Flex,1,F,julho de 2026 ,f741jk9kbgd2v,"quarta-feira, 1 de julho de 2026 03:46",103907.0
335,1,,,2025,nan,"R$ 77.286,00",VW - VolksWagen,Polo Robust 1.0 Flex 12V 5p,2025,005550-6,Flex,1,F,julho de 2026 ,8khknngsy4dzm,"quarta-feira, 1 de julho de 2026 03:46",77286.0
335,1,,,2022,nan,"R$ 395.369,00",Audi,Q8 Perf.Black 3.0 TFSI Quat. S-tr/(Híb.),2022,008250-3,Híbrido,1,H,julho de 2026 ,s8ws1v1n1jdn8,"quarta-feira, 1 de julho de 2026 03:47",395369.0
335,1,,,2026,nan,"R$ 113.471,00",VW - VolksWagen,VIRTUS TSI 1.0 Flex 12V 4p Aut.,2026,005543-3,Flex,1,F,julho de 2026 ,gmcntn56xdd2v,"quarta-feira, 1 de julho de 2026 03:47",113471.0
335,1,,,2022,nan,"R$ 300.826,00",Audi,E-TRON Performace Aut. (Elétrico),2022,008257-0,Elétrico,1,E,julho de 2026 ,pp1f5j6f5hdnm,"quarta-feira, 1 de julho de 2026 03:47",300826.0
335,1,,,2023,nan,"R$ 462.952,00",Audi,Q8 Perf.Black 3.0 TFSI Quat. S-tr/(Híb.),2023,008250-3,Híbrido,1,H,julho de 2026 ,wt37lp5mc2dsh,"quarta-feira, 1 de julho de 2026 03:47",462952.0
335,1,,,2023,nan,"R$ 191.265,00",Audi,A4 S Line 2.0  TFSI 204cv S Tonic,2023,008281-3,Gasolina,1,G,julho de 2026 ,kkk7nzstqbdqw,"quarta-feira, 1 de julho de 2026 03:47",191265.0
335,1,,,2023,nan,"R$ 237.659,00",Audi,Q3 SPB Perf. Black 2.0 TFSI Tipt. Quat.,2023,008283-0,Gasolina,1,G,julho de 2026 ,l9zjc2rr13dqw,"quarta-feira, 1 de julho de 2026 03:47",237659.0
335,1,,,2024,nan,"R$ 267.958,00",Audi,Q3 SPB Perf. Black 2.0 TFSI Tipt. Quat.,2024,008283-0,Gasolina,1,G,julho de 2026 ,nghsyyzl09dt3,"quarta-feira, 1 de julho de 2026 03:47",267958.0
335,1,,,2024,nan,"R$ 255.754,00",Audi,Q3 Performance 2.0 TFSI Tiptr. Quattro,2024,008284-8,Gasolina,1,G,julho de 2026 ,mz5605bdpldt3,"quarta-feira, 1 de julho de 2026 03:47",255754.0
335,1,,,2024,nan,"R$ 341.215,00",Audi,Q5 Perf. Black 2.0 TFSIe S.Tr. Qt (Hib.),2024,008285-6,Híbrido,1,H,julho de 2026 ,q7dgqcr0m9dwq,"quarta-feira, 1 de julho de 2026 03:47",341215.0
335,1,,,2024,nan,"R$ 333.949,00",Audi,Q5 SB P Black. 2.0 TFSIe S.Tr. Qt (Hib.),2024,008287-2,Híbrido,1,H,julho de 2026 ,qywcp3st5rdwq,"quarta-feira, 1 de julho de 2026 03:47",333949.0
335,1,,,2025,nan,"R$ 257.436,00",Audi,Q3 Prestige 2.0 TFSI Tiptr.Quatro ,2025,008289-9,Gasolina,1,G,julho de 2026 ,m15b7fvcdtdyb,"quarta-feira, 1 de julho de 2026 03:47",257436.0
335,1,,,2025,nan,"R$ 297.057,00",BMW,320iA 2.0 Turbo/ActiveFlex 16V/GP  4p,2025,009164-2,Gasolina,1,G,julho de 2026 ,pkmgfhw6qhdyb,"quarta-feira, 1 de julho de 2026 03:47",297057.0
335,1,,,2023,nan,"R$ 266.424,00",BMW,320iA 2.0 TB M Sport A.Flex/M.Sport 4p,2023,009213-4,Flex,1,F,julho de 2026 ,ndp1h6glg6dr5,"quarta-feira, 1 de julho de 2026 03:47",266424.0
335,1,,,2025,nan,"R$ 321.588,00",BMW,320iA 2.0 TB M Sport A.Flex/M.Sport 4p,2025,009213-4,Flex,1,F,julho de 2026 ,qhc2wd8hkydzm,"quarta-feira, 1 de julho de 2026 03:47",321588.0
335,1,,,2023,nan,"R$ 272.765,00",BMW,X3 XDRIVE 30e X-Line Turbo Aut. (Híb.),2023,009272-0,Híbrido,1,H,julho de 2026 ,nm4h8p8xxxdsh,"quarta-feira, 1 de julho de 2026 03:47",272765.0
335,1,,,2024,nan,"R$ 289.385,00",BMW,X1 SDRIVE 20i M Sport 2.0 TB Aut.,2024,009305-0,Gasolina,1,G,julho de 2026 ,n8mlywj2zpdt3,"quarta-feira, 1 de julho de 2026 03:47",289385.0
335,1,,,2025,nan,"R$ 316.341,00",BMW,X1 SDRIVE 20i M Sport 2.0 TB Aut.,2025,009305-0,Gasolina,1,G,julho de 2026 ,p87csnwdvgdyb,"quarta-feira, 1 de julho de 2026 03:47",316341.0
335,1,,,2025,nan,"R$ 296.898,00",BMW,X1 SDRIVE 20i X-Line 2.0 TB Aut.,2025,009303-3,Gasolina,1,G,julho de 2026 ,pkfn8p5wwpdyb,"quarta-feira, 1 de julho de 2026 03:47",296898.0
335,1,,,2025,nan,"R$ 661.906,00",BMW,X5 XDRIVE 50e 3.0 M Sport Aut. (Hibrido),2025,009307-6,Híbrido,1,H,julho de 2026 ,4cdl51gclhdzy,"quarta-feira, 1 de julho de 2026 03:47",661906.0
335,1,,,2023,nan,"R$ 139.406,00",Citroën,Jumpy Cargo 1.5 Turbo Diesel,2023,011216-0,Diesel,1,D,julho de 2026 ,hlr97jz4hndrj,"quarta-feira, 1 de julho de 2026 03:47",139406.0
335,1,,,2025,nan,"R$ 99.523,00",Citroën,AIRCROSS F. Pack 1.0 Flex TB 200 Aut.,2025,011231-3,Flex,1,F,julho de 2026 ,cjy61ck41v3dzm,"quarta-feira, 1 de julho de 2026 03:47",99523.0
335,1,,,2023,nan,"R$ 78.201,00",Citroën,C4 CACTUS FEEL Pack 1.6 16V Flex Aut.,2023,011197-0,Flex,1,F,julho de 2026 ,8w64g6xq4lpn,"quarta-feira, 1 de julho de 2026 03:47",78201.0
335,1,,,2024,nan,"R$ 119.641,00",Honda,CITY Hatchback EXL 1.5 Flex 16V Aut.,2024,014108-9,Flex,1,F,julho de 2026 ,gvlxw9p3qbdwd,"quarta-feira, 1 de julho de 2026 03:47",119641.0
335,1,,,2025,nan,"R$ 147.585,00",Honda,HR-V EXL 1.5 Flex Sensing 16V 5p Aut.,2025,014110-0,Flex,1,F,julho de 2026 ,hxclzbr6hhdzm,"quarta-feira, 1 de julho de 2026 03:47",147585.0
335,1,,,2021,nan,"R$ 149.228,00",Honda,Civic Sedan TOURING 1.5 Turbo 16V Aut.4p,2021,014089-9,Gasolina,1,G,julho de 2026 ,hy897d8ln9djf,"quarta-feira, 1 de julho de 2026 03:47",149228.0
335,1,,,2026,nan,"R$ 132.114,00",Hyundai,Creta Comfort 1.0 TB 12V Flex Aut.,2026,015200-5,Flex,1,F,julho de 2026 ,g968x3wpkfd2v,"quarta-feira, 1 de julho de 2026 03:47",132114.0
335,1,,,2023,nan,"R$ 108.471,00",Hyundai,Creta Comfort 1.0 TB 12V Flex Aut.,2023,015200-5,Flex,1,F,julho de 2026 ,gfhx1j2b0ldr5,"quarta-feira, 1 de julho de 2026 03:47",108471.0
335,1,,,2026,nan,"R$ 160.980,00",Hyundai,Creta Platinum 1.0 TB 12V Flex Aut.,2026,015202-1,Flex,1,F,julho de 2026 ,jd2gv3xtxgd2v,"quarta-feira, 1 de julho de 2026 03:47",160980.0
335,1,,,2023,nan,"R$ 112.453,00",Hyundai,Creta Limited 1.0 TB 12V Flex Aut.,2023,015203-0,Flex,1,F,julho de 2026 ,gk5nsj2xb1dr5,"quarta-feira, 1 de julho de 2026 03:47",112453.0
335,1,,,2024,nan,"R$ 117.720,00",Hyundai,Creta Limited 1.0 TB 12V Flex Aut.,2024,015203-0,Flex,1,F,julho de 2026 ,gsb3dv1txhdwd,"quarta-feira, 1 de julho de 2026 03:47",117720.0
335,1,,,2026,nan,"R$ 83.447,00",Hyundai,HB20 Limited 1.0 Flex 12V Mec.,2026,015213-7,Flex,1,F,julho de 2026 ,cbwqw29jhpb0b,"quarta-feira, 1 de julho de 2026 03:47",83447.0
335,1,,,2023,nan,"R$ 67.439,00",Hyundai,HB20 Limited 1.0 Flex 12V Mec.,2023,015213-7,Flex,1,F,julho de 2026 ,4t1g0qwg9dpn,"quarta-feira, 1 de julho de 2026 03:47",67439.0
335,1,,,2026,nan,"R$ 80.983,00",Hyundai,HB20 Comfort 1.0 Flex 12V Mec.,2026,015215-3,Flex,1,F,julho de 2026 ,9yt9t2qwv40b,"quarta-feira, 1 de julho de 2026 03:47",80983.0
335,1,,,2026,nan,"R$ 87.058,00",Hyundai,HB20S Comfort 1.0  Flex 12V Mec.,2026,015218-8,Flex,1,F,julho de 2026 ,cc72c7s0qvhd2v,"quarta-feira, 1 de julho de 2026 03:47",87058.0
335,1,,,2026,nan,"R$ 175.071,00",Hyundai,Creta Ultimate 1.6 TB 16V Aut.,2026,015249-8,Gasolina,1,G,julho de 2026 ,jylmzqn708d1k,"quarta-feira, 1 de julho de 2026 03:47",175071.0
335,1,,,2026,nan,"R$ 163.127,00",Jeep,COMPASS LONG. T270 1.3 TB 4x2 Flex Aut.,2026,017071-2,Flex,1,F,julho de 2026 ,jhlh0l4x4md2v,"quarta-feira, 1 de julho de 2026 03:47",163127.0
335,1,,,2026,nan,"R$ 135.459,00",Jeep,Renegade Long. T270 1.3 TB 4x2 Flex Aut.,2026,017088-7,Flex,1,F,julho de 2026 ,hf4vx2d13dd2v,"quarta-feira, 1 de julho de 2026 03:47",135459.0
335,1,,,2024,nan,"R$ 166.869,00",Jeep,COMPASS LIMITED TD 350 2.0 4x4 Die. Aut.,2024,017077-1,Diesel,1,D,julho de 2026 ,jmzjbj54yrdvr,"quarta-feira, 1 de julho de 2026 03:47",166869.0
335,1,,,2025,nan,"R$ 198.368,00",Jeep,COMPASS Black Hurricane 2.0 4x4 TB Aut.,2025,017096-8,Gasolina,1,G,julho de 2026 ,ktxd0qdl4ddyb,"quarta-feira, 1 de julho de 2026 03:47",198368.0
335,1,,,2025,nan,"R$ 189.766,00",Jeep,COMPASS Over. Hurric 2.0 4x4 TB 16V Aut.,2025,017097-6,Gasolina,1,G,julho de 2026 ,khtrnq1m89dyb,"quarta-feira, 1 de julho de 2026 03:47",189766.0
335,1,,,2024,nan,"R$ 149.090,00",Mitsubishi,L200 Tri. Outd. GLX 2.4 CD 4x4 Die. Mec.,2024,022189-9,Diesel,1,D,julho de 2026 ,hy39q49y0tdvr,"quarta-feira, 1 de julho de 2026 03:47",149090.0
335,1,,,2022,nan,"R$ 154.946,00",Nissan,Frontier XE CD 4x4 2.3 Bi-TB Diesel Aut.,2022,023159-2,Diesel,1,D,julho de 2026 ,h5z40xqpwtdm9,"quarta-feira, 1 de julho de 2026 03:47",154946.0
335,1,,,2025,nan,"R$ 235.706,00",Jeep,Commander Overl. 2.2 TD 4x4 Diesel Aut.,2025,017104-2,Diesel,1,D,julho de 2026 ,l7pjtv5tdtdyz,"quarta-feira, 1 de julho de 2026 03:47",235706.0
335,1,,,2022,nan,"R$ 146.177,00",Nissan,Frontier ATTAC.CD 4x4 2.3 Bi-TB Die. Aut,2022,023160-6,Diesel,1,D,julho de 2026 ,hvqfhqpwmndm9,"quarta-feira, 1 de julho de 2026 03:47",146177.0
335,1,,,2021,nan,"R$ 116.416,00",Nissan,Frontier S CD 4x4 2.3 TB Diesel Mec.,2021,023161-4,Diesel,1,D,julho de 2026 ,gqtp3wkp8bdj2,"quarta-feira, 1 de julho de 2026 03:47",116416.0
335,1,,,2023,nan,"R$ 137.640,00",Nissan,Frontier S CD 4x4 2.3 TB Diesel Mec.,2023,023161-4,Diesel,1,D,julho de 2026 ,hjp4c446tndrj,"quarta-feira, 1 de julho de 2026 03:47",137640.0
335,1,,,2023,nan,"R$ 83.515,00",Nissan,VERSA Sense 1.6 16V Flex Aut.,2023,023176-2,Flex,1,F,julho de 2026 ,cbxjl887d4vpn,"quarta-feira, 1 de julho de 2026 03:47",83515.0
335,1,,,2025,nan,"R$ 105.774,00",Nissan,VERSA Advance 1.6 16V Flex Aut.,2025,023175-4,Flex,1,F,julho de 2026 ,gbbw5vyxl1dzm,"quarta-feira, 1 de julho de 2026 03:47",105774.0
335,1,,,2026,nan,"R$ 145.360,00",Nissan,Sentra Advance 2.0 16V Aut.,2026,023187-8,Gasolina,1,G,julho de 2026 ,htrqyb4tc6d1k,"quarta-feira, 1 de julho de 2026 03:48",145360.0
335,1,,,2026,nan,"R$ 166.813,00",Nissan,Sentra Exclu. Int. Premium 2.0 16V Aut.,2026,023189-4,Gasolina,1,G,julho de 2026 ,jmxg7gsl81d1k,"quarta-feira, 1 de julho de 2026 03:48",166813.0
335,1,,,2022,nan,"R$ 69.995,00",Peugeot,208 Allure 1.6 Flex 16V 5p Aut.,2022,024215-2,Flex,1,F,julho de 2026 ,5s0hwx67zvlf,"quarta-feira, 1 de julho de 2026 03:48",69995.0
335,1,,,2021,nan,"R$ 161.950,00",Renault,Master 2.3 dCi Grand Furgão16V Diesel,2021,025197-6,Diesel,1,D,julho de 2026 ,jf6qtnl8nzdj2,"quarta-feira, 1 de julho de 2026 03:48",161950.0
335,1,,,2022,nan,"R$ 185.219,00",Renault,Master 2.3 dCi Extra Furgão 16V Diesel,2022,025198-4,Diesel,1,D,julho de 2026 ,kbhg9mlh73dm9,"quarta-feira, 1 de julho de 2026 03:48",185219.0
335,1,,,2025,nan,"R$ 97.438,00",Renault,OROCH Pro 1.6 Flex 16V Mec.,2025,025313-8,Flex,1,F,julho de 2026 ,ch5r6h6tdgww3,"quarta-feira, 1 de julho de 2026 03:48",97438.0
335,1,,,2024,nan,"R$ 100.613,00",Renault,DUSTER Iconic Plus 1.6 16V Flex Aut.,2024,025324-3,Flex,1,F,julho de 2026 ,f389z06717dwd,"quarta-feira, 1 de julho de 2026 03:48",100613.0
335,1,,,2024,nan,"R$ 421.370,00",Volvo,XC 90 T-8 Ultim. Dark 2.0 AWD (Híbrido),2024,029153-6,Híbrido,1,H,julho de 2026 ,t8cvt2g806dwq,"quarta-feira, 1 de julho de 2026 03:48",421370.0
335,1,,,2026,nan,"R$ 102.928,00",Renault,Kangoo Advanced 1.6 16V Flex ,2026,025331-6,Flex,1,F,julho de 2026 ,f60gfnyx5cd2v,"quarta-feira, 1 de julho de 2026 03:48",102928.0
335,1,,,2022,nan,"R$ 223.843,00",Land Rover,Discovery Sp. SE R-Dyn 2.0 TB Die.(Híb.),2022,033171-6,Híbrido,1,H,julho de 2026 ,lssb30j0rpdn8,"quarta-feira, 1 de julho de 2026 03:48",223843.0
335,1,,,2025,nan,"R$ 200.277,00",RAM,RAMPAGE REBEL HURR.4 2.0 TB CD 4X4 Aut.,2025,083016-0,Gasolina,1,G,julho de 2026 ,kw4szz84t9dyb,"quarta-feira, 1 de julho de 2026 03:48",200277.0
335,1,,,2025,nan,"R$ 161.584,00",Caoa Chery,Tiggo 8 Max Drive 1.6 Turbo Aut.,2025,093013-0,Gasolina,1,G,julho de 2026 ,jfsffgpk8qdyb,"quarta-feira, 1 de julho de 2026 03:48",161584.0
335,1,,,2025,nan,"R$ 183.894,00",GWM,Haval H6 2 1.5 (Hibrido),2025,096001-2,Híbrido,1,H,julho de 2026 ,j8ybb3k6nbdzy,"quarta-feira, 1 de julho de 2026 03:48",183894.0
335,1,,,2024,nan,"R$ 395.925,00",Volvo,XC 90 T-8 Ultimate 2.0 AWD (Híbrido),2024,029154-4,Híbrido,1,H,julho de 2026 ,s9j0jnp2rjdwq,"quarta-feira, 1 de julho de 2026 03:48",395925.0
335,1,,,2025,nan,"R$ 201.250,00",GWM,Haval H6 19 1.5 (Hibrido),2025,096008-0,Híbrido,1,H,julho de 2026 ,kx85bbr6rydzy,"quarta-feira, 1 de julho de 2026 03:48",201250.0
335,1,,,2025,nan,"R$ 182.698,00",GWM,Haval H6 ONE 1.5 (Hibrido),2025,096010-1,Híbrido,1,H,julho de 2026 ,j7jvrhx8z0dzy,"quarta-feira, 1 de julho de 2026 03:48",182698.0
334,1,,,2021,nan,"R$ 44.441,00",Fiat,UNO ATTRACTIVE 1.0 Fire Flex 8V 5p,2021,001424-9,Flex,1,F,junho de 2026 ,v4ddpcqr1lg6,"quarta-feira, 1 de julho de 2026 03:48",44441.0
334,1,,,2026,nan,"R$ 66.934,00",Fiat,MOBI LIKE 1.0 Fire Flex 5p.,2026,001461-3,Flex,1,F,junho de 2026 ,4m3xwntgcy0b,"quarta-feira, 1 de julho de 2026 03:48",66934.0
334,1,,,2026,nan,"R$ 76.933,00",Fiat,ARGO 1.0 6V Flex,2026,001509-1,Flex,1,F,junho de 2026 ,8fb76dsszfd2v,"quarta-feira, 1 de julho de 2026 03:48",76933.0
334,1,,,2022,nan,"R$ 79.933,00",Fiat,Fiorino Endurance EVO 1.4 Flex 8V 2p,2022,001531-8,Flex,1,F,junho de 2026 ,9kjnwntrqdlf,"quarta-feira, 1 de julho de 2026 03:48",79933.0
334,1,,,2022,nan,"R$ 77.890,00",Fiat,Strada Endurance 1.4 Flex 8V CD,2022,001529-6,Flex,1,F,junho de 2026 ,8sk28b51cplf,"quarta-feira, 1 de julho de 2026 03:48",77890.0
334,1,,,2024,nan,"R$ 116.895,00",Fiat,Toro Endurance 1.3 T270 4x2 Flex Aut.,2024,001537-7,Flex,1,F,junho de 2026 ,grc3t1qhr0dwd,"quarta-feira, 1 de julho de 2026 03:48",116895.0
334,1,,,2022,nan,"R$ 117.824,00",Fiat,Toro Volcano 1.3 T270 4x2 Flex Aut.,2022,001539-3,Flex,1,F,junho de 2026 ,gsgwlhf3qydny,"quarta-feira, 1 de julho de 2026 03:48",117824.0
334,1,,,2025,nan,"R$ 123.799,00",Fiat,Toro Endurance 1.3 T270 4x2 Flex Aut.,2025,001537-7,Flex,1,F,junho de 2026 ,g0g1yvltbcdzm,"quarta-feira, 1 de julho de 2026 03:48",123799.0
334,1,,,2026,nan,"R$ 106.575,00",Fiat,PULSE DRIVE 1.3 8V Flex Aut.,2026,001544-0,Flex,1,F,junho de 2026 ,gb80p9np3bd2v,"quarta-feira, 1 de julho de 2026 03:48",106575.0
334,1,,,2024,nan,"R$ 115.031,00",Fiat,Strada Volcano 1.3 Flex 8V CD Aut.,2024,001549-0,Flex,1,F,junho de 2026 ,gn6ckldyx3dwd,"quarta-feira, 1 de julho de 2026 03:48",115031.0
334,1,,,2023,nan,"R$ 149.333,00",Fiat,Scudo Cargo 1.5 16V Turbo Diesel,2023,001550-4,Diesel,1,D,junho de 2026 ,hzd4jzqwpddrj,"quarta-feira, 1 de julho de 2026 03:48",149333.0
334,1,,,2025,nan,"R$ 167.141,00",Fiat,Scudo Cargo 1.5 16V Turbo Diesel,2025,001550-4,Diesel,1,D,junho de 2026 ,jm9ds94c3mdyz,"quarta-feira, 1 de julho de 2026 03:48",167141.0
335,1,,,2021,nan,"R$ 44.369,00",Fiat,UNO ATTRACTIVE 1.0 Fire Flex 8V 5p,2021,001424-9,Flex,1,F,julho de 2026 ,v3j7fjmfxmg6,"quarta-feira, 1 de julho de 2026 03:45",44369.0
335,1,,,2026,nan,"R$ 66.577,00",Fiat,MOBI LIKE 1.0 Fire Flex 5p.,2026,001461-3,Flex,1,F,julho de 2026 ,4hx5cybn600b,"quarta-feira, 1 de julho de 2026 03:45",66577.0
335,1,,,2026,nan,"R$ 78.505,00",Fiat,ARGO 1.0 6V Flex,2026,001509-1,Flex,1,F,julho de 2026 ,80smtfp8nmd2v,"quarta-feira, 1 de julho de 2026 03:45",78505.0
335,1,,,2022,nan,"R$ 75.706,00",Fiat,Strada Endurance 1.4 Flex 8V CD,2022,001529-6,Flex,1,F,julho de 2026 ,7yy8xwzd62lf,"quarta-feira, 1 de julho de 2026 03:45",75706.0
335,1,,,2022,nan,"R$ 79.606,00",Fiat,Fiorino Endurance EVO 1.4 Flex 8V 2p,2022,001531-8,Flex,1,F,julho de 2026 ,9fptdr2df9lf,"quarta-feira, 1 de julho de 2026 03:45",79606.0
335,1,,,2024,nan,"R$ 115.752,00",Fiat,Toro Endurance 1.3 T270 4x2 Flex Aut.,2024,001537-7,Flex,1,F,julho de 2026 ,gp1kyq6x44dwd,"quarta-feira, 1 de julho de 2026 03:45",115752.0
335,1,,,2025,nan,"R$ 122.911,00",Fiat,Toro Endurance 1.3 T270 4x2 Flex Aut.,2025,001537-7,Flex,1,F,julho de 2026 ,gzfsdj8bx3dzm,"quarta-feira, 1 de julho de 2026 03:45",122911.0
335,1,,,2022,nan,"R$ 117.362,00",Fiat,Toro Volcano 1.3 T270 4x2 Flex Aut.,2022,001539-3,Flex,1,F,julho de 2026 ,grx2036brkdny,"quarta-feira, 1 de julho de 2026 03:45",117362.0
335,1,,,2023,nan,"R$ 88.059,00",Fiat,PULSE DRIVE 1.3 8V Flex Aut.,2023,001544-0,Flex,1,F,julho de 2026 ,cdms62qlz7lpn,"quarta-feira, 1 de julho de 2026 03:45",88059.0
335,1,,,2026,nan,"R$ 105.779,00",Fiat,PULSE DRIVE 1.3 8V Flex Aut.,2026,001544-0,Flex,1,F,julho de 2026 ,gbb2th17jkd2v,"quarta-feira, 1 de julho de 2026 03:45",105779.0
335,1,,,2024,nan,"R$ 114.502,00",Fiat,Strada Volcano 1.3 Flex 8V CD Aut.,2024,001549-0,Flex,1,F,julho de 2026 ,gnk4hyqs84dwd,"quarta-feira, 1 de julho de 2026 03:45",114502.0
335,1,,,2023,nan,"R$ 146.349,00",Fiat,Scudo Cargo 1.5 16V Turbo Diesel,2023,001550-4,Diesel,1,D,julho de 2026 ,hvxn9lk7xbdrj,"quarta-feira, 1 de julho de 2026 03:46",146349.0
335,1,,,2025,nan,"R$ 161.291,00",Fiat,Scudo Cargo 1.5 16V Turbo Diesel,2025,001550-4,Diesel,1,D,julho de 2026 ,jffr85mbpbdyz,"quarta-feira, 1 de julho de 2026 03:46",161291.0
335,1,,,2026,nan,"R$ 96.179,00",Fiat,CRONOS DRIVE 1.3 8V Flex Aut.,2026,001554-7,Flex,1,F,julho de 2026 ,chp0lnnpsws0b,"quarta-feira, 1 de julho de 2026 03:46",96179.0
335,1,,,2023,nan,"R$ 195.120,00",Fiat,E-Scudo (Elétrico),2023,001560-1,Elétrico,1,E,julho de 2026 ,kp3b9xpd9ydrv,"quarta-feira, 1 de julho de 2026 03:46",195120.0
335,1,,,2024,nan,"R$ 246.100,00",Fiat,Ducato Minibus 2.2 Comf.19L Diesel (E6),2024,001567-9,Diesel,1,D,julho de 2026 ,mmwbbdckhddvr,"quarta-feira, 1 de julho de 2026 03:46",246100.0
335,1,,,2026,nan,"R$ 94.768,00",Fiat,Strada Endurance 1.3 Flex 8V CS Plus,2026,001569-5,Flex,1,F,julho de 2026 ,cg5gq31zbsrd2v,"quarta-feira, 1 de julho de 2026 03:46",94768.0
335,1,,,2026,nan,"R$ 115.707,00",Fiat,PULSE AUDACE Turbo 200  Aut. (Hibrído),2026,001579-2,Híbrido,1,H,julho de 2026 ,gpzx7wrjwxd25,"quarta-feira, 1 de julho de 2026 03:46",115707.0
335,1,,,2025,nan,"R$ 98.214,00",Fiat,Fiorino Endurance 1.3 Flex 8V 2p,2025,001589-0,Flex,1,F,julho de 2026 ,cjgv739npsvdzm,"quarta-feira, 1 de julho de 2026 03:46",98214.0
335,1,,,2026,nan,"R$ 195.225,00",Fiat,Scudo Multi 2.2 16 V Turbo Diesel,2026,001591-1,Diesel,1,D,julho de 2026 ,kp65mhz6gvd16,"quarta-feira, 1 de julho de 2026 03:46",195225.0
335,1,,,2023,nan,"R$ 84.174,00",Toyota,YARIS XL Sedan 1.5 Flex 16V 4p Aut.,2023,002168-7,Flex,1,F,julho de 2026 ,cb474l62g9cpn,"quarta-feira, 1 de julho de 2026 03:46",84174.0
335,1,,,2022,nan,"R$ 113.760,00",Toyota,Corolla GLi 2.0 16V Flex Aut.,2022,002181-4,Flex,1,F,julho de 2026 ,gmp5f9tr8bdny,"quarta-feira, 1 de julho de 2026 03:46",113760.0
335,1,,,2025,nan,"R$ 143.092,00",Toyota,Corolla GLi 2.0 16V Flex Aut.,2025,002181-4,Flex,1,F,julho de 2026 ,hq29gffzwfdzm,"quarta-feira, 1 de julho de 2026 03:46",143092.0
335,1,,,2024,nan,"R$ 164.124,00",Toyota,Corolla Altis Prem. 1.8 Aut. (Híbrido),2024,002183-0,Híbrido,1,H,julho de 2026 ,jjrrc75v7fdwq,"quarta-feira, 1 de julho de 2026 03:46",164124.0
335,1,,,2025,nan,"R$ 294.713,00",Toyota,RAV4 2.5 SX Connect 4x4  Aut. (Híbrido),2025,002196-2,Híbrido,1,H,julho de 2026 ,pgv79w144sdzy,"quarta-feira, 1 de julho de 2026 03:46",294713.0
335,1,,,2024,nan,"R$ 159.193,00",Toyota,Corolla Cross XRV 1.8 16V Aut. (Híbrido),2024,002200-4,Híbrido,1,H,julho de 2026 ,jbzjb650tmdwq,"quarta-feira, 1 de julho de 2026 03:46",159193.0
335,1,,,2023,nan,"R$ 131.564,00",Toyota,Corolla Cross XR 2.0 16V Flex Aut.,2023,002201-2,Flex,1,F,julho de 2026 ,g9k86x05b7dr5,"quarta-feira, 1 de julho de 2026 03:46",131564.0
335,1,,,2026,nan,"R$ 174.855,00",Toyota,Corolla Cross XRE 2.0 16V Flex Aut.,2026,002203-9,Flex,1,F,julho de 2026 ,jybslz2wv6d2v,"quarta-feira, 1 de julho de 2026 03:46",174855.0
335,1,,,2025,nan,"R$ 188.072,00",Toyota,Corolla Cross XRX 1.8 16V Aut. (Híbrido),2025,002204-7,Híbrido,1,H,julho de 2026 ,kft5x9skh4dzy,"quarta-feira, 1 de julho de 2026 03:46",188072.0
335,1,,,2023,nan,"R$ 343.461,00",Toyota,Hilux SW4 Diamond 2.8 TB 4x4 Die. Aut.,2023,002205-5,Diesel,1,D,julho de 2026 ,q903dxcywjdrj,"quarta-feira, 1 de julho de 2026 03:46",343461.0
335,1,,,2023,nan,"R$ 350.634,00",Toyota,Hilux SW4 GRS 2.8 TB 4x4 Diesel Aut.,2023,002206-3,Diesel,1,D,julho de 2026 ,rlftmqsyxydrj,"quarta-feira, 1 de julho de 2026 03:46",350634.0
335,1,,,2024,nan,"R$ 343.476,00",Toyota,Hilux SW4 SRX Plat. 4x4 2.8 TB Die. Aut.,2024,002214-4,Diesel,1,D,julho de 2026 ,q91m9tmy1sdvr,"quarta-feira, 1 de julho de 2026 03:46",343476.0
335,1,,,2023,nan,"R$ 149.989,00",Ford,Ranger XL 2.2 4x4 CS Diesel Mec.,2023,003433-9,Diesel,1,D,julho de 2026 ,hz5zpqjsr2drj,"quarta-feira, 1 de julho de 2026 03:46",149989.0
335,1,,,2021,nan,"R$ 59.055,00",Ford,Ka 1.5 Sedan SE Plus 12V Flex 4p Aut.,2021,003465-7,Flex,1,F,julho de 2026 ,1nq4s1tfplg6,"quarta-feira, 1 de julho de 2026 03:46",59055.0
335,1,,,2022,nan,"R$ 160.013,00",Ford,Bronco Sport Wildtrak 2.0 Tb 16V AWD Aut,2022,003481-9,Gasolina,1,G,julho de 2026 ,jcx99b9pt8dmn,"quarta-feira, 1 de julho de 2026 03:46",160013.0
335,1,,,2026,nan,"R$ 309.333,00",Ford,TRANSIT Minibus 18 Lug. 2.0 16V Diesel,2026,003484-3,Diesel,1,D,julho de 2026 ,p00ng7fsnld16,"quarta-feira, 1 de julho de 2026 03:46",309333.0
335,1,,,2026,nan,"R$ 213.899,00",Ford,Ranger XL 2.0 4x4 CD Diesel Mec. ,2026,003502-5,Diesel,1,D,julho de 2026 ,ld3xnqyfsdd16,"quarta-feira, 1 de julho de 2026 03:46",213899.0
335,1,,,2026,nan,"R$ 261.586,00",GM - Chevrolet,S10 Pick-Up LTZ 2.8 TDI 4x4 CD Dies.Aut,2026,004397-4,Diesel,1,D,julho de 2026 ,m6058lwbz2d16,"quarta-feira, 1 de julho de 2026 03:46",261586.0
335,1,,,2024,nan,"R$ 79.954,00",GM - Chevrolet,SPIN LS 1.8 8V Econo.Flex 5p Mec.,2024,004435-0,Flex,1,F,julho de 2026 ,9kr9h3bgbmsw,"quarta-feira, 1 de julho de 2026 03:46",79954.0
335,1,,,2022,nan,"R$ 98.562,00",GM - Chevrolet,CRUZE LT 1.4 16V Turbo Flex 4p Aut.,2022,004470-9,Flex,1,F,julho de 2026 ,cjlyq7yv1z0lf,"quarta-feira, 1 de julho de 2026 03:46",98562.0
335,1,,,2022,nan,"R$ 133.937,00",GM - Chevrolet,S10 Pick-Up Advantage 2.5 Flex 4x2 CD,2022,004474-1,Flex,1,F,julho de 2026 ,hdcj0gqb9mdny,"quarta-feira, 1 de julho de 2026 03:46",133937.0
335,1,,,2026,nan,"R$ 139.489,00",GM - Chevrolet,SPIN PREMIER 1.8 8V Econo.Flex 5p Aut.,2026,004494-6,Flex,1,F,julho de 2026 ,hlwbrn9yjdd2v,"quarta-feira, 1 de julho de 2026 03:46",139489.0
335,1,,,2021,nan,"R$ 59.738,00",GM - Chevrolet,ONIX HATCH LT 1.0 12V Flex 5p Mec.,2021,004517-9,Flex,1,F,julho de 2026 ,1xrdj23yxkg6,"quarta-feira, 1 de julho de 2026 03:46",59738.0
335,1,,,2022,nan,"R$ 63.476,00",GM - Chevrolet,ONIX SEDAN Plus LT 1.0 12V Flex 4p Mec.,2022,004518-7,Flex,1,F,julho de 2026 ,3bk1n80t1qlf,"quarta-feira, 1 de julho de 2026 03:46",63476.0
335,1,,,2025,nan,"R$ 97.802,00",GM - Chevrolet,ONIX HATCH RS 1.0 TB 12V Flex 5p Aut.,2025,004530-6,Flex,1,F,julho de 2026 ,ch91hw98nkjw3,"quarta-feira, 1 de julho de 2026 03:46",97802.0
335,1,,,2026,nan,"R$ 141.728,00",GM - Chevrolet,TRACKER LTZ 1.0 Turbo 12V Flex Aut.,2026,004532-2,Flex,1,F,julho de 2026 ,hphqkpb82wd2v,"quarta-feira, 1 de julho de 2026 03:46",141728.0
335,1,,,2023,nan,"R$ 106.027,00",GM - Chevrolet,MONTANA LTZ 1.2 Turbo Flex 12V 4p Aut.,2023,004541-1,Flex,1,F,julho de 2026 ,gbm27zl41fdr5,"quarta-feira, 1 de julho de 2026 03:46",106027.0
335,1,,,2026,nan,"R$ 136.437,00",GM - Chevrolet,MONTANA LTZ 1.2 Turbo Flex 12V 4p Aut.,2026,004541-1,Flex,1,F,julho de 2026 ,hg9dw00hmxd2v,"quarta-feira, 1 de julho de 2026 03:46",136437.0
335,1,,,2022,nan,"R$ 62.286,00",VW - VolksWagen,Saveiro Robust 1.6 Total Flex 8V,2022,005459-3,Flex,1,F,julho de 2026 ,2wmh8zt6lmlf,"quarta-feira, 1 de julho de 2026 03:46",62286.0
335,1,,,2026,nan,"R$ 129.406,00",VW - VolksWagen,VIRTUS Highline 200 TSI 1.0 Flex 12V Aut,2026,005484-4,Flex,1,F,julho de 2026 ,g61vn6qqd7d2v,"quarta-feira, 1 de julho de 2026 03:46",129406.0
335,1,,,2023,nan,"R$ 101.237,00",VW - VolksWagen,VIRTUS Comfort. 200 TSI 1.0 Flex 12V Aut,2023,005485-2,Flex,1,F,julho de 2026 ,f40z20ybd5dr5,"quarta-feira, 1 de julho de 2026 03:46",101237.0
335,1,,,2026,nan,"R$ 118.378,00",VW - VolksWagen,VIRTUS Comfort. 200 TSI 1.0 Flex 12V Aut,2026,005485-2,Flex,1,F,julho de 2026 ,gs30tfgmc4d2v,"quarta-feira, 1 de julho de 2026 03:46",118378.0
335,1,,,2019,nan,"R$ 143.332,00",VW - VolksWagen,TIGUAN Allspac R-Line 350 TSI 2.0 4x4,2019,005489-5,Gasolina,1,G,julho de 2026 ,hrc0whch91c9z,"quarta-feira, 1 de julho de 2026 03:46",143332.0
335,1,,,2022,nan,"R$ 64.575,00",VW - VolksWagen,VOYAGE 1.6 MSI Flex 16V 4p Aut.,2022,005501-8,Flex,1,F,julho de 2026 ,3rghqqwlnklf,"quarta-feira, 1 de julho de 2026 03:46",64575.0
335,1,,,2026,nan,"R$ 159.706,00",VW - VolksWagen,T-Cross Hig. 250 TSI 1.4 Flex 16V 5p Aut,2026,005508-5,Flex,1,F,julho de 2026 ,jck5czzq7pd2v,"quarta-feira, 1 de julho de 2026 03:46",159706.0
335,1,,,2026,nan,"R$ 146.519,00",VW - VolksWagen,T-Cross Comfor. 200 TSI 1.0 Flex 5p Aut.,2026,005509-3,Flex,1,F,julho de 2026 ,hv3vvkqt45d2v,"quarta-feira, 1 de julho de 2026 03:46",146519.0
335,1,,,2026,nan,"R$ 97.337,00",VW - VolksWagen,Polo Sense TSI 1.0 Flex 12V Aut,2026,005513-1,Flex,1,F,julho de 2026 ,ch4lhg5sd44d2v,"quarta-feira, 1 de julho de 2026 03:46",97337.0
335,1,,,2026,nan,"R$ 137.884,00",VW - VolksWagen,Nivus Highline 1.0 200 TSI Flex Aut.,2026,005526-3,Flex,1,F,julho de 2026 ,hjzz9yf0mwd2v,"quarta-feira, 1 de julho de 2026 03:46",137884.0
335,1,,,2023,nan,"R$ 79.878,00",VW - VolksWagen,VIRTUS TSI 1.0 Flex 12V 4p Mec.,2023,005542-5,Flex,1,F,julho de 2026 ,9jwn5jz49zdr5,"quarta-feira, 1 de julho de 2026 03:46",79878.0
335,1,,,2026,nan,"R$ 103.907,00",VW - VolksWagen,VIRTUS TSI 1.0 Flex 12V 4p Mec.,2026,005542-5,Flex,1,F,julho de 2026 ,f741jk9kbgd2v,"quarta-feira, 1 de julho de 2026 03:46",103907.0
335,1,,,2026,nan,"R$ 113.471,00",VW - VolksWagen,VIRTUS TSI 1.0 Flex 12V 4p Aut.,2026,005543-3,Flex,1,F,julho de 2026 ,gmcntn56xdd2v,"quarta-feira, 1 de julho de 2026 03:47",113471.0
335,1,,,2025,nan,"R$ 77.286,00",VW - VolksWagen,Polo Robust 1.0 Flex 12V 5p,2025,005550-6,Flex,1,F,julho de 2026 ,8khknngsy4dzm,"quarta-feira, 1 de julho de 2026 03:46",77286.0
335,1,,,2022,nan,"R$ 395.369,00",Audi,Q8 Perf.Black 3.0 TFSI Quat. S-tr/(Híb.),2022,008250-3,Híbrido,1,H,julho de 2026 ,s8ws1v1n1jdn8,"quarta-feira, 1 de julho de 2026 03:47",395369.0
335,1,,,2023,nan,"R$ 462.952,00",Audi,Q8 Perf.Black 3.0 TFSI Quat. S-tr/(Híb.),2023,008250-3,Híbrido,1,H,julho de 2026 ,wt37lp5mc2dsh,"quarta-feira, 1 de julho de 2026 03:47",462952.0
335,1,,,2022,nan,"R$ 300.826,00",Audi,E-TRON Performace Aut. (Elétrico),2022,008257-0,Elétrico,1,E,julho de 2026 ,pp1f5j6f5hdnm,"quarta-feira, 1 de julho de 2026 03:47",300826.0
335,1,,,2023,nan,"R$ 191.265,00",Audi,A4 S Line 2.0  TFSI 204cv S Tonic,2023,008281-3,Gasolina,1,G,julho de 2026 ,kkk7nzstqbdqw,"quarta-feira, 1 de julho de 2026 03:47",191265.0
335,1,,,2023,nan,"R$ 237.659,00",Audi,Q3 SPB Perf. Black 2.0 TFSI Tipt. Quat.,2023,008283-0,Gasolina,1,G,julho de 2026 ,l9zjc2rr13dqw,"quarta-feira, 1 de julho de 2026 03:47",237659.0
335,1,,,2024,nan,"R$ 267.958,00",Audi,Q3 SPB Perf. Black 2.0 TFSI Tipt. Quat.,2024,008283-0,Gasolina,1,G,julho de 2026 ,nghsyyzl09dt3,"quarta-feira, 1 de julho de 2026 03:47",267958.0
335,1,,,2024,nan,"R$ 255.754,00",Audi,Q3 Performance 2.0 TFSI Tiptr. Quattro,2024,008284-8,Gasolina,1,G,julho de 2026 ,mz5605bdpldt3,"quarta-feira, 1 de julho de 2026 03:47",255754.0
335,1,,,2024,nan,"R$ 341.215,00",Audi,Q5 Perf. Black 2.0 TFSIe S.Tr. Qt (Hib.),2024,008285-6,Híbrido,1,H,julho de 2026 ,q7dgqcr0m9dwq,"quarta-feira, 1 de julho de 2026 03:47",341215.0
335,1,,,2024,nan,"R$ 333.949,00",Audi,Q5 SB P Black. 2.0 TFSIe S.Tr. Qt (Hib.),2024,008287-2,Híbrido,1,H,julho de 2026 ,qywcp3st5rdwq,"quarta-feira, 1 de julho de 2026 03:47",333949.0
335,1,,,2025,nan,"R$ 257.436,00",Audi,Q3 Prestige 2.0 TFSI Tiptr.Quatro ,2025,008289-9,Gasolina,1,G,julho de 2026 ,m15b7fvcdtdyb,"quarta-feira, 1 de julho de 2026 03:47",257436.0
335,1,,,2025,nan,"R$ 297.057,00",BMW,320iA 2.0 Turbo/ActiveFlex 16V/GP  4p,2025,009164-2,Gasolina,1,G,julho de 2026 ,pkmgfhw6qhdyb,"quarta-feira, 1 de julho de 2026 03:47",297057.0
335,1,,,2023,nan,"R$ 266.424,00",BMW,320iA 2.0 TB M Sport A.Flex/M.Sport 4p,2023,009213-4,Flex,1,F,julho de 2026 ,ndp1h6glg6dr5,"quarta-feira, 1 de julho de 2026 03:47",266424.0
335,1,,,2025,nan,"R$ 321.588,00",BMW,320iA 2.0 TB M Sport A.Flex/M.Sport 4p,2025,009213-4,Flex,1,F,julho de 2026 ,qhc2wd8hkydzm,"quarta-feira, 1 de julho de 2026 03:47",321588.0
335,1,,,2023,nan,"R$ 272.765,00",BMW,X3 XDRIVE 30e X-Line Turbo Aut. (Híb.),2023,009272-0,Híbrido,1,H,julho de 2026 ,nm4h8p8xxxdsh,"quarta-feira, 1 de julho de 2026 03:47",272765.0
335,1,,,2025,nan,"R$ 296.898,00",BMW,X1 SDRIVE 20i X-Line 2.0 TB Aut.,2025,009303-3,Gasolina,1,G,julho de 2026 ,pkfn8p5wwpdyb,"quarta-feira, 1 de julho de 2026 03:47",296898.0
335,1,,,2024,nan,"R$ 289.385,00",BMW,X1 SDRIVE 20i M Sport 2.0 TB Aut.,2024,009305-0,Gasolina,1,G,julho de 2026 ,n8mlywj2zpdt3,"quarta-feira, 1 de julho de 2026 03:47",289385.0
335,1,,,2025,nan,"R$ 316.341,00",BMW,X1 SDRIVE 20i M Sport 2.0 TB Aut.,2025,009305-0,Gasolina,1,G,julho de 2026 ,p87csnwdvgdyb,"quarta-feira, 1 de julho de 2026 03:47",316341.0
335,1,,,2025,nan,"R$ 661.906,00",BMW,X5 XDRIVE 50e 3.0 M Sport Aut. (Hibrido),2025,009307-6,Híbrido,1,H,julho de 2026 ,4cdl51gclhdzy,"quarta-feira, 1 de julho de 2026 03:47",661906.0
335,1,,,2023,nan,"R$ 78.201,00",Citroën,C4 CACTUS FEEL Pack 1.6 16V Flex Aut.,2023,011197-0,Flex,1,F,julho de 2026 ,8w64g6xq4lpn,"quarta-feira, 1 de julho de 2026 03:47",78201.0
335,1,,,2023,nan,"R$ 139.406,00",Citroën,Jumpy Cargo 1.5 Turbo Diesel,2023,011216-0,Diesel,1,D,julho de 2026 ,hlr97jz4hndrj,"quarta-feira, 1 de julho de 2026 03:47",139406.0
335,1,,,2025,nan,"R$ 99.523,00",Citroën,AIRCROSS F. Pack 1.0 Flex TB 200 Aut.,2025,011231-3,Flex,1,F,julho de 2026 ,cjy61ck41v3dzm,"quarta-feira, 1 de julho de 2026 03:47",99523.0
335,1,,,2021,nan,"R$ 149.228,00",Honda,Civic Sedan TOURING 1.5 Turbo 16V Aut.4p,2021,014089-9,Gasolina,1,G,julho de 2026 ,hy897d8ln9djf,"quarta-feira, 1 de julho de 2026 03:47",149228.0
335,1,,,2024,nan,"R$ 119.641,00",Honda,CITY Hatchback EXL 1.5 Flex 16V Aut.,2024,014108-9,Flex,1,F,julho de 2026 ,gvlxw9p3qbdwd,"quarta-feira, 1 de julho de 2026 03:47",119641.0
335,1,,,2025,nan,"R$ 147.585,00",Honda,HR-V EXL 1.5 Flex Sensing 16V 5p Aut.,2025,014110-0,Flex,1,F,julho de 2026 ,hxclzbr6hhdzm,"quarta-feira, 1 de julho de 2026 03:47",147585.0
335,1,,,2023,nan,"R$ 108.471,00",Hyundai,Creta Comfort 1.0 TB 12V Flex Aut.,2023,015200-5,Flex,1,F,julho de 2026 ,gfhx1j2b0ldr5,"quarta-feira, 1 de julho de 2026 03:47",108471.0
335,1,,,2026,nan,"R$ 132.114,00",Hyundai,Creta Comfort 1.0 TB 12V Flex Aut.,2026,015200-5,Flex,1,F,julho de 2026 ,g968x3wpkfd2v,"quarta-feira, 1 de julho de 2026 03:47",132114.0
335,1,,,2026,nan,"R$ 160.980,00",Hyundai,Creta Platinum 1.0 TB 12V Flex Aut.,2026,015202-1,Flex,1,F,julho de 2026 ,jd2gv3xtxgd2v,"quarta-feira, 1 de julho de 2026 03:47",160980.0
335,1,,,2023,nan,"R$ 112.453,00",Hyundai,Creta Limited 1.0 TB 12V Flex Aut.,2023,015203-0,Flex,1,F,julho de 2026 ,gk5nsj2xb1dr5,"quarta-feira, 1 de julho de 2026 03:47",112453.0
335,1,,,2024,nan,"R$ 117.720,00",Hyundai,Creta Limited 1.0 TB 12V Flex Aut.,2024,015203-0,Flex,1,F,julho de 2026 ,gsb3dv1txhdwd,"quarta-feira, 1 de julho de 2026 03:47",117720.0
335,1,,,2023,nan,"R$ 67.439,00",Hyundai,HB20 Limited 1.0 Flex 12V Mec.,2023,015213-7,Flex,1,F,julho de 2026 ,4t1g0qwg9dpn,"quarta-feira, 1 de julho de 2026 03:47",67439.0
335,1,,,2026,nan,"R$ 83.447,00",Hyundai,HB20 Limited 1.0 Flex 12V Mec.,2026,015213-7,Flex,1,F,julho de 2026 ,cbwqw29jhpb0b,"quarta-feira, 1 de julho de 2026 03:47",83447.0
335,1,,,2026,nan,"R$ 80.983,00",Hyundai,HB20 Comfort 1.0 Flex 12V Mec.,2026,015215-3,Flex,1,F,julho de 2026 ,9yt9t2qwv40b,"quarta-feira, 1 de julho de 2026 03:47",80983.0
335,1,,,2026,nan,"R$ 87.058,00",Hyundai,HB20S Comfort 1.0  Flex 12V Mec.,2026,015218-8,Flex,1,F,julho de 2026 ,cc72c7s0qvhd2v,"quarta-feira, 1 de julho de 2026 03:47",87058.0
335,1,,,2026,nan,"R$ 175.071,00",Hyundai,Creta Ultimate 1.6 TB 16V Aut.,2026,015249-8,Gasolina,1,G,julho de 2026 ,jylmzqn708d1k,"quarta-feira, 1 de julho de 2026 03:47",175071.0
335,1,,,2026,nan,"R$ 163.127,00",Jeep,COMPASS LONG. T270 1.3 TB 4x2 Flex Aut.,2026,017071-2,Flex,1,F,julho de 2026 ,jhlh0l4x4md2v,"quarta-feira, 1 de julho de 2026 03:47",163127.0
335,1,,,2024,nan,"R$ 166.869,00",Jeep,COMPASS LIMITED TD 350 2.0 4x4 Die. Aut.,2024,017077-1,Diesel,1,D,julho de 2026 ,jmzjbj54yrdvr,"quarta-feira, 1 de julho de 2026 03:47",166869.0
335,1,,,2026,nan,"R$ 135.459,00",Jeep,Renegade Long. T270 1.3 TB 4x2 Flex Aut.,2026,017088-7,Flex,1,F,julho de 2026 ,hf4vx2d13dd2v,"quarta-feira, 1 de julho de 2026 03:47",135459.0
335,1,,,2025,nan,"R$ 198.368,00",Jeep,COMPASS Black Hurricane 2.0 4x4 TB Aut.,2025,017096-8,Gasolina,1,G,julho de 2026 ,ktxd0qdl4ddyb,"quarta-feira, 1 de julho de 2026 03:47",198368.0
335,1,,,2025,nan,"R$ 189.766,00",Jeep,COMPASS Over. Hurric 2.0 4x4 TB 16V Aut.,2025,017097-6,Gasolina,1,G,julho de 2026 ,khtrnq1m89dyb,"quarta-feira, 1 de julho de 2026 03:47",189766.0
335,1,,,2025,nan,"R$ 235.706,00",Jeep,Commander Overl. 2.2 TD 4x4 Diesel Aut.,2025,017104-2,Diesel,1,D,julho de 2026 ,l7pjtv5tdtdyz,"quarta-feira, 1 de julho de 2026 03:47",235706.0
335,1,,,2024,nan,"R$ 149.090,00",Mitsubishi,L200 Tri. Outd. GLX 2.4 CD 4x4 Die. Mec.,2024,022189-9,Diesel,1,D,julho de 2026 ,hy39q49y0tdvr,"quarta-feira, 1 de julho de 2026 03:47",149090.0
335,1,,,2022,nan,"R$ 154.946,00",Nissan,Frontier XE CD 4x4 2.3 Bi-TB Diesel Aut.,2022,023159-2,Diesel,1,D,julho de 2026 ,h5z40xqpwtdm9,"quarta-feira, 1 de julho de 2026 03:47",154946.0
335,1,,,2022,nan,"R$ 146.177,00",Nissan,Frontier ATTAC.CD 4x4 2.3 Bi-TB Die. Aut,2022,023160-6,Diesel,1,D,julho de 2026 ,hvqfhqpwmndm9,"quarta-feira, 1 de julho de 2026 03:47",146177.0
335,1,,,2021,nan,"R$ 116.416,00",Nissan,Frontier S CD 4x4 2.3 TB Diesel Mec.,2021,023161-4,Diesel,1,D,julho de 2026 ,gqtp3wkp8bdj2,"quarta-feira, 1 de julho de 2026 03:47",116416.0
335,1,,,2023,nan,"R$ 137.640,00",Nissan,Frontier S CD 4x4 2.3 TB Diesel Mec.,2023,023161-4,Diesel,1,D,julho de 2026 ,hjp4c446tndrj,"quarta-feira, 1 de julho de 2026 03:47",137640.0
335,1,,,2025,nan,"R$ 105.774,00",Nissan,VERSA Advance 1.6 16V Flex Aut.,2025,023175-4,Flex,1,F,julho de 2026 ,gbbw5vyxl1dzm,"quarta-feira, 1 de julho de 2026 03:47",105774.0
335,1,,,2023,nan,"R$ 83.515,00",Nissan,VERSA Sense 1.6 16V Flex Aut.,2023,023176-2,Flex,1,F,julho de 2026 ,cbxjl887d4vpn,"quarta-feira, 1 de julho de 2026 03:47",83515.0
335,1,,,2026,nan,"R$ 145.360,00",Nissan,Sentra Advance 2.0 16V Aut.,2026,023187-8,Gasolina,1,G,julho de 2026 ,htrqyb4tc6d1k,"quarta-feira, 1 de julho de 2026 03:48",145360.0
335,1,,,2026,nan,"R$ 166.813,00",Nissan,Sentra Exclu. Int. Premium 2.0 16V Aut.,2026,023189-4,Gasolina,1,G,julho de 2026 ,jmxg7gsl81d1k,"quarta-feira, 1 de julho de 2026 03:48",166813.0
335,1,,,2022,nan,"R$ 69.995,00",Peugeot,208 Allure 1.6 Flex 16V 5p Aut.,2022,024215-2,Flex,1,F,julho de 2026 ,5s0hwx67zvlf,"quarta-feira, 1 de julho de 2026 03:48",69995.0
335,1,,,2021,nan,"R$ 161.950,00",Renault,Master 2.3 dCi Grand Furgão16V Diesel,2021,025197-6,Diesel,1,D,julho de 2026 ,jf6qtnl8nzdj2,"quarta-feira, 1 de julho de 2026 03:48",161950.0
335,1,,,2022,nan,"R$ 185.219,00",Renault,Master 2.3 dCi Extra Furgão 16V Diesel,2022,025198-4,Diesel,1,D,julho de 2026 ,kbhg9mlh73dm9,"quarta-feira, 1 de julho de 2026 03:48",185219.0
335,1,,,2025,nan,"R$ 97.438,00",Renault,OROCH Pro 1.6 Flex 16V Mec.,2025,025313-8,Flex,1,F,julho de 2026 ,ch5r6h6tdgww3,"quarta-feira, 1 de julho de 2026 03:48",97438.0
335,1,,,2024,nan,"R$ 100.613,00",Renault,DUSTER Iconic Plus 1.6 16V Flex Aut.,2024,025324-3,Flex,1,F,julho de 2026 ,f389z06717dwd,"quarta-feira, 1 de julho de 2026 03:48",100613.0
335,1,,,2026,nan,"R$ 102.928,00",Renault,Kangoo Advanced 1.6 16V Flex ,2026,025331-6,Flex,1,F,julho de 2026 ,f60gfnyx5cd2v,"quarta-feira, 1 de julho de 2026 03:48",102928.0
335,1,,,2024,nan,"R$ 421.370,00",Volvo,XC 90 T-8 Ultim. Dark 2.0 AWD (Híbrido),2024,029153-6,Híbrido,1,H,julho de 2026 ,t8cvt2g806dwq,"quarta-feira, 1 de julho de 2026 03:48",421370.0
335,1,,,2024,nan,"R$ 395.925,00",Volvo,XC 90 T-8 Ultimate 2.0 AWD (Híbrido),2024,029154-4,Híbrido,1,H,julho de 2026 ,s9j0jnp2rjdwq,"quarta-feira, 1 de julho de 2026 03:48",395925.0
335,1,,,2022,nan,"R$ 223.843,00",Land Rover,Discovery Sp. SE R-Dyn 2.0 TB Die.(Híb.),2022,033171-6,Híbrido,1,H,julho de 2026 ,lssb30j0rpdn8,"quarta-feira, 1 de julho de 2026 03:48",223843.0
335,1,,,2025,nan,"R$ 200.277,00",RAM,RAMPAGE REBEL HURR.4 2.0 TB CD 4X4 Aut.,2025,083016-0,Gasolina,1,G,julho de 2026 ,kw4szz84t9dyb,"quarta-feira, 1 de julho de 2026 03:48",200277.0
335,1,,,2025,nan,"R$ 161.584,00",Caoa Chery,Tiggo 8 Max Drive 1.6 Turbo Aut.,2025,093013-0,Gasolina,1,G,julho de 2026 ,jfsffgpk8qdyb,"quarta-feira, 1 de julho de 2026 03:48",161584.0
335,1,,,2025,nan,"R$ 183.894,00",GWM,Haval H6 2 1.5 (Hibrido),2025,096001-2,Híbrido,1,H,julho de 2026 ,j8ybb3k6nbdzy,"quarta-feira, 1 de julho de 2026 03:48",183894.0
335,1,,,2025,nan,"R$ 201.250,00",GWM,Haval H6 19 1.5 (Hibrido),2025,096008-0,Híbrido,1,H,julho de 2026 ,kx85bbr6rydzy,"quarta-feira, 1 de julho de 2026 03:48",201250.0
335,1,,,2025,nan,"R$ 182.698,00",GWM,Haval H6 ONE 1.5 (Hibrido),2025,096010-1,Híbrido,1,H,julho de 2026 ,j7jvrhx8z0dzy,"quarta-feira, 1 de julho de 2026 03:48",182698.0
334,1,,,2021,nan,"R$ 44.441,00",Fiat,UNO ATTRACTIVE 1.0 Fire Flex 8V 5p,2021,001424-9,Flex,1,F,junho de 2026 ,v4ddpcqr1lg6,"quarta-feira, 1 de julho de 2026 03:48",44441.0
334,1,,,2026,nan,"R$ 66.934,00",Fiat,MOBI LIKE 1.0 Fire Flex 5p.,2026,001461-3,Flex,1,F,junho de 2026 ,4m3xwntgcy0b,"quarta-feira, 1 de julho de 2026 03:48",66934.0
334,1,,,2026,nan,"R$ 76.933,00",Fiat,ARGO 1.0 6V Flex,2026,001509-1,Flex,1,F,junho de 2026 ,8fb76dsszfd2v,"quarta-feira, 1 de julho de 2026 03:48",76933.0
334,1,,,2022,nan,"R$ 77.890,00",Fiat,Strada Endurance 1.4 Flex 8V CD,2022,001529-6,Flex,1,F,junho de 2026 ,8sk28b51cplf,"quarta-feira, 1 de julho de 2026 03:48",77890.0
334,1,,,2022,nan,"R$ 79.933,00",Fiat,Fiorino Endurance EVO 1.4 Flex 8V 2p,2022,001531-8,Flex,1,F,junho de 2026 ,9kjnwntrqdlf,"quarta-feira, 1 de julho de 2026 03:48",79933.0
334,1,,,2024,nan,"R$ 116.895,00",Fiat,Toro Endurance 1.3 T270 4x2 Flex Aut.,2024,001537-7,Flex,1,F,junho de 2026 ,grc3t1qhr0dwd,"quarta-feira, 1 de julho de 2026 03:48",116895.0
334,1,,,2025,nan,"R$ 123.799,00",Fiat,Toro Endurance 1.3 T270 4x2 Flex Aut.,2025,001537-7,Flex,1,F,junho de 2026 ,g0g1yvltbcdzm,"quarta-feira, 1 de julho de 2026 03:48",123799.0
334,1,,,2022,nan,"R$ 117.824,00",Fiat,Toro Volcano 1.3 T270 4x2 Flex Aut.,2022,001539-3,Flex,1,F,junho de 2026 ,gsgwlhf3qydny,"quarta-feira, 1 de julho de 2026 03:48",117824.0
334,1,,,2026,nan,"R$ 106.575,00",Fiat,PULSE DRIVE 1.3 8V Flex Aut.,2026,001544-0,Flex,1,F,junho de 2026 ,gb80p9np3bd2v,"quarta-feira, 1 de julho de 2026 03:48",106575.0
334,1,,,2024,nan,"R$ 115.031,00",Fiat,Strada Volcano 1.3 Flex 8V CD Aut.,2024,001549-0,Flex,1,F,junho de 2026 ,gn6ckldyx3dwd,"quarta-feira, 1 de julho de 2026 03:48",115031.0
334,1,,,2023,nan,"R$ 149.333,00",Fiat,Scudo Cargo 1.5 16V Turbo Diesel,2023,001550-4,Diesel,1,D,junho de 2026 ,hzd4jzqwpddrj,"quarta-feira, 1 de julho de 2026 03:48",149333.0
334,1,,,2025,nan,"R$ 167.141,00",Fiat,Scudo Cargo 1.5 16V Turbo Diesel,2025,001550-4,Diesel,1,D,junho de 2026 ,jm9ds94c3mdyz,"quarta-feira, 1 de julho de 2026 03:48",167141.0
334,1,,,2023,nan,"R$ 88.092,00",Fiat,PULSE DRIVE 1.3 8V Flex Aut.,2023,001544-0,Flex,1,F,junho de 2026 ,cdm56w2v828pn,"quarta-feira, 1 de julho de 2026 03:49",88092.0
334,1,,,2026,nan,"R$ 96.663,00",Fiat,CRONOS DRIVE 1.3 8V Flex Aut.,2026,001554-7,Flex,1,F,junho de 2026 ,chwph4rx5g60b,"quarta-feira, 1 de julho de 2026 03:49",96663.0
334,1,,,2023,nan,"R$ 195.296,00",Fiat,E-Scudo (Elétrico),2023,001560-1,Elétrico,1,E,junho de 2026 ,kp9rmglckqdrv,"quarta-feira, 1 de julho de 2026 03:49",195296.0
334,1,,,2024,nan,"R$ 247.120,00",Fiat,Ducato Minibus 2.2 Comf.19L Diesel (E6),2024,001567-9,Diesel,1,D,junho de 2026 ,mn2dmcydrsdvr,"quarta-feira, 1 de julho de 2026 03:49",247120.0
334,1,,,2026,nan,"R$ 94.879,00",Fiat,Strada Endurance 1.3 Flex 8V CS Plus,2026,001569-5,Flex,1,F,junho de 2026 ,cg6r2tcxp50d2v,"quarta-feira, 1 de julho de 2026 03:49",94879.0
334,1,,,2026,nan,"R$ 116.375,00",Fiat,PULSE AUDACE Turbo 200  Aut. (Hibrído),2026,001579-2,Híbrido,1,H,junho de 2026 ,gqr6xqcchmd25,"quarta-feira, 1 de julho de 2026 03:49",116375.0
334,1,,,2025,nan,"R$ 97.887,00",Fiat,Fiorino Endurance 1.3 Flex 8V 2p,2025,001589-0,Flex,1,F,junho de 2026 ,cjb1dmp7zwgdzm,"quarta-feira, 1 de julho de 2026 03:49",97887.0
334,1,,,2026,nan,"R$ 202.306,00",Fiat,Scudo Multi 2.2 16 V Turbo Diesel,2026,001591-1,Diesel,1,D,junho de 2026 ,kzjj5slm0hd16,"quarta-feira, 1 de julho de 2026 03:49",202306.0
334,1,,,2023,nan,"R$ 84.597,00",Toyota,YARIS XL Sedan 1.5 Flex 16V 4p Aut.,2023,002168-7,Flex,1,F,junho de 2026 ,cb96wscq5typn,"quarta-feira, 1 de julho de 2026 03:49",84597.0
334,1,,,2022,nan,"R$ 113.047,00",Toyota,Corolla GLi 2.0 16V Flex Aut.,2022,002181-4,Flex,1,F,junho de 2026 ,glv72lhhs8dny,"quarta-feira, 1 de julho de 2026 03:49",113047.0
334,1,,,2025,nan,"R$ 143.570,00",Toyota,Corolla GLi 2.0 16V Flex Aut.,2025,002181-4,Flex,1,F,junho de 2026 ,hrnn1npqg2dzm,"quarta-feira, 1 de julho de 2026 03:49",143570.0
334,1,,,2024,nan,"R$ 164.836,00",Toyota,Corolla Altis Prem. 1.8 Aut. (Híbrido),2024,002183-0,Híbrido,1,H,junho de 2026 ,jklmmzjtsvdwq,"quarta-feira, 1 de julho de 2026 03:49",164836.0
334,1,,,2025,nan,"R$ 299.052,00",Toyota,RAV4 2.5 SX Connect 4x4  Aut. (Híbrido),2025,002196-2,Híbrido,1,H,junho de 2026 ,pmyy9n0226dzy,"quarta-feira, 1 de julho de 2026 03:49",299052.0
334,1,,,2024,nan,"R$ 161.936,00",Toyota,Corolla Cross XRV 1.8 16V Aut. (Híbrido),2024,002200-4,Híbrido,1,H,junho de 2026 ,jf561mj4j9dwq,"quarta-feira, 1 de julho de 2026 03:49",161936.0
334,1,,,2023,nan,"R$ 132.321,00",Toyota,Corolla Cross XR 2.0 16V Flex Aut.,2023,002201-2,Flex,1,F,junho de 2026 ,hbgs5gyflwdr5,"quarta-feira, 1 de julho de 2026 03:49",132321.0
334,1,,,2026,nan,"R$ 176.079,00",Toyota,Corolla Cross XRE 2.0 16V Flex Aut.,2026,002203-9,Flex,1,F,junho de 2026 ,jzr8rldd9wd2v,"quarta-feira, 1 de julho de 2026 03:49",176079.0
334,1,,,2025,nan,"R$ 190.617,00",Toyota,Corolla Cross XRX 1.8 16V Aut. (Híbrido),2025,002204-7,Híbrido,1,H,junho de 2026 ,kjtpjn83fmdzy,"quarta-feira, 1 de julho de 2026 03:49",190617.0
334,1,,,2023,nan,"R$ 345.187,00",Toyota,Hilux SW4 Diamond 2.8 TB 4x4 Die. Aut.,2023,002205-5,Diesel,1,D,junho de 2026 ,rc1t52h6x9drj,"quarta-feira, 1 de julho de 2026 03:49",345187.0
334,1,,,2023,nan,"R$ 352.396,00",Toyota,Hilux SW4 GRS 2.8 TB 4x4 Diesel Aut.,2023,002206-3,Diesel,1,D,junho de 2026 ,rnhvzb5v39drj,"quarta-feira, 1 de julho de 2026 03:49",352396.0
334,1,,,2024,nan,"R$ 348.039,00",Toyota,Hilux SW4 SRX Plat. 4x4 2.8 TB Die. Aut.,2024,002214-4,Diesel,1,D,junho de 2026 ,rhdhpsk8ptdvr,"quarta-feira, 1 de julho de 2026 03:49",348039.0
334,1,,,2023,nan,"R$ 150.353,00",Ford,Ranger XL 2.2 4x4 CS Diesel Mec.,2023,003433-9,Diesel,1,D,junho de 2026 ,h0l6tz5gkwdrj,"quarta-feira, 1 de julho de 2026 03:49",150353.0
334,1,,,2021,nan,"R$ 59.604,00",Ford,Ka 1.5 Sedan SE Plus 12V Flex 4p Aut.,2021,003465-7,Flex,1,F,junho de 2026 ,1v5pn83wdhg6,"quarta-feira, 1 de julho de 2026 03:49",59604.0
334,1,,,2022,nan,"R$ 161.661,00",Ford,Bronco Sport Wildtrak 2.0 Tb 16V AWD Aut,2022,003481-9,Gasolina,1,G,junho de 2026 ,jfv6502j7sdmn,"quarta-feira, 1 de julho de 2026 03:49",161661.0
334,1,,,2026,nan,"R$ 314.300,00",Ford,TRANSIT Minibus 18 Lug. 2.0 16V Diesel,2026,003484-3,Diesel,1,D,junho de 2026 ,p6t52plqq4d16,"quarta-feira, 1 de julho de 2026 03:49",314300.0
334,1,,,2026,nan,"R$ 217.540,00",Ford,Ranger XL 2.0 4x4 CD Diesel Mec. ,2026,003502-5,Diesel,1,D,junho de 2026 ,lkc75rvfrkd16,"quarta-feira, 1 de julho de 2026 03:49",217540.0
334,1,,,2026,nan,"R$ 271.074,00",GM - Chevrolet,S10 Pick-Up LTZ 2.8 TDI 4x4 CD Dies.Aut,2026,004397-4,Diesel,1,D,junho de 2026 ,nk41x0yds1d16,"quarta-feira, 1 de julho de 2026 03:49",271074.0
334,1,,,2024,nan,"R$ 81.464,00",GM - Chevrolet,SPIN LS 1.8 8V Econo.Flex 5p Mec.,2024,004435-0,Flex,1,F,junho de 2026 ,94g4h5w11jsw,"quarta-feira, 1 de julho de 2026 03:49",81464.0
334,1,,,2022,nan,"R$ 98.967,00",GM - Chevrolet,CRUZE LT 1.4 16V Turbo Flex 4p Aut.,2022,004470-9,Flex,1,F,junho de 2026 ,cjrpyls9hsplf,"quarta-feira, 1 de julho de 2026 03:49",98967.0
334,1,,,2022,nan,"R$ 133.523,00",GM - Chevrolet,S10 Pick-Up Advantage 2.5 Flex 4x2 CD,2022,004474-1,Flex,1,F,junho de 2026 ,hcwhjm890wdny,"quarta-feira, 1 de julho de 2026 03:49",133523.0
334,1,,,2026,nan,"R$ 138.142,00",GM - Chevrolet,SPIN PREMIER 1.8 8V Econo.Flex 5p Aut.,2026,004494-6,Flex,1,F,junho de 2026 ,hj9c0pxkk3d2v,"quarta-feira, 1 de julho de 2026 03:49",138142.0
334,1,,,2021,nan,"R$ 61.034,00",GM - Chevrolet,ONIX HATCH LT 1.0 12V Flex 5p Mec.,2021,004517-9,Flex,1,F,junho de 2026 ,2dyf85378yg6,"quarta-feira, 1 de julho de 2026 03:49",61034.0
334,1,,,2022,nan,"R$ 64.952,00",GM - Chevrolet,ONIX SEDAN Plus LT 1.0 12V Flex 4p Mec.,2022,004518-7,Flex,1,F,junho de 2026 ,3wwjlccms4lf,"quarta-feira, 1 de julho de 2026 03:49",64952.0
334,1,,,2025,nan,"R$ 98.981,00",GM - Chevrolet,ONIX HATCH RS 1.0 TB 12V Flex 5p Aut.,2025,004530-6,Flex,1,F,junho de 2026 ,cjrv1bzrt31w3,"quarta-feira, 1 de julho de 2026 03:49",98981.0
334,1,,,2026,nan,"R$ 140.369,00",GM - Chevrolet,TRACKER LTZ 1.0 Turbo 12V Flex Aut.,2026,004532-2,Flex,1,F,junho de 2026 ,hmw99j6pfdd2v,"quarta-feira, 1 de julho de 2026 03:49",140369.0
334,1,,,2023,nan,"R$ 106.390,00",GM - Chevrolet,MONTANA LTZ 1.2 Turbo Flex 12V 4p Aut.,2023,004541-1,Flex,1,F,junho de 2026 ,gb188bfm3qdr5,"quarta-feira, 1 de julho de 2026 03:49",106390.0
334,1,,,2026,nan,"R$ 137.691,00",GM - Chevrolet,MONTANA LTZ 1.2 Turbo Flex 12V 4p Aut.,2026,004541-1,Flex,1,F,junho de 2026 ,hjrzvhpkv2d2v,"quarta-feira, 1 de julho de 2026 03:49",137691.0
334,1,,,2022,nan,"R$ 62.482,00",VW - VolksWagen,Saveiro Robust 1.6 Total Flex 8V,2022,005459-3,Flex,1,F,junho de 2026 ,2yxrqbblcllf,"quarta-feira, 1 de julho de 2026 03:49",62482.0
334,1,,,2026,nan,"R$ 128.787,00",VW - VolksWagen,VIRTUS Highline 200 TSI 1.0 Flex 12V Aut,2026,005484-4,Flex,1,F,junho de 2026 ,g6bb6vrs7pd2v,"quarta-feira, 1 de julho de 2026 03:49",128787.0
334,1,,,2023,nan,"R$ 101.056,00",VW - VolksWagen,VIRTUS Comfort. 200 TSI 1.0 Flex 12V Aut,2023,005485-2,Flex,1,F,junho de 2026 ,f4td4rtbcpdr5,"quarta-feira, 1 de julho de 2026 03:49",101056.0
334,1,,,2026,nan,"R$ 118.772,00",VW - VolksWagen,VIRTUS Comfort. 200 TSI 1.0 Flex 12V Aut,2026,005485-2,Flex,1,F,junho de 2026 ,gtlbrlgtzfd2v,"quarta-feira, 1 de julho de 2026 03:49",118772.0
334,1,,,2019,nan,"R$ 143.847,00",VW - VolksWagen,TIGUAN Allspac R-Line 350 TSI 2.0 4x4,2019,005489-5,Gasolina,1,G,junho de 2026 ,hrzq43n2ssc9z,"quarta-feira, 1 de julho de 2026 03:49",143847.0
334,1,,,2022,nan,"R$ 65.318,00",VW - VolksWagen,VOYAGE 1.6 MSI Flex 16V 4p Aut.,2022,005501-8,Flex,1,F,junho de 2026 ,305kh18dfrlf,"quarta-feira, 1 de julho de 2026 03:49",65318.0
334,1,,,2026,nan,"R$ 160.704,00",VW - VolksWagen,T-Cross Hig. 250 TSI 1.4 Flex 16V 5p Aut,2026,005508-5,Flex,1,F,junho de 2026 ,jdrfwjpjjqd2v,"quarta-feira, 1 de julho de 2026 03:49",160704.0
334,1,,,2026,nan,"R$ 150.351,00",VW - VolksWagen,T-Cross Comfor. 200 TSI 1.0 Flex 5p Aut.,2026,005509-3,Flex,1,F,junho de 2026 ,h0l4k3s3vxd2v,"quarta-feira, 1 de julho de 2026 03:49",150351.0
334,1,,,2026,nan,"R$ 97.568,00",VW - VolksWagen,Polo Sense TSI 1.0 Flex 12V Aut,2026,005513-1,Flex,1,F,junho de 2026 ,ch69f8tmf4rd2v,"quarta-feira, 1 de julho de 2026 03:49",97568.0
334,1,,,2026,nan,"R$ 138.532,00",VW - VolksWagen,Nivus Highline 1.0 200 TSI Flex Aut.,2026,005526-3,Flex,1,F,junho de 2026 ,hkrkf5s4p8d2v,"quarta-feira, 1 de julho de 2026 03:49",138532.0
334,1,,,2023,nan,"R$ 81.143,00",VW - VolksWagen,VIRTUS TSI 1.0 Flex 12V 4p Mec.,2023,005542-5,Flex,1,F,junho de 2026 ,90qgmh46jcdr5,"quarta-feira, 1 de julho de 2026 03:49",81143.0
334,1,,,2026,nan,"R$ 105.760,00",VW - VolksWagen,VIRTUS TSI 1.0 Flex 12V 4p Mec.,2026,005542-5,Flex,1,F,junho de 2026 ,gbbddsl8msd2v,"quarta-feira, 1 de julho de 2026 03:49",105760.0
334,1,,,2026,nan,"R$ 112.420,00",VW - VolksWagen,VIRTUS TSI 1.0 Flex 12V 4p Aut.,2026,005543-3,Flex,1,F,junho de 2026 ,gk4gls8hywd2v,"quarta-feira, 1 de julho de 2026 03:49",112420.0
334,1,,,2022,nan,"R$ 401.497,00",Audi,Q8 Perf.Black 3.0 TFSI Quat. S-tr/(Híb.),2022,008250-3,Híbrido,1,H,junho de 2026 ,th2jtdd2c9dn8,"quarta-feira, 1 de julho de 2026 03:50",401497.0
334,1,,,2025,nan,"R$ 77.675,00",VW - VolksWagen,Polo Robust 1.0 Flex 12V 5p,2025,005550-6,Flex,1,F,junho de 2026 ,8p1yqsxpj7dzm,"quarta-feira, 1 de julho de 2026 03:50",77675.0
334,1,,,2022,nan,"R$ 300.294,00",Audi,E-TRON Performace Aut. (Elétrico),2022,008257-0,Elétrico,1,E,junho de 2026 ,ppd3q1xl5vdnm,"quarta-feira, 1 de julho de 2026 03:50",300294.0
334,1,,,2023,nan,"R$ 467.701,00",Audi,Q8 Perf.Black 3.0 TFSI Quat. S-tr/(Híb.),2023,008250-3,Híbrido,1,H,junho de 2026 ,w0pvkj6833dsh,"quarta-feira, 1 de julho de 2026 03:50",467701.0
334,1,,,2023,nan,"R$ 198.203,00",Audi,A4 S Line 2.0  TFSI 204cv S Tonic,2023,008281-3,Gasolina,1,G,junho de 2026 ,ktqd3b6vc5dqw,"quarta-feira, 1 de julho de 2026 03:50",198203.0
334,1,,,2024,nan,"R$ 275.331,00",Audi,Q3 SPB Perf. Black 2.0 TFSI Tipt. Quat.,2024,008283-0,Gasolina,1,G,junho de 2026 ,nq4sjmsznndt3,"quarta-feira, 1 de julho de 2026 03:50",275331.0
334,1,,,2024,nan,"R$ 259.569,00",Audi,Q3 Performance 2.0 TFSI Tiptr. Quattro,2024,008284-8,Gasolina,1,G,junho de 2026 ,m4nwlxlj1kdt3,"quarta-feira, 1 de julho de 2026 03:50",259569.0
334,1,,,2023,nan,"R$ 239.487,00",Audi,Q3 SPB Perf. Black 2.0 TFSI Tipt. Quat.,2023,008283-0,Gasolina,1,G,junho de 2026 ,mc3y21rv6jdqw,"quarta-feira, 1 de julho de 2026 03:50",239487.0
334,1,,,2024,nan,"R$ 344.396,00",Audi,Q5 Perf. Black 2.0 TFSIe S.Tr. Qt (Hib.),2024,008285-6,Híbrido,1,H,junho de 2026 ,rb32xvy1h1dwq,"quarta-feira, 1 de julho de 2026 03:50",344396.0
334,1,,,2024,nan,"R$ 345.100,00",Audi,Q5 SB P Black. 2.0 TFSIe S.Tr. Qt (Hib.),2024,008287-2,Híbrido,1,H,junho de 2026 ,rcyn45w2v1dwq,"quarta-feira, 1 de julho de 2026 03:50",345100.0
334,1,,,2025,nan,"R$ 266.774,00",Audi,Q3 Prestige 2.0 TFSI Tiptr.Quatro ,2025,008289-9,Gasolina,1,G,junho de 2026 ,nd3rwf1p8cdyb,"quarta-feira, 1 de julho de 2026 03:50",266774.0
334,1,,,2025,nan,"R$ 299.393,00",BMW,320iA 2.0 Turbo/ActiveFlex 16V/GP  4p,2025,009164-2,Gasolina,1,G,junho de 2026 ,pnccjml4t3dyb,"quarta-feira, 1 de julho de 2026 03:50",299393.0
334,1,,,2025,nan,"R$ 323.396,00",BMW,320iA 2.0 TB M Sport A.Flex/M.Sport 4p,2025,009213-4,Flex,1,F,junho de 2026 ,qkhs1s0w51dzm,"quarta-feira, 1 de julho de 2026 03:50",323396.0
334,1,,,2023,nan,"R$ 275.969,00",BMW,X3 XDRIVE 30e X-Line Turbo Aut. (Híb.),2023,009272-0,Híbrido,1,H,junho de 2026 ,nrwzdk46hjdsh,"quarta-feira, 1 de julho de 2026 03:50",275969.0
334,1,,,2023,nan,"R$ 268.220,00",BMW,320iA 2.0 TB M Sport A.Flex/M.Sport 4p,2023,009213-4,Flex,1,F,junho de 2026 ,ngs95fgsc3dr5,"quarta-feira, 1 de julho de 2026 03:50",268220.0
334,1,,,2025,nan,"R$ 299.263,00",BMW,X1 SDRIVE 20i X-Line 2.0 TB Aut.,2025,009303-3,Gasolina,1,G,junho de 2026 ,pm6m1sf518dyb,"quarta-feira, 1 de julho de 2026 03:50",299263.0
334,1,,,2025,nan,"R$ 319.311,00",BMW,X1 SDRIVE 20i M Sport 2.0 TB Aut.,2025,009305-0,Gasolina,1,G,junho de 2026 ,qdp971ngf9dyb,"quarta-feira, 1 de julho de 2026 03:50",319311.0
334,1,,,2024,nan,"R$ 290.190,00",BMW,X1 SDRIVE 20i M Sport 2.0 TB Aut.,2024,009305-0,Gasolina,1,G,junho de 2026 ,n9kvz1f623dt3,"quarta-feira, 1 de julho de 2026 03:50",290190.0
334,1,,,2023,nan,"R$ 79.568,00",Citroën,C4 CACTUS FEEL Pack 1.6 16V Flex Aut.,2023,011197-0,Flex,1,F,junho de 2026 ,9d7z66q56fpn,"quarta-feira, 1 de julho de 2026 03:50",79568.0
334,1,,,2025,nan,"R$ 667.836,00",BMW,X5 XDRIVE 50e 3.0 M Sport Aut. (Hibrido),2025,009307-6,Híbrido,1,H,junho de 2026 ,4lb4vjy532dzy,"quarta-feira, 1 de julho de 2026 03:50",667836.0
334,1,,,2025,nan,"R$ 99.327,00",Citroën,AIRCROSS F. Pack 1.0 Flex TB 200 Aut.,2025,011231-3,Flex,1,F,junho de 2026 ,cjwxsxj0bfvdzm,"quarta-feira, 1 de julho de 2026 03:50",99327.0
334,1,,,2021,nan,"R$ 150.026,00",Honda,Civic Sedan TOURING 1.5 Turbo 16V Aut.4p,2021,014089-9,Gasolina,1,G,junho de 2026 ,hz7bc2hfp3djf,"quarta-feira, 1 de julho de 2026 03:50",150026.0
334,1,,,2024,nan,"R$ 121.177,00",Honda,CITY Hatchback EXL 1.5 Flex 16V Aut.,2024,014108-9,Flex,1,F,junho de 2026 ,gxdrlwg8r1dwd,"quarta-feira, 1 de julho de 2026 03:50",121177.0
334,1,,,2025,nan,"R$ 149.155,00",Honda,HR-V EXL 1.5 Flex Sensing 16V 5p Aut.,2025,014110-0,Flex,1,F,junho de 2026 ,hy6nzh5m7rdzm,"quarta-feira, 1 de julho de 2026 03:50",149155.0
334,1,,,2023,nan,"R$ 109.113,00",Hyundai,Creta Comfort 1.0 TB 12V Flex Aut.,2023,015200-5,Flex,1,F,junho de 2026 ,gf78d6kcqwdr5,"quarta-feira, 1 de julho de 2026 03:50",109113.0
334,1,,,2026,nan,"R$ 132.778,00",Hyundai,Creta Comfort 1.0 TB 12V Flex Aut.,2026,015200-5,Flex,1,F,junho de 2026 ,hb0d267r72d2v,"quarta-feira, 1 de julho de 2026 03:50",132778.0
334,1,,,2026,nan,"R$ 161.890,00",Hyundai,Creta Platinum 1.0 TB 12V Flex Aut.,2026,015202-1,Flex,1,F,junho de 2026 ,jf4j6v4b82d2v,"quarta-feira, 1 de julho de 2026 03:50",161890.0
334,1,,,2023,nan,"R$ 113.020,00",Hyundai,Creta Limited 1.0 TB 12V Flex Aut.,2023,015203-0,Flex,1,F,junho de 2026 ,glt8nhm2lmdr5,"quarta-feira, 1 de julho de 2026 03:50",113020.0
334,1,,,2024,nan,"R$ 118.091,00",Hyundai,Creta Limited 1.0 TB 12V Flex Aut.,2024,015203-0,Flex,1,F,junho de 2026 ,gsslfncssxdwd,"quarta-feira, 1 de julho de 2026 03:50",118091.0
334,1,,,2023,nan,"R$ 67.340,00",Hyundai,HB20 Limited 1.0 Flex 12V Mec.,2023,015213-7,Flex,1,F,junho de 2026 ,4swhh7rydspn,"quarta-feira, 1 de julho de 2026 03:50",67340.0
334,1,,,2026,nan,"R$ 83.877,00",Hyundai,HB20 Limited 1.0 Flex 12V Mec.,2026,015213-7,Flex,1,F,junho de 2026 ,cb1r54h13110b,"quarta-feira, 1 de julho de 2026 03:50",83877.0
334,1,,,2026,nan,"R$ 82.374,00",Hyundai,HB20 Comfort 1.0 Flex 12V Mec.,2026,015215-3,Flex,1,F,junho de 2026 ,cbg4wz4jn7v0b,"quarta-feira, 1 de julho de 2026 03:50",82374.0
334,1,,,2026,nan,"R$ 87.833,00",Hyundai,HB20S Comfort 1.0  Flex 12V Mec.,2026,015218-8,Flex,1,F,junho de 2026 ,cdj42lkcm1vd2v,"quarta-feira, 1 de julho de 2026 03:50",87833.0
334,1,,,2026,nan,"R$ 174.472,00",Hyundai,Creta Ultimate 1.6 TB 16V Aut.,2026,015249-8,Gasolina,1,G,junho de 2026 ,jxwv1yy1c1d1k,"quarta-feira, 1 de julho de 2026 03:50",174472.0
334,1,,,2026,nan,"R$ 163.292,00",Jeep,COMPASS LONG. T270 1.3 TB 4x2 Flex Aut.,2026,017071-2,Flex,1,F,junho de 2026 ,jhshxx3vdqd2v,"quarta-feira, 1 de julho de 2026 03:50",163292.0
334,1,,,2024,nan,"R$ 168.730,00",Jeep,COMPASS LIMITED TD 350 2.0 4x4 Die. Aut.,2024,017077-1,Diesel,1,D,junho de 2026 ,jp44650b16dvr,"quarta-feira, 1 de julho de 2026 03:50",168730.0
334,1,,,2026,nan,"R$ 137.932,00",Jeep,Renegade Long. T270 1.3 TB 4x2 Flex Aut.,2026,017088-7,Flex,1,F,junho de 2026 ,hj1rdjd9qqd2v,"quarta-feira, 1 de julho de 2026 03:50",137932.0
334,1,,,2025,nan,"R$ 200.126,00",Jeep,COMPASS Black Hurricane 2.0 4x4 TB Aut.,2025,017096-8,Gasolina,1,G,junho de 2026 ,kwy9vmjsfpdyb,"quarta-feira, 1 de julho de 2026 03:50",200126.0
334,1,,,2025,nan,"R$ 189.753,00",Jeep,COMPASS Over. Hurric 2.0 4x4 TB 16V Aut.,2025,017097-6,Gasolina,1,G,junho de 2026 ,khs80mdn8jdyb,"quarta-feira, 1 de julho de 2026 03:50",189753.0
334,1,,,2025,nan,"R$ 241.433,00",Jeep,Commander Overl. 2.2 TD 4x4 Diesel Aut.,2025,017104-2,Diesel,1,D,junho de 2026 ,mgdprpr4hmdyz,"quarta-feira, 1 de julho de 2026 03:50",241433.0
334,1,,,2024,nan,"R$ 149.661,00",Mitsubishi,L200 Tri. Outd. GLX 2.4 CD 4x4 Die. Mec.,2024,022189-9,Diesel,1,D,junho de 2026 ,hzs13t3v5gdvr,"quarta-feira, 1 de julho de 2026 03:50",149661.0
334,1,,,2022,nan,"R$ 158.403,00",Nissan,Frontier XE CD 4x4 2.3 Bi-TB Diesel Aut.,2022,023159-2,Diesel,1,D,junho de 2026 ,h91s6x4p60dm9,"quarta-feira, 1 de julho de 2026 03:50",158403.0
334,1,,,2022,nan,"R$ 147.869,00",Nissan,Frontier ATTAC.CD 4x4 2.3 Bi-TB Die. Aut,2022,023160-6,Diesel,1,D,junho de 2026 ,hxpxy86vzwdm9,"quarta-feira, 1 de julho de 2026 03:50",147869.0
334,1,,,2021,nan,"R$ 117.361,00",Nissan,Frontier S CD 4x4 2.3 TB Diesel Mec.,2021,023161-4,Diesel,1,D,junho de 2026 ,grx1w46p10dj2,"quarta-feira, 1 de julho de 2026 03:50",117361.0
334,1,,,2023,nan,"R$ 138.415,00",Nissan,Frontier S CD 4x4 2.3 TB Diesel Mec.,2023,023161-4,Diesel,1,D,junho de 2026 ,hkl9mfps4ldrj,"quarta-feira, 1 de julho de 2026 03:50",138415.0
334,1,,,2025,nan,"R$ 105.812,00",Nissan,VERSA Advance 1.6 16V Flex Aut.,2025,023175-4,Flex,1,F,junho de 2026 ,gbc8z4rcmldzm,"quarta-feira, 1 de julho de 2026 03:50",105812.0
334,1,,,2023,nan,"R$ 136.498,00",Citroën,Jumpy Cargo 1.5 Turbo Diesel,2023,011216-0,Diesel,1,D,junho de 2026 ,hhcmmqfdrpdrj,"quarta-feira, 1 de julho de 2026 03:50",136498.0
334,1,,,2023,nan,"R$ 84.959,00",Nissan,VERSA Sense 1.6 16V Flex Aut.,2023,023176-2,Flex,1,F,junho de 2026 ,ccgggmyl3g3pn,"quarta-feira, 1 de julho de 2026 03:50",84959.0
334,1,,,2026,nan,"R$ 145.054,00",Nissan,Sentra Advance 2.0 16V Aut.,2026,023187-8,Gasolina,1,G,junho de 2026 ,htdl4xgqj6d1k,"quarta-feira, 1 de julho de 2026 03:50",145054.0
334,1,,,2026,nan,"R$ 170.688,00",Nissan,Sentra Exclu. Int. Premium 2.0 16V Aut.,2026,023189-4,Gasolina,1,G,junho de 2026 ,jsgbdzst6zd1k,"quarta-feira, 1 de julho de 2026 03:50",170688.0
334,1,,,2022,nan,"R$ 69.196,00",Peugeot,208 Allure 1.6 Flex 16V 5p Aut.,2022,024215-2,Flex,1,F,junho de 2026 ,5hm23d7ntblf,"quarta-feira, 1 de julho de 2026 03:51",69196.0
334,1,,,2022,nan,"R$ 186.150,00",Renault,Master 2.3 dCi Extra Furgão 16V Diesel,2022,025198-4,Diesel,1,D,junho de 2026 ,kck99wvxwkdm9,"quarta-feira, 1 de julho de 2026 03:51",186150.0
334,1,,,2021,nan,"R$ 166.397,00",Renault,Master 2.3 dCi Grand Furgão16V Diesel,2021,025197-6,Diesel,1,D,junho de 2026 ,jmfchs9414dj2,"quarta-feira, 1 de julho de 2026 03:51",166397.0
334,1,,,2024,nan,"R$ 101.119,00",Renault,DUSTER Iconic Plus 1.6 16V Flex Aut.,2024,025324-3,Flex,1,F,junho de 2026 ,f4wp38640bdwd,"quarta-feira, 1 de julho de 2026 03:51",101119.0
334,1,,,2025,nan,"R$ 99.072,00",Renault,OROCH Pro 1.6 Flex 16V Mec.,2025,025313-8,Flex,1,F,junho de 2026 ,cjsx3psr1tsw3,"quarta-feira, 1 de julho de 2026 03:51",99072.0
334,1,,,2026,nan,"R$ 103.419,00",Renault,Kangoo Advanced 1.6 16V Flex ,2026,025331-6,Flex,1,F,junho de 2026 ,f7k9nzr16qd2v,"quarta-feira, 1 de julho de 2026 03:51",103419.0
334,1,,,2024,nan,"R$ 421.961,00",Volvo,XC 90 T-8 Ultim. Dark 2.0 AWD (Híbrido),2024,029153-6,Híbrido,1,H,junho de 2026 ,t82brbjwp5dwq,"quarta-feira, 1 de julho de 2026 03:51",421961.0
334,1,,,2024,nan,"R$ 402.304,00",Volvo,XC 90 T-8 Ultimate 2.0 AWD (Híbrido),2024,029154-4,Híbrido,1,H,junho de 2026 ,tj0v3gzvdvdwq,"quarta-feira, 1 de julho de 2026 03:51",402304.0
334,1,,,2022,nan,"R$ 225.524,00",Land Rover,Discovery Sp. SE R-Dyn 2.0 TB Die.(Híb.),2022,033171-6,Híbrido,1,H,junho de 2026 ,lvrf6b3y37dn8,"quarta-feira, 1 de julho de 2026 03:51",225524.0
334,1,,,2025,nan,"R$ 202.016,00",RAM,RAMPAGE REBEL HURR.4 2.0 TB CD 4X4 Aut.,2025,083016-0,Gasolina,1,G,junho de 2026 ,ky50d7ztbsdyb,"quarta-feira, 1 de julho de 2026 03:51",202016.0
334,1,,,2025,nan,"R$ 184.819,00",GWM,Haval H6 2 1.5 (Hibrido),2025,096001-2,Híbrido,1,H,junho de 2026 ,j90ylszhxpdzy,"quarta-feira, 1 de julho de 2026 03:51",184819.0
334,1,,,2025,nan,"R$ 199.499,00",GWM,Haval H6 19 1.5 (Hibrido),2025,096008-0,Híbrido,1,H,junho de 2026 ,kv7jcv46c4dzy,"quarta-feira, 1 de julho de 2026 03:51",199499.0
334,1,,,2025,nan,"R$ 163.171,00",Caoa Chery,Tiggo 8 Max Drive 1.6 Turbo Aut.,2025,093013-0,Gasolina,1,G,junho de 2026 ,jhm3lfw5crdyb,"quarta-feira, 1 de julho de 2026 03:51",163171.0
334,1,,,2025,nan,"R$ 183.617,00",GWM,Haval H6 ONE 1.5 (Hibrido),2025,096010-1,Híbrido,1,H,junho de 2026 ,j8l77mggw8dzy,"quarta-feira, 1 de julho de 2026 03:51",183617.0
