TabelaReferenciaCodigo,CodigoTipoVeiculo,CodigoMarca,CodigoModelo,AnoModeloParam,CodigoTipoCombustivelParam,Valor,Marca,Modelo,AnoModelo,CodigoFipe,Combustivel,TipoVeiculo,SiglaCombustivel,MesReferencia,Autenticacao,DataConsulta,ValorNum
334,1,,,2021,,"R$ 68.454,00",Fiat,Doblo Cargo 1.8 mpi Fire Flex 8V/16V 4p,2021,001235-1,Gasolina,1,G,junho de 2026 ,46ydkxj46jfx,"segunda-feira, 1 de junho de 2026 00:07",68454.0
334,1,,,2021,,"R$ 71.435,00",Fiat,Doblo ESSENCE 1.8 Flex 16V 5p,2021,001352-8,Flex,1,F,junho de 2026 ,6bww5b7f0rg6,"segunda-feira, 1 de junho de 2026 00:07",71435.0
334,1,,,2021,,"R$ 44.441,00",Fiat,UNO ATTRACTIVE 1.0 Fire Flex 8V 5p,2021,001424-9,Flex,1,F,junho de 2026 ,v4ddpcqr1lg6,"segunda-feira, 1 de junho de 2026 00:07",44441.0
334,1,,,2021,,"R$ 94.532,00",Fiat,Toro Freedom 1.8 16V Flex Aut.,2021,001449-4,Flex,1,F,junho de 2026 ,cg2pyzgrcdgg6,"segunda-feira, 1 de junho de 2026 00:07",94532.0
334,1,,,2022,,"R$ 120.093,00",Fiat,Toro Volcano 2.0 16V 4x4 TB Diesel Aut.,2022,001453-2,Diesel,1,D,junho de 2026 ,gv4b6clgztdm9,"segunda-feira, 1 de junho de 2026 00:07",120093.0
334,1,,,2023,,"R$ 131.377,00",Fiat,Toro Volcano 2.0 16V 4x4 TB Diesel Aut.,2023,001453-2,Diesel,1,D,junho de 2026 ,g9chh2tvvtdrj,"segunda-feira, 1 de junho de 2026 00:07",131377.0
334,1,,,2025,,"R$ 157.566,00",Fiat,Toro Volcano 2.0 16V 4x4 TB Diesel Aut.,2025,001453-2,Diesel,1,D,junho de 2026 ,h82c3z1hmqdyz,"segunda-feira, 1 de junho de 2026 00:07",157566.0
334,1,,,2024,,"R$ 146.528,00",Fiat,Toro Volcano 2.0 16V 4x4 TB Diesel Aut.,2024,001453-2,Diesel,1,D,junho de 2026 ,hv35zxnkfpdvr,"segunda-feira, 1 de junho de 2026 00:07",146528.0
334,1,,,2020,,"R$ 44.954,00",Fiat,MOBI LIKE 1.0 Fire Flex 5p.,2020,001461-3,Flex,1,F,junho de 2026 ,wbdvyc0yrscz,"segunda-feira, 1 de junho de 2026 00:07",44954.0
334,1,,,2021,,"R$ 46.518,00",Fiat,MOBI LIKE 1.0 Fire Flex 5p.,2021,001461-3,Flex,1,F,junho de 2026 ,wxrbdp3zh1g6,"segunda-feira, 1 de junho de 2026 00:07",46518.0
334,1,,,2023,,"R$ 53.853,00",Fiat,MOBI LIKE 1.0 Fire Flex 5p.,2023,001461-3,Flex,1,F,junho de 2026 ,zprcyld6k3pn,"segunda-feira, 1 de junho de 2026 00:07",53853.0
334,1,,,2022,,"R$ 50.190,00",Fiat,MOBI LIKE 1.0 Fire Flex 5p.,2022,001461-3,Flex,1,F,junho de 2026 ,x9szwgtw69lf,"segunda-feira, 1 de junho de 2026 00:07",50190.0
334,1,,,2024,,"R$ 56.244,00",Fiat,MOBI LIKE 1.0 Fire Flex 5p.,2024,001461-3,Flex,1,F,junho de 2026 ,0lsfn94v1rsw,"segunda-feira, 1 de junho de 2026 00:07",56244.0
334,1,,,2026,,"R$ 66.934,00",Fiat,MOBI LIKE 1.0 Fire Flex 5p.,2026,001461-3,Flex,1,F,junho de 2026 ,4m3xwntgcy0b,"segunda-feira, 1 de junho de 2026 00:07",66934.0
334,1,,,2025,,"R$ 60.737,00",Fiat,MOBI LIKE 1.0 Fire Flex 5p.,2025,001461-3,Flex,1,F,junho de 2026 ,19ghtqrbxfw3,"segunda-feira, 1 de junho de 2026 00:07",60737.0
334,1,,,32000,5,"R$ 72.879,00",Fiat,MOBI LIKE 1.0 Fire Flex 5p.,32000,001461-3,Flex,1,F,junho de 2026 ,6wtrjfl2mmcz,"segunda-feira, 1 de junho de 2026 00:07",72879.0
334,1,,,2021,,"R$ 102.601,00",Fiat,Toro Freedom 2.0 16V 4x4 TB Diesel Aut.,2021,001487-7,Diesel,1,D,junho de 2026 ,f6mkzp6mlcdj2,"segunda-feira, 1 de junho de 2026 00:07",102601.0
334,1,,,2022,,"R$ 110.565,00",Fiat,Toro Freedom 2.0 16V 4x4 TB Diesel Aut.,2022,001487-7,Diesel,1,D,junho de 2026 ,ghy1gp7q1tdm9,"segunda-feira, 1 de junho de 2026 00:07",110565.0
334,1,,,2023,,"R$ 121.870,00",Fiat,Toro Freedom 2.0 16V 4x4 TB Diesel Aut.,2023,001487-7,Diesel,1,D,junho de 2026 ,gx6yfyjz5ndrj,"segunda-feira, 1 de junho de 2026 00:07",121870.0
334,1,,,2021,,"R$ 55.542,00",Fiat,ARGO DRIVE 1.0 6V Flex,2021,001494-0,Flex,1,F,junho de 2026 ,0bj8vqhdg6g6,"segunda-feira, 1 de junho de 2026 00:07",55542.0
334,1,,,2022,,"R$ 60.281,00",Fiat,ARGO DRIVE 1.0 6V Flex,2022,001494-0,Flex,1,F,junho de 2026 ,133rtjl83klf,"segunda-feira, 1 de junho de 2026 00:07",60281.0
334,1,,,2023,,"R$ 65.328,00",Fiat,ARGO DRIVE 1.0 6V Flex,2023,001494-0,Flex,1,F,junho de 2026 ,30855zy3tlpn,"segunda-feira, 1 de junho de 2026 00:07",65328.0
334,1,,,2024,,"R$ 69.044,00",Fiat,ARGO DRIVE 1.0 6V Flex,2024,001494-0,Flex,1,F,junho de 2026 ,5fvvfp393ysw,"segunda-feira, 1 de junho de 2026 00:07",69044.0
334,1,,,2025,,"R$ 71.590,00",Fiat,ARGO DRIVE 1.0 6V Flex,2025,001494-0,Flex,1,F,junho de 2026 ,6dp7m129dlw3,"segunda-feira, 1 de junho de 2026 00:07",71590.0
334,1,,,2026,,"R$ 80.848,00",Fiat,ARGO DRIVE 1.0 6V Flex,2026,001494-0,Flex,1,F,junho de 2026 ,9w77px1pqt0b,"segunda-feira, 1 de junho de 2026 00:07",80848.0
334,1,,,32000,5,"R$ 90.956,00",Fiat,ARGO DRIVE 1.0 6V Flex,32000,001494-0,Flex,1,F,junho de 2026 ,cfqr55zg6yycz,"segunda-feira, 1 de junho de 2026 00:07",90956.0
334,1,,,2019,,"R$ 133.941,00",Fiat,Ducato Cargo Médio 2.3 16V Diesel,2019,001498-2,Diesel,1,D,junho de 2026 ,hdcph4xxp3dbm,"segunda-feira, 1 de junho de 2026 00:07",133941.0
334,1,,,2021,,"R$ 73.251,00",Fiat,CRONOS PRECISION 1.8 16V Flex Aut.,2021,001502-4,Flex,1,F,junho de 2026 ,605y1yhf9ng6,"segunda-feira, 1 de junho de 2026 00:07",73251.0
334,1,,,2022,,"R$ 67.101,00",Fiat,CRONOS DRIVE 1.3 8V Flex,2022,001505-9,Flex,1,F,junho de 2026 ,4p2mkt7236lf,"segunda-feira, 1 de junho de 2026 00:07",67101.0
334,1,,,2023,,"R$ 74.119,00",Fiat,CRONOS DRIVE 1.3 8V Flex,2023,001505-9,Flex,1,F,junho de 2026 ,7ccf9d6rq4pn,"segunda-feira, 1 de junho de 2026 00:07",74119.0
334,1,,,2024,,"R$ 81.333,00",Fiat,CRONOS DRIVE 1.3 8V Flex,2024,001505-9,Flex,1,F,junho de 2026 ,92yjgphgypsw,"segunda-feira, 1 de junho de 2026 00:07",81333.0
334,1,,,2025,,"R$ 86.474,00",Fiat,CRONOS DRIVE 1.3 8V Flex,2025,001505-9,Flex,1,F,junho de 2026 ,cc063zthydww3,"segunda-feira, 1 de junho de 2026 00:07",86474.0
334,1,,,2022,,"R$ 66.054,00",Fiat,CRONOS 1.3 8V Flex,2022,001506-7,Flex,1,F,junho de 2026 ,39s2fn91f2lf,"segunda-feira, 1 de junho de 2026 00:07",66054.0
334,1,,,2022,,"R$ 92.456,00",Fiat,Toro Endurance 1.8 16V Flex Aut.,2022,001508-3,Flex,1,F,junho de 2026 ,cf9cdjgx3q0lf,"segunda-feira, 1 de junho de 2026 00:07",92456.0
334,1,,,2022,,"R$ 58.729,00",Fiat,ARGO 1.0 6V Flex,2022,001509-1,Flex,1,F,junho de 2026 ,1jxnkhmbf9dny,"segunda-feira, 1 de junho de 2026 00:07",58729.0
334,1,,,2023,,"R$ 62.999,00",Fiat,ARGO 1.0 6V Flex,2023,001509-1,Flex,1,F,junho de 2026 ,24zn08jwl0dr5,"segunda-feira, 1 de junho de 2026 00:07",62999.0
334,1,,,2024,,"R$ 65.906,00",Fiat,ARGO 1.0 6V Flex,2024,001509-1,Flex,1,F,junho de 2026 ,3718tv9pxwdwd,"segunda-feira, 1 de junho de 2026 00:07",65906.0
334,1,,,2025,,"R$ 71.120,00",Fiat,ARGO 1.0 6V Flex,2025,001509-1,Flex,1,F,junho de 2026 ,566dwhc0lvdzm,"segunda-feira, 1 de junho de 2026 00:07",71120.0
334,1,,,2026,,"R$ 76.933,00",Fiat,ARGO 1.0 6V Flex,2026,001509-1,Flex,1,F,junho de 2026 ,8fb76dsszfd2v,"segunda-feira, 1 de junho de 2026 00:07",76933.0
334,1,,,2024,,"R$ 83.627,00",Fiat,ARGO TREKKING 1.3 8V Flex,2024,001519-9,Flex,1,F,junho de 2026 ,cbyt97wqdr4sw,"segunda-feira, 1 de junho de 2026 00:07",83627.0
334,1,,,2025,,"R$ 86.678,00",Fiat,ARGO TREKKING 1.3 8V Flex,2025,001519-9,Flex,1,F,junho de 2026 ,cc3l8kwb6z7w3,"segunda-feira, 1 de junho de 2026 00:07",86678.0
334,1,,,2021,,"R$ 98.371,00",Fiat,Toro Endurance 2.0 16V 4x4 Diesel Aut.,2021,001520-2,Diesel,1,D,junho de 2026 ,cjjp94fj9hmgk,"segunda-feira, 1 de junho de 2026 00:07",98371.0
334,1,,,2022,,"R$ 102.440,00",Fiat,Toro Endurance 2.0 16V 4x4 Diesel Aut.,2022,001520-2,Diesel,1,D,junho de 2026 ,f6fqk27vksdm9,"segunda-feira, 1 de junho de 2026 00:07",102440.0
334,1,,,2021,,"R$ 67.543,00",Fiat,Strada Endurance 1.4 Flex 8V CS Plus,2021,001526-1,Flex,1,F,junho de 2026 ,4v78ty22c2g6,"segunda-feira, 1 de junho de 2026 00:07",67543.0
334,1,,,2022,,"R$ 70.085,00",Fiat,Strada Endurance 1.4 Flex 8V CS Plus,2022,001526-1,Flex,1,F,junho de 2026 ,5t16y4knl2lf,"segunda-feira, 1 de junho de 2026 00:07",70085.0
334,1,,,2023,,"R$ 75.666,00",Fiat,Strada Endurance 1.4 Flex 8V CS Plus,2023,001526-1,Flex,1,F,junho de 2026 ,7yhq6r5ww7pn,"segunda-feira, 1 de junho de 2026 00:07",75666.0
334,1,,,2022,,"R$ 76.890,00",Fiat,Strada Freedom 1.3 Flex 8V  CS Plus,2022,001527-0,Flex,1,F,junho de 2026 ,8dvmp02w5xlf,"segunda-feira, 1 de junho de 2026 00:07",76890.0
334,1,,,2023,,"R$ 83.084,00",Fiat,Strada Freedom 1.3 Flex 8V  CS Plus,2023,001527-0,Flex,1,F,junho de 2026 ,cbrgyy2sgvypn,"segunda-feira, 1 de junho de 2026 00:07",83084.0
334,1,,,2024,,"R$ 91.010,00",Fiat,Strada Freedom 1.3 Flex 8V  CS Plus,2024,001527-0,Flex,1,F,junho de 2026 ,cfrdtmxfdjbsw,"segunda-feira, 1 de junho de 2026 00:07",91010.0
334,1,,,2022,5,"R$ 102.178,00",Fiat,Strada Volcano 1.3 Flex 8V CD,2022,001528-8,Flex,1,F,junho de 2026 ,f536clfpr3dny,"segunda-feira, 1 de junho de 2026 00:08",102178.0
334,1,,,2025,5,"R$ 93.459,00",Fiat,Strada Freedom 1.3 Flex 8V  CS Plus,2025,001527-0,Flex,1,F,junho de 2026 ,cgn3ywqb58bw3,"segunda-feira, 1 de junho de 2026 00:08",93459.0
334,1,,,2025,5,"R$ 114.618,00",Fiat,Strada Volcano 1.3 Flex 8V CD,2025,001528-8,Flex,1,F,junho de 2026 ,gnqb6qtl8rdzm,"segunda-feira, 1 de junho de 2026 00:08",114618.0
334,1,,,2023,5,"R$ 96.634,00",Fiat,Strada Freedom 1.3 Flex 8V CD,2023,001530-0,Flex,1,F,junho de 2026 ,chwbzc6c25ppn,"segunda-feira, 1 de junho de 2026 00:08",96634.0
334,1,,,2024,5,"R$ 100.394,00",Fiat,Strada Freedom 1.3 Flex 8V CD,2024,001530-0,Flex,1,F,junho de 2026 ,f31b7g24w3dwd,"segunda-feira, 1 de junho de 2026 00:08",100394.0
334,1,,,2021,5,"R$ 75.530,00",Fiat,Fiorino Endurance EVO 1.4 Flex 8V 2p,2021,001531-8,Flex,1,F,junho de 2026 ,7ww9trdjj7g6,"segunda-feira, 1 de junho de 2026 00:08",75530.0
334,1,,,2022,5,"R$ 79.933,00",Fiat,Fiorino Endurance EVO 1.4 Flex 8V 2p,2022,001531-8,Flex,1,F,junho de 2026 ,9kjnwntrqdlf,"segunda-feira, 1 de junho de 2026 00:08",79933.0
334,1,,,2025,5,"R$ 108.497,00",Fiat,Strada Freedom 1.3 Flex 8V CD,2025,001530-0,Flex,1,F,junho de 2026 ,gfjwbn1x99dzm,"segunda-feira, 1 de junho de 2026 00:08",108497.0
334,1,,,2023,,"R$ 84.274,00",Fiat,Fiorino Endurance EVO 1.4 Flex 8V 2p,2023,001531-8,Flex,1,F,junho de 2026 ,cb6fhcbkgkkpn,"segunda-feira, 1 de junho de 2026 00:08",84274.0
334,1,,,2024,,"R$ 89.667,00",Fiat,Fiorino Endurance EVO 1.4 Flex 8V 2p,2024,001531-8,Flex,1,F,junho de 2026 ,cd7nn9mvfcdsw,"segunda-feira, 1 de junho de 2026 00:08",89667.0
334,1,,,2025,,"R$ 98.269,00",Fiat,Fiorino Endurance EVO 1.4 Flex 8V 2p,2025,001531-8,Flex,1,F,junho de 2026 ,cjhh7vfc1ztw3,"segunda-feira, 1 de junho de 2026 00:08",98269.0
334,1,,,2021,,"R$ 52.225,00",Fiat,Grand Siena 1.4 EVO Flex 8V 4p,2021,001532-6,Flex,1,F,junho de 2026 ,y2nncg50rhg6,"segunda-feira, 1 de junho de 2026 00:08",52225.0
334,1,,,2021,,"R$ 71.670,00",Fiat,Fiorino Working 1.4 Flex 8V 2p,2021,001534-2,Flex,1,F,junho de 2026 ,6fm91ncsw8g6,"segunda-feira, 1 de junho de 2026 00:08",71670.0
334,1,,,2024,,"R$ 61.478,00",Fiat,MOBI TREKKING 1.0 Flex 5p.,2024,001536-9,Flex,1,F,junho de 2026 ,2k4t2wjshksw,"segunda-feira, 1 de junho de 2026 00:08",61478.0
334,1,,,2022,,"R$ 57.271,00",Fiat,MOBI TREKKING 1.0 Flex 5p.,2022,001536-9,Flex,1,F,junho de 2026 ,0ztqgnflx0lf,"segunda-feira, 1 de junho de 2026 00:08",57271.0
334,1,,,2025,,"R$ 66.890,00",Fiat,MOBI TREKKING 1.0 Flex 5p.,2025,001536-9,Flex,1,F,junho de 2026 ,4mlx3r5t9gw3,"segunda-feira, 1 de junho de 2026 00:08",66890.0
334,1,,,2023,,"R$ 109.481,00",Fiat,Toro Endurance 1.3 T270 4x2 Flex Aut.,2023,001537-7,Flex,1,F,junho de 2026 ,ggpm17hzsfdr5,"segunda-feira, 1 de junho de 2026 00:08",109481.0
334,1,,,2024,,"R$ 116.895,00",Fiat,Toro Endurance 1.3 T270 4x2 Flex Aut.,2024,001537-7,Flex,1,F,junho de 2026 ,grc3t1qhr0dwd,"segunda-feira, 1 de junho de 2026 00:08",116895.0
334,1,,,2025,,"R$ 123.799,00",Fiat,Toro Endurance 1.3 T270 4x2 Flex Aut.,2025,001537-7,Flex,1,F,junho de 2026 ,g0g1yvltbcdzm,"segunda-feira, 1 de junho de 2026 00:08",123799.0
334,1,,,2022,,"R$ 105.488,00",Fiat,Toro Freedom 1.3 T270 4x2 Flex Aut.,2022,001538-5,Flex,1,F,junho de 2026 ,f90hx0kdnrdny,"segunda-feira, 1 de junho de 2026 00:08",105488.0
334,1,,,2023,,"R$ 114.604,00",Fiat,Toro Freedom 1.3 T270 4x2 Flex Aut.,2023,001538-5,Flex,1,F,junho de 2026 ,gnpvfqg9vsdr5,"segunda-feira, 1 de junho de 2026 00:08",114604.0
334,1,,,2024,,"R$ 124.647,00",Fiat,Toro Freedom 1.3 T270 4x2 Flex Aut.,2024,001538-5,Flex,1,F,junho de 2026 ,g1gwf0jgb8dwd,"segunda-feira, 1 de junho de 2026 00:08",124647.0
334,1,,,2025,,"R$ 132.199,00",Fiat,Toro Freedom 1.3 T270 4x2 Flex Aut.,2025,001538-5,Flex,1,F,junho de 2026 ,hbbcp2vgk2dzm,"segunda-feira, 1 de junho de 2026 00:08",132199.0
334,1,,,32000,5,"R$ 169.328,00",Fiat,Toro Freedom 1.3 T270 4x2 Flex Aut.,32000,001538-5,Flex,1,F,junho de 2026 ,jqvw0ztyctcz,"segunda-feira, 1 de junho de 2026 00:08",169328.0
334,1,,,2022,,"R$ 117.824,00",Fiat,Toro Volcano 1.3 T270 4x2 Flex Aut.,2022,001539-3,Flex,1,F,junho de 2026 ,gsgwlhf3qydny,"segunda-feira, 1 de junho de 2026 00:08",117824.0
334,1,,,2024,,"R$ 137.471,00",Fiat,Toro Volcano 1.3 T270 4x2 Flex Aut.,2024,001539-3,Flex,1,F,junho de 2026 ,hjhzy1v9wbdwd,"segunda-feira, 1 de junho de 2026 00:08",137471.0
334,1,,,2025,,"R$ 147.747,00",Fiat,Toro Volcano 1.3 T270 4x2 Flex Aut.,2025,001539-3,Flex,1,F,junho de 2026 ,hxkhhw6hl2dzm,"segunda-feira, 1 de junho de 2026 00:08",147747.0
334,1,,,2022,,"R$ 130.195,00",Fiat,500e ICON (Elétrico),2022,001541-5,Elétrico,1,E,junho de 2026 ,g7zjphslc2dnm,"segunda-feira, 1 de junho de 2026 00:08",130195.0
334,1,,,2022,,"R$ 88.223,00",Fiat,PULSE AUDACE 1.0 Turbo 200 Flex Aut.,2022,001542-3,Flex,1,F,junho de 2026 ,cdpqtym36hwlf,"segunda-feira, 1 de junho de 2026 00:08",88223.0
334,1,,,2023,,"R$ 94.186,00",Fiat,PULSE AUDACE 1.0 Turbo 200 Flex Aut.,2023,001542-3,Flex,1,F,junho de 2026 ,cgym6dp42cnpn,"segunda-feira, 1 de junho de 2026 00:08",94186.0
334,1,,,2024,,"R$ 99.166,00",Fiat,PULSE AUDACE 1.0 Turbo 200 Flex Aut.,2024,001542-3,Flex,1,F,junho de 2026 ,cjt08vf54fwsw,"segunda-feira, 1 de junho de 2026 00:08",99166.0
334,1,,,2025,,"R$ 105.429,00",Fiat,PULSE AUDACE 1.0 Turbo 200 Flex Aut.,2025,001542-3,Flex,1,F,junho de 2026 ,f9ycf5m0jddzm,"segunda-feira, 1 de junho de 2026 00:08",105429.0
334,1,,,2022,,"R$ 85.223,00",Fiat,PULSE DRIVE 1.0 Turbo 200 Flex Aut.,2022,001543-1,Flex,1,F,junho de 2026 ,cckkd8ntmq8lf,"segunda-feira, 1 de junho de 2026 00:08",85223.0
334,1,,,2023,,"R$ 87.701,00",Fiat,PULSE DRIVE 1.0 Turbo 200 Flex Aut.,2023,001543-1,Flex,1,F,junho de 2026 ,cdhl280bz3ypn,"segunda-feira, 1 de junho de 2026 00:08",87701.0
334,1,,,2023,,"R$ 88.092,00",Fiat,PULSE DRIVE 1.3 8V Flex Aut.,2023,001544-0,Flex,1,F,junho de 2026 ,cdm56w2v828pn,"segunda-feira, 1 de junho de 2026 00:08",88092.0
334,1,,,2024,,"R$ 92.670,00",Fiat,PULSE DRIVE 1.3 8V Flex Aut.,2024,001544-0,Flex,1,F,junho de 2026 ,cgcv5sh0sbnsw,"segunda-feira, 1 de junho de 2026 00:08",92670.0
334,1,,,2025,,"R$ 97.832,00",Fiat,PULSE DRIVE 1.3 8V Flex Aut.,2025,001544-0,Flex,1,F,junho de 2026 ,cjbddxtm097w3,"segunda-feira, 1 de junho de 2026 00:08",97832.0
334,1,,,2026,,"R$ 106.575,00",Fiat,PULSE DRIVE 1.3 8V Flex Aut.,2026,001544-0,Flex,1,F,junho de 2026 ,gb80p9np3bd2v,"segunda-feira, 1 de junho de 2026 00:08",106575.0
334,1,,,2025,,"R$ 92.904,00",Fiat,PULSE DRIVE 1.3 8V Flex Mec. ,2025,001545-8,Flex,1,F,junho de 2026 ,cggl7dc11znw3,"segunda-feira, 1 de junho de 2026 00:08",92904.0
334,1,,,2024,,"R$ 109.020,00",Fiat,PULSE IMPETUS 1.0 TURBO 200 Flex Aut.,2024,001546-6,Flex,1,F,junho de 2026 ,gf4wmr0b5qdwd,"segunda-feira, 1 de junho de 2026 00:08",109020.0
334,1,,,2025,,"R$ 117.585,00",Fiat,PULSE IMPETUS 1.0 TURBO 200 Flex Aut.,2025,001546-6,Flex,1,F,junho de 2026 ,gr559b9g5cdzm,"segunda-feira, 1 de junho de 2026 00:08",117585.0
334,1,,,2022,,"R$ 106.563,00",Fiat,Strada Volcano 1.3 Flex 8V CD Aut.,2022,001549-0,Flex,1,F,junho de 2026 ,gb8k54xrdjdny,"segunda-feira, 1 de junho de 2026 00:08",106563.0
334,1,,,2024,,"R$ 115.031,00",Fiat,Strada Volcano 1.3 Flex 8V CD Aut.,2024,001549-0,Flex,1,F,junho de 2026 ,gn6ckldyx3dwd,"segunda-feira, 1 de junho de 2026 00:08",115031.0
334,1,,,2022,5,"R$ 99.792,00",Fiat,Toro Endurance 1.3 T270 4x2 Flex Aut.,2022,001537-7,Flex,1,F,junho de 2026 ,cj2ctbpqc2mlf,"segunda-feira, 1 de junho de 2026 00:08",99792.0
334,1,,,2025,,"R$ 79.187,00",Fiat,CRONOS DRIVE 1.0 6V Flex,2025,001553-9,Flex,1,F,junho de 2026 ,88sh833fk7w3,"segunda-feira, 1 de junho de 2026 00:08",79187.0
334,1,,,2026,,"R$ 96.663,00",Fiat,CRONOS DRIVE 1.3 8V Flex Aut.,2026,001554-7,Flex,1,F,junho de 2026 ,chwph4rx5g60b,"segunda-feira, 1 de junho de 2026 00:09",96663.0
334,1,,,2023,,"R$ 83.132,00",Fiat,CRONOS PRECISION 1.3 8V Flex Aut.,2023,001555-5,Flex,1,F,junho de 2026 ,cbr1dsxz65wdr5,"segunda-feira, 1 de junho de 2026 00:09",83132.0
334,1,,,2024,,"R$ 86.785,00",Fiat,CRONOS PRECISION 1.3 8V Flex Aut.,2024,001555-5,Flex,1,F,junho de 2026 ,cc4v453b1w2dwd,"segunda-feira, 1 de junho de 2026 00:09",86785.0
334,1,,,2023,,"R$ 112.261,00",Fiat,Fastback Limited Ed.1.3 270 T.Flex Aut.,2023,001556-3,Flex,1,F,junho de 2026 ,gkypf02074dr5,"segunda-feira, 1 de junho de 2026 00:09",112261.0
334,1,,,2024,,"R$ 121.059,00",Fiat,Fastback Limited Ed.1.3 270 T.Flex Aut.,2024,001556-3,Flex,1,F,junho de 2026 ,gw8gm5n6g1dwd,"segunda-feira, 1 de junho de 2026 00:09",121059.0
334,1,,,2025,,"R$ 129.738,00",Fiat,Fastback Limited Ed.1.3 270 T.Flex Aut.,2025,001556-3,Flex,1,F,junho de 2026 ,g7fxrqlc8jdzm,"segunda-feira, 1 de junho de 2026 00:09",129738.0
334,1,,,2024,,"R$ 116.773,00",Fiat,Fastback Impetus 1.0 200 T. Flex Aut,2024,001557-1,Flex,1,F,junho de 2026 ,gq7pcmphfldwd,"segunda-feira, 1 de junho de 2026 00:09",116773.0
334,1,,,2023,,"R$ 107.815,00",Fiat,Fastback Impetus 1.0 200 T. Flex Aut,2023,001557-1,Flex,1,F,junho de 2026 ,gdq2wr3rz3dr5,"segunda-feira, 1 de junho de 2026 00:09",107815.0
334,1,,,2025,,"R$ 121.594,00",Fiat,Fastback Impetus 1.0 200 T. Flex Aut,2025,001557-1,Flex,1,F,junho de 2026 ,gxwxgd901vdzm,"segunda-feira, 1 de junho de 2026 00:09",121594.0
334,1,,,2023,,"R$ 103.811,00",Fiat,Fastback Audace 1.0 200 T. Flex Aut,2023,001558-0,Flex,1,F,junho de 2026 ,f71kb964r6dr5,"segunda-feira, 1 de junho de 2026 00:09",103811.0
334,1,,,2026,5,"R$ 91.054,00",Fiat,CRONOS DRIVE 1.0 6V Flex,2026,001553-9,Flex,1,F,junho de 2026 ,cfrxtdwt5r80b,"segunda-feira, 1 de junho de 2026 00:09",91054.0
334,1,,,2024,,"R$ 110.324,00",Fiat,Fastback Audace 1.0 200 T. Flex Aut,2024,001558-0,Flex,1,F,junho de 2026 ,ghn8xqf7brdwd,"segunda-feira, 1 de junho de 2026 00:09",110324.0
334,1,,,2025,,"R$ 114.918,00",Fiat,Fastback Audace 1.0 200 T. Flex Aut,2025,001558-0,Flex,1,F,junho de 2026 ,gn177jnt2vdzm,"segunda-feira, 1 de junho de 2026 00:09",114918.0
334,1,,,2023,,"R$ 195.296,00",Fiat,E-Scudo (Elétrico),2023,001560-1,Elétrico,1,E,junho de 2026 ,kp9rmglckqdrv,"segunda-feira, 1 de junho de 2026 00:09",195296.0
334,1,,,2024,,"R$ 80.789,00",Fiat,ARGO DRIVE 1.3 8V Flex Aut.,2024,001561-0,Flex,1,F,junho de 2026 ,9wksw9664jdwd,"segunda-feira, 1 de junho de 2026 00:09",80789.0
334,1,,,2025,,"R$ 85.970,00",Fiat,ARGO DRIVE 1.3 8V Flex Aut.,2025,001561-0,Flex,1,F,junho de 2026 ,cct9x366k35dzm,"segunda-feira, 1 de junho de 2026 00:09",85970.0
334,1,,,2024,,"R$ 86.628,00",Fiat,ARGO TREKKING 1.3 8V Flex Aut.,2024,001562-8,Flex,1,F,junho de 2026 ,cc2025wv1gjdwd,"segunda-feira, 1 de junho de 2026 00:09",86628.0
334,1,,,2025,,"R$ 89.586,00",Fiat,ARGO TREKKING 1.3 8V Flex Aut.,2025,001562-8,Flex,1,F,junho de 2026 ,cd6p7mhy16mdzm,"segunda-feira, 1 de junho de 2026 00:09",89586.0
334,1,,,32000,3,"R$ 281.873,00",Fiat,Ducato Cargo 2.2 Diesel (E6),32000,001563-6,Diesel,1,D,junho de 2026 ,nztkrymzr6j1gy,"segunda-feira, 1 de junho de 2026 00:09",281873.0
334,1,,,2025,,"R$ 222.183,00",Fiat,Ducato MaxiCargo 2.2 Diesel (E6),2025,001564-4,Diesel,1,D,junho de 2026 ,lqt0p3v1brdyz,"segunda-feira, 1 de junho de 2026 00:09",222183.0
334,1,,,32000,5,"R$ 119.912,00",Fiat,Fastback 1.0 200 Turbo Flex Aut,32000,001568-7,Flex,1,F,junho de 2026 ,gvxr73vj42j1hl,"segunda-feira, 1 de junho de 2026 00:09",119912.0
334,1,,,2024,,"R$ 78.305,00",Fiat,Strada Endurance 1.3 Flex 8V CS Plus,2024,001569-5,Flex,1,F,junho de 2026 ,8yfx8605ssdwd,"segunda-feira, 1 de junho de 2026 00:09",78305.0
334,1,,,2025,,"R$ 86.660,00",Fiat,Strada Endurance 1.3 Flex 8V CS Plus,2025,001569-5,Flex,1,F,junho de 2026 ,cc3dqq9xkdcdzm,"segunda-feira, 1 de junho de 2026 00:09",86660.0
334,1,,,2026,,"R$ 94.879,00",Fiat,Strada Endurance 1.3 Flex 8V CS Plus,2026,001569-5,Flex,1,F,junho de 2026 ,cg6r2tcxp50d2v,"segunda-feira, 1 de junho de 2026 00:09",94879.0
334,1,,,2023,5,"R$ 80.463,00",Fiat,CRONOS DRIVE 1.3 8V Flex Aut.,2023,001554-7,Flex,1,F,junho de 2026 ,9rq9ppghj9pn,"segunda-feira, 1 de junho de 2026 00:09",80463.0
334,1,,,32000,5,"R$ 111.208,00",Fiat,Strada Endurance 1.3 Flex 8V CS Plus,32000,001569-5,Flex,1,F,junho de 2026 ,gjqdzbmvw6j1hl,"segunda-feira, 1 de junho de 2026 00:09",111208.0
334,1,,,2024,5,"R$ 82.784,00",Fiat,CRONOS DRIVE 1.3 8V Flex Aut.,2024,001554-7,Flex,1,F,junho de 2026 ,cbmyxpthvlnsw,"segunda-feira, 1 de junho de 2026 00:09",82784.0
334,1,,,2025,5,"R$ 93.997,00",Fiat,CRONOS DRIVE 1.3 8V Flex Aut.,2025,001554-7,Flex,1,F,junho de 2026 ,cgwfht22jl6w3,"segunda-feira, 1 de junho de 2026 00:09",93997.0
334,1,,,2025,,"R$ 137.551,00",Fiat,Fastback ABARTH Turbo Flex 1.3 Aut.,2025,001572-5,Flex,1,F,junho de 2026 ,hjlw3cyv40dzm,"segunda-feira, 1 de junho de 2026 00:09",137551.0
334,1,,,2025,,"R$ 184.215,00",Fiat,Titano Volcano 2.2 16V 4x4 TB Die. Aut.,2025,001574-1,Diesel,1,D,junho de 2026 ,j89z1d8pqcdyz,"segunda-feira, 1 de junho de 2026 00:09",184215.0
334,1,,,2025,,"R$ 125.765,00",Fiat,Fastback Impetus 200 T. Aut (Hibrído),2025,001577-6,Híbrido,1,H,junho de 2026 ,g2sh42wwm4dzy,"segunda-feira, 1 de junho de 2026 00:09",125765.0
334,1,,,2025,,"R$ 185.250,00",Fiat,Titano Ranch 2.2 16V 4x4 TB Diesel Aut.,2025,001575-0,Diesel,1,D,junho de 2026 ,kbjl7c3wf7dyz,"segunda-feira, 1 de junho de 2026 00:09",185250.0
334,1,,,2025,,"R$ 120.101,00",Fiat,Fastback Audace 200 TB Aut (Hibrído),2025,001578-4,Híbrido,1,H,junho de 2026 ,gv4m6sdmqgdzy,"segunda-feira, 1 de junho de 2026 00:09",120101.0
334,1,,,2025,,"R$ 111.392,00",Fiat,PULSE AUDACE Turbo 200  Aut. (Hibrído),2025,001579-2,Híbrido,1,H,junho de 2026 ,gjx29b3w6rdzy,"segunda-feira, 1 de junho de 2026 00:09",111392.0
334,1,,,2025,,"R$ 162.765,00",Fiat,Toro Volcano 2.2 16V 4x4 TB Diesel Aut.,2025,001586-5,Diesel,1,D,junho de 2026 ,jg5b322kmbdyz,"segunda-feira, 1 de junho de 2026 00:09",162765.0
334,1,,,2025,,"R$ 97.887,00",Fiat,Fiorino Endurance 1.3 Flex 8V 2p,2025,001589-0,Flex,1,F,junho de 2026 ,cjb1dmp7zwgdzm,"segunda-feira, 1 de junho de 2026 00:09",97887.0
334,1,,,2026,,"R$ 110.299,00",Fiat,Fiorino Endurance 1.3 Flex 8V 2p,2026,001589-0,Flex,1,F,junho de 2026 ,ghncrg41f4d2v,"segunda-feira, 1 de junho de 2026 00:09",110299.0
334,1,,,32000,5,"R$ 123.364,00",Fiat,Fiorino Endurance 1.3 Flex 8V 2p,32000,001589-0,Flex,1,F,junho de 2026 ,gzy7th9dxdj1hl,"segunda-feira, 1 de junho de 2026 00:09",123364.0
334,1,,,2026,,"R$ 202.306,00",Fiat,Scudo Multi 2.2 16 V Turbo Diesel,2026,001591-1,Diesel,1,D,junho de 2026 ,kzjj5slm0hd16,"segunda-feira, 1 de junho de 2026 00:09",202306.0
334,1,,,32000,5,"R$ 118.705,00",Fiat,PULSE 1.0 Turbo 200  Flex Aut.,32000,001592-0,Flex,1,F,junho de 2026 ,gthw788vbnj1hl,"segunda-feira, 1 de junho de 2026 00:09",118705.0
334,1,,,2023,,"R$ 169.858,00",Toyota,Hilux CD 4x4 2.8 Diesel Mec.,2023,002015-0,Diesel,1,D,junho de 2026 ,jrg46kmhk6drj,"segunda-feira, 1 de junho de 2026 00:09",169858.0
334,1,,,2024,,"R$ 187.985,00",Toyota,Hilux CD 4x4 2.8 Diesel Mec.,2024,002015-0,Diesel,1,D,junho de 2026 ,kfq0xc5xp2dvr,"segunda-feira, 1 de junho de 2026 00:09",187985.0
334,1,,,2025,,"R$ 227.879,00",Toyota,Hilux CD 4x4 2.8 Diesel Mec.,2025,002015-0,Diesel,1,D,junho de 2026 ,lyh1p5g4sjdyz,"segunda-feira, 1 de junho de 2026 00:09",227879.0
334,1,,,2022,,"R$ 122.216,00",Toyota,Corolla XEi 2.0 Flex 16V Aut.,2022,002111-3,Flex,1,F,junho de 2026 ,gymh9j2y6ldny,"segunda-feira, 1 de junho de 2026 00:09",122216.0
334,1,,,2023,,"R$ 127.845,00",Toyota,Corolla XEi 2.0 Flex 16V Aut.,2023,002111-3,Flex,1,F,junho de 2026 ,g463s94rpwdr5,"segunda-feira, 1 de junho de 2026 00:09",127845.0
334,1,,,2024,,"R$ 142.891,00",Toyota,Corolla XEi 2.0 Flex 16V Aut.,2024,002111-3,Flex,1,F,junho de 2026 ,hqvzzkn10kdwd,"segunda-feira, 1 de junho de 2026 00:09",142891.0
334,1,,,2025,,"R$ 158.528,00",Toyota,Corolla XEi 2.0 Flex 16V Aut.,2025,002111-3,Flex,1,F,junho de 2026 ,h96b13bjk8dzm,"segunda-feira, 1 de junho de 2026 00:09",158528.0
334,1,,,32000,5,"R$ 172.802,00",Toyota,Corolla XEi 2.0 Flex 16V Aut.,32000,002111-3,Flex,1,F,junho de 2026 ,jvx5ctn65wcz,"segunda-feira, 1 de junho de 2026 00:09",172802.0
334,1,,,2021,,"R$ 128.565,00",Toyota,Corolla ALTIS/A.Premiu. 2.0 Flex 16V Aut,2021,002112-1,Flex,1,F,junho de 2026 ,g5182jjjxndkq,"segunda-feira, 1 de junho de 2026 00:09",128565.0
334,1,,,2023,,"R$ 143.359,00",Toyota,Corolla ALTIS/A.Premiu. 2.0 Flex 16V Aut,2023,002112-1,Flex,1,F,junho de 2026 ,hrdz9j9858dr5,"segunda-feira, 1 de junho de 2026 00:09",143359.0
334,1,,,2024,,"R$ 163.802,00",Toyota,Corolla ALTIS/A.Premiu. 2.0 Flex 16V Aut,2024,002112-1,Flex,1,F,junho de 2026 ,jjc1kyfjhhdwd,"segunda-feira, 1 de junho de 2026 00:09",163802.0
334,1,,,2025,,"R$ 177.455,00",Toyota,Corolla ALTIS/A.Premiu. 2.0 Flex 16V Aut,2025,002112-1,Flex,1,F,junho de 2026 ,j1c85g8h06dzm,"segunda-feira, 1 de junho de 2026 00:09",177455.0
334,1,,,2023,,"R$ 252.396,00",Toyota,Hilux CD SRX 4x4 2.8 TDI 16V Diesel Aut.,2023,002141-5,Diesel,1,D,junho de 2026 ,mv75c2w8pzdrj,"segunda-feira, 1 de junho de 2026 00:09",252396.0
334,1,,,2025,,"R$ 256.574,00",Toyota,Hilux CD SR 4x4 2.8 TDI Diesel Aut.,2025,002142-3,Diesel,1,D,junho de 2026 ,m040y7402xdyz,"segunda-feira, 1 de junho de 2026 00:09",256574.0
334,1,,,2024,,"R$ 217.432,00",Toyota,Hilux CD SR 4x4 2.8 TDI Diesel Aut.,2024,002142-3,Diesel,1,D,junho de 2026 ,lj8bhdsp6ldvr,"segunda-feira, 1 de junho de 2026 00:09",217432.0
334,1,,,32000,3,"R$ 308.776,00",Toyota,Hilux CD SR 4x4 2.8 TDI Diesel Aut.,32000,002142-3,Diesel,1,D,junho de 2026 ,p0cdwhlss8cb,"segunda-feira, 1 de junho de 2026 00:09",308776.0
334,1,,,2024,,"R$ 193.165,00",Toyota,Hilux CS 4x4 2.8 TDI Diesel Mec.,2024,002144-0,Diesel,1,D,junho de 2026 ,kms9hv03vldvr,"segunda-feira, 1 de junho de 2026 00:09",193165.0
334,1,,,2025,,"R$ 212.618,00",Toyota,Hilux CS 4x4 2.8 TDI Diesel Mec.,2025,002144-0,Diesel,1,D,junho de 2026 ,lcmb83vg2vdyz,"segunda-feira, 1 de junho de 2026 00:09",212618.0
334,1,,,2024,,"R$ 196.484,00",Toyota,Hilux Chassi 4x4 2.8 TDI Diesel Mec.,2024,002145-8,Diesel,1,D,junho de 2026 ,krpx6nd6fddvr,"segunda-feira, 1 de junho de 2026 00:09",196484.0
334,1,,,2024,,"R$ 326.811,00",Toyota,Hilux SW4 SRX 4x4 2.8 TDI 16V Dies. Aut.,2024,002146-6,Diesel,1,D,junho de 2026 ,qphxxtfh1pdvr,"segunda-feira, 1 de junho de 2026 00:09",326811.0
334,1,,,2020,,"R$ 193.827,00",Toyota,Hilux SW4 SRV 4x2 2.7 Flex 16V Aut.,2020,002160-1,Flex,1,F,junho de 2026 ,knlcd4xrqsdgh,"segunda-feira, 1 de junho de 2026 00:09",193827.0
334,1,,,2023,,"R$ 84.597,00",Toyota,YARIS XL Sedan 1.5 Flex 16V 4p Aut.,2023,002168-7,Flex,1,F,junho de 2026 ,cb96wscq5typn,"segunda-feira, 1 de junho de 2026 00:09",84597.0
334,1,,,2024,,"R$ 90.114,00",Toyota,YARIS XL Sedan 1.5 Flex 16V 4p Aut.,2024,002168-7,Flex,1,F,junho de 2026 ,cfdw4w5d58ssw,"segunda-feira, 1 de junho de 2026 00:09",90114.0
334,1,,,2025,,"R$ 97.018,00",Toyota,YARIS XL Sedan 1.5 Flex 16V 4p Aut.,2025,002168-7,Flex,1,F,junho de 2026 ,ch0vj3568wbw3,"segunda-feira, 1 de junho de 2026 00:09",97018.0
334,1,,,2023,,"R$ 90.051,00",Toyota,YARIS XS Sedan 1.5 Flex 16V 4p Aut.,2023,002169-5,Flex,1,F,junho de 2026 ,cfc471mlzwxpn,"segunda-feira, 1 de junho de 2026 00:09",90051.0
334,1,,,2023,,"R$ 96.542,00",Toyota,YARIS XLS Sedan 1.5 Flex 16V 4p Aut.,2023,002170-9,Flex,1,F,junho de 2026 ,cht8jr243pbpn,"segunda-feira, 1 de junho de 2026 00:09",96542.0
334,1,,,2023,,"R$ 87.203,00",Toyota,YARIS XS 1.5 Flex 16V 5p Aut.,2023,002173-3,Flex,1,F,junho de 2026 ,cc9r21c4319pn,"segunda-feira, 1 de junho de 2026 00:09",87203.0
334,1,,,2023,,"R$ 94.995,00",Toyota,YARIS XLS 1.5 Flex 16V 5p Aut.,2023,002174-1,Flex,1,F,junho de 2026 ,cg737vr5gckpn,"segunda-feira, 1 de junho de 2026 00:09",94995.0
334,1,,,2023,,"R$ 118.383,00",Toyota,Corolla GLi 2.0 16V Flex Aut.,2023,002181-4,Flex,1,F,junho de 2026 ,gs36f1h5hbdr5,"segunda-feira, 1 de junho de 2026 00:09",118383.0
334,1,,,2025,,"R$ 143.570,00",Toyota,Corolla GLi 2.0 16V Flex Aut.,2025,002181-4,Flex,1,F,junho de 2026 ,hrnn1npqg2dzm,"segunda-feira, 1 de junho de 2026 00:09",143570.0
334,1,,,2023,,"R$ 142.326,00",Toyota,Corolla Altis 1.8 16V Aut. (Híbrido),2023,002182-2,Híbrido,1,H,junho de 2026 ,hp6gcf5r2kdsh,"segunda-feira, 1 de junho de 2026 00:09",142326.0
334,1,,,2025,,"R$ 179.622,00",Toyota,Corolla Altis Prem. 1.8 Aut. (Híbrido),2025,002183-0,Híbrido,1,H,junho de 2026 ,j3x1vkt28bdzy,"segunda-feira, 1 de junho de 2026 00:09",179622.0
334,1,,,2022,,"R$ 208.387,00",Toyota,RAV4 2.5 SX Connect 4x4  Aut. (Híbrido),2022,002196-2,Híbrido,1,H,junho de 2026 ,k6nkznvfpcdn8,"segunda-feira, 1 de junho de 2026 00:09",208387.0
334,1,,,2022,,"R$ 138.986,00",Toyota,Corolla Cross XRV 1.8 16V Aut. (Híbrido),2022,002200-4,Híbrido,1,H,junho de 2026 ,hk81z4qtb4dn8,"segunda-feira, 1 de junho de 2026 00:09",138986.0
334,1,,,2024,6,"R$ 161.442,00",Toyota,Corolla Altis 1.8 16V Aut. (Híbrido),2024,002182-2,Híbrido,1,H,junho de 2026 ,jfl8fg6wjwdwq,"segunda-feira, 1 de junho de 2026 00:09",161442.0
334,1,,,2023,,"R$ 145.156,00",Toyota,Corolla Cross XRV 1.8 16V Aut. (Híbrido),2023,002200-4,Híbrido,1,H,junho de 2026 ,hth92q9jsndsh,"segunda-feira, 1 de junho de 2026 00:09",145156.0
334,1,,,2022,,"R$ 126.562,00",Toyota,Corolla Cross XR 2.0 16V Flex Aut.,2022,002201-2,Flex,1,F,junho de 2026 ,g3qg5v8mphdny,"segunda-feira, 1 de junho de 2026 00:09",126562.0
334,1,,,2023,,"R$ 132.321,00",Toyota,Corolla Cross XR 2.0 16V Flex Aut.,2023,002201-2,Flex,1,F,junho de 2026 ,hbgs5gyflwdr5,"segunda-feira, 1 de junho de 2026 00:09",132321.0
334,1,,,2024,6,"R$ 161.936,00",Toyota,Corolla Cross XRV 1.8 16V Aut. (Híbrido),2024,002200-4,Híbrido,1,H,junho de 2026 ,jf561mj4j9dwq,"segunda-feira, 1 de junho de 2026 00:09",161936.0
334,1,,,2025,6,"R$ 177.512,00",Toyota,Corolla Cross XRV 1.8 16V Aut. (Híbrido),2025,002200-4,Híbrido,1,H,junho de 2026 ,j1gcdgnbtjdzy,"segunda-feira, 1 de junho de 2026 00:09",177512.0
334,1,,,2022,,"R$ 130.136,00",Toyota,Corolla Cross XRE 2.0 16V Flex Aut.,2022,002203-9,Flex,1,F,junho de 2026 ,g7xc6nttpcdny,"segunda-feira, 1 de junho de 2026 00:10",130136.0
334,1,,,2023,,"R$ 137.233,00",Toyota,Corolla Cross XRE 2.0 16V Flex Aut.,2023,002203-9,Flex,1,F,junho de 2026 ,hh7bsvhsfbdr5,"segunda-feira, 1 de junho de 2026 00:10",137233.0
334,1,,,2024,,"R$ 149.537,00",Toyota,Corolla Cross XRE 2.0 16V Flex Aut.,2024,002203-9,Flex,1,F,junho de 2026 ,hznkdldk4sdwd,"segunda-feira, 1 de junho de 2026 00:10",149537.0
334,1,,,2025,,"R$ 165.314,00",Toyota,Corolla Cross XRE 2.0 16V Flex Aut.,2025,002203-9,Flex,1,F,junho de 2026 ,jk4z67sxdrdzm,"segunda-feira, 1 de junho de 2026 00:10",165314.0
334,1,,,32000,5,"R$ 190.960,00",Toyota,Corolla Cross XRE 2.0 16V Flex Aut.,32000,002203-9,Flex,1,F,junho de 2026 ,kj640gv7sscz,"segunda-feira, 1 de junho de 2026 00:10",190960.0
334,1,,,2023,,"R$ 153.721,00",Toyota,Corolla Cross XRX 1.8 16V Aut. (Híbrido),2023,002204-7,Híbrido,1,H,junho de 2026 ,h4kmrblnwjdsh,"segunda-feira, 1 de junho de 2026 00:10",153721.0
334,1,,,2024,,"R$ 167.594,00",Toyota,Corolla Cross XRX 1.8 16V Aut. (Híbrido),2024,002204-7,Híbrido,1,H,junho de 2026 ,jntv7b486sdwq,"segunda-feira, 1 de junho de 2026 00:10",167594.0
334,1,,,2024,5,"R$ 125.521,00",Toyota,Corolla GLi 2.0 16V Flex Aut.,2024,002181-4,Flex,1,F,junho de 2026 ,g2hm7bhp0gdwd,"segunda-feira, 1 de junho de 2026 00:10",125521.0
334,1,,,2025,,"R$ 190.617,00",Toyota,Corolla Cross XRX 1.8 16V Aut. (Híbrido),2025,002204-7,Híbrido,1,H,junho de 2026 ,kjtpjn83fmdzy,"segunda-feira, 1 de junho de 2026 00:10",190617.0
334,1,,,2023,,"R$ 345.187,00",Toyota,Hilux SW4 Diamond 2.8 TB 4x4 Die. Aut.,2023,002205-5,Diesel,1,D,junho de 2026 ,rc1t52h6x9drj,"segunda-feira, 1 de junho de 2026 00:10",345187.0
334,1,,,2023,,"R$ 84.270,00",Toyota,YARIS XL 1.5 Flex 16V 5p Aut.,2023,002207-1,Flex,1,F,junho de 2026 ,cb6c085mx26pn,"segunda-feira, 1 de junho de 2026 00:10",84270.0
334,1,,,2024,,"R$ 89.872,00",Toyota,YARIS XL 1.5 Flex 16V 5p Aut.,2024,002207-1,Flex,1,F,junho de 2026 ,cd9154zvyxrsw,"segunda-feira, 1 de junho de 2026 00:10",89872.0
334,1,,,2025,,"R$ 95.837,00",Toyota,YARIS XL 1.5 Flex 16V 5p Aut.,2025,002207-1,Flex,1,F,junho de 2026 ,chkz84m4h9vw3,"segunda-feira, 1 de junho de 2026 00:10",95837.0
334,1,,,32000,5,"R$ 109.339,00",Toyota,YARIS XL 1.5 Flex 16V 5p Aut.,32000,002207-1,Flex,1,F,junho de 2026 ,ggjg175jw4cz,"segunda-feira, 1 de junho de 2026 00:10",109339.0
334,1,,,2024,,"R$ 348.039,00",Toyota,Hilux SW4 SRX Plat. 4x4 2.8 TB Die. Aut.,2024,002214-4,Diesel,1,D,junho de 2026 ,rhdhpsk8ptdvr,"segunda-feira, 1 de junho de 2026 00:10",348039.0
334,1,,,2024,,"R$ 287.276,00",Toyota,Hilux CD SRX Plus 4x4 2.8 TDI Die. Aut.,2024,002215-2,Diesel,1,D,junho de 2026 ,n54ymn23wydvr,"segunda-feira, 1 de junho de 2026 00:10",287276.0
334,1,,,2024,,"R$ 297.984,00",Toyota,RAV4 2.5 XSE 4x4 Aut. (Híbrido),2024,002217-9,Híbrido,1,H,junho de 2026 ,plp4x1c4d8dwq,"segunda-feira, 1 de junho de 2026 00:10",297984.0
334,1,,,2024,,"R$ 226.738,00",Toyota,Hilux CD 4x4 2.8  Diesel Aut.,2024,002218-7,Diesel,1,D,junho de 2026 ,lw5k2pdlnzdvr,"segunda-feira, 1 de junho de 2026 00:10",226738.0
334,1,,,2023,,"R$ 170.933,00",Ford,Ranger XLT 3.2 20V 4x4 CD Diesel Aut.,2023,003363-4,Diesel,1,D,junho de 2026 ,jsq7gqc8bgdrj,"segunda-feira, 1 de junho de 2026 00:10",170933.0
334,1,,,2023,,"R$ 188.890,00",Ford,Ranger Limited 3.2 4x4 CD Diesel Aut.,2023,003364-2,Diesel,1,D,junho de 2026 ,kgsxmh85lddrj,"segunda-feira, 1 de junho de 2026 00:10",188890.0
334,1,,,2023,,"R$ 157.469,00",Ford,Ranger XLS 2.2 4x4 CD Diesel Aut.,2023,003421-5,Diesel,1,D,junho de 2026 ,h8yvtt7yqqdrj,"segunda-feira, 1 de junho de 2026 00:10",157469.0
334,1,,,2023,,"R$ 151.201,00",Ford,Ranger XL 2.2 4x4 CD Diesel Mec.,2023,003426-6,Diesel,1,D,junho de 2026 ,h1l0942f9rdrj,"segunda-feira, 1 de junho de 2026 00:10",151201.0
334,1,,,2023,,"R$ 150.353,00",Ford,Ranger XL 2.2 4x4 CS Diesel Mec.,2023,003433-9,Diesel,1,D,junho de 2026 ,h0l6tz5gkwdrj,"segunda-feira, 1 de junho de 2026 00:10",150353.0
334,1,,,2019,,"R$ 46.997,00",Ford,Ka 1.5 Sedan SE 12V Flex 4p Mec.,2019,003463-0,Flex,1,F,junho de 2026 ,w3cfkqj5bt90,"segunda-feira, 1 de junho de 2026 00:10",46997.0
334,1,,,2020,,"R$ 49.174,00",Ford,Ka 1.5 Sedan SE 12V Flex 4p Mec.,2020,003463-0,Flex,1,F,junho de 2026 ,xxwp1gqjgzcz,"segunda-feira, 1 de junho de 2026 00:10",49174.0
334,1,,,2021,,"R$ 59.604,00",Ford,Ka 1.5 Sedan SE Plus 12V Flex 4p Aut.,2021,003465-7,Flex,1,F,junho de 2026 ,1v5pn83wdhg6,"segunda-feira, 1 de junho de 2026 00:10",59604.0
334,1,,,2023,,"R$ 135.417,00",Ford,TERRITORY Titanium 1.5 GTDi EcoBo. Aut.,2023,003478-9,Gasolina,1,G,junho de 2026 ,hf3blz4skgdqw,"segunda-feira, 1 de junho de 2026 00:10",135417.0
334,1,,,2025,,"R$ 175.102,00",Ford,TERRITORY Titanium 1.5 GTDi EcoBo. Aut.,2025,003478-9,Gasolina,1,G,junho de 2026 ,jymrxjndt1dyb,"segunda-feira, 1 de junho de 2026 00:10",175102.0
334,1,,,2022,,"R$ 161.661,00",Ford,Bronco Sport Wildtrak 2.0 Tb 16V AWD Aut,2022,003481-9,Gasolina,1,G,junho de 2026 ,jfv6502j7sdmn,"segunda-feira, 1 de junho de 2026 00:10",161661.0
334,1,,,2023,,"R$ 179.625,00",Ford,Bronco Sport Wildtrak 2.0 Tb 16V AWD Aut,2023,003481-9,Gasolina,1,G,junho de 2026 ,j3x47b6vzjdqw,"segunda-feira, 1 de junho de 2026 00:10",179625.0
334,1,,,2024,5,"R$ 142.727,00",Toyota,Corolla Cross XR 2.0 16V Flex Aut.,2024,002201-2,Flex,1,F,junho de 2026 ,hqn054wmrqdwd,"segunda-feira, 1 de junho de 2026 00:10",142727.0
334,1,,,2024,,"R$ 194.581,00",Ford,Bronco Sport Wildtrak 2.0 Tb 16V AWD Aut,2024,003481-9,Gasolina,1,G,junho de 2026 ,kpgrzymjxrdt3,"segunda-feira, 1 de junho de 2026 00:10",194581.0
334,1,,,2022,,"R$ 197.165,00",Ford,TRANSIT Minibus Vidrada 2.0 16V Diesel,2022,003482-7,Diesel,1,D,junho de 2026 ,kshpjlxjkldm9,"segunda-feira, 1 de junho de 2026 00:10",197165.0
334,1,,,2022,,"R$ 204.424,00",Ford,TRANSIT Minibus 15 Lug. 2.0 16V Diesel,2022,003483-5,Diesel,1,D,junho de 2026 ,k10jnb6drqdm9,"segunda-feira, 1 de junho de 2026 00:10",204424.0
334,1,,,2026,,"R$ 314.300,00",Ford,TRANSIT Minibus 18 Lug. 2.0 16V Diesel,2026,003484-3,Diesel,1,D,junho de 2026 ,p6t52plqq4d16,"segunda-feira, 1 de junho de 2026 00:10",314300.0
334,1,,,32000,3,"R$ 295.211,00",Ford,TRANSIT Furgão 2.0 Medio Turbo Diesel,32000,003487-8,Diesel,1,D,junho de 2026 ,phgcfqk1yyj1gy,"segunda-feira, 1 de junho de 2026 00:10",295211.0
334,1,,,2026,,"R$ 217.540,00",Ford,Ranger XL 2.0 4x4 CD Diesel Mec. ,2026,003502-5,Diesel,1,D,junho de 2026 ,lkc75rvfrkd16,"segunda-feira, 1 de junho de 2026 00:10",217540.0
334,1,,,32000,3,"R$ 250.550,00",Ford,Ranger XL 2.0 4x4 CD Diesel Mec. ,32000,003502-5,Diesel,1,D,junho de 2026 ,ms22dbh1s0j1gy,"segunda-feira, 1 de junho de 2026 00:10",250550.0
334,1,,,2022,,"R$ 152.878,00",GM - Chevrolet,S10 Pick-Up LT 2.8 TDI 4x4 CD Diesel Aut,2022,004395-8,Diesel,1,D,junho de 2026 ,h3kzws86kzdm9,"segunda-feira, 1 de junho de 2026 00:10",152878.0
334,1,,,2023,,"R$ 159.651,00",GM - Chevrolet,S10 Pick-Up LT 2.8 TDI 4x4 CD Diesel Aut,2023,004395-8,Diesel,1,D,junho de 2026 ,jch5dvq9zqdrj,"segunda-feira, 1 de junho de 2026 00:10",159651.0
334,1,,,2024,,"R$ 180.513,00",GM - Chevrolet,S10 Pick-Up LT 2.8 TDI 4x4 CD Diesel Aut,2024,004395-8,Diesel,1,D,junho de 2026 ,j4zfsn7yl6dvr,"segunda-feira, 1 de junho de 2026 00:10",180513.0
334,1,,,2022,,"R$ 170.204,00",GM - Chevrolet,S10 Pick-Up LTZ 2.8 TDI 4x4 CD Dies.Aut,2022,004397-4,Diesel,1,D,junho de 2026 ,jrwq143n63dm9,"segunda-feira, 1 de junho de 2026 00:10",170204.0
334,1,,,2023,,"R$ 177.848,00",GM - Chevrolet,S10 Pick-Up LTZ 2.8 TDI 4x4 CD Dies.Aut,2023,004397-4,Diesel,1,D,junho de 2026 ,j1vkzq5n8ddrj,"segunda-feira, 1 de junho de 2026 00:10",177848.0
334,1,,,2024,,"R$ 201.662,00",GM - Chevrolet,S10 Pick-Up LTZ 2.8 TDI 4x4 CD Dies.Aut,2024,004397-4,Diesel,1,D,junho de 2026 ,kyr4j7xl0hdvr,"segunda-feira, 1 de junho de 2026 00:10",201662.0
334,1,,,2025,,"R$ 250.192,00",GM - Chevrolet,S10 Pick-Up LTZ 2.8 TDI 4x4 CD Dies.Aut,2025,004397-4,Diesel,1,D,junho de 2026 ,msn10l52m7dyz,"segunda-feira, 1 de junho de 2026 00:10",250192.0
334,1,,,2021,,"R$ 126.858,00",GM - Chevrolet,S10 Pick-Up LS 2.8 TDI 4x4 CD Dies. Mec.,2021,004413-0,Diesel,1,D,junho de 2026 ,g317pzdg58dj2,"segunda-feira, 1 de junho de 2026 00:10",126858.0
334,1,,,2022,,"R$ 130.158,00",GM - Chevrolet,S10 Pick-Up LS 2.8 TDI 4x4 CD Dies. Mec.,2022,004413-0,Diesel,1,D,junho de 2026 ,g7x5z3b12hdm9,"segunda-feira, 1 de junho de 2026 00:10",130158.0
334,1,,,2023,,"R$ 142.635,00",GM - Chevrolet,S10 Pick-Up LS 2.8 TDI 4x4 CD Dies. Mec.,2023,004413-0,Diesel,1,D,junho de 2026 ,hqkpjmstf7drj,"segunda-feira, 1 de junho de 2026 00:10",142635.0
334,1,,,2024,,"R$ 168.913,00",GM - Chevrolet,S10 Pick-Up LS 2.8 TDI 4x4 CD Dies. Mec.,2024,004413-0,Diesel,1,D,junho de 2026 ,jqctd79wv2dvr,"segunda-feira, 1 de junho de 2026 00:10",168913.0
334,1,,,2025,,"R$ 107.408,00",GM - Chevrolet,SPIN LT 1.8 8V Econo.Flex 5p Mec.,2025,004414-8,Flex,1,F,junho de 2026 ,gc789h0pf7dzm,"segunda-feira, 1 de junho de 2026 00:10",107408.0
334,1,,,32000,5,"R$ 135.325,00",GM - Chevrolet,SPIN LT 1.8 8V Econo.Flex 5p Mec.,32000,004414-8,Flex,1,F,junho de 2026 ,hfzzyg2jbdcz,"segunda-feira, 1 de junho de 2026 00:10",135325.0
334,1,,,2025,,"R$ 114.870,00",GM - Chevrolet,SPIN LT 1.8 8V Econo.Flex 5p Aut.,2025,004415-6,Flex,1,F,junho de 2026 ,gn0h4x616cdzm,"segunda-feira, 1 de junho de 2026 00:10",114870.0
334,1,,,2025,,"R$ 114.028,00",GM - Chevrolet,SPIN LTZ 1.8 8V Econo.Flex 5p Aut.,2025,004417-2,Flex,1,F,junho de 2026 ,gm0xfb5jt7dzm,"segunda-feira, 1 de junho de 2026 00:10",114028.0
334,1,,,2022,,"R$ 60.428,00",GM - Chevrolet,SPIN LS 1.8 8V Econo.Flex 5p Mec.,2022,004435-0,Flex,1,F,junho de 2026 ,15t54q79ymlf,"segunda-feira, 1 de junho de 2026 00:10",60428.0
334,1,,,2024,,"R$ 81.464,00",GM - Chevrolet,SPIN LS 1.8 8V Econo.Flex 5p Mec.,2024,004435-0,Flex,1,F,junho de 2026 ,94g4h5w11jsw,"segunda-feira, 1 de junho de 2026 00:10",81464.0
334,1,,,2024,,"R$ 214.976,00",GM - Chevrolet,S10 P-Up H.Country 2.8 4x4 CD Dies.Aut.,2024,004464-4,Diesel,1,D,junho de 2026 ,lgc15qhpyddvr,"segunda-feira, 1 de junho de 2026 00:10",214976.0
334,1,,,2020,,"R$ 89.661,00",GM - Chevrolet,CRUZE LT 1.4 16V Turbo Flex 4p Aut.,2020,004470-9,Flex,1,F,junho de 2026 ,cd7lhptdftqcz,"segunda-feira, 1 de junho de 2026 00:10",89661.0
334,1,,,2022,,"R$ 98.967,00",GM - Chevrolet,CRUZE LT 1.4 16V Turbo Flex 4p Aut.,2022,004470-9,Flex,1,F,junho de 2026 ,cjrpyls9hsplf,"segunda-feira, 1 de junho de 2026 00:10",98967.0
334,1,,,2023,,"R$ 102.025,00",GM - Chevrolet,CRUZE LT 1.4 16V Turbo Flex 4p Aut.,2023,004470-9,Flex,1,F,junho de 2026 ,f5ymzczd5sdr5,"segunda-feira, 1 de junho de 2026 00:10",102025.0
334,1,,,2020,,"R$ 53.463,00",GM - Chevrolet,ONIX HATCH Joy 1.0 8V Flex 5p Mec.,2020,004473-3,Flex,1,F,junho de 2026 ,zj5mls5v05cz,"segunda-feira, 1 de junho de 2026 00:10",53463.0
334,1,,,2022,,"R$ 133.523,00",GM - Chevrolet,S10 Pick-Up Advantage 2.5 Flex 4x2 CD,2022,004474-1,Flex,1,F,junho de 2026 ,hcwhjm890wdny,"segunda-feira, 1 de junho de 2026 00:10",133523.0
334,1,,,2024,,"R$ 105.179,00",GM - Chevrolet,SPIN ACTIV7 1.8 8V Econo.Flex 5p Aut.,2024,004490-3,Flex,1,F,junho de 2026 ,f9m8rtdtljdwd,"segunda-feira, 1 de junho de 2026 00:10",105179.0
334,1,,,2022,,"R$ 80.632,00",GM - Chevrolet,SPIN PREMIER 1.8 8V Econo.Flex 5p Aut.,2022,004494-6,Flex,1,F,junho de 2026 ,9tqqxc02bblf,"segunda-feira, 1 de junho de 2026 00:10",80632.0
334,1,,,2023,,"R$ 92.247,00",GM - Chevrolet,SPIN PREMIER 1.8 8V Econo.Flex 5p Aut.,2023,004494-6,Flex,1,F,junho de 2026 ,cf6xflzg95qpn,"segunda-feira, 1 de junho de 2026 00:10",92247.0
334,1,,,2024,,"R$ 100.033,00",GM - Chevrolet,SPIN PREMIER 1.8 8V Econo.Flex 5p Aut.,2024,004494-6,Flex,1,F,junho de 2026 ,f3l7gyr1zydwd,"segunda-feira, 1 de junho de 2026 00:10",100033.0
334,1,,,32000,5,"R$ 161.765,00",GM - Chevrolet,SPIN PREMIER 1.8 8V Econo.Flex 5p Aut.,32000,004494-6,Flex,1,F,junho de 2026 ,jfz0cpg6l0cz,"segunda-feira, 1 de junho de 2026 00:10",161765.0
334,1,,,2025,,"R$ 124.030,00",GM - Chevrolet,SPIN PREMIER 1.8 8V Econo.Flex 5p Aut.,2025,004494-6,Flex,1,F,junho de 2026 ,g0rf7j5snhdzm,"segunda-feira, 1 de junho de 2026 00:10",124030.0
334,1,,,2023,,"R$ 215.884,00",GM - Chevrolet,TRAILBLAZER PREMIER 2.8 TB Diesel Aut.,2023,004498-9,Diesel,1,D,junho de 2026 ,lhf18m98hndrj,"segunda-feira, 1 de junho de 2026 00:10",215884.0
334,1,,,2024,,"R$ 231.164,00",GM - Chevrolet,TRAILBLAZER PREMIER 2.8 TB Diesel Aut.,2024,004498-9,Diesel,1,D,junho de 2026 ,l2cf3cysr3dvr,"segunda-feira, 1 de junho de 2026 00:10",231164.0
334,1,,,2023,,"R$ 73.989,00",GM - Chevrolet,ONIX SEDAN Plus LT 1.0 12V TB Flex Mec.,2023,004500-4,Flex,1,F,junho de 2026 ,69t6h5rmxqpn,"segunda-feira, 1 de junho de 2026 00:10",73989.0
334,1,,,2024,,"R$ 77.352,00",GM - Chevrolet,ONIX SEDAN Plus LT 1.0 12V TB Flex Mec.,2024,004500-4,Flex,1,F,junho de 2026 ,8k8j9z3r84sw,"segunda-feira, 1 de junho de 2026 00:10",77352.0
334,1,,,2025,,"R$ 84.548,00",GM - Chevrolet,ONIX SEDAN Plus LT 1.0 12V TB Flex Mec.,2025,004500-4,Flex,1,F,junho de 2026 ,cb9m2ny47rsw3,"segunda-feira, 1 de junho de 2026 00:10",84548.0
334,1,,,2020,,"R$ 65.600,00",GM - Chevrolet,ONIX SEDAN Plus LT 1.0 12V TB Flex Aut.,2020,004501-2,Flex,1,F,junho de 2026 ,34g1y2nfbdcz,"segunda-feira, 1 de junho de 2026 00:10",65600.0
334,1,,,2023,,"R$ 75.310,00",GM - Chevrolet,ONIX SEDAN Plus LT 1.0 12V TB Flex Aut.,2023,004501-2,Flex,1,F,junho de 2026 ,7tbbyzprnjpn,"segunda-feira, 1 de junho de 2026 00:10",75310.0
334,1,,,2024,,"R$ 82.966,00",GM - Chevrolet,ONIX SEDAN Plus LT 1.0 12V TB Flex Aut.,2024,004501-2,Flex,1,F,junho de 2026 ,cbp22dbtx7csw,"segunda-feira, 1 de junho de 2026 00:10",82966.0
334,1,,,2025,,"R$ 92.634,00",GM - Chevrolet,ONIX SEDAN Plus LT 1.0 12V TB Flex Aut.,2025,004501-2,Flex,1,F,junho de 2026 ,cgcf24wnphqw3,"segunda-feira, 1 de junho de 2026 00:10",92634.0
334,1,,,32000,5,"R$ 118.510,00",GM - Chevrolet,ONIX SEDAN Plus LT 1.0 12V TB Flex Aut.,32000,004501-2,Flex,1,F,junho de 2026 ,gs8tj2pk83cz,"segunda-feira, 1 de junho de 2026 00:10",118510.0
334,1,,,2020,,"R$ 66.056,00",GM - Chevrolet,ONIX SEDAN Plus LTZ 1.0 12V TB Flex Aut.,2020,004502-0,Flex,1,F,junho de 2026 ,39tsy87tggcz,"segunda-feira, 1 de junho de 2026 00:10",66056.0
334,1,,,2021,,"R$ 68.116,00",GM - Chevrolet,ONIX SEDAN Plus LTZ 1.0 12V TB Flex Aut.,2021,004502-0,Flex,1,F,junho de 2026 ,42zj4lw1sqg6,"segunda-feira, 1 de junho de 2026 00:10",68116.0
334,1,,,2022,,"R$ 74.586,00",GM - Chevrolet,ONIX SEDAN Plus LTZ 1.0 12V TB Flex Aut.,2022,004502-0,Flex,1,F,junho de 2026 ,7jt57wvf38lf,"segunda-feira, 1 de junho de 2026 00:10",74586.0
334,1,,,2023,,"R$ 76.771,00",GM - Chevrolet,ONIX SEDAN Plus LTZ 1.0 12V TB Flex Aut.,2023,004502-0,Flex,1,F,junho de 2026 ,8cgcvz0lcppn,"segunda-feira, 1 de junho de 2026 00:10",76771.0
334,1,,,2024,,"R$ 83.021,00",GM - Chevrolet,ONIX SEDAN Plus LTZ 1.0 12V TB Flex Aut.,2024,004502-0,Flex,1,F,junho de 2026 ,cbqq13jnlsrsw,"segunda-feira, 1 de junho de 2026 00:10",83021.0
334,1,,,2025,,"R$ 93.893,00",GM - Chevrolet,ONIX SEDAN Plus LTZ 1.0 12V TB Flex Aut.,2025,004502-0,Flex,1,F,junho de 2026 ,cgt6p0fxc09w3,"segunda-feira, 1 de junho de 2026 00:10",93893.0
334,1,,,2021,,"R$ 66.035,00",GM - Chevrolet,ONIX SEDAN Plus LTZ 1.0 12V TB Flex Mec.,2021,004503-9,Flex,1,F,junho de 2026 ,39k5b3m1zbg6,"segunda-feira, 1 de junho de 2026 00:10",66035.0
334,1,,,2022,,"R$ 69.206,00",GM - Chevrolet,ONIX SEDAN Plus LTZ 1.0 12V TB Flex Mec.,2022,004503-9,Flex,1,F,junho de 2026 ,5hrqsd5jsslf,"segunda-feira, 1 de junho de 2026 00:10",69206.0
334,1,,,2023,,"R$ 74.930,00",GM - Chevrolet,ONIX SEDAN Plus LTZ 1.0 12V TB Flex Mec.,2023,004503-9,Flex,1,F,junho de 2026 ,7nv684jxq0pn,"segunda-feira, 1 de junho de 2026 00:10",74930.0
334,1,,,2023,,"R$ 81.593,00",GM - Chevrolet,ONIX SED. Plus PREM. 1.0 12V TB Flex Aut,2023,004504-7,Flex,1,F,junho de 2026 ,95z007fnpdpn,"segunda-feira, 1 de junho de 2026 00:10",81593.0
334,1,,,2024,,"R$ 92.985,00",GM - Chevrolet,ONIX SED. Plus PREM. 1.0 12V TB Flex Aut,2024,004504-7,Flex,1,F,junho de 2026 ,cghkn156zttsw,"segunda-feira, 1 de junho de 2026 00:10",92985.0
334,1,,,2025,,"R$ 99.936,00",GM - Chevrolet,ONIX SED. Plus PREM. 1.0 12V TB Flex Aut,2025,004504-7,Flex,1,F,junho de 2026 ,cj314v1vwsyw3,"segunda-feira, 1 de junho de 2026 00:10",99936.0
334,1,,,2021,,"R$ 56.765,00",GM - Chevrolet,JOY Plus Black Ed.1.0 8V 4p Flex Mec.,2021,004508-0,Flex,1,F,junho de 2026 ,0sws2p8hxng6,"segunda-feira, 1 de junho de 2026 00:10",56765.0
334,1,,,2020,,"R$ 100.890,00",GM - Chevrolet,CRUZE Premier 1.4 16V TB Flex Aut.,2020,004509-8,Flex,1,F,junho de 2026 ,f4mc3g00m2dgh,"segunda-feira, 1 de junho de 2026 00:10",100890.0
334,1,,,2023,,"R$ 113.273,00",GM - Chevrolet,CRUZE Premier 1.4 16V TB Flex Aut.,2023,004509-8,Flex,1,F,junho de 2026 ,gl4gqm3dq9dr5,"segunda-feira, 1 de junho de 2026 00:10",113273.0
334,1,,,2025,,"R$ 83.539,00",GM - Chevrolet,ONIX HATCH 1.0 12V TB Flex 5p Aut.,2025,004511-0,Flex,1,F,junho de 2026 ,cbxtbpz0jn9w3,"segunda-feira, 1 de junho de 2026 00:10",83539.0
334,1,,,2022,,"R$ 68.931,00",GM - Chevrolet,ONIX HATCH LT 1.0 12V TB Flex 5p Mec.,2022,004512-8,Flex,1,F,junho de 2026 ,5djr6g3nyplf,"segunda-feira, 1 de junho de 2026 00:10",68931.0
334,1,,,2023,,"R$ 71.512,00",GM - Chevrolet,ONIX HATCH LT 1.0 12V TB Flex 5p Mec.,2023,004512-8,Flex,1,F,junho de 2026 ,6cswr4d9fzpn,"segunda-feira, 1 de junho de 2026 00:10",71512.0
334,1,,,2024,,"R$ 77.208,00",GM - Chevrolet,ONIX HATCH LT 1.0 12V TB Flex 5p Mec.,2024,004512-8,Flex,1,F,junho de 2026 ,8jk6sl9y0psw,"segunda-feira, 1 de junho de 2026 00:10",77208.0
334,1,,,2025,,"R$ 84.146,00",GM - Chevrolet,ONIX HATCH LT 1.0 12V TB Flex 5p Mec.,2025,004512-8,Flex,1,F,junho de 2026 ,cb4xy3nbvkqw3,"segunda-feira, 1 de junho de 2026 00:10",84146.0
334,1,,,2023,,"R$ 73.388,00",GM - Chevrolet,ONIX HATCH LTZ 1.0 12V TB Flex 5p Mec.,2023,004513-6,Flex,1,F,junho de 2026 ,62srp87qd2pn,"segunda-feira, 1 de junho de 2026 00:10",73388.0
334,1,,,2023,,"R$ 74.625,00",GM - Chevrolet,ONIX HATCH LT 1.0 12V TB Flex 5p Aut.,2023,004514-4,Flex,1,F,junho de 2026 ,7j9cpcrlytpn,"segunda-feira, 1 de junho de 2026 00:10",74625.0
334,1,,,2024,,"R$ 82.773,00",GM - Chevrolet,ONIX HATCH LT 1.0 12V TB Flex 5p Aut.,2024,004514-4,Flex,1,F,junho de 2026 ,cbmtxrjyl10sw,"segunda-feira, 1 de junho de 2026 00:10",82773.0
334,1,,,2023,,"R$ 81.315,00",GM - Chevrolet,ONIX HATCH LTZ 1.0 12V TB Flex 5p Aut.,2023,004515-2,Flex,1,F,junho de 2026 ,92qznd0f9cpn,"segunda-feira, 1 de junho de 2026 00:11",81315.0
334,1,,,2025,,"R$ 94.494,00",GM - Chevrolet,ONIX HATCH LT 1.0 12V TB Flex 5p Aut.,2025,004514-4,Flex,1,F,junho de 2026 ,cg174tbknthw3,"segunda-feira, 1 de junho de 2026 00:11",94494.0
334,1,,,2024,,"R$ 86.542,00",GM - Chevrolet,ONIX HATCH LTZ 1.0 12V TB Flex 5p Aut.,2024,004515-2,Flex,1,F,junho de 2026 ,cc10t5vpsdfsw,"segunda-feira, 1 de junho de 2026 00:11",86542.0
334,1,,,2025,,"R$ 96.297,00",GM - Chevrolet,ONIX HATCH LTZ 1.0 12V TB Flex 5p Aut.,2025,004515-2,Flex,1,F,junho de 2026 ,chrdg6z97ktw3,"segunda-feira, 1 de junho de 2026 00:11",96297.0
334,1,,,2023,,"R$ 81.576,00",GM - Chevrolet,ONIX HATCH PREM. 1.0 12V TB Flex 5p Aut.,2023,004516-0,Flex,1,F,junho de 2026 ,95svg7dm2zpn,"segunda-feira, 1 de junho de 2026 00:11",81576.0
334,1,,,2024,,"R$ 90.856,00",GM - Chevrolet,ONIX HATCH PREM. 1.0 12V TB Flex 5p Aut.,2024,004516-0,Flex,1,F,junho de 2026 ,cfplvfk2n6rsw,"segunda-feira, 1 de junho de 2026 00:11",90856.0
334,1,,,2025,,"R$ 97.092,00",GM - Chevrolet,ONIX HATCH PREM. 1.0 12V TB Flex 5p Aut.,2025,004516-0,Flex,1,F,junho de 2026 ,ch1qfxzztykw3,"segunda-feira, 1 de junho de 2026 00:11",97092.0
334,1,,,2021,,"R$ 61.034,00",GM - Chevrolet,ONIX HATCH LT 1.0 12V Flex 5p Mec.,2021,004517-9,Flex,1,F,junho de 2026 ,2dyf85378yg6,"segunda-feira, 1 de junho de 2026 00:11",61034.0
334,1,,,2022,,"R$ 63.850,00",GM - Chevrolet,ONIX HATCH LT 1.0 12V Flex 5p Mec.,2022,004517-9,Flex,1,F,junho de 2026 ,3gyzq0lzm4lf,"segunda-feira, 1 de junho de 2026 00:11",63850.0
334,1,,,2023,,"R$ 69.215,00",GM - Chevrolet,ONIX HATCH LT 1.0 12V Flex 5p Mec.,2023,004517-9,Flex,1,F,junho de 2026 ,5hvz52d62gpn,"segunda-feira, 1 de junho de 2026 00:11",69215.0
334,1,,,2024,,"R$ 71.207,00",GM - Chevrolet,ONIX HATCH LT 1.0 12V Flex 5p Mec.,2024,004517-9,Flex,1,F,junho de 2026 ,57605cmvhrsw,"segunda-feira, 1 de junho de 2026 00:11",71207.0
334,1,,,2025,,"R$ 73.476,00",GM - Chevrolet,ONIX HATCH LT 1.0 12V Flex 5p Mec.,2025,004517-9,Flex,1,F,junho de 2026 ,63tq7564vqw3,"segunda-feira, 1 de junho de 2026 00:11",73476.0
334,1,,,32000,5,"R$ 102.563,00",GM - Chevrolet,ONIX HATCH LT 1.0 12V Flex 5p Mec.,32000,004517-9,Flex,1,F,junho de 2026 ,f6k55d58gdcz,"segunda-feira, 1 de junho de 2026 00:11",102563.0
334,1,,,2022,,"R$ 64.952,00",GM - Chevrolet,ONIX SEDAN Plus LT 1.0 12V Flex 4p Mec.,2022,004518-7,Flex,1,F,junho de 2026 ,3wwjlccms4lf,"segunda-feira, 1 de junho de 2026 00:11",64952.0
334,1,,,2023,,"R$ 69.235,00",GM - Chevrolet,ONIX SEDAN Plus LT 1.0 12V Flex 4p Mec.,2023,004518-7,Flex,1,F,junho de 2026 ,5h28jyw6cypn,"segunda-feira, 1 de junho de 2026 00:11",69235.0
334,1,,,2024,,"R$ 74.639,00",GM - Chevrolet,ONIX SEDAN Plus LT 1.0 12V Flex 4p Mec.,2024,004518-7,Flex,1,F,junho de 2026 ,7kggfhkg2ksw,"segunda-feira, 1 de junho de 2026 00:11",74639.0
334,1,,,2025,,"R$ 77.922,00",GM - Chevrolet,ONIX SEDAN Plus LT 1.0 12V Flex 4p Mec.,2025,004518-7,Flex,1,F,junho de 2026 ,8syqtrzvc2w3,"segunda-feira, 1 de junho de 2026 00:11",77922.0
334,1,,,2021,,"R$ 58.978,00",GM - Chevrolet,ONIX HATCH 1.0 12V Flex 5p Mec.,2021,004519-5,Flex,1,F,junho de 2026 ,1mt4510qldg6,"segunda-feira, 1 de junho de 2026 00:11",58978.0
334,1,,,2023,,"R$ 67.587,00",GM - Chevrolet,ONIX HATCH 1.0 12V Flex 5p Mec.,2023,004519-5,Flex,1,F,junho de 2026 ,4wr8lxd81ypn,"segunda-feira, 1 de junho de 2026 00:11",67587.0
334,1,,,2024,,"R$ 69.344,00",GM - Chevrolet,ONIX HATCH 1.0 12V Flex 5p Mec.,2024,004519-5,Flex,1,F,junho de 2026 ,5kcwp1gtmbsw,"segunda-feira, 1 de junho de 2026 00:11",69344.0
334,1,,,2025,,"R$ 71.148,00",GM - Chevrolet,ONIX HATCH 1.0 12V Flex 5p Mec.,2025,004519-5,Flex,1,F,junho de 2026 ,57jlc0b5j9w3,"segunda-feira, 1 de junho de 2026 00:11",71148.0
334,1,,,2020,,"R$ 131.100,00",GM - Chevrolet,BOLT EV Premier 203cv (Elétrico),2020,004520-9,Elétrico,1,E,junho de 2026 ,g81fdmyx9sdf5,"segunda-feira, 1 de junho de 2026 00:11",131100.0
334,1,,,2023,,"R$ 94.885,00",GM - Chevrolet,TRACKER LT 1.0 Turbo 12V Flex Aut.,2023,004522-5,Flex,1,F,junho de 2026 ,cg6t8fd742tpn,"segunda-feira, 1 de junho de 2026 00:11",94885.0
334,1,,,2024,,"R$ 101.553,00",GM - Chevrolet,TRACKER LT 1.0 Turbo 12V Flex Aut.,2024,004522-5,Flex,1,F,junho de 2026 ,f5dg4pn0ymdwd,"segunda-feira, 1 de junho de 2026 00:11",101553.0
334,1,,,2025,,"R$ 106.770,00",GM - Chevrolet,TRACKER LT 1.0 Turbo 12V Flex Aut.,2025,004522-5,Flex,1,F,junho de 2026 ,gch3fj0p58dzm,"segunda-feira, 1 de junho de 2026 00:11",106770.0
334,1,,,2021,,"R$ 102.306,00",GM - Chevrolet,TRACKER Premier 1.2 Turbo 12V Flex Aut.,2021,004525-0,Flex,1,F,junho de 2026 ,f58vlkd32qdkq,"segunda-feira, 1 de junho de 2026 00:11",102306.0
334,1,,,2022,,"R$ 104.864,00",GM - Chevrolet,TRACKER Premier 1.2 Turbo 12V Flex Aut.,2022,004525-0,Flex,1,F,junho de 2026 ,f88tt1km0zdny,"segunda-feira, 1 de junho de 2026 00:11",104864.0
334,1,,,2023,,"R$ 108.267,00",GM - Chevrolet,TRACKER Premier 1.2 Turbo 12V Flex Aut.,2023,004525-0,Flex,1,F,junho de 2026 ,gd8h5w57qcdr5,"segunda-feira, 1 de junho de 2026 00:11",108267.0
334,1,,,2024,,"R$ 118.645,00",GM - Chevrolet,TRACKER Premier 1.2 Turbo 12V Flex Aut.,2024,004525-0,Flex,1,F,junho de 2026 ,gtfqnkc8jrdwd,"segunda-feira, 1 de junho de 2026 00:11",118645.0
334,1,,,2025,,"R$ 129.479,00",GM - Chevrolet,TRACKER Premier 1.2 Turbo 12V Flex Aut.,2025,004525-0,Flex,1,F,junho de 2026 ,g64hx01jkhdzm,"segunda-feira, 1 de junho de 2026 00:11",129479.0
334,1,,,32000,5,"R$ 173.021,00",GM - Chevrolet,TRACKER Premier 1.2 Turbo 12V Flex Aut.,32000,004525-0,Flex,1,F,junho de 2026 ,jv534c0l85cz,"segunda-feira, 1 de junho de 2026 00:11",173021.0
334,1,,,2025,,"R$ 105.514,00",GM - Chevrolet,TRACKER 1.0 Turbo 12V Flex Aut. ,2025,004526-8,Flex,1,F,junho de 2026 ,f91f65pj8fdzm,"segunda-feira, 1 de junho de 2026 00:11",105514.0
334,1,,,2022,,"R$ 143.557,00",GM - Chevrolet,EQUINOX Premier 1.5 Turbo 172cv Aut.,2022,004529-2,Gasolina,1,G,junho de 2026 ,hrm6dk49t6dmn,"segunda-feira, 1 de junho de 2026 00:11",143557.0
334,1,,,2024,,"R$ 165.040,00",GM - Chevrolet,EQUINOX Premier 1.5 Turbo 172cv Aut.,2024,004529-2,Gasolina,1,G,junho de 2026 ,jkt1hk5nh6dt3,"segunda-feira, 1 de junho de 2026 00:11",165040.0
334,1,,,2023,,"R$ 153.755,00",GM - Chevrolet,EQUINOX Premier 1.5 Turbo 172cv Aut.,2023,004529-2,Gasolina,1,G,junho de 2026 ,h4lv1x32xpdqw,"segunda-feira, 1 de junho de 2026 00:11",153755.0
334,1,,,2023,,"R$ 98.003,00",GM - Chevrolet,TRACKER LTZ 1.0 Turbo 12V Flex Aut.,2023,004532-2,Flex,1,F,junho de 2026 ,cjddkn4dbqtpn,"segunda-feira, 1 de junho de 2026 00:11",98003.0
334,1,,,2024,,"R$ 108.111,00",GM - Chevrolet,TRACKER LTZ 1.0 Turbo 12V Flex Aut.,2024,004532-2,Flex,1,F,junho de 2026 ,gd2vdxgzk3dwd,"segunda-feira, 1 de junho de 2026 00:11",108111.0
334,1,,,2025,,"R$ 118.877,00",GM - Chevrolet,TRACKER LTZ 1.0 Turbo 12V Flex Aut.,2025,004532-2,Flex,1,F,junho de 2026 ,gtp415wn6rdzm,"segunda-feira, 1 de junho de 2026 00:11",118877.0
334,1,,,2022,,"R$ 97.851,00",GM - Chevrolet,TRACKER Premier 1.0 Turbo 12V Flex Aut.,2022,004533-0,Flex,1,F,junho de 2026 ,cjbl90dj4dplf,"segunda-feira, 1 de junho de 2026 00:11",97851.0
334,1,,,2023,,"R$ 103.672,00",GM - Chevrolet,TRACKER Premier 1.0 Turbo 12V Flex Aut.,2023,004533-0,Flex,1,F,junho de 2026 ,f7whq4515vdr5,"segunda-feira, 1 de junho de 2026 00:11",103672.0
334,1,,,2023,,"R$ 72.417,00",GM - Chevrolet,SPIN LS 1.8 8V Econo.Flex 5p Aut.,2023,004534-9,Flex,1,F,junho de 2026 ,6qdtxjc2y8pn,"segunda-feira, 1 de junho de 2026 00:11",72417.0
334,1,,,2024,,"R$ 86.497,00",GM - Chevrolet,SPIN LS 1.8 8V Econo.Flex 5p Aut.,2024,004534-9,Flex,1,F,junho de 2026 ,cc1hg4mrpr7sw,"segunda-feira, 1 de junho de 2026 00:11",86497.0
334,1,,,2023,,"R$ 137.844,00",GM - Chevrolet,EQUINOX RS 1.5 Turbo  Aut.,2023,004538-1,Gasolina,1,G,junho de 2026 ,hjyj7pz4h6dqw,"segunda-feira, 1 de junho de 2026 00:11",137844.0
334,1,,,2024,,"R$ 162.576,00",GM - Chevrolet,EQUINOX RS 1.5 Turbo  Aut.,2024,004538-1,Gasolina,1,G,junho de 2026 ,jgyg5fjm03dt3,"segunda-feira, 1 de junho de 2026 00:11",162576.0
334,1,,,2024,,"R$ 100.056,00",GM - Chevrolet,MONTANA 1.2 Turbo Flex 12V 4p Mec.,2024,004539-0,Flex,1,F,junho de 2026 ,f3m2c9mmjxdwd,"segunda-feira, 1 de junho de 2026 00:11",100056.0
334,1,,,2025,,"R$ 110.698,00",GM - Chevrolet,MONTANA 1.2 Turbo Flex 12V 4p Mec.,2025,004539-0,Flex,1,F,junho de 2026 ,gh3v999d3kdzm,"segunda-feira, 1 de junho de 2026 00:11",110698.0
334,1,,,2024,,"R$ 100.442,00",GM - Chevrolet,MONTANA LT 1.2  Turbo Flex 12V 4p Mec.,2024,004540-3,Flex,1,F,junho de 2026 ,f322916xxgdwd,"segunda-feira, 1 de junho de 2026 00:11",100442.0
334,1,,,2023,,"R$ 97.939,00",GM - Chevrolet,MONTANA LT 1.2  Turbo Flex 12V 4p Mec.,2023,004540-3,Flex,1,F,junho de 2026 ,cjcm9j0lr6xdr5,"segunda-feira, 1 de junho de 2026 00:11",97939.0
334,1,,,2025,,"R$ 111.742,00",GM - Chevrolet,MONTANA LT 1.2  Turbo Flex 12V 4p Mec.,2025,004540-3,Flex,1,F,junho de 2026 ,gkbtnnf8dqdzm,"segunda-feira, 1 de junho de 2026 00:11",111742.0
334,1,,,2023,,"R$ 106.390,00",GM - Chevrolet,MONTANA LTZ 1.2 Turbo Flex 12V 4p Aut.,2023,004541-1,Flex,1,F,junho de 2026 ,gb188bfm3qdr5,"segunda-feira, 1 de junho de 2026 00:11",106390.0
334,1,,,2024,,"R$ 111.939,00",GM - Chevrolet,MONTANA LTZ 1.2 Turbo Flex 12V 4p Aut.,2024,004541-1,Flex,1,F,junho de 2026 ,gkkzmrhnhqdwd,"segunda-feira, 1 de junho de 2026 00:11",111939.0
334,1,,,2025,,"R$ 120.228,00",GM - Chevrolet,MONTANA LTZ 1.2 Turbo Flex 12V 4p Aut.,2025,004541-1,Flex,1,F,junho de 2026 ,gv879tks0xdzm,"segunda-feira, 1 de junho de 2026 00:11",120228.0
334,1,,,32000,5,"R$ 155.423,00",GM - Chevrolet,MONTANA LTZ 1.2 Turbo Flex 12V 4p Aut.,32000,004541-1,Flex,1,F,junho de 2026 ,h6khg6b023j1hl,"segunda-feira, 1 de junho de 2026 00:11",155423.0
334,1,,,2024,,"R$ 112.706,00",GM - Chevrolet,MONTANA PREMIER 1.2 Turbo Flex 12V Aut.,2024,004542-0,Flex,1,F,junho de 2026 ,glgvvmmblxdwd,"segunda-feira, 1 de junho de 2026 00:11",112706.0
334,1,,,2025,,"R$ 120.352,00",GM - Chevrolet,MONTANA PREMIER 1.2 Turbo Flex 12V Aut.,2025,004542-0,Flex,1,F,junho de 2026 ,gwfr019p27dzm,"segunda-feira, 1 de junho de 2026 00:11",120352.0
334,1,,,2025,,"R$ 129.400,00",GM - Chevrolet,TRACKER RS 1.2 Turbo 12V Flex Aut.,2025,004544-6,Flex,1,F,junho de 2026 ,g61mxkz4bbdzm,"segunda-feira, 1 de junho de 2026 00:11",129400.0
334,1,,,2025,,"R$ 211.990,00",GM - Chevrolet,S10 Pick-Up WT 2.8 TDI 4x4 CD Diesel Aut,2025,004550-0,Diesel,1,D,junho de 2026 ,lbwjpdy989dyz,"segunda-feira, 1 de junho de 2026 00:11",211990.0
334,1,,,32000,3,"R$ 295.425,00",GM - Chevrolet,S10 Pick-Up WT 2.8 TDI 4x4 CD Diesel Aut,32000,004550-0,Diesel,1,D,junho de 2026 ,php4kmfgckj1gy,"segunda-feira, 1 de junho de 2026 00:11",295425.0
334,1,,,2025,,"R$ 194.312,00",GM - Chevrolet,S10 Pick-Up WT 2.8 TDI 4x4 CD Diesel Mec,2025,004552-7,Diesel,1,D,junho de 2026 ,kn4zww5wgmdyz,"segunda-feira, 1 de junho de 2026 00:11",194312.0
334,1,,,2022,5,"R$ 68.444,00",VW - VolksWagen,Saveiro Trendline 1.6 T.Flex 8V,2022,005386-4,Flex,1,F,junho de 2026 ,46trw2dvt8lf,"segunda-feira, 1 de junho de 2026 00:11",68444.0
334,1,,,2023,5,"R$ 68.152,00",VW - VolksWagen,Saveiro Robust 1.6 Total Flex 8V,2023,005459-3,Flex,1,F,junho de 2026 ,43dmr4z623pn,"segunda-feira, 1 de junho de 2026 00:11",68152.0
334,1,,,2023,,"R$ 187.541,00",VW - VolksWagen,AMAROK Highline CD 3.0 4x4 TB Dies. Aut.,2023,005483-6,Diesel,1,D,junho de 2026 ,kd6wmq3vjndrj,"segunda-feira, 1 de junho de 2026 00:11",187541.0
334,1,,,2022,,"R$ 70.218,00",VW - VolksWagen,Polo 1.0 Flex 12V 5p,2022,005479-8,Flex,1,F,junho de 2026 ,5wmkj7yggdlf,"segunda-feira, 1 de junho de 2026 00:11",70218.0
334,1,,,2025,,"R$ 119.981,00",VW - VolksWagen,VIRTUS Highline 200 TSI 1.0 Flex 12V Aut,2025,005484-4,Flex,1,F,junho de 2026 ,gvz8z8n46ndzm,"segunda-feira, 1 de junho de 2026 00:12",119981.0
334,1,,,2026,,"R$ 128.787,00",VW - VolksWagen,VIRTUS Highline 200 TSI 1.0 Flex 12V Aut,2026,005484-4,Flex,1,F,junho de 2026 ,g6bb6vrs7pd2v,"segunda-feira, 1 de junho de 2026 00:12",128787.0
334,1,,,32000,5,"R$ 150.719,00",VW - VolksWagen,VIRTUS Highline 200 TSI 1.0 Flex 12V Aut,32000,005484-4,Flex,1,F,junho de 2026 ,h01h65j21tcz,"segunda-feira, 1 de junho de 2026 00:12",150719.0
334,1,,,2020,,"R$ 75.641,00",VW - VolksWagen,VIRTUS Comfort. 200 TSI 1.0 Flex 12V Aut,2020,005485-2,Flex,1,F,junho de 2026 ,7x6njc2ptrcz,"segunda-feira, 1 de junho de 2026 00:12",75641.0
334,1,,,2021,,"R$ 78.951,00",VW - VolksWagen,VIRTUS Comfort. 200 TSI 1.0 Flex 12V Aut,2021,005485-2,Flex,1,F,junho de 2026 ,850q4lvx7mg6,"segunda-feira, 1 de junho de 2026 00:12",78951.0
334,1,,,2022,,"R$ 88.354,00",VW - VolksWagen,VIRTUS Comfort. 200 TSI 1.0 Flex 12V Aut,2022,005485-2,Flex,1,F,junho de 2026 ,cdq8fz4s5q7lf,"segunda-feira, 1 de junho de 2026 00:12",88354.0
334,1,,,2024,3,"R$ 237.753,00",VW - VolksWagen,AMAROK Highline CD 3.0 4x4 TB Dies. Aut.,2024,005483-6,Diesel,1,D,junho de 2026 ,l92x9dv0vjdvr,"segunda-feira, 1 de junho de 2026 00:12",237753.0
334,1,,,2023,,"R$ 101.056,00",VW - VolksWagen,VIRTUS Comfort. 200 TSI 1.0 Flex 12V Aut,2023,005485-2,Flex,1,F,junho de 2026 ,f4td4rtbcpdr5,"segunda-feira, 1 de junho de 2026 00:12",101056.0
334,1,,,2025,3,"R$ 275.692,00",VW - VolksWagen,AMAROK Highline CD 3.0 4x4 TB Dies. Aut.,2025,005483-6,Diesel,1,D,junho de 2026 ,nrkw84w3yydyz,"segunda-feira, 1 de junho de 2026 00:12",275692.0
334,1,,,2024,,"R$ 106.086,00",VW - VolksWagen,VIRTUS Comfort. 200 TSI 1.0 Flex 12V Aut,2024,005485-2,Flex,1,F,junho de 2026 ,gbp7qs7gstdwd,"segunda-feira, 1 de junho de 2026 00:12",106086.0
334,1,,,2025,,"R$ 113.179,00",VW - VolksWagen,VIRTUS Comfort. 200 TSI 1.0 Flex 12V Aut,2025,005485-2,Flex,1,F,junho de 2026 ,gl01s8npmqdzm,"segunda-feira, 1 de junho de 2026 00:12",113179.0
334,1,,,2021,,"R$ 68.842,00",VW - VolksWagen,VIRTUS 1.6 MSI Flex 16V 5p Mec.,2021,005486-0,Flex,1,F,junho de 2026 ,5chfc79jtwg6,"segunda-feira, 1 de junho de 2026 00:12",68842.0
334,1,,,2026,,"R$ 118.772,00",VW - VolksWagen,VIRTUS Comfort. 200 TSI 1.0 Flex 12V Aut,2026,005485-2,Flex,1,F,junho de 2026 ,gtlbrlgtzfd2v,"segunda-feira, 1 de junho de 2026 00:12",118772.0
334,1,,,2019,,"R$ 143.847,00",VW - VolksWagen,TIGUAN Allspac R-Line 350 TSI 2.0 4x4,2019,005489-5,Gasolina,1,G,junho de 2026 ,hrzq43n2ssc9z,"segunda-feira, 1 de junho de 2026 00:12",143847.0
334,1,,,2021,5,"R$ 68.360,00",VW - VolksWagen,Polo 1.0 Flex 12V 5p,2021,005479-8,Flex,1,F,junho de 2026 ,45t7fdcb9qg6,"segunda-feira, 1 de junho de 2026 00:12",68360.0
334,1,,,2021,,"R$ 165.889,00",VW - VolksWagen,TIGUAN Allspac R-Line 350 TSI 2.0 4x4,2021,005489-5,Gasolina,1,G,junho de 2026 ,jltw3ntpg9djf,"segunda-feira, 1 de junho de 2026 00:12",165889.0
334,1,,,2021,,"R$ 47.426,00",VW - VolksWagen,Gol 1.0 Flex 12V 5p,2021,005490-9,Flex,1,F,junho de 2026 ,w8dcbznjbkg6,"segunda-feira, 1 de junho de 2026 00:12",47426.0
334,1,,,2023,,"R$ 55.254,00",VW - VolksWagen,Gol 1.0 Flex 12V 5p,2023,005490-9,Flex,1,F,junho de 2026 ,z65lsy4d54pn,"segunda-feira, 1 de junho de 2026 00:12",55254.0
334,1,,,2022,,"R$ 52.221,00",VW - VolksWagen,Gol 1.0 Flex 12V 5p,2022,005490-9,Flex,1,F,junho de 2026 ,y2l588qvpylf,"segunda-feira, 1 de junho de 2026 00:12",52221.0
334,1,,,2022,5,"R$ 94.460,00",VW - VolksWagen,VIRTUS Highline 200 TSI 1.0 Flex 12V Aut,2022,005484-4,Flex,1,F,junho de 2026 ,cg1vsp9k69blf,"segunda-feira, 1 de junho de 2026 00:12",94460.0
334,1,,,2023,5,"R$ 107.315,00",VW - VolksWagen,VIRTUS Highline 200 TSI 1.0 Flex 12V Aut,2023,005484-4,Flex,1,F,junho de 2026 ,gc4xh2phkcdr5,"segunda-feira, 1 de junho de 2026 00:12",107315.0
334,1,,,2024,5,"R$ 110.992,00",VW - VolksWagen,VIRTUS Highline 200 TSI 1.0 Flex 12V Aut,2024,005484-4,Flex,1,F,junho de 2026 ,gjgkllxp75dwd,"segunda-feira, 1 de junho de 2026 00:12",110992.0
334,1,,,2021,,"R$ 52.003,00",VW - VolksWagen,Gol 1.6 MSI Flex 8V 5p,2021,005491-7,Flex,1,F,junho de 2026 ,yz1yy3n6b1g6,"segunda-feira, 1 de junho de 2026 00:12",52003.0
334,1,,,2022,,"R$ 58.432,00",VW - VolksWagen,Gol 1.6 MSI Flex 8V 5p,2022,005491-7,Flex,1,F,junho de 2026 ,1ffp3bjvwzlf,"segunda-feira, 1 de junho de 2026 00:12",58432.0
334,1,,,2022,,"R$ 56.569,00",VW - VolksWagen,VOYAGE 1.0 Flex 12V 4p,2022,005492-5,Flex,1,F,junho de 2026 ,0qlkm0bkgrlf,"segunda-feira, 1 de junho de 2026 00:12",56569.0
334,1,,,2023,,"R$ 61.094,00",VW - VolksWagen,VOYAGE 1.0 Flex 12V 4p,2023,005492-5,Flex,1,F,junho de 2026 ,2fm8btw4rlpn,"segunda-feira, 1 de junho de 2026 00:12",61094.0
334,1,,,2021,,"R$ 51.162,00",VW - VolksWagen,VOYAGE 1.6 MSI Flex 8V 4p,2021,005493-3,Flex,1,F,junho de 2026 ,yn58yk9r0xg6,"segunda-feira, 1 de junho de 2026 00:12",51162.0
334,1,,,2022,,"R$ 59.685,00",VW - VolksWagen,VOYAGE 1.6 MSI Flex 8V 4p,2022,005493-3,Flex,1,F,junho de 2026 ,1w34b31gvllf,"segunda-feira, 1 de junho de 2026 00:12",59685.0
334,1,,,2021,,"R$ 74.977,00",VW - VolksWagen,VIRTUS 1.6 MSI Flex 16V 4p Aut.,2021,005500-0,Flex,1,F,junho de 2026 ,7pd9vyx8t3g6,"segunda-feira, 1 de junho de 2026 00:12",74977.0
334,1,,,2022,,"R$ 84.035,00",VW - VolksWagen,VIRTUS 1.6 MSI Flex 16V 4p Aut.,2022,005500-0,Flex,1,F,junho de 2026 ,cb3mmdy17h2lf,"segunda-feira, 1 de junho de 2026 00:12",84035.0
334,1,,,2022,,"R$ 65.318,00",VW - VolksWagen,VOYAGE 1.6 MSI Flex 16V 4p Aut.,2022,005501-8,Flex,1,F,junho de 2026 ,305kh18dfrlf,"segunda-feira, 1 de junho de 2026 00:12",65318.0
334,1,,,2022,,"R$ 58.557,00",VW - VolksWagen,Gol 1.6 MSI Flex 16V 5p Aut.,2022,005502-6,Flex,1,F,junho de 2026 ,1gw4j36ff0lf,"segunda-feira, 1 de junho de 2026 00:12",58557.0
334,1,,,2019,,"R$ 97.849,00",VW - VolksWagen,JETTA Comfort. 250 TSI 1.4 Flex 16v Aut.,2019,005504-2,Flex,1,F,junho de 2026 ,cjbllgshhql90,"segunda-feira, 1 de junho de 2026 00:12",97849.0
334,1,,,2023,,"R$ 215.705,00",VW - VolksWagen,AMAROK Extreme CD 3.0 4x4 TB Dies. Aut.,2023,005506-9,Diesel,1,D,junho de 2026 ,lg7kk8wg3qdrj,"segunda-feira, 1 de junho de 2026 00:12",215705.0
334,1,,,2024,,"R$ 240.640,00",VW - VolksWagen,AMAROK Extreme CD 3.0 4x4 TB Dies. Aut.,2024,005506-9,Diesel,1,D,junho de 2026 ,mfgv7pbg2ddvr,"segunda-feira, 1 de junho de 2026 00:12",240640.0
334,1,,,2021,,"R$ 109.166,00",VW - VolksWagen,T-Cross Hig. 250 TSI 1.4 Flex 16V 5p Aut,2021,005508-5,Flex,1,F,junho de 2026 ,gf954fpd3gdkq,"segunda-feira, 1 de junho de 2026 00:12",109166.0
334,1,,,2020,,"R$ 104.594,00",VW - VolksWagen,T-Cross Hig. 250 TSI 1.4 Flex 16V 5p Aut,2020,005508-5,Flex,1,F,junho de 2026 ,f8y0l2bwbqdgh,"segunda-feira, 1 de junho de 2026 00:12",104594.0
334,1,,,2022,,"R$ 115.474,00",VW - VolksWagen,T-Cross Hig. 250 TSI 1.4 Flex 16V 5p Aut,2022,005508-5,Flex,1,F,junho de 2026 ,gpqgp9cmr6dny,"segunda-feira, 1 de junho de 2026 00:12",115474.0
334,1,,,2023,,"R$ 124.222,00",VW - VolksWagen,T-Cross Hig. 250 TSI 1.4 Flex 16V 5p Aut,2023,005508-5,Flex,1,F,junho de 2026 ,g0zfkzbkn9dr5,"segunda-feira, 1 de junho de 2026 00:12",124222.0
334,1,,,2024,,"R$ 131.860,00",VW - VolksWagen,T-Cross Hig. 250 TSI 1.4 Flex 16V 5p Aut,2024,005508-5,Flex,1,F,junho de 2026 ,g9x1qzjgchdwd,"segunda-feira, 1 de junho de 2026 00:12",131860.0
334,1,,,2025,,"R$ 141.665,00",VW - VolksWagen,T-Cross Hig. 250 TSI 1.4 Flex 16V 5p Aut,2025,005508-5,Flex,1,F,junho de 2026 ,hpffk16mz4dzm,"segunda-feira, 1 de junho de 2026 00:12",141665.0
334,1,,,2026,,"R$ 160.704,00",VW - VolksWagen,T-Cross Hig. 250 TSI 1.4 Flex 16V 5p Aut,2026,005508-5,Flex,1,F,junho de 2026 ,jdrfwjpjjqd2v,"segunda-feira, 1 de junho de 2026 00:12",160704.0
334,1,,,2021,,"R$ 97.598,00",VW - VolksWagen,T-Cross Comfor. 200 TSI 1.0 Flex 5p Aut.,2021,005509-3,Flex,1,F,junho de 2026 ,ch7nb9m8sjldkq,"segunda-feira, 1 de junho de 2026 00:12",97598.0
334,1,,,2022,,"R$ 102.865,00",VW - VolksWagen,T-Cross Comfor. 200 TSI 1.0 Flex 5p Aut.,2022,005509-3,Flex,1,F,junho de 2026 ,f6x5f2phh0dny,"segunda-feira, 1 de junho de 2026 00:12",102865.0
334,1,,,2023,,"R$ 109.978,00",VW - VolksWagen,T-Cross Comfor. 200 TSI 1.0 Flex 5p Aut.,2023,005509-3,Flex,1,F,junho de 2026 ,gg8p14cdv7dr5,"segunda-feira, 1 de junho de 2026 00:12",109978.0
334,1,,,2024,,"R$ 118.720,00",VW - VolksWagen,T-Cross Comfor. 200 TSI 1.0 Flex 5p Aut.,2024,005509-3,Flex,1,F,junho de 2026 ,gtjf47f7d7dwd,"segunda-feira, 1 de junho de 2026 00:12",118720.0
334,1,,,2025,,"R$ 132.212,00",VW - VolksWagen,T-Cross Comfor. 200 TSI 1.0 Flex 5p Aut.,2025,005509-3,Flex,1,F,junho de 2026 ,hbbvb4hg0vdzm,"segunda-feira, 1 de junho de 2026 00:12",132212.0
334,1,,,2026,,"R$ 150.351,00",VW - VolksWagen,T-Cross Comfor. 200 TSI 1.0 Flex 5p Aut.,2026,005509-3,Flex,1,F,junho de 2026 ,h0l4k3s3vxd2v,"segunda-feira, 1 de junho de 2026 00:12",150351.0
334,1,,,32000,5,"R$ 162.680,00",VW - VolksWagen,T-Cross Comfor. 200 TSI 1.0 Flex 5p Aut.,32000,005509-3,Flex,1,F,junho de 2026 ,jg18b20jq9j1hl,"segunda-feira, 1 de junho de 2026 00:12",162680.0
334,1,,,2022,,"R$ 96.708,00",VW - VolksWagen,T-Cross 200 TSI 1.0  Flex 12V 5p Aut.,2022,005510-7,Flex,1,F,junho de 2026 ,chw6v5ptr3tdny,"segunda-feira, 1 de junho de 2026 00:12",96708.0
334,1,,,2023,,"R$ 101.315,00",VW - VolksWagen,T-Cross 200 TSI 1.0  Flex 12V 5p Aut.,2023,005510-7,Flex,1,F,junho de 2026 ,f43tzgf5ppdr5,"segunda-feira, 1 de junho de 2026 00:12",101315.0
334,1,,,2024,,"R$ 108.140,00",VW - VolksWagen,T-Cross 200 TSI 1.0  Flex 12V 5p Aut.,2024,005510-7,Flex,1,F,junho de 2026 ,gd3w2t4wv8dwd,"segunda-feira, 1 de junho de 2026 00:12",108140.0
334,1,,,2025,,"R$ 120.037,00",VW - VolksWagen,T-Cross 200 TSI 1.0  Flex 12V 5p Aut.,2025,005510-7,Flex,1,F,junho de 2026 ,gv1929dhzndzm,"segunda-feira, 1 de junho de 2026 00:12",120037.0
334,1,,,2026,,"R$ 128.763,00",VW - VolksWagen,T-Cross 200 TSI 1.0  Flex 12V 5p Aut.,2026,005510-7,Flex,1,F,junho de 2026 ,g59g5jhcxdd2v,"segunda-feira, 1 de junho de 2026 00:12",128763.0
334,1,,,2026,,"R$ 97.568,00",VW - VolksWagen,Polo Sense TSI 1.0 Flex 12V Aut,2026,005513-1,Flex,1,F,junho de 2026 ,ch69f8tmf4rd2v,"segunda-feira, 1 de junho de 2026 00:12",97568.0
334,1,,,2021,,"R$ 159.937,00",VW - VolksWagen,JETTA GLI 350 TSI 2.0 16V 4p Aut.,2021,005517-4,Gasolina,1,G,junho de 2026 ,jcvknpdmk0djf,"segunda-feira, 1 de junho de 2026 00:12",159937.0
334,1,,,2023,,"R$ 187.135,00",VW - VolksWagen,JETTA GLI 350 TSI 2.0 16V 4p Aut.,2023,005517-4,Gasolina,1,G,junho de 2026 ,kdq35dbm6pdqw,"segunda-feira, 1 de junho de 2026 00:12",187135.0
334,1,,,2021,,"R$ 105.973,00",VW - VolksWagen,Polo GTS 1.4 TSI 16V Flex,2021,005521-2,Flex,1,F,junho de 2026 ,gbk4dsh93mdkq,"segunda-feira, 1 de junho de 2026 00:12",105973.0
334,1,,,2025,,"R$ 134.872,00",VW - VolksWagen,Polo GTS 1.4 TSI 16V Flex,2025,005521-2,Flex,1,F,junho de 2026 ,hfgjjgcj67dzm,"segunda-feira, 1 de junho de 2026 00:12",134872.0
334,1,,,2022,,"R$ 97.984,00",VW - VolksWagen,Nivus Comfortline 1.0 200 TSI Flex Aut.,2022,005525-5,Flex,1,F,junho de 2026 ,cjc5nljy35hlf,"segunda-feira, 1 de junho de 2026 00:12",97984.0
334,1,,,2023,,"R$ 101.166,00",VW - VolksWagen,Nivus Comfortline 1.0 200 TSI Flex Aut.,2023,005525-5,Flex,1,F,junho de 2026 ,f4yd2z8wpcdr5,"segunda-feira, 1 de junho de 2026 00:12",101166.0
334,1,,,2024,,"R$ 106.011,00",VW - VolksWagen,Nivus Comfortline 1.0 200 TSI Flex Aut.,2024,005525-5,Flex,1,F,junho de 2026 ,gbmh63dvq0dwd,"segunda-feira, 1 de junho de 2026 00:12",106011.0
334,1,,,2025,,"R$ 123.071,00",VW - VolksWagen,Nivus Comfortline 1.0 200 TSI Flex Aut.,2025,005525-5,Flex,1,F,junho de 2026 ,gzmln635v5dzm,"segunda-feira, 1 de junho de 2026 00:12",123071.0
334,1,,,2026,,"R$ 129.235,00",VW - VolksWagen,Nivus Comfortline 1.0 200 TSI Flex Aut.,2026,005525-5,Flex,1,F,junho de 2026 ,g6vmz7tsyld2v,"segunda-feira, 1 de junho de 2026 00:12",129235.0
334,1,,,2021,,"R$ 102.814,00",VW - VolksWagen,Nivus Highline 1.0 200 TSI Flex Aut.,2021,005526-3,Flex,1,F,junho de 2026 ,f6v9zp39r5dkq,"segunda-feira, 1 de junho de 2026 00:12",102814.0
334,1,,,2022,,"R$ 107.602,00",VW - VolksWagen,Nivus Highline 1.0 200 TSI Flex Aut.,2022,005526-3,Flex,1,F,junho de 2026 ,gdhbwtyrfddny,"segunda-feira, 1 de junho de 2026 00:12",107602.0
334,1,,,2023,,"R$ 112.807,00",VW - VolksWagen,Nivus Highline 1.0 200 TSI Flex Aut.,2023,005526-3,Flex,1,F,junho de 2026 ,glljnjj6yvdr5,"segunda-feira, 1 de junho de 2026 00:12",112807.0
334,1,,,2024,,"R$ 117.338,00",VW - VolksWagen,Nivus Highline 1.0 200 TSI Flex Aut.,2024,005526-3,Flex,1,F,junho de 2026 ,grw6zsk5yfdwd,"segunda-feira, 1 de junho de 2026 00:12",117338.0
334,1,,,2025,,"R$ 129.944,00",VW - VolksWagen,Nivus Highline 1.0 200 TSI Flex Aut.,2025,005526-3,Flex,1,F,junho de 2026 ,g7pdv6tr0rdzm,"segunda-feira, 1 de junho de 2026 00:12",129944.0
334,1,,,2026,,"R$ 138.532,00",VW - VolksWagen,Nivus Highline 1.0 200 TSI Flex Aut.,2026,005526-3,Flex,1,F,junho de 2026 ,hkrkf5s4p8d2v,"segunda-feira, 1 de junho de 2026 00:12",138532.0
334,1,,,32000,5,"R$ 154.023,00",VW - VolksWagen,Nivus Highline 1.0 200 TSI Flex Aut.,32000,005526-3,Flex,1,F,junho de 2026 ,h4xl00vm70cz,"segunda-feira, 1 de junho de 2026 00:12",154023.0
334,1,,,2022,,"R$ 118.916,00",VW - VolksWagen,TAOS Comfortline 1.4 250 TSI Flex Aut.,2022,005527-1,Flex,1,F,junho de 2026 ,gtrk0flyd7dny,"segunda-feira, 1 de junho de 2026 00:12",118916.0
334,1,,,2023,,"R$ 130.472,00",VW - VolksWagen,TAOS Comfortline 1.4 250 TSI Flex Aut.,2023,005527-1,Flex,1,F,junho de 2026 ,g79lsytkvmdr5,"segunda-feira, 1 de junho de 2026 00:12",130472.0
334,1,,,2024,,"R$ 141.785,00",VW - VolksWagen,TAOS Comfortline 1.4 250 TSI Flex Aut.,2024,005527-1,Flex,1,F,junho de 2026 ,hpkssml9sldwd,"segunda-feira, 1 de junho de 2026 00:12",141785.0
334,1,,,2025,,"R$ 157.800,00",VW - VolksWagen,TAOS Comfortline 1.4 250 TSI Flex Aut.,2025,005527-1,Flex,1,F,junho de 2026 ,h9bwshclxddzm,"segunda-feira, 1 de junho de 2026 00:12",157800.0
334,1,,,2022,,"R$ 134.603,00",VW - VolksWagen,TAOS Highline 1.4 250 TSI Flex Aut.,2022,005528-0,Flex,1,F,junho de 2026 ,hd4rffwndzdny,"segunda-feira, 1 de junho de 2026 00:12",134603.0
334,1,,,2023,,"R$ 143.064,00",VW - VolksWagen,TAOS Highline 1.4 250 TSI Flex Aut.,2023,005528-0,Flex,1,F,junho de 2026 ,hq18xcpkvydr5,"segunda-feira, 1 de junho de 2026 00:12",143064.0
334,1,,,2024,,"R$ 161.119,00",VW - VolksWagen,TAOS Highline 1.4 250 TSI Flex Aut.,2024,005528-0,Flex,1,F,junho de 2026 ,jd7jg8rppndwd,"segunda-feira, 1 de junho de 2026 00:12",161119.0
334,1,,,32000,5,"R$ 214.940,00",VW - VolksWagen,TAOS Highline 1.4 250 TSI Flex Aut.,32000,005528-0,Flex,1,F,junho de 2026 ,lgbrl8hjbmcz,"segunda-feira, 1 de junho de 2026 00:12",214940.0
334,1,,,2023,,"R$ 76.196,00",VW - VolksWagen,Saveiro Trendline 1.6 Total Flex 16V,2023,005531-0,Flex,1,F,junho de 2026 ,74qc0ssjdmpn,"segunda-feira, 1 de junho de 2026 00:12",76196.0
334,1,,,2024,,"R$ 84.582,00",VW - VolksWagen,Saveiro Trendline 1.6 Total Flex 16V,2024,005531-0,Flex,1,F,junho de 2026 ,cb91fr0h446sw,"segunda-feira, 1 de junho de 2026 00:12",84582.0
334,1,,,2025,,"R$ 91.460,00",VW - VolksWagen,Saveiro Trendline 1.6 Total Flex 16V,2025,005531-0,Flex,1,F,junho de 2026 ,cfxpc1c26xkw3,"segunda-feira, 1 de junho de 2026 00:12",91460.0
334,1,,,2023,,"R$ 165.159,00",VW - VolksWagen,AMAROK Comfor. 3.0 V6 TDI 4x4 Dies. Aut.,2023,005532-8,Diesel,1,D,junho de 2026 ,jkzck5x507drj,"segunda-feira, 1 de junho de 2026 00:12",165159.0
334,1,,,2023,,"R$ 70.370,00",VW - VolksWagen,Polo 1.0 MPI Flex 12V 5p,2023,005533-6,Flex,1,F,junho de 2026 ,5yds6q48hpdr5,"segunda-feira, 1 de junho de 2026 00:12",70370.0
334,1,,,2024,,"R$ 74.562,00",VW - VolksWagen,Polo 1.0 MPI Flex 12V 5p,2024,005533-6,Flex,1,F,junho de 2026 ,7jkgtkdq3tdwd,"segunda-feira, 1 de junho de 2026 00:12",74562.0
334,1,,,2025,,"R$ 76.853,00",VW - VolksWagen,Polo 1.0 MPI Flex 12V 5p,2025,005533-6,Flex,1,F,junho de 2026 ,8dd5svqn8bdzm,"segunda-feira, 1 de junho de 2026 00:12",76853.0
334,1,,,2023,,"R$ 79.413,00",VW - VolksWagen,Polo 1.0 TSI Flex 12V 5p,2023,005534-4,Flex,1,F,junho de 2026 ,9cfnrbfjbgdr5,"segunda-feira, 1 de junho de 2026 00:12",79413.0
334,1,,,2024,,"R$ 81.521,00",VW - VolksWagen,Polo 1.0 TSI Flex 12V 5p,2024,005534-4,Flex,1,F,junho de 2026 ,944vrr1d9gdwd,"segunda-feira, 1 de junho de 2026 00:12",81521.0
334,1,,,2025,,"R$ 90.723,00",VW - VolksWagen,Polo 1.0 TSI Flex 12V 5p,2025,005534-4,Flex,1,F,junho de 2026 ,cfm1ht41cwndzm,"segunda-feira, 1 de junho de 2026 00:12",90723.0
334,1,,,2023,,"R$ 85.192,00",VW - VolksWagen,Polo Comfortline TSI 1.0 Flex 12V Aut.,2023,005535-2,Flex,1,F,junho de 2026 ,ccj54y7mhvsdr5,"segunda-feira, 1 de junho de 2026 00:12",85192.0
334,1,,,2024,,"R$ 89.416,00",VW - VolksWagen,Polo Comfortline TSI 1.0 Flex 12V Aut.,2024,005535-2,Flex,1,F,junho de 2026 ,cd4qf4gt2w2dwd,"segunda-feira, 1 de junho de 2026 00:13",89416.0
334,1,,,2025,,"R$ 98.281,00",VW - VolksWagen,Polo Comfortline TSI 1.0 Flex 12V Aut.,2025,005535-2,Flex,1,F,junho de 2026 ,cjhnl1n0jrxdzm,"segunda-feira, 1 de junho de 2026 00:13",98281.0
334,1,,,2023,,"R$ 93.476,00",VW - VolksWagen,Polo Highline TSI 1.0 Flex 12V Aut.,2023,005536-0,Flex,1,F,junho de 2026 ,cgn94ffpqv4dr5,"segunda-feira, 1 de junho de 2026 00:13",93476.0
334,1,,,2024,,"R$ 97.481,00",VW - VolksWagen,Polo Highline TSI 1.0 Flex 12V Aut.,2024,005536-0,Flex,1,F,junho de 2026 ,ch58tz6qr73dwd,"segunda-feira, 1 de junho de 2026 00:13",97481.0
334,1,,,2025,,"R$ 106.305,00",VW - VolksWagen,Polo Highline TSI 1.0 Flex 12V Aut.,2025,005536-0,Flex,1,F,junho de 2026 ,gby6hbcvbbdzm,"segunda-feira, 1 de junho de 2026 00:13",106305.0
334,1,,,2026,,"R$ 110.562,00",VW - VolksWagen,Polo Highline TSI 1.0 Flex 12V Aut.,2026,005536-0,Flex,1,F,junho de 2026 ,ghyx2xs59hd2v,"segunda-feira, 1 de junho de 2026 00:13",110562.0
334,1,,,2023,,"R$ 71.211,00",VW - VolksWagen,Saveiro Robust 1.6 Total Flex 16V CD,2023,005537-9,Flex,1,F,junho de 2026 ,578g68jwj7dr5,"segunda-feira, 1 de junho de 2026 00:13",71211.0
334,1,,,2024,,"R$ 75.514,00",VW - VolksWagen,Saveiro Robust 1.6 Total Flex 16V CD,2024,005537-9,Flex,1,F,junho de 2026 ,7wqhjrkdc8dwd,"segunda-feira, 1 de junho de 2026 00:13",75514.0
334,1,,,2025,,"R$ 84.597,00",VW - VolksWagen,Saveiro Robust 1.6 Total Flex 16V CD,2025,005537-9,Flex,1,F,junho de 2026 ,cb96wr3sjm8dzm,"segunda-feira, 1 de junho de 2026 00:13",84597.0
334,1,,,32000,5,"R$ 126.138,00",VW - VolksWagen,Saveiro Robust 1.6 Total Flex 16V CD,32000,005537-9,Flex,1,F,junho de 2026 ,g262frxdw2j1hl,"segunda-feira, 1 de junho de 2026 00:13",126138.0
334,1,,,2023,,"R$ 66.995,00",VW - VolksWagen,Saveiro Robust 1.6 Total Flex 16V ,2023,005538-7,Flex,1,F,junho de 2026 ,4nt26c92h0dr5,"segunda-feira, 1 de junho de 2026 00:13",66995.0
334,1,,,2024,,"R$ 75.900,00",VW - VolksWagen,Saveiro Robust 1.6 Total Flex 16V ,2024,005538-7,Flex,1,F,junho de 2026 ,707stcgdw9dwd,"segunda-feira, 1 de junho de 2026 00:13",75900.0
334,1,,,2025,,"R$ 83.621,00",VW - VolksWagen,Saveiro Robust 1.6 Total Flex 16V ,2025,005538-7,Flex,1,F,junho de 2026 ,cbyr4mvnnlmdzm,"segunda-feira, 1 de junho de 2026 00:13",83621.0
334,1,,,2023,,"R$ 65.996,00",VW - VolksWagen,Polo Track 1.0 Flex 12V 5p,2023,005540-9,Flex,1,F,junho de 2026 ,383zxcbt4sdr5,"segunda-feira, 1 de junho de 2026 00:13",65996.0
334,1,,,2026,,"R$ 88.731,00",VW - VolksWagen,Saveiro Robust 1.6 Total Flex 16V ,2026,005538-7,Flex,1,F,junho de 2026 ,cdwpgvvtvwtd2v,"segunda-feira, 1 de junho de 2026 00:13",88731.0
334,1,,,2025,,"R$ 75.974,00",VW - VolksWagen,Polo Track 1.0 Flex 12V 5p,2025,005540-9,Flex,1,F,junho de 2026 ,713pl4m604dzm,"segunda-feira, 1 de junho de 2026 00:13",75974.0
334,1,,,2024,,"R$ 70.325,00",VW - VolksWagen,Polo Track 1.0 Flex 12V 5p,2024,005540-9,Flex,1,F,junho de 2026 ,5xwf5hlct0dwd,"segunda-feira, 1 de junho de 2026 00:13",70325.0
334,1,,,2026,,"R$ 81.826,00",VW - VolksWagen,Polo Track 1.0 Flex 12V 5p,2026,005540-9,Flex,1,F,junho de 2026 ,98qqcjw1n0d2v,"segunda-feira, 1 de junho de 2026 00:13",81826.0
334,1,,,32000,5,"R$ 92.413,00",VW - VolksWagen,Polo Track 1.0 Flex 12V 5p,32000,005540-9,Flex,1,F,junho de 2026 ,cf8vr0kscwzcz,"segunda-feira, 1 de junho de 2026 00:13",92413.0
334,1,,,2023,,"R$ 81.143,00",VW - VolksWagen,VIRTUS TSI 1.0 Flex 12V 4p Mec.,2023,005542-5,Flex,1,F,junho de 2026 ,90qgmh46jcdr5,"segunda-feira, 1 de junho de 2026 00:13",81143.0
334,1,,,2024,,"R$ 90.544,00",VW - VolksWagen,VIRTUS TSI 1.0 Flex 12V 4p Mec.,2024,005542-5,Flex,1,F,junho de 2026 ,cfkyfygvrhndwd,"segunda-feira, 1 de junho de 2026 00:13",90544.0
334,1,,,2025,,"R$ 97.610,00",VW - VolksWagen,VIRTUS TSI 1.0 Flex 12V 4p Mec.,2025,005542-5,Flex,1,F,junho de 2026 ,ch7sqh5r2rbdzm,"segunda-feira, 1 de junho de 2026 00:13",97610.0
334,1,,,2026,,"R$ 105.760,00",VW - VolksWagen,VIRTUS TSI 1.0 Flex 12V 4p Mec.,2026,005542-5,Flex,1,F,junho de 2026 ,gbbddsl8msd2v,"segunda-feira, 1 de junho de 2026 00:13",105760.0
334,1,,,2023,,"R$ 88.728,00",VW - VolksWagen,VIRTUS TSI 1.0 Flex 12V 4p Aut.,2023,005543-3,Flex,1,F,junho de 2026 ,cdwnc1zg69jdr5,"segunda-feira, 1 de junho de 2026 00:13",88728.0
334,1,,,2024,,"R$ 97.189,00",VW - VolksWagen,VIRTUS TSI 1.0 Flex 12V 4p Aut.,2024,005543-3,Flex,1,F,junho de 2026 ,ch2vpv8jds6dwd,"segunda-feira, 1 de junho de 2026 00:13",97189.0
334,1,,,2025,,"R$ 103.305,00",VW - VolksWagen,VIRTUS TSI 1.0 Flex 12V 4p Aut.,2025,005543-3,Flex,1,F,junho de 2026 ,f7f4604shcdzm,"segunda-feira, 1 de junho de 2026 00:13",103305.0
334,1,,,2026,,"R$ 112.420,00",VW - VolksWagen,VIRTUS TSI 1.0 Flex 12V 4p Aut.,2026,005543-3,Flex,1,F,junho de 2026 ,gk4gls8hywd2v,"segunda-feira, 1 de junho de 2026 00:13",112420.0
334,1,,,2023,,"R$ 114.521,00",VW - VolksWagen,VIRTUS Exclusive 250TSI 1.4 Flex 16V Aut,2023,005544-1,Flex,1,F,junho de 2026 ,gnltxj4lyydr5,"segunda-feira, 1 de junho de 2026 00:13",114521.0
334,1,,,2024,,"R$ 119.347,00",VW - VolksWagen,VIRTUS Exclusive 250TSI 1.4 Flex 16V Aut,2024,005544-1,Flex,1,F,junho de 2026 ,gt77mzt16sdwd,"segunda-feira, 1 de junho de 2026 00:13",119347.0
334,1,,,2025,,"R$ 128.572,00",VW - VolksWagen,VIRTUS Exclusive 250TSI 1.4 Flex 16V Aut,2025,005544-1,Flex,1,F,junho de 2026 ,g52jyz93k2dzm,"segunda-feira, 1 de junho de 2026 00:13",128572.0
334,1,,,2026,,"R$ 139.790,00",VW - VolksWagen,VIRTUS Exclusive 250TSI 1.4 Flex 16V Aut,2026,005544-1,Flex,1,F,junho de 2026 ,hl68xcx9h0d2v,"segunda-feira, 1 de junho de 2026 00:13",139790.0
334,1,,,2024,,"R$ 100.908,00",VW - VolksWagen,Saveiro Extreme 1.6 Flex 16V CD,2024,005546-8,Flex,1,F,junho de 2026 ,f4m1c5s4vpdwd,"segunda-feira, 1 de junho de 2026 00:13",100908.0
334,1,,,2025,,"R$ 106.386,00",VW - VolksWagen,Saveiro Extreme 1.6 Flex 16V CD,2025,005546-8,Flex,1,F,junho de 2026 ,gb14rl51n1dzm,"segunda-feira, 1 de junho de 2026 00:13",106386.0
334,1,,,2024,,"R$ 217.661,00",VW - VolksWagen,TIGUAN Allspac R-Line 300 TSI 2.0 ,2024,005547-6,Gasolina,1,G,junho de 2026 ,lkjnh64s9ndt3,"segunda-feira, 1 de junho de 2026 00:13",217661.0
334,1,,,2025,,"R$ 246.898,00",VW - VolksWagen,TIGUAN Allspac R-Line 300 TSI 2.0 ,2025,005547-6,Gasolina,1,G,junho de 2026 ,mntbg1lgxqdyb,"segunda-feira, 1 de junho de 2026 00:13",246898.0
334,1,,,32000,5,"R$ 121.712,00",VW - VolksWagen,Tera 1.0 170 TSI Flex 12V 5p Mec.,32000,005554-9,Flex,1,F,junho de 2026 ,gx06d258ysj1hl,"segunda-feira, 1 de junho de 2026 00:13",121712.0
334,1,,,2019,,"R$ 171.354,00",Audi,A5 Sportb. Perf. 2.0 TFSI Quat. S-tronic,2019,008230-9,Gasolina,1,G,junho de 2026 ,js7jt0n133c9z,"segunda-feira, 1 de junho de 2026 00:13",171354.0
334,1,,,2022,,"R$ 214.583,00",Audi,Q5 Prestige 2.0 TFSI Quattro S tronic,2022,008238-4,Gasolina,1,G,junho de 2026 ,lfxscgcdlcdmn,"segunda-feira, 1 de junho de 2026 00:13",214583.0
334,1,,,2023,,"R$ 252.780,00",Audi,Q5 Prestige 2.0 TFSI Quattro S tronic,2023,008238-4,Gasolina,1,G,junho de 2026 ,mwp31zz42ydqw,"segunda-feira, 1 de junho de 2026 00:13",252780.0
334,1,,,2024,,"R$ 293.220,00",Audi,Q5 Prestige 2.0 TFSI Quattro S tronic,2024,008238-4,Gasolina,1,G,junho de 2026 ,pd3z17v7q6dt3,"segunda-feira, 1 de junho de 2026 00:13",293220.0
334,1,,,2022,,"R$ 196.133,00",Audi,A4 Prestige Plus 2.0 TFSI 190cv S tronic,2022,008245-7,Gasolina,1,G,junho de 2026 ,kq85qfdx90dmn,"segunda-feira, 1 de junho de 2026 00:13",196133.0
334,1,,,2021,,"R$ 151.014,00",Audi,A4 Prestige 2.0 TFSI S-tronic,2021,008247-3,Gasolina,1,G,junho de 2026 ,h1c7mcc91cdjf,"segunda-feira, 1 de junho de 2026 00:13",151014.0
334,1,,,2022,,"R$ 173.904,00",Audi,A4 Prestige 2.0 TFSI S-tronic,2022,008247-3,Gasolina,1,G,junho de 2026 ,jw6612gknkdmn,"segunda-feira, 1 de junho de 2026 00:13",173904.0
334,1,,,2023,,"R$ 178.241,00",Audi,A4 Prestige 2.0 TFSI S-tronic,2023,008247-3,Gasolina,1,G,junho de 2026 ,j19vs0wpq0dqw,"segunda-feira, 1 de junho de 2026 00:13",178241.0
334,1,,,2021,,"R$ 209.516,00",Audi,Q5 S-Line 2.0 TFSI Quattro S-tronic 252cv,2021,008248-1,Gasolina,1,G,junho de 2026 ,k7zl2z2j2gdjf,"segunda-feira, 1 de junho de 2026 00:13",209516.0
334,1,,,2023,,"R$ 263.693,00",Audi,Q5 S-Line 2.0 TFSI Quattro S-tronic 252cv,2023,008248-1,Gasolina,1,G,junho de 2026 ,m9hsbv038sdqw,"segunda-feira, 1 de junho de 2026 00:13",263693.0
334,1,,,2020,,"R$ 335.720,00",Audi,Q8 Perf.Black 3.0 TFSI Quat. S-tr/(Híb.),2020,008250-3,Híbrido,1,H,junho de 2026 ,q0yq53hqswdgt,"segunda-feira, 1 de junho de 2026 00:13",335720.0
334,1,,,2023,,"R$ 239.423,00",Audi,A5 Sportback S-Line 2.0 TFSI S-tronic,2023,008249-0,Gasolina,1,G,junho de 2026 ,mc1mzkng3gdqw,"segunda-feira, 1 de junho de 2026 00:13",239423.0
334,1,,,2021,,"R$ 352.265,00",Audi,Q8 Perf.Black 3.0 TFSI Quat. S-tr/(Híb.),2021,008250-3,Híbrido,1,H,junho de 2026 ,rnb3cktxv7dk1,"segunda-feira, 1 de junho de 2026 00:13",352265.0
334,1,,,2022,,"R$ 401.497,00",Audi,Q8 Perf.Black 3.0 TFSI Quat. S-tr/(Híb.),2022,008250-3,Híbrido,1,H,junho de 2026 ,th2jtdd2c9dn8,"segunda-feira, 1 de junho de 2026 00:13",401497.0
334,1,,,2023,,"R$ 467.701,00",Audi,Q8 Perf.Black 3.0 TFSI Quat. S-tr/(Híb.),2023,008250-3,Híbrido,1,H,junho de 2026 ,w0pvkj6833dsh,"segunda-feira, 1 de junho de 2026 00:13",467701.0
334,1,,,2020,,"R$ 159.635,00",Audi,A3 Sed.Perf. Black 2.0 TFSI S-tr. (Hib.),2020,008256-2,Híbrido,1,H,junho de 2026 ,jchlcy6z6xdgt,"segunda-feira, 1 de junho de 2026 00:13",159635.0
334,1,,,2023,,"R$ 204.935,00",Audi,A3 Sed.Perf. Black 2.0 TFSI S-tr. (Hib.),2023,008256-2,Híbrido,1,H,junho de 2026 ,k2l3d8dttkdsh,"segunda-feira, 1 de junho de 2026 00:13",204935.0
334,1,,,2024,,"R$ 210.827,00",Audi,A3 Sed.Perf. Black 2.0 TFSI S-tr. (Hib.),2024,008256-2,Híbrido,1,H,junho de 2026 ,k9h78g36bldwq,"segunda-feira, 1 de junho de 2026 00:13",210827.0
334,1,,,2020,,"R$ 267.535,00",Audi,E-TRON Performa. Black Aut. (Elétrico),2020,008258-9,Elétrico,1,E,junho de 2026 ,nf0fbr5cbrdf5,"segunda-feira, 1 de junho de 2026 00:13",267535.0
334,1,,,2020,,"R$ 251.484,00",Audi,E-TRON Sportback Perf. Aut. (Elétrico),2020,008259-7,Elétrico,1,E,junho de 2026 ,mt50sf5sh6df5,"segunda-feira, 1 de junho de 2026 00:13",251484.0
334,1,,,2022,,"R$ 334.541,00",Audi,E-TRON Sportback Perf. Aut. (Elétrico),2022,008259-7,Elétrico,1,E,junho de 2026 ,qzkwrbj21bdnm,"segunda-feira, 1 de junho de 2026 00:13",334541.0
334,1,,,2023,,"R$ 364.533,00",Audi,E-TRON Sportb. Perf.Black Aut.(Elétrico),2023,008260-0,Elétrico,1,E,junho de 2026 ,r3q0dwb6xvdrv,"segunda-feira, 1 de junho de 2026 00:13",364533.0
334,1,,,2024,,"R$ 233.100,00",Audi,A3 Sportb. Perf. Black 2.0 S-tron.(Híb.),2024,008275-9,Híbrido,1,H,junho de 2026 ,l4mthrxhk4dwq,"segunda-feira, 1 de junho de 2026 00:13",233100.0
334,1,,,2024,,"R$ 217.956,00",Audi,A3 Sportb. S-Line 2.0 TFSI S-Tron.(Híb.),2024,008278-3,Híbrido,1,H,junho de 2026 ,lkwcxfr253dwq,"segunda-feira, 1 de junho de 2026 00:13",217956.0
334,1,,,2022,,"R$ 187.849,00",Audi,A3 Sedan S-Line 2.0 TFSI  S-Tron.(Híb.),2022,008279-1,Híbrido,1,H,junho de 2026 ,kfk2n0jqgkdn8,"segunda-feira, 1 de junho de 2026 00:13",187849.0
334,1,,,2023,,"R$ 196.358,00",Audi,A3 Sedan S-Line 2.0 TFSI  S-Tron.(Híb.),2023,008279-1,Híbrido,1,H,junho de 2026 ,krkb7kbhr9dsh,"segunda-feira, 1 de junho de 2026 00:13",196358.0
334,1,,,2024,,"R$ 204.142,00",Audi,A3 Sedan S-Line 2.0 TFSI  S-Tron.(Híb.),2024,008279-1,Híbrido,1,H,junho de 2026 ,k1n8w74chvdwq,"segunda-feira, 1 de junho de 2026 00:13",204142.0
334,1,,,2023,,"R$ 236.891,00",Audi,Q3 Perf. Black 2.0 TFSI Tiptr. Quattro,2023,008280-5,Gasolina,1,G,junho de 2026 ,l82l07q6lvdqw,"segunda-feira, 1 de junho de 2026 00:13",236891.0
334,1,,,2024,,"R$ 268.444,00",Audi,Q3 Perf. Black 2.0 TFSI Tiptr. Quattro,2024,008280-5,Gasolina,1,G,junho de 2026 ,ng2gkmqpc8dt3,"segunda-feira, 1 de junho de 2026 00:13",268444.0
334,1,,,2024,,"R$ 260.860,00",Audi,Q3 SPB Performance 2.0 TFSI Tipt. Quatt.,2024,008282-1,Gasolina,1,G,junho de 2026 ,m55s7tdw2zdt3,"segunda-feira, 1 de junho de 2026 00:13",260860.0
334,1,,,2023,,"R$ 239.487,00",Audi,Q3 SPB Perf. Black 2.0 TFSI Tipt. Quat.,2023,008283-0,Gasolina,1,G,junho de 2026 ,mc3y21rv6jdqw,"segunda-feira, 1 de junho de 2026 00:13",239487.0
334,1,,,2024,,"R$ 275.331,00",Audi,Q3 SPB Perf. Black 2.0 TFSI Tipt. Quat.,2024,008283-0,Gasolina,1,G,junho de 2026 ,nq4sjmsznndt3,"segunda-feira, 1 de junho de 2026 00:13",275331.0
334,1,,,2023,,"R$ 218.557,00",Audi,Q3 Performance 2.0 TFSI Tiptr. Quattro,2023,008284-8,Gasolina,1,G,junho de 2026 ,llk6200sx2dqw,"segunda-feira, 1 de junho de 2026 00:13",218557.0
334,1,,,2024,,"R$ 259.569,00",Audi,Q3 Performance 2.0 TFSI Tiptr. Quattro,2024,008284-8,Gasolina,1,G,junho de 2026 ,m4nwlxlj1kdt3,"segunda-feira, 1 de junho de 2026 00:13",259569.0
334,1,,,2025,,"R$ 299.432,00",Audi,Q3 Performance 2.0 TFSI Tiptr. Quattro,2025,008284-8,Gasolina,1,G,junho de 2026 ,pndsgwp1l0dyb,"segunda-feira, 1 de junho de 2026 00:13",299432.0
334,1,,,2023,,"R$ 292.509,00",Audi,Q5 Perf. Black 2.0 TFSIe S.Tr. Qt (Hib.),2023,008285-6,Híbrido,1,H,junho de 2026 ,pc84ydfglndsh,"segunda-feira, 1 de junho de 2026 00:13",292509.0
334,1,,,2024,,"R$ 344.396,00",Audi,Q5 Perf. Black 2.0 TFSIe S.Tr. Qt (Hib.),2024,008285-6,Híbrido,1,H,junho de 2026 ,rb32xvy1h1dwq,"segunda-feira, 1 de junho de 2026 00:13",344396.0
334,1,,,2023,,"R$ 282.559,00",Audi,Q5 SB Perf. 2.0 TFSIe S.Tr. Qt (Hib.),2023,008286-4,Híbrido,1,H,junho de 2026 ,n0mhqjyhn4dsh,"segunda-feira, 1 de junho de 2026 00:13",282559.0
334,1,,,2023,,"R$ 294.707,00",Audi,Q5 SB P Black. 2.0 TFSIe S.Tr. Qt (Hib.),2023,008287-2,Híbrido,1,H,junho de 2026 ,pgv1j83g2rdsh,"segunda-feira, 1 de junho de 2026 00:13",294707.0
334,1,,,2023,,"R$ 289.518,00",Audi,Q5 Performance 2.0 TFSIe S.Tr. Qt (Hib.),2023,008288-0,Híbrido,1,H,junho de 2026 ,n8sftghy47dsh,"segunda-feira, 1 de junho de 2026 00:13",289518.0
334,1,,,2024,,"R$ 327.333,00",Audi,Q5 Performance 2.0 TFSIe S.Tr. Qt (Hib.),2024,008288-0,Híbrido,1,H,junho de 2026 ,qp3w2ys46ndwq,"segunda-feira, 1 de junho de 2026 00:13",327333.0
334,1,,,2024,,"R$ 242.258,00",Audi,Q3 Prestige 2.0 TFSI Tiptr.Quatro ,2024,008289-9,Gasolina,1,G,junho de 2026 ,mhcpbgz3mydt3,"segunda-feira, 1 de junho de 2026 00:13",242258.0
334,1,,,2025,,"R$ 266.774,00",Audi,Q3 Prestige 2.0 TFSI Tiptr.Quatro ,2025,008289-9,Gasolina,1,G,junho de 2026 ,nd3rwf1p8cdyb,"segunda-feira, 1 de junho de 2026 00:13",266774.0
334,1,,,2024,6,"R$ 235.498,00",Audi,A4 Prestige 2.0 16V TFSI Quattro (Híb.),2024,008302-0,Híbrido,1,H,junho de 2026 ,l7fzgh3p89dwq,"segunda-feira, 1 de junho de 2026 00:13",235498.0
334,1,,,2022,,"R$ 197.108,00",BMW,320iA 2.0 Turbo/ActiveFlex 16V/GP  4p,2022,009164-2,Gasolina,1,G,junho de 2026 ,ksfl9l61hvdmn,"segunda-feira, 1 de junho de 2026 00:13",197108.0
334,1,,,2023,,"R$ 231.727,00",BMW,320iA 2.0 Turbo/ActiveFlex 16V/GP  4p,2023,009164-2,Gasolina,1,G,junho de 2026 ,l20xgm1v6qdqw,"segunda-feira, 1 de junho de 2026 00:13",231727.0
334,1,,,2024,,"R$ 258.640,00",BMW,320iA 2.0 Turbo/ActiveFlex 16V/GP  4p,2024,009164-2,Gasolina,1,G,junho de 2026 ,m3k3vgf7t9dt3,"segunda-feira, 1 de junho de 2026 00:13",258640.0
334,1,,,2022,,"R$ 208.336,00",BMW,320iA Modern/Sport TB 2.0/A.Flex/GP 4p,2022,009165-0,Gasolina,1,G,junho de 2026 ,k6lqh8y2s5dmn,"segunda-feira, 1 de junho de 2026 00:13",208336.0
334,1,,,2023,,"R$ 252.114,00",BMW,320iA Modern/Sport TB 2.0/A.Flex/GP 4p,2023,009165-0,Gasolina,1,G,junho de 2026 ,mvxxmznrx8dqw,"segunda-feira, 1 de junho de 2026 00:13",252114.0
334,1,,,2024,,"R$ 274.547,00",BMW,320iA Modern/Sport TB 2.0/A.Flex/GP 4p,2024,009165-0,Gasolina,1,G,junho de 2026 ,np684yglmldt3,"segunda-feira, 1 de junho de 2026 00:13",274547.0
334,1,,,2021,,"R$ 153.559,00",BMW,X1 SDRIVE 20i 2.0/2.0 TB Acti.Flex Aut.,2021,009172-3,Gasolina,1,G,junho de 2026 ,h4cq6rk38kdjf,"segunda-feira, 1 de junho de 2026 00:13",153559.0
334,1,,,2022,,"R$ 165.205,00",BMW,X1 SDRIVE 20i 2.0/2.0 TB Acti.Flex Aut.,2022,009172-3,Gasolina,1,G,junho de 2026 ,jk01dxxc2ddmn,"segunda-feira, 1 de junho de 2026 00:13",165205.0
334,1,,,2022,,"R$ 222.485,00",BMW,320iA 2.0 TB M Sport A.Flex/M.Sport 4p,2022,009213-4,Flex,1,F,junho de 2026 ,lq5zztwltydny,"segunda-feira, 1 de junho de 2026 00:13",222485.0
334,1,,,2023,,"R$ 268.220,00",BMW,320iA 2.0 TB M Sport A.Flex/M.Sport 4p,2023,009213-4,Flex,1,F,junho de 2026 ,ngs95fgsc3dr5,"segunda-feira, 1 de junho de 2026 00:13",268220.0
334,1,,,2024,,"R$ 289.818,00",BMW,320iA 2.0 TB M Sport A.Flex/M.Sport 4p,2024,009213-4,Flex,1,F,junho de 2026 ,n84bt9xclgdwd,"segunda-feira, 1 de junho de 2026 00:13",289818.0
334,1,,,2020,,"R$ 299.208,00",BMW,540i M Sport 3.0 Turbo 340cv Aut.,2020,009225-8,Gasolina,1,G,junho de 2026 ,pm4m2ph3smdd6,"segunda-feira, 1 de junho de 2026 00:13",299208.0
334,1,,,2021,,"R$ 308.508,00",BMW,X3 M40i 3.0 Turbo V6  Aut.,2021,009227-4,Gasolina,1,G,junho de 2026 ,pz1nxd391pdjf,"segunda-feira, 1 de junho de 2026 00:13",308508.0
334,1,,,2022,,"R$ 316.744,00",BMW,X4 XDRIVE 30i M-Sport 2.0 TB 252cv Aut,2022,009236-3,Gasolina,1,G,junho de 2026 ,p9p0v56fqtdmn,"segunda-feira, 1 de junho de 2026 00:13",316744.0
334,1,,,2023,,"R$ 315.004,00",BMW,530e M Sport 2.0 Turbo Aut. (Híbrido),2023,009238-0,Híbrido,1,H,junho de 2026 ,p7nr90ks68dsh,"segunda-feira, 1 de junho de 2026 00:13",315004.0
334,1,,,2023,,"R$ 342.329,00",BMW,X4 XDRIVE 30i M-Sport 2.0 TB 252cv Aut,2023,009236-3,Gasolina,1,G,junho de 2026 ,q8pyxqqhszdqw,"segunda-feira, 1 de junho de 2026 00:13",342329.0
334,1,,,2022,,"R$ 178.943,00",BMW,X1 SDRIVE 20i X-Line 2.0 TB Active Flex,2022,009239-8,Flex,1,F,junho de 2026 ,j24csg1xvcdny,"segunda-feira, 1 de junho de 2026 00:13",178943.0
334,1,,,2022,,"R$ 151.235,00",BMW,i3 Bev Full 170cv Aut. (Elétrico),2022,009254-1,Elétrico,1,E,junho de 2026 ,h1m8mrtjppdnm,"segunda-feira, 1 de junho de 2026 00:13",151235.0
334,1,,,2022,,"R$ 371.745,00",BMW,X5 XDRIVE 45e 3.0 M.Sport  Aut. (Híb.),2022,009262-2,Híbrido,1,H,junho de 2026 ,sc54kxky5mdn8,"segunda-feira, 1 de junho de 2026 00:13",371745.0
334,1,,,2022,,"R$ 233.909,00",BMW,330e M Sport 2.0 Turbo Aut. (Híbrido),2022,009266-5,Híbrido,1,H,junho de 2026 ,l5k61n4xbwdn8,"segunda-feira, 1 de junho de 2026 00:13",233909.0
334,1,,,2021,,"R$ 224.976,00",BMW,X3 XDRIVE 30e Turbo Aut. (Híbrido),2021,009271-1,Híbrido,1,H,junho de 2026 ,lt3jq0xrw7dk1,"segunda-feira, 1 de junho de 2026 00:13",224976.0
334,1,,,2024,,"R$ 265.765,00",BMW,X1 SDRIVE 18i GP 1.5 TB Aut.,2024,009304-1,Gasolina,1,G,junho de 2026 ,ncx2znbfkbdt3,"segunda-feira, 1 de junho de 2026 00:13",265765.0
334,1,,,2023,,"R$ 275.969,00",BMW,X3 XDRIVE 30e X-Line Turbo Aut. (Híb.),2023,009272-0,Híbrido,1,H,junho de 2026 ,nrwzdk46hjdsh,"segunda-feira, 1 de junho de 2026 00:13",275969.0
334,1,,,2024,,"R$ 290.190,00",BMW,X1 SDRIVE 20i M Sport 2.0 TB Aut.,2024,009305-0,Gasolina,1,G,junho de 2026 ,n9kvz1f623dt3,"segunda-feira, 1 de junho de 2026 00:13",290190.0
334,1,,,2025,,"R$ 319.311,00",BMW,X1 SDRIVE 20i M Sport 2.0 TB Aut.,2025,009305-0,Gasolina,1,G,junho de 2026 ,qdp971ngf9dyb,"segunda-feira, 1 de junho de 2026 00:13",319311.0
334,1,,,32000,1,"R$ 331.845,00",BMW,X1 SDRIVE 20i GP 2.0 TB Aut.,32000,009323-8,Gasolina,1,G,junho de 2026 ,qwdw0kd1f9j1f9,"segunda-feira, 1 de junho de 2026 00:13",331845.0
334,1,,,2022,,"R$ 84.366,00",Citroën,C4 CACTUS SHINE Pack 1.6 Turbo Flex Aut.,2022,011195-3,Flex,1,F,junho de 2026 ,cb7hxzc55g2lf,"segunda-feira, 1 de junho de 2026 00:13",84366.0
334,1,,,2022,,"R$ 75.536,00",Citroën,C4 CACTUS FEEL Pack 1.6 16V Flex Aut.,2022,011197-0,Flex,1,F,junho de 2026 ,7wzhfhb8p3lf,"segunda-feira, 1 de junho de 2026 00:13",75536.0
334,1,,,2024,,"R$ 98.841,00",Citroën,C4 CACTUS FEEL Pack 1.6 16V Flex Aut.,2024,011197-0,Flex,1,F,junho de 2026 ,cjp64wrk94zsw,"segunda-feira, 1 de junho de 2026 00:13",98841.0
334,1,,,2023,,"R$ 79.568,00",Citroën,C4 CACTUS FEEL Pack 1.6 16V Flex Aut.,2023,011197-0,Flex,1,F,junho de 2026 ,9d7z66q56fpn,"segunda-feira, 1 de junho de 2026 00:13",79568.0
334,1,,,2022,,"R$ 74.446,00",Citroën,C4 CACTUS FEEL 1.6 16V Flex Aut.,2022,011198-8,Flex,1,F,junho de 2026 ,7g59sn2qmjlf,"segunda-feira, 1 de junho de 2026 00:13",74446.0
334,1,,,2023,,"R$ 78.550,00",Citroën,C4 CACTUS FEEL 1.6 16V Flex Aut.,2023,011198-8,Flex,1,F,junho de 2026 ,809zvldm2gpn,"segunda-feira, 1 de junho de 2026 00:13",78550.0
334,1,,,2022,,"R$ 71.161,00",Citroën,C4 CACTUS LIVE 1.6 16V Flex Aut.,2022,011211-9,Flex,1,F,junho de 2026 ,57n9vt5z6slf,"segunda-feira, 1 de junho de 2026 00:13",71161.0
334,1,,,2022,,"R$ 120.083,00",Citroën,Jumpy Cargo 1.5 Turbo Diesel,2022,011216-0,Diesel,1,D,junho de 2026 ,gv3zx2p63fdm9,"segunda-feira, 1 de junho de 2026 00:13",120083.0
334,1,,,2023,,"R$ 136.498,00",Citroën,Jumpy Cargo 1.5 Turbo Diesel,2023,011216-0,Diesel,1,D,junho de 2026 ,hhcmmqfdrpdrj,"segunda-feira, 1 de junho de 2026 00:13",136498.0
334,1,,,2024,,"R$ 151.046,00",Citroën,Jumpy Cargo 1.5 Turbo Diesel,2024,011216-0,Diesel,1,D,junho de 2026 ,h1fdn3cqcbdvr,"segunda-feira, 1 de junho de 2026 00:13",151046.0
334,1,,,2025,,"R$ 165.024,00",Citroën,Jumpy Cargo 1.5 Turbo Diesel,2025,011216-0,Diesel,1,D,junho de 2026 ,jktggp7qysdyz,"segunda-feira, 1 de junho de 2026 00:13",165024.0
334,1,,,2024,,"R$ 64.540,00",Citroën,C3 Live 1.0 Flex 6V 5p Mec.,2024,011222-4,Flex,1,F,junho de 2026 ,3q1sbtm1hwdwd,"segunda-feira, 1 de junho de 2026 00:13",64540.0
334,1,,,2023,,"R$ 61.160,00",Citroën,C3 Live Pack 1.0 Flex 6V 5p Mec.,2023,011223-2,Flex,1,F,junho de 2026 ,2gd7zz5hrydr5,"segunda-feira, 1 de junho de 2026 00:13",61160.0
334,1,,,2024,,"R$ 66.010,00",Citroën,C3 Live Pack 1.0 Flex 6V 5p Mec.,2024,011223-2,Flex,1,F,junho de 2026 ,3882ng2fl6dwd,"segunda-feira, 1 de junho de 2026 00:13",66010.0
334,1,,,2025,,"R$ 70.490,00",Citroën,C3 Live Pack 1.0 Flex 6V 5p Mec.,2025,011223-2,Flex,1,F,junho de 2026 ,5ztd911w1sdzm,"segunda-feira, 1 de junho de 2026 00:13",70490.0
334,1,,,32000,5,"R$ 86.490,00",Citroën,C3 Live Pack 1.0 Flex 6V 5p Mec.,32000,011223-2,Flex,1,F,junho de 2026 ,cc1dx78p4btcz,"segunda-feira, 1 de junho de 2026 00:14",86490.0
334,1,,,2023,,"R$ 61.229,00",Citroën,C3 Feel 1.0 Flex 6V 5p Mec.,2023,011224-0,Flex,1,F,junho de 2026 ,2g7bf9qx9qdr5,"segunda-feira, 1 de junho de 2026 00:14",61229.0
334,1,,,2024,,"R$ 69.403,00",Citroën,C3 Feel 1.0 Flex 6V 5p Mec.,2024,011224-0,Flex,1,F,junho de 2026 ,5k2bg34y73dwd,"segunda-feira, 1 de junho de 2026 00:14",69403.0
334,1,,,2025,,"R$ 73.530,00",Citroën,C3 Feel 1.0 Flex 6V 5p Mec.,2025,011224-0,Flex,1,F,junho de 2026 ,64gcptbcrrdzm,"segunda-feira, 1 de junho de 2026 00:14",73530.0
334,1,,,2023,,"R$ 73.574,00",Citroën,C3 Feel Pack 1.6 Flex 16V 5p Aut.,2023,011226-7,Flex,1,F,junho de 2026 ,64zcgrsnj9dr5,"segunda-feira, 1 de junho de 2026 00:14",73574.0
334,1,,,2024,,"R$ 81.617,00",Citroën,C3 Feel Pack 1.6 Flex 16V 5p Aut.,2024,011226-7,Flex,1,F,junho de 2026 ,958rf0yp0kdwd,"segunda-feira, 1 de junho de 2026 00:14",81617.0
334,1,,,2025,,"R$ 103.475,00",Citroën,AIRCROSS Shine 1.0 Flex TB 200 Aut.,2025,011230-5,Flex,1,F,junho de 2026 ,f7nbr08m8bdzm,"segunda-feira, 1 de junho de 2026 00:14",103475.0
334,1,,,2025,,"R$ 99.327,00",Citroën,AIRCROSS F. Pack 1.0 Flex TB 200 Aut.,2025,011231-3,Flex,1,F,junho de 2026 ,cjwxsxj0bfvdzm,"segunda-feira, 1 de junho de 2026 00:14",99327.0
334,1,,,2025,,"R$ 96.822,00",Citroën,AIRCROSS Feel 1.0 Flex Turbo 200 Aut.,2025,011232-1,Flex,1,F,junho de 2026 ,chyj9n73211dzm,"segunda-feira, 1 de junho de 2026 00:14",96822.0
334,1,,,2025,,"R$ 102.172,00",Citroën,AIRCROSS7 F. Pack 1.0 Flex TB 200 Aut,2025,011235-6,Flex,1,F,junho de 2026 ,f53zlzpyv4dzm,"segunda-feira, 1 de junho de 2026 00:14",102172.0
334,1,,,32000,5,"R$ 97.520,00",Citroën,BASALT Feel 1.0 Flex 6V 5p Mec.,32000,011238-0,Flex,1,F,junho de 2026 ,ch6q0fppjd2cz,"segunda-feira, 1 de junho de 2026 00:14",97520.0
334,1,,,2025,,"R$ 94.494,00",Citroën,BASALT Feel 1.0 Flex TB 200 5p Aut.,2025,011239-9,Flex,1,F,junho de 2026 ,cg174s14wvvdzm,"segunda-feira, 1 de junho de 2026 00:14",94494.0
334,1,,,2024,,"R$ 102.896,00",Honda,CITY Sedan LX 1.5 Flex 16V 4p Aut.,2024,014059-7,Flex,1,F,junho de 2026 ,f6y9cw9fsjdwd,"segunda-feira, 1 de junho de 2026 00:14",102896.0
334,1,,,32000,5,"R$ 118.761,00",Honda,CITY Sedan LX 1.5 Flex 16V 4p Aut.,32000,014059-7,Flex,1,F,junho de 2026 ,gtkycb50y9cz,"segunda-feira, 1 de junho de 2026 00:14",118761.0
334,1,,,2023,,"R$ 107.342,00",Honda,CITY Sedan EXL 1.5 Flex  16V 4p Aut.,2023,014063-5,Flex,1,F,junho de 2026 ,gc5wx48ptsdr5,"segunda-feira, 1 de junho de 2026 00:14",107342.0
334,1,,,32000,5,"R$ 150.250,00",Honda,WR-V EX 1.5 Flexone 16V 5p Aut.,32000,014094-5,Flex,1,F,junho de 2026 ,h0hgr8hhjycz,"segunda-feira, 1 de junho de 2026 00:14",150250.0
334,1,,,2021,,"R$ 131.236,00",Honda,HR-V Touring 1.5 Flex TB 16V 5p Aut.,2021,014102-0,Flex,1,F,junho de 2026 ,g86cm0k4hsdkq,"segunda-feira, 1 de junho de 2026 00:14",131236.0
334,1,,,2024,,"R$ 159.427,00",Honda,HR-V Touring 1.5 Flex TB 16V 5p Aut.,2024,014102-0,Flex,1,F,junho de 2026 ,jb700m7lczdwd,"segunda-feira, 1 de junho de 2026 00:14",159427.0
334,1,,,2025,,"R$ 170.477,00",Honda,HR-V Touring 1.5 Flex TB 16V 5p Aut.,2025,014102-0,Flex,1,F,junho de 2026 ,jr6nnwcq86dzm,"segunda-feira, 1 de junho de 2026 00:14",170477.0
334,1,,,2021,,"R$ 117.893,00",Honda,Civic Sedan LX 2.0 Flex 16V Aut. 4p,2021,014103-8,Flex,1,F,junho de 2026 ,gskdbmfgbwdkq,"segunda-feira, 1 de junho de 2026 00:14",117893.0
334,1,,,2024,,"R$ 248.040,00",Honda,Accord Sedan 2.0 TB 16V Aut. (Híbrido),2024,014105-4,Híbrido,1,H,junho de 2026 ,mp4t7g8z0xdwq,"segunda-feira, 1 de junho de 2026 00:14",248040.0
334,1,,,2024,,"R$ 122.479,00",Honda,CITY Sedan Touring 1.5 Flex 16V 4p Aut.,2024,014106-2,Flex,1,F,junho de 2026 ,gyx2mz7ltvdwd,"segunda-feira, 1 de junho de 2026 00:14",122479.0
334,1,,,2024,,"R$ 121.177,00",Honda,CITY Hatchback EXL 1.5 Flex 16V Aut.,2024,014108-9,Flex,1,F,junho de 2026 ,gxdrlwg8r1dwd,"segunda-feira, 1 de junho de 2026 00:14",121177.0
334,1,,,2023,,"R$ 134.056,00",Honda,HR-V EX 1.5 Flex Sensing 16V 5p Aut.,2023,014109-7,Flex,1,F,junho de 2026 ,hdhv20k1qydr5,"segunda-feira, 1 de junho de 2026 00:14",134056.0
334,1,,,2025,,"R$ 144.567,00",Honda,HR-V EX 1.5 Flex Sensing 16V 5p Aut.,2025,014109-7,Flex,1,F,junho de 2026 ,hstxd8tm4zdzm,"segunda-feira, 1 de junho de 2026 00:14",144567.0
334,1,,,2024,,"R$ 141.976,00",Honda,HR-V EXL 1.5 Flex Sensing 16V 5p Aut.,2024,014110-0,Flex,1,F,junho de 2026 ,hpsqz3wjygdwd,"segunda-feira, 1 de junho de 2026 00:14",141976.0
334,1,,,2025,,"R$ 149.155,00",Honda,HR-V EXL 1.5 Flex Sensing 16V 5p Aut.,2025,014110-0,Flex,1,F,junho de 2026 ,hy6nzh5m7rdzm,"segunda-feira, 1 de junho de 2026 00:14",149155.0
334,1,,,2025,,"R$ 160.989,00",Honda,HR-V Advance 1.5  Flex TB 16V 5p Aut.,2025,014111-9,Flex,1,F,junho de 2026 ,jd2s0d63wjdzm,"segunda-feira, 1 de junho de 2026 00:14",160989.0
334,1,,,32000,5,"R$ 201.827,00",Honda,HR-V Advance 1.5  Flex TB 16V 5p Aut.,32000,014111-9,Flex,1,F,junho de 2026 ,kyy4glfql7j1hl,"segunda-feira, 1 de junho de 2026 00:14",201827.0
334,1,,,2024,,"R$ 206.779,00",Honda,Civic Sed.Touring 2.0 16V Aut. (Híbrido),2024,014112-7,Híbrido,1,H,junho de 2026 ,k4r344hhygdwq,"segunda-feira, 1 de junho de 2026 00:14",206779.0
334,1,,,2025,,"R$ 164.142,00",Honda,ZR-V Touring 2.0 16V 5p Aut.,2025,014114-3,Gasolina,1,G,junho de 2026 ,jjsdnxrr1ldyb,"segunda-feira, 1 de junho de 2026 00:14",164142.0
334,1,,,2024,,"R$ 107.603,00",Honda,CITY Hatchback EX 1.5 Flex 16V Aut.,2024,014115-1,Flex,1,F,junho de 2026 ,gdhc0qwwzrdwd,"segunda-feira, 1 de junho de 2026 00:14",107603.0
334,1,,,2024,,"R$ 103.446,00",Honda,CITY Hatchback LX 1.5 Flex 16V Aut.,2024,014116-0,Flex,1,F,junho de 2026 ,f7l822p0njdwd,"segunda-feira, 1 de junho de 2026 00:14",103446.0
334,1,,,32000,5,"R$ 121.588,00",Honda,CITY Hatchback LX 1.5 Flex 16V Aut.,32000,014116-0,Flex,1,F,junho de 2026 ,gxwppvf6n5j1hl,"segunda-feira, 1 de junho de 2026 00:14",121588.0
334,1,,,2022,,"R$ 113.870,00",Hyundai,Tucson GLS 1.6 Turbo 16V Aut.,2022,015138-6,Gasolina,1,G,junho de 2026 ,gmt5dhz46kdmn,"segunda-feira, 1 de junho de 2026 00:14",113870.0
334,1,,,2020,,"R$ 63.178,00",Hyundai,HB20 Evolution 1.0 Flex 12V Mec.,2020,015164-5,Flex,1,F,junho de 2026 ,262qx63crgcz,"segunda-feira, 1 de junho de 2026 00:14",63178.0
334,1,,,2021,,"R$ 64.758,00",Hyundai,HB20 Evolution 1.0 Flex 12V Mec.,2021,015164-5,Flex,1,F,junho de 2026 ,3tl0n75yp9g6,"segunda-feira, 1 de junho de 2026 00:14",64758.0
334,1,,,2022,,"R$ 66.565,00",Hyundai,HB20 Evolution 1.0 Flex 12V Mec.,2022,015164-5,Flex,1,F,junho de 2026 ,4hss43fvfrlf,"segunda-feira, 1 de junho de 2026 00:14",66565.0
334,1,,,2023,,"R$ 63.566,00",Hyundai,HB20 Sense 1.0 Flex 12V Mec.,2023,015165-3,Flex,1,F,junho de 2026 ,3cmrrd750tpn,"segunda-feira, 1 de junho de 2026 00:14",63566.0
334,1,,,2024,,"R$ 67.031,00",Hyundai,HB20 Sense 1.0 Flex 12V Mec.,2024,015165-3,Flex,1,F,junho de 2026 ,4n75t78q7psw,"segunda-feira, 1 de junho de 2026 00:14",67031.0
334,1,,,2022,,"R$ 61.882,00",Hyundai,HB20 Vision 1.0 Flex 12V Mec.,2022,015168-8,Flex,1,F,junho de 2026 ,2qwn5r8jqglf,"segunda-feira, 1 de junho de 2026 00:14",61882.0
334,1,,,2022,,"R$ 74.656,00",Hyundai,HB20 Evolution 1.0 TB Flex 12V Aut.,2022,015170-0,Flex,1,F,junho de 2026 ,7knmzhklk0lf,"segunda-feira, 1 de junho de 2026 00:14",74656.0
334,1,,,2022,,"R$ 64.641,00",Hyundai,HB20S Vision 1.0 Flex 12V Mec.,2022,015174-2,Flex,1,F,junho de 2026 ,3r7hctn157lf,"segunda-feira, 1 de junho de 2026 00:14",64641.0
334,1,,,2022,,"R$ 67.184,00",Hyundai,HB20S Evolution 1.0 Flex 12V Mec.,2022,015176-9,Flex,1,F,junho de 2026 ,4q1sr89t9qlf,"segunda-feira, 1 de junho de 2026 00:14",67184.0
334,1,,,2020,,"R$ 71.342,00",Hyundai,HB20S Evolution 1.0 TB Flex 12V Aut.,2020,015178-5,Flex,1,F,junho de 2026 ,59s283bj0mcz,"segunda-feira, 1 de junho de 2026 00:14",71342.0
334,1,,,2022,,"R$ 77.806,00",Hyundai,HB20S Evolution 1.0 TB Flex 12V Aut.,2022,015178-5,Flex,1,F,junho de 2026 ,8rlksmjvr6lf,"segunda-feira, 1 de junho de 2026 00:14",77806.0
334,1,,,2022,,"R$ 75.182,00",Hyundai,HB20X Vision 1.6 Flex 16V Mec.,2022,015186-6,Flex,1,F,junho de 2026 ,7rttp9yn7flf,"segunda-feira, 1 de junho de 2026 00:14",75182.0
334,1,,,2022,,"R$ 80.849,00",Hyundai,HB20 Sport 1.0 TB Flex 12V Aut.,2022,015187-4,Flex,1,F,junho de 2026 ,9w8ly79j94lf,"segunda-feira, 1 de junho de 2026 00:14",80849.0
334,1,,,2022,,"R$ 91.059,00",Hyundai,Creta Action 1.6 16V Flex Aut.,2022,015190-4,Flex,1,F,junho de 2026 ,cfrzmrbh0j0lf,"segunda-feira, 1 de junho de 2026 00:14",91059.0
334,1,,,2021,,"R$ 88.557,00",Hyundai,Creta Action 1.6 16V Flex Aut.,2021,015190-4,Flex,1,F,junho de 2026 ,cdtm69xz9vgg6,"segunda-feira, 1 de junho de 2026 00:14",88557.0
334,1,,,2023,,"R$ 97.070,00",Hyundai,Creta Action 1.6 16V Flex Aut.,2023,015190-4,Flex,1,F,junho de 2026 ,ch1gf1jhj1jpn,"segunda-feira, 1 de junho de 2026 00:14",97070.0
334,1,,,2024,,"R$ 102.033,00",Hyundai,Creta Action 1.6 16V Flex Aut.,2024,015190-4,Flex,1,F,junho de 2026 ,f5yxztmxkhdwd,"segunda-feira, 1 de junho de 2026 00:14",102033.0
334,1,,,2025,,"R$ 106.333,00",Hyundai,Creta Action 1.6 16V Flex Aut.,2025,015190-4,Flex,1,F,junho de 2026 ,gbz61cz6rvdzm,"segunda-feira, 1 de junho de 2026 00:14",106333.0
334,1,,,2022,,"R$ 66.652,00",Hyundai,HB20 Evolution Bluelink 1.0 Flex 12V Mec,2022,015191-2,Flex,1,F,junho de 2026 ,4jtffqxfk9lf,"segunda-feira, 1 de junho de 2026 00:14",66652.0
334,1,,,2022,,"R$ 106.020,00",Hyundai,Creta Comfort 1.0 TB 12V Flex Aut.,2022,015200-5,Flex,1,F,junho de 2026 ,gbmvcgr06hdny,"segunda-feira, 1 de junho de 2026 00:14",106020.0
334,1,,,2023,,"R$ 109.113,00",Hyundai,Creta Comfort 1.0 TB 12V Flex Aut.,2023,015200-5,Flex,1,F,junho de 2026 ,gf78d6kcqwdr5,"segunda-feira, 1 de junho de 2026 00:14",109113.0
334,1,,,2024,,"R$ 113.325,00",Hyundai,Creta Comfort 1.0 TB 12V Flex Aut.,2024,015200-5,Flex,1,F,junho de 2026 ,gl6b9zfd0tdwd,"segunda-feira, 1 de junho de 2026 00:14",113325.0
334,1,,,2025,,"R$ 123.935,00",Hyundai,Creta Comfort 1.0 TB 12V Flex Aut.,2025,015200-5,Flex,1,F,junho de 2026 ,g0mz5729bydzm,"segunda-feira, 1 de junho de 2026 00:14",123935.0
334,1,,,2026,,"R$ 132.778,00",Hyundai,Creta Comfort 1.0 TB 12V Flex Aut.,2026,015200-5,Flex,1,F,junho de 2026 ,hb0d267r72d2v,"segunda-feira, 1 de junho de 2026 00:14",132778.0
334,1,,,32000,5,"R$ 144.025,00",Hyundai,Creta Comfort 1.0 TB 12V Flex Aut.,32000,015200-5,Flex,1,F,junho de 2026 ,hr56qkd98ccz,"segunda-feira, 1 de junho de 2026 00:14",144025.0
334,1,,,2024,,"R$ 141.238,00",Hyundai,Creta Ultimate 2.0 16V Flex Aut.,2024,015201-3,Flex,1,F,junho de 2026 ,hnxxf67h86dwd,"segunda-feira, 1 de junho de 2026 00:14",141238.0
334,1,,,2023,,"R$ 120.240,00",Hyundai,Creta Platinum 1.0 TB 12V Flex Aut.,2023,015202-1,Flex,1,F,junho de 2026 ,gv9ptz7rr9dr5,"segunda-feira, 1 de junho de 2026 00:14",120240.0
334,1,,,2024,,"R$ 132.577,00",Hyundai,Creta Platinum 1.0 TB 12V Flex Aut.,2024,015202-1,Flex,1,F,junho de 2026 ,hbr3mdyngsdwd,"segunda-feira, 1 de junho de 2026 00:14",132577.0
334,1,,,2025,,"R$ 144.988,00",Hyundai,Creta Platinum 1.0 TB 12V Flex Aut.,2025,015202-1,Flex,1,F,junho de 2026 ,hs96slr6xgdzm,"segunda-feira, 1 de junho de 2026 00:14",144988.0
334,1,,,2026,,"R$ 161.890,00",Hyundai,Creta Platinum 1.0 TB 12V Flex Aut.,2026,015202-1,Flex,1,F,junho de 2026 ,jf4j6v4b82d2v,"segunda-feira, 1 de junho de 2026 00:14",161890.0
334,1,,,2024,,"R$ 118.091,00",Hyundai,Creta Limited 1.0 TB 12V Flex Aut.,2024,015203-0,Flex,1,F,junho de 2026 ,gsslfncssxdwd,"segunda-feira, 1 de junho de 2026 00:14",118091.0
334,1,,,2025,,"R$ 128.443,00",Hyundai,Creta Limited 1.0 TB 12V Flex Aut.,2025,015203-0,Flex,1,F,junho de 2026 ,g5xvl4f0qwdzm,"segunda-feira, 1 de junho de 2026 00:14",128443.0
334,1,,,2022,,"R$ 73.119,00",Hyundai,HB20 Platinum 1.0 TB Flex 12V Mec.,2022,015204-8,Flex,1,F,junho de 2026 ,6zmzq4m40slf,"segunda-feira, 1 de junho de 2026 00:14",73119.0
334,1,,,2022,,"R$ 80.709,00",Hyundai,HB20S Platinum Plus 1.0 TB Flex 12V Aut.,2022,015205-6,Flex,1,F,junho de 2026 ,9vmqh2lld8lf,"segunda-feira, 1 de junho de 2026 00:14",80709.0
334,1,,,2023,,"R$ 91.041,00",Hyundai,HB20S Platinum Plus 1.0 TB Flex 12V Aut.,2023,015205-6,Flex,1,F,junho de 2026 ,cfrr2x1twhqpn,"segunda-feira, 1 de junho de 2026 00:14",91041.0
334,1,,,2024,,"R$ 96.985,00",Hyundai,HB20S Platinum Plus 1.0 TB Flex 12V Aut.,2024,015205-6,Flex,1,F,junho de 2026 ,ch0gj9jhncfsw,"segunda-feira, 1 de junho de 2026 00:14",96985.0
334,1,,,2022,,"R$ 79.089,00",Hyundai,HB20S Platinum 1.0 TB Flex 12V Aut.,2022,015206-4,Flex,1,F,junho de 2026 ,87mw18j1vglf,"segunda-feira, 1 de junho de 2026 00:14",79089.0
334,1,,,2023,,"R$ 90.224,00",Hyundai,HB20S Platinum 1.0 TB Flex 12V Aut.,2023,015206-4,Flex,1,F,junho de 2026 ,cff54blfnbfpn,"segunda-feira, 1 de junho de 2026 00:14",90224.0
334,1,,,2024,,"R$ 96.592,00",Hyundai,HB20S Platinum 1.0 TB Flex 12V Aut.,2024,015206-4,Flex,1,F,junho de 2026 ,chvvp4vqmtjsw,"segunda-feira, 1 de junho de 2026 00:14",96592.0
334,1,,,2023,,"R$ 89.027,00",Hyundai,HB20 Platinum Plus 1.0 TB Flex 12V Aut.,2023,015208-0,Flex,1,F,junho de 2026 ,cdz4118wg3vpn,"segunda-feira, 1 de junho de 2026 00:14",89027.0
334,1,,,2024,,"R$ 93.305,00",Hyundai,HB20 Platinum Plus 1.0 TB Flex 12V Aut.,2024,015208-0,Flex,1,F,junho de 2026 ,cgl9zpdstcvsw,"segunda-feira, 1 de junho de 2026 00:14",93305.0
334,1,,,2022,,"R$ 77.876,00",Hyundai,HB20 Platinum 1.0 TB Flex 12V Aut.,2022,015209-9,Flex,1,F,junho de 2026 ,8sd0h7z8bslf,"segunda-feira, 1 de junho de 2026 00:14",77876.0
334,1,,,2024,,"R$ 92.717,00",Hyundai,HB20 Platinum 1.0 TB Flex 12V Aut.,2024,015209-9,Flex,1,F,junho de 2026 ,cgdd8cbtlhhsw,"segunda-feira, 1 de junho de 2026 00:14",92717.0
334,1,,,2023,,"R$ 86.695,00",Hyundai,HB20 Platinum 1.0 TB Flex 12V Aut.,2023,015209-9,Flex,1,F,junho de 2026 ,cc3tf3xgq26pn,"segunda-feira, 1 de junho de 2026 00:14",86695.0
334,1,,,2022,,"R$ 68.631,00",Hyundai,HB20 Vision 1.0 TB Flex 12V Aut.,2022,015210-2,Flex,1,F,junho de 2026 ,480qx6vtmblf,"segunda-feira, 1 de junho de 2026 00:14",68631.0
334,1,,,2022,,"R$ 71.074,00",Hyundai,HB20S Vision 1.0 TB Flex 12V Aut.,2022,015211-0,Flex,1,F,junho de 2026 ,56npk71ktmlf,"segunda-feira, 1 de junho de 2026 00:14",71074.0
334,1,,,2024,,"R$ 136.260,00",Hyundai,Creta N Line 1.0 TB 12V Flex Aut.,2024,015212-9,Flex,1,F,junho de 2026 ,hg2zgh2trldwd,"segunda-feira, 1 de junho de 2026 00:14",136260.0
334,1,,,2025,,"R$ 151.364,00",Hyundai,Creta N Line 1.0 TB 12V Flex Aut.,2025,015212-9,Flex,1,F,junho de 2026 ,h1syznqt56dzm,"segunda-feira, 1 de junho de 2026 00:14",151364.0
334,1,,,2023,,"R$ 67.340,00",Hyundai,HB20 Limited 1.0 Flex 12V Mec.,2023,015213-7,Flex,1,F,junho de 2026 ,4swhh7rydspn,"segunda-feira, 1 de junho de 2026 00:14",67340.0
334,1,,,2024,,"R$ 75.799,00",Hyundai,HB20 Limited 1.0 Flex 12V Mec.,2024,015213-7,Flex,1,F,junho de 2026 ,7z12sykfc4sw,"segunda-feira, 1 de junho de 2026 00:14",75799.0
334,1,,,2026,,"R$ 83.877,00",Hyundai,HB20 Limited 1.0 Flex 12V Mec.,2026,015213-7,Flex,1,F,junho de 2026 ,cb1r54h13110b,"segunda-feira, 1 de junho de 2026 00:14",83877.0
334,1,,,2023,,"R$ 79.537,00",Hyundai,HB20 Comfort 1.0 TB Flex 12V Aut,2023,015214-5,Flex,1,F,junho de 2026 ,9dwqx4f6djpn,"segunda-feira, 1 de junho de 2026 00:14",79537.0
334,1,,,2024,,"R$ 83.437,00",Hyundai,HB20 Comfort 1.0 TB Flex 12V Aut,2024,015214-5,Flex,1,F,junho de 2026 ,cbwl8d0f84ksw,"segunda-feira, 1 de junho de 2026 00:14",83437.0
334,1,,,2023,,"R$ 64.860,00",Hyundai,HB20 Comfort 1.0 Flex 12V Mec.,2023,015215-3,Flex,1,F,junho de 2026 ,3vs2y9zsc0pn,"segunda-feira, 1 de junho de 2026 00:14",64860.0
334,1,,,2024,,"R$ 70.326,00",Hyundai,HB20 Comfort 1.0 Flex 12V Mec.,2024,015215-3,Flex,1,F,junho de 2026 ,5xwtf3bldmsw,"segunda-feira, 1 de junho de 2026 00:14",70326.0
334,1,,,2026,,"R$ 82.374,00",Hyundai,HB20 Comfort 1.0 Flex 12V Mec.,2026,015215-3,Flex,1,F,junho de 2026 ,cbg4wz4jn7v0b,"segunda-feira, 1 de junho de 2026 00:14",82374.0
334,1,,,2023,,"R$ 67.770,00",Hyundai,HB20 Comfort 1.0 TB Flex 12V Mec,2023,015216-1,Flex,1,F,junho de 2026 ,4yxsks36kwpn,"segunda-feira, 1 de junho de 2026 00:14",67770.0
334,1,,,2024,,"R$ 76.011,00",Hyundai,HB20 Comfort 1.0 TB Flex 12V Mec,2024,015216-1,Flex,1,F,junho de 2026 ,72j4jbvz42sw,"segunda-feira, 1 de junho de 2026 00:14",76011.0
334,1,,,2023,,"R$ 79.065,00",Hyundai,HB20S Comfort 1.0 TB Flex 12V Aut.,2023,015217-0,Flex,1,F,junho de 2026 ,87b5mw7ctwdr5,"segunda-feira, 1 de junho de 2026 00:14",79065.0
334,1,,,2024,,"R$ 85.782,00",Hyundai,HB20S Comfort 1.0 TB Flex 12V Aut.,2024,015217-0,Flex,1,F,junho de 2026 ,ccr3ltwt058dwd,"segunda-feira, 1 de junho de 2026 00:14",85782.0
334,1,,,2023,,"R$ 71.867,00",Hyundai,HB20S Comfort 1.0  Flex 12V Mec.,2023,015218-8,Flex,1,F,junho de 2026 ,6hyxrbx6qpdr5,"segunda-feira, 1 de junho de 2026 00:14",71867.0
334,1,,,2024,,"R$ 77.419,00",Hyundai,HB20S Comfort 1.0  Flex 12V Mec.,2024,015218-8,Flex,1,F,junho de 2026 ,8l1w7fywc5dwd,"segunda-feira, 1 de junho de 2026 00:14",77419.0
334,1,,,2026,,"R$ 87.833,00",Hyundai,HB20S Comfort 1.0  Flex 12V Mec.,2026,015218-8,Flex,1,F,junho de 2026 ,cdj42lkcm1vd2v,"segunda-feira, 1 de junho de 2026 00:14",87833.0
334,1,,,2023,,"R$ 73.014,00",Hyundai,HB20S Limited 1.0  Flex 12V Mec.,2023,015219-6,Flex,1,F,junho de 2026 ,6ydtmx8yw4dr5,"segunda-feira, 1 de junho de 2026 00:14",73014.0
334,1,,,2025,,"R$ 78.654,00",Hyundai,HB20 Limited Plus 1.0 Flex 12V Mec.,2025,015235-8,Flex,1,F,junho de 2026 ,82jsnybj9rdzm,"segunda-feira, 1 de junho de 2026 00:14",78654.0
334,1,,,2024,,"R$ 86.101,00",Hyundai,HB20 Comfort Plus 1.0 TB Flex 12V Aut.,2024,015236-6,Flex,1,F,junho de 2026 ,ccwvj5shvsgdwd,"segunda-feira, 1 de junho de 2026 00:14",86101.0
334,1,,,2025,,"R$ 91.704,00",Hyundai,HB20 Comfort Plus 1.0 TB Flex 12V Aut.,2025,015236-6,Flex,1,F,junho de 2026 ,cf0j19wvqv5dzm,"segunda-feira, 1 de junho de 2026 00:15",91704.0
334,1,,,2024,,"R$ 132.475,00",Hyundai,Creta Plat. Safety 1.0 TB 12V Flex Aut.,2024,015237-4,Flex,1,F,junho de 2026 ,hbndpk46lwdwd,"segunda-feira, 1 de junho de 2026 00:15",132475.0
334,1,,,2025,,"R$ 144.511,00",Hyundai,Creta Plat. Safety 1.0 TB 12V Flex Aut.,2025,015237-4,Flex,1,F,junho de 2026 ,hsrv97bhn0dzm,"segunda-feira, 1 de junho de 2026 00:15",144511.0
334,1,,,2024,,"R$ 96.254,00",Hyundai,HB20S Plat. Safety 1.0 TB Flex 12V Aut.,2024,015238-2,Flex,1,F,junho de 2026 ,chqwvp2jnd6dwd,"segunda-feira, 1 de junho de 2026 00:15",96254.0
334,1,,,2024,5,"R$ 78.127,00",Hyundai,HB20S Limited 1.0  Flex 12V Mec.,2024,015219-6,Flex,1,F,junho de 2026 ,8wb7nttpztdwd,"segunda-feira, 1 de junho de 2026 00:15",78127.0
334,1,,,2023,5,"R$ 75.187,00",Hyundai,HB20S Edição Especial 1.0 Flex Mec.,2023,015226-9,Flex,1,F,junho de 2026 ,7rwm1hzlssdr5,"segunda-feira, 1 de junho de 2026 00:15",75187.0
334,1,,,2024,5,"R$ 91.824,00",Hyundai,HB20 Plat. Safety 1.0 TB Flex 12V Aut.,2024,015233-1,Flex,1,F,junho de 2026 ,cf1ypd6rdnzdwd,"segunda-feira, 1 de junho de 2026 00:15",91824.0
334,1,,,2025,5,"R$ 96.094,00",Hyundai,HB20 Plat. Safety 1.0 TB Flex 12V Aut.,2025,015233-1,Flex,1,F,junho de 2026 ,chn0pwznytpdzm,"segunda-feira, 1 de junho de 2026 00:15",96094.0
334,1,,,2024,5,"R$ 66.980,00",Hyundai,HB20 Sense Plus 1.0 Flex 12V Mec.,2024,015234-0,Flex,1,F,junho de 2026 ,4nnm5zj902dwd,"segunda-feira, 1 de junho de 2026 00:15",66980.0
334,1,,,2025,5,"R$ 68.664,00",Hyundai,HB20 Sense Plus 1.0 Flex 12V Mec.,2025,015234-0,Flex,1,F,junho de 2026 ,49dqrmj0cpdzm,"segunda-feira, 1 de junho de 2026 00:15",68664.0
334,1,,,2024,5,"R$ 76.460,00",Hyundai,HB20 Limited Plus 1.0 Flex 12V Mec.,2024,015235-8,Flex,1,F,junho de 2026 ,77tbm51spwdwd,"segunda-feira, 1 de junho de 2026 00:15",76460.0
334,1,,,2025,,"R$ 106.218,00",Hyundai,HB20S Plat. Safety 1.0 TB Flex 12V Aut.,2025,015238-2,Flex,1,F,junho de 2026 ,gbv1ggp0kfdzm,"segunda-feira, 1 de junho de 2026 00:15",106218.0
334,1,,,2025,,"R$ 80.595,00",Hyundai,HB20S Comfort Plus 1.0 Flex 12V Mec.,2025,015239-0,Flex,1,F,junho de 2026 ,9s88z659lwdzm,"segunda-feira, 1 de junho de 2026 00:15",80595.0
334,1,,,2024,,"R$ 75.815,00",Hyundai,HB20S Comfort Plus 1.0 Flex 12V Mec.,2024,015239-0,Flex,1,F,junho de 2026 ,7z7w2bzn5xdwd,"segunda-feira, 1 de junho de 2026 00:15",75815.0
334,1,,,32000,5,"R$ 91.462,00",Hyundai,HB20S Comfort Plus 1.0 Flex 12V Mec.,32000,015239-0,Flex,1,F,junho de 2026 ,cfxp3kntvj0cz,"segunda-feira, 1 de junho de 2026 00:15",91462.0
334,1,,,2024,,"R$ 89.975,00",Hyundai,HB20S Comfort Plus 1.0 TB Flex 12V Aut,2024,015240-4,Flex,1,F,junho de 2026 ,cfb8mpz8140dwd,"segunda-feira, 1 de junho de 2026 00:15",89975.0
334,1,,,2025,,"R$ 95.204,00",Hyundai,HB20S Comfort Plus 1.0 TB Flex 12V Aut,2025,015240-4,Flex,1,F,junho de 2026 ,chbk6r062sddzm,"segunda-feira, 1 de junho de 2026 00:15",95204.0
334,1,,,2024,,"R$ 80.615,00",Hyundai,HB20S Limited Plus 1.0  Flex 12V Mec.,2024,015242-0,Flex,1,F,junho de 2026 ,9tjkb3n72kdwd,"segunda-feira, 1 de junho de 2026 00:15",80615.0
334,1,,,2025,,"R$ 83.297,00",Hyundai,HB20S Limited Plus 1.0  Flex 12V Mec.,2025,015242-0,Flex,1,F,junho de 2026 ,cbtzcyhjf44dzm,"segunda-feira, 1 de junho de 2026 00:15",83297.0
334,1,,,2024,,"R$ 118.489,00",Hyundai,Creta Limit. Safety 1.0 TB 12V Flex Aut.,2024,015243-9,Flex,1,F,junho de 2026 ,gs71wjsqn4dwd,"segunda-feira, 1 de junho de 2026 00:15",118489.0
334,1,,,2025,,"R$ 130.158,00",Hyundai,Creta Limit. Safety 1.0 TB 12V Flex Aut.,2025,015243-9,Flex,1,F,junho de 2026 ,g7x5z2s65vdzm,"segunda-feira, 1 de junho de 2026 00:15",130158.0
334,1,,,2024,,"R$ 112.903,00",Hyundai,Creta Comfort Plus 1.0 TB 12V Flex Aut.,2024,015244-7,Flex,1,F,junho de 2026 ,glp0tqnwdqdwd,"segunda-feira, 1 de junho de 2026 00:15",112903.0
334,1,,,2025,,"R$ 120.122,00",Hyundai,Creta Comfort Plus 1.0 TB 12V Flex Aut.,2025,015244-7,Flex,1,F,junho de 2026 ,gv5dv9gcrndzm,"segunda-feira, 1 de junho de 2026 00:15",120122.0
334,1,,,2024,,"R$ 70.357,00",Hyundai,HB20 Comfort Plus 1.0 Flex 12V Mec.,2024,015245-5,Flex,1,F,junho de 2026 ,5x72qxmsjvdwd,"segunda-feira, 1 de junho de 2026 00:15",70357.0
334,1,,,2025,,"R$ 74.319,00",Hyundai,HB20 Comfort Plus 1.0 Flex 12V Mec.,2025,015245-5,Flex,1,F,junho de 2026 ,7fp4s1bdlwdzm,"segunda-feira, 1 de junho de 2026 00:15",74319.0
334,1,,,32000,5,"R$ 88.998,00",Hyundai,HB20 Comfort Plus 1.0 Flex 12V Mec.,32000,015245-5,Flex,1,F,junho de 2026 ,cdzth9f1g3vcz,"segunda-feira, 1 de junho de 2026 00:15",88998.0
334,1,,,2025,,"R$ 92.266,00",Hyundai,HB20 Comf. Plus Tech 1.0 TB Flex 12V Aut,2025,015246-3,Flex,1,F,junho de 2026 ,cf64bn9m1f9dzm,"segunda-feira, 1 de junho de 2026 00:15",92266.0
334,1,,,2025,,"R$ 92.411,00",Hyundai,HB20S Com. Plus Tech 1.0 TB Flex 12V Aut,2025,015247-1,Flex,1,F,junho de 2026 ,cf8t1gzmwqxdzm,"segunda-feira, 1 de junho de 2026 00:15",92411.0
334,1,,,2025,,"R$ 153.226,00",Hyundai,Creta Ultimate 1.6 TB 16V Aut.,2025,015249-8,Gasolina,1,G,junho de 2026 ,h3zmz7hgvcdyb,"segunda-feira, 1 de junho de 2026 00:15",153226.0
334,1,,,2026,,"R$ 174.472,00",Hyundai,Creta Ultimate 1.6 TB 16V Aut.,2026,015249-8,Gasolina,1,G,junho de 2026 ,jxwv1yy1c1d1k,"segunda-feira, 1 de junho de 2026 00:15",174472.0
334,1,,,2026,,"R$ 103.643,00",Hyundai,HB20 Limited 1.0 TB Flex 12V Aut.,2026,015251-0,Flex,1,F,junho de 2026 ,f7vf15rkv7d2v,"segunda-feira, 1 de junho de 2026 00:15",103643.0
334,1,,,2026,,"R$ 107.742,00",Hyundai,HB20S Limited 1.0  TB Flex 12V Aut.,2026,015252-8,Flex,1,F,junho de 2026 ,gdnfmxtq25d2v,"segunda-feira, 1 de junho de 2026 00:15",107742.0
334,1,,,2021,,"R$ 77.025,00",Jeep,Renegade Sport 1.8 4x2 Flex 16V Aut.,2021,017034-8,Flex,1,F,junho de 2026 ,8gfptprrqpg6,"segunda-feira, 1 de junho de 2026 00:15",77025.0
334,1,,,2020,,"R$ 76.258,00",Jeep,Renegade Longitude 1.8 4x2 Flex 16V Aut.,2020,017035-6,Flex,1,F,junho de 2026 ,75fxlykwqgcz,"segunda-feira, 1 de junho de 2026 00:15",76258.0
334,1,,,2021,,"R$ 83.069,00",Jeep,Renegade Longitude 1.8 4x2 Flex 16V Aut.,2021,017035-6,Flex,1,F,junho de 2026 ,cbq9hylt5t0g6,"segunda-feira, 1 de junho de 2026 00:15",83069.0
334,1,,,2020,,"R$ 93.251,00",Jeep,Renegade Longitude 2.0 4x4 TB Diesel Aut,2020,017037-2,Diesel,1,D,junho de 2026 ,cglpb7fgfgjcb,"segunda-feira, 1 de junho de 2026 00:15",93251.0
334,1,,,2021,,"R$ 96.909,00",Jeep,Renegade Longitude 2.0 4x4 TB Diesel Aut,2021,017037-2,Diesel,1,D,junho de 2026 ,chzkxy2fhhjgk,"segunda-feira, 1 de junho de 2026 00:15",96909.0
334,1,,,2021,,"R$ 112.371,00",Jeep,COMPASS LONGITUDE 2.0 4x4 Dies. 16V Aut.,2021,017045-3,Diesel,1,D,junho de 2026 ,gk2pc850jqdj2,"segunda-feira, 1 de junho de 2026 00:15",112371.0
334,1,,,2021,,"R$ 104.030,00",Jeep,COMPASS LONGITUDE 2.0 4x2 Flex 16V Aut.,2021,017046-1,Flex,1,F,junho de 2026 ,f79h3wv74gdkq,"segunda-feira, 1 de junho de 2026 00:15",104030.0
334,1,,,2021,,"R$ 113.029,00",Jeep,COMPASS LIMITED 2.0 4x2 Flex 16V Aut.,2021,017047-0,Flex,1,F,junho de 2026 ,glvlsvrj7wdkq,"segunda-feira, 1 de junho de 2026 00:15",113029.0
334,1,,,2021,,"R$ 119.667,00",Jeep,COMPASS LIMITED 2.0 4x4 Diesel 16V Aut.,2021,017051-8,Diesel,1,D,junho de 2026 ,gvmv6fknvddj2,"segunda-feira, 1 de junho de 2026 00:15",119667.0
334,1,,,2022,,"R$ 128.036,00",Jeep,COMPASS LIMITED T270 1.3 TB 4x2 Flex Aut,2022,017070-4,Flex,1,F,junho de 2026 ,g5f10vsbtmdny,"segunda-feira, 1 de junho de 2026 00:15",128036.0
334,1,,,2023,,"R$ 140.439,00",Jeep,COMPASS LIMITED T270 1.3 TB 4x2 Flex Aut,2023,017070-4,Flex,1,F,junho de 2026 ,hmzv5l3ff5dr5,"segunda-feira, 1 de junho de 2026 00:15",140439.0
334,1,,,2024,,"R$ 150.989,00",Jeep,COMPASS LIMITED T270 1.3 TB 4x2 Flex Aut,2024,017070-4,Flex,1,F,junho de 2026 ,h1cbf3066bdwd,"segunda-feira, 1 de junho de 2026 00:15",150989.0
334,1,,,2025,,"R$ 174.645,00",Jeep,COMPASS LIMITED T270 1.3 TB 4x2 Flex Aut,2025,017070-4,Flex,1,F,junho de 2026 ,jx24zsdy5wdzm,"segunda-feira, 1 de junho de 2026 00:15",174645.0
334,1,,,2022,,"R$ 121.077,00",Jeep,COMPASS LONG. T270 1.3 TB 4x2 Flex Aut.,2022,017071-2,Flex,1,F,junho de 2026 ,gw83xx6wjbdny,"segunda-feira, 1 de junho de 2026 00:15",121077.0
334,1,,,2023,,"R$ 130.224,00",Jeep,COMPASS LONG. T270 1.3 TB 4x2 Flex Aut.,2023,017071-2,Flex,1,F,junho de 2026 ,g70lcgbh7cdr5,"segunda-feira, 1 de junho de 2026 00:15",130224.0
334,1,,,2024,,"R$ 137.556,00",Jeep,COMPASS LONG. T270 1.3 TB 4x2 Flex Aut.,2024,017071-2,Flex,1,F,junho de 2026 ,hjl2q1xwnmdwd,"segunda-feira, 1 de junho de 2026 00:15",137556.0
334,1,,,2025,,"R$ 146.972,00",Jeep,COMPASS LONG. T270 1.3 TB 4x2 Flex Aut.,2025,017071-2,Flex,1,F,junho de 2026 ,hwm98lk6rhdzm,"segunda-feira, 1 de junho de 2026 00:15",146972.0
334,1,,,32000,5,"R$ 194.938,00",Jeep,COMPASS LONG. T270 1.3 TB 4x2 Flex Aut.,32000,017071-2,Flex,1,F,junho de 2026 ,kpwq7rnhrjcz,"segunda-feira, 1 de junho de 2026 00:15",194938.0
334,1,,,2022,,"R$ 109.049,00",Jeep,COMPASS SPORT T270 1.3 TB 4x2 Flex Aut.,2022,017072-0,Flex,1,F,junho de 2026 ,gf5x9qj2k0dny,"segunda-feira, 1 de junho de 2026 00:15",109049.0
334,1,,,2024,,"R$ 120.628,00",Jeep,COMPASS SPORT T270 1.3 TB 4x2 Flex Aut.,2024,017072-0,Flex,1,F,junho de 2026 ,gwrs0mfyp8dwd,"segunda-feira, 1 de junho de 2026 00:15",120628.0
334,1,,,2023,,"R$ 152.974,00",Jeep,COMPASS S T270 1.3 TB 4x2 Flex Aut.,2023,017074-7,Flex,1,F,junho de 2026 ,h3pg11nxcrdr5,"segunda-feira, 1 de junho de 2026 00:15",152974.0
334,1,,,2024,,"R$ 165.553,00",Jeep,COMPASS S T270 1.3 TB 4x2 Flex Aut.,2024,017074-7,Flex,1,F,junho de 2026 ,jlfpjczht4dwd,"segunda-feira, 1 de junho de 2026 00:15",165553.0
334,1,,,2025,,"R$ 174.441,00",Jeep,COMPASS S T270 1.3 TB 4x2 Flex Aut.,2025,017074-7,Flex,1,F,junho de 2026 ,jxvq35n9fhdzm,"segunda-feira, 1 de junho de 2026 00:15",174441.0
334,1,,,2022,,"R$ 130.716,00",Jeep,COMPASS LONG. TD 350 2.0 4x4 Diesel Aut.,2022,017075-5,Diesel,1,D,junho de 2026 ,g8lgqq1dpjdm9,"segunda-feira, 1 de junho de 2026 00:15",130716.0
334,1,,,2023,,"R$ 145.283,00",Jeep,COMPASS LONG. TD 350 2.0 4x4 Diesel Aut.,2023,017075-5,Diesel,1,D,junho de 2026 ,htnx5sd62zdrj,"segunda-feira, 1 de junho de 2026 00:15",145283.0
334,1,,,2024,,"R$ 166.235,00",Jeep,COMPASS LONG. TD 350 2.0 4x4 Diesel Aut.,2024,017075-5,Diesel,1,D,junho de 2026 ,jl7gy71g2xdvr,"segunda-feira, 1 de junho de 2026 00:15",166235.0
334,1,,,2022,,"R$ 137.607,00",Jeep,COMPASS LIMITED TD 350 2.0 4x4 Die. Aut.,2022,017077-1,Diesel,1,D,junho de 2026 ,hjnx6gb9lqdm9,"segunda-feira, 1 de junho de 2026 00:15",137607.0
334,1,,,2023,,"R$ 152.925,00",Jeep,COMPASS LIMITED TD 350 2.0 4x4 Die. Aut.,2023,017077-1,Diesel,1,D,junho de 2026 ,h3mpvhvvgsdrj,"segunda-feira, 1 de junho de 2026 00:15",152925.0
334,1,,,2024,,"R$ 168.730,00",Jeep,COMPASS LIMITED TD 350 2.0 4x4 Die. Aut.,2024,017077-1,Diesel,1,D,junho de 2026 ,jp44650b16dvr,"segunda-feira, 1 de junho de 2026 00:15",168730.0
334,1,,,2025,,"R$ 211.268,00",Jeep,COMPASS LIMITED TD 350 2.0 4x4 Die. Aut.,2025,017077-1,Diesel,1,D,junho de 2026 ,k9085c9zj9dyz,"segunda-feira, 1 de junho de 2026 00:15",211268.0
334,1,,,2024,,"R$ 156.939,00",Jeep,COMPASS TRAILHAWK TD350 2.0 4x4 Die. Aut,2024,017078-0,Diesel,1,D,junho de 2026 ,h8blm7wbn3dvr,"segunda-feira, 1 de junho de 2026 00:15",156939.0
334,1,,,2023,,"R$ 152.916,00",Jeep,COMPASS TRAILHAWK TD350 2.0 4x4 Die. Aut,2023,017078-0,Diesel,1,D,junho de 2026 ,h3mcp4j6nqdrj,"segunda-feira, 1 de junho de 2026 00:15",152916.0
334,1,,,2022,,"R$ 159.960,00",Jeep,Commander Limited TD380 2.0 4x4 Die.Aut.,2022,017080-1,Diesel,1,D,junho de 2026 ,jcwdk15wdzdm9,"segunda-feira, 1 de junho de 2026 00:15",159960.0
334,1,,,2023,,"R$ 179.385,00",Jeep,Commander Limited TD380 2.0 4x4 Die.Aut.,2023,017080-1,Diesel,1,D,junho de 2026 ,j3nfs8719sdrj,"segunda-feira, 1 de junho de 2026 00:15",179385.0
334,1,,,2024,,"R$ 197.140,00",Jeep,Commander Limited TD380 2.0 4x4 Die.Aut.,2024,017080-1,Diesel,1,D,junho de 2026 ,ksgscclr7ndvr,"segunda-feira, 1 de junho de 2026 00:15",197140.0
334,1,,,2022,,"R$ 147.895,00",Jeep,Commander Limited T270 1.3 TB Flex Aut.,2022,017081-0,Flex,1,F,junho de 2026 ,hxqv8gf65ndny,"segunda-feira, 1 de junho de 2026 00:15",147895.0
334,1,,,2023,,"R$ 158.287,00",Jeep,Commander Limited T270 1.3 TB Flex Aut.,2023,017081-0,Flex,1,F,junho de 2026 ,h9xlh30t48dr5,"segunda-feira, 1 de junho de 2026 00:15",158287.0
334,1,,,2024,,"R$ 167.683,00",Jeep,Commander Limited T270 1.3 TB Flex Aut.,2024,017081-0,Flex,1,F,junho de 2026 ,jnx3h2fgqtdwd,"segunda-feira, 1 de junho de 2026 00:15",167683.0
334,1,,,2025,,"R$ 177.539,00",Jeep,Commander Limited T270 1.3 TB Flex Aut.,2025,017081-0,Flex,1,F,junho de 2026 ,j1hbtkj2dsdzm,"segunda-feira, 1 de junho de 2026 00:15",177539.0
334,1,,,32000,5,"R$ 249.374,00",Jeep,Commander Limited T270 1.3 TB Flex Aut.,32000,017081-0,Flex,1,F,junho de 2026 ,mrqbbb1f29cz,"segunda-feira, 1 de junho de 2026 00:15",249374.0
334,1,,,2023,,"R$ 168.458,00",Jeep,Commander Overland T270 1.3 TB Flex Aut.,2023,017082-8,Flex,1,F,junho de 2026 ,jpt8rc1myhdr5,"segunda-feira, 1 de junho de 2026 00:15",168458.0
334,1,,,2024,,"R$ 189.053,00",Jeep,Commander Overland T270 1.3 TB Flex Aut.,2024,017082-8,Flex,1,F,junho de 2026 ,kgzt81mym5dwd,"segunda-feira, 1 de junho de 2026 00:15",189053.0
334,1,,,2025,,"R$ 208.932,00",Jeep,Commander Overland T270 1.3 TB Flex Aut.,2025,017082-8,Flex,1,F,junho de 2026 ,k69c17jz89dzm,"segunda-feira, 1 de junho de 2026 00:15",208932.0
334,1,,,2023,,"R$ 178.437,00",Jeep,Commander Overl. TD380 2.0 4x4 Die. Aut.,2023,017083-6,Diesel,1,D,junho de 2026 ,j2jzm52yvqdrj,"segunda-feira, 1 de junho de 2026 00:15",178437.0
334,1,,,2024,,"R$ 210.431,00",Jeep,Commander Overl. TD380 2.0 4x4 Die. Aut.,2024,017083-6,Diesel,1,D,junho de 2026 ,k81v2gbwyrdvr,"segunda-feira, 1 de junho de 2026 00:15",210431.0
334,1,,,2025,,"R$ 224.449,00",Jeep,Commander Overl. TD380 2.0 4x4 Die. Aut.,2025,017083-6,Diesel,1,D,junho de 2026 ,lthcx7p9lvdyz,"segunda-feira, 1 de junho de 2026 00:15",224449.0
334,1,,,2023,,"R$ 99.845,00",Jeep,Renegade Sport T270 1.3 TB 4x2 Flex Aut.,2023,017085-2,Flex,1,F,junho de 2026 ,cj2z2h9ktbqpn,"segunda-feira, 1 de junho de 2026 00:15",99845.0
334,1,,,2024,,"R$ 103.358,00",Jeep,Renegade Sport T270 1.3 TB 4x2 Flex Aut.,2024,017085-2,Flex,1,F,junho de 2026 ,f7h2x94sxjdwd,"segunda-feira, 1 de junho de 2026 00:15",103358.0
334,1,,,32000,5,"R$ 121.527,00",Jeep,Renegade Sport T270 1.3 TB 4x2 Flex Aut.,32000,017085-2,Flex,1,F,junho de 2026 ,gxtgy5tzkgcz,"segunda-feira, 1 de junho de 2026 00:15",121527.0
334,1,,,2023,,"R$ 118.955,00",Jeep,Renegade Trailhawk T270 1.3 TB Flex Aut.,2023,017086-0,Flex,1,F,junho de 2026 ,gtszyn9wjtdr5,"segunda-feira, 1 de junho de 2026 00:15",118955.0
334,1,,,2024,,"R$ 126.498,00",Jeep,Renegade Trailhawk T270 1.3 TB Flex Aut.,2024,017086-0,Flex,1,F,junho de 2026 ,g3m42c966zdwd,"segunda-feira, 1 de junho de 2026 00:15",126498.0
334,1,,,2025,,"R$ 136.894,00",Jeep,Renegade Trailhawk T270 1.3 TB Flex Aut.,2025,017086-0,Flex,1,F,junho de 2026 ,hht0tr4k3ndzm,"segunda-feira, 1 de junho de 2026 00:15",136894.0
334,1,,,2023,,"R$ 115.550,00",Jeep,Renegade S T270 1.3 TB 4x4 Flex Aut.,2023,017087-9,Flex,1,F,junho de 2026 ,gps7by1w5ydr5,"segunda-feira, 1 de junho de 2026 00:15",115550.0
334,1,,,2024,,"R$ 123.504,00",Jeep,Renegade S T270 1.3 TB 4x4 Flex Aut.,2024,017087-9,Flex,1,F,junho de 2026 ,gz4bkny5c7dwd,"segunda-feira, 1 de junho de 2026 00:15",123504.0
334,1,,,2022,,"R$ 98.354,00",Jeep,Renegade Long. T270 1.3 TB 4x2 Flex Aut.,2022,017088-7,Flex,1,F,junho de 2026 ,cjjh4lgjkqqlf,"segunda-feira, 1 de junho de 2026 00:15",98354.0
334,1,,,2024,,"R$ 110.963,00",Jeep,Renegade Long. T270 1.3 TB 4x2 Flex Aut.,2024,017088-7,Flex,1,F,junho de 2026 ,gjfhxnjld7dwd,"segunda-feira, 1 de junho de 2026 00:15",110963.0
334,1,,,2023,,"R$ 102.528,00",Jeep,Renegade Long. T270 1.3 TB 4x2 Flex Aut.,2023,017088-7,Flex,1,F,junho de 2026 ,f6jxqwvgvpdr5,"segunda-feira, 1 de junho de 2026 00:15",102528.0
334,1,,,2025,,"R$ 119.541,00",Jeep,Renegade Long. T270 1.3 TB 4x2 Flex Aut.,2025,017088-7,Flex,1,F,junho de 2026 ,gvg87bc3vldzm,"segunda-feira, 1 de junho de 2026 00:15",119541.0
334,1,,,2025,,"R$ 200.126,00",Jeep,COMPASS Black Hurricane 2.0 4x4 TB Aut.,2025,017096-8,Gasolina,1,G,junho de 2026 ,kwy9vmjsfpdyb,"segunda-feira, 1 de junho de 2026 00:15",200126.0
334,1,,,2025,,"R$ 189.753,00",Jeep,COMPASS Over. Hurric 2.0 4x4 TB 16V Aut.,2025,017097-6,Gasolina,1,G,junho de 2026 ,khs80mdn8jdyb,"segunda-feira, 1 de junho de 2026 00:15",189753.0
334,1,,,2025,,"R$ 225.052,00",Jeep,Commander Overland Hurric 2.0 4x4 TB Aut,2025,017098-4,Gasolina,1,G,junho de 2026 ,lt59cnn3vddyb,"segunda-feira, 1 de junho de 2026 00:15",225052.0
334,1,,,2025,,"R$ 234.929,00",Jeep,Commander Black Hurricane 2.0 4x4 TB Aut,2025,017099-2,Gasolina,1,G,junho de 2026 ,l6r9bnvlrwdyb,"segunda-feira, 1 de junho de 2026 00:15",234929.0
334,1,,,2018,,"R$ 120.648,00",Mercedes-Benz,C-180 CGI Exc. 1.6/1.6 Flex TB 16V  Aut.,2018,021307-1,Gasolina,1,G,junho de 2026 ,gwsjj6d4v2c6r,"segunda-feira, 1 de junho de 2026 00:15",120648.0
334,1,,,2022,,"R$ 242.029,00",Mercedes-Benz,Sprinter 416 VAN L. T.B. 16L 2.2 Diesel,2022,021419-1,Diesel,1,D,junho de 2026 ,mg3b9ntcjcdm9,"segunda-feira, 1 de junho de 2026 00:16",242029.0
334,1,,,2022,,"R$ 264.869,00",Mercedes-Benz,Sprinter 416 VAN L. T.A. 16L 2.2 Diesel,2022,021422-1,Diesel,1,D,junho de 2026 ,nbwjdw8cl9dm9,"segunda-feira, 1 de junho de 2026 00:16",264869.0
334,1,,,2023,,"R$ 214.080,00",Mercedes-Benz,Sprinter 314 Furgão Curto T.B. 2.2 Dies.,2023,021425-6,Diesel,1,D,junho de 2026 ,lfbhlyrk5cdrj,"segunda-feira, 1 de junho de 2026 00:16",214080.0
334,1,,,2022,,"R$ 296.285,00",Mercedes-Benz,Sprinter 516 VAN E.L. T.A. 18L 2.2 Dies.,2022,021437-0,Diesel,1,D,junho de 2026 ,pjqdkyyppddm9,"segunda-feira, 1 de junho de 2026 00:16",296285.0
334,1,,,2022,,"R$ 314.768,00",Mercedes-Benz,Sprinter 516 VAN E.L. T.A. 21L 2.2 Dies.,2022,021438-8,Diesel,1,D,junho de 2026 ,p7c6dnqwg7dm9,"segunda-feira, 1 de junho de 2026 00:16",314768.0
334,1,,,2022,,"R$ 394.359,00",Mercedes-Benz,GLE-400 3.0 TB 4MATIC Diesel Aut.,2022,021442-6,Diesel,1,D,junho de 2026 ,s7p20387tkdm9,"segunda-feira, 1 de junho de 2026 00:16",394359.0
334,1,,,2022,,"R$ 190.682,00",Mercedes-Benz,GLB 200 Advance 1.3 TB 16V Aut.,2022,021462-0,Gasolina,1,G,junho de 2026 ,kjw1r20zcbdmn,"segunda-feira, 1 de junho de 2026 00:16",190682.0
334,1,,,2024,,"R$ 284.350,00",Mercedes-Benz,Sprinter 417 VAN L.T.A. 16L Diesel (E6),2024,021497-3,Diesel,1,D,junho de 2026 ,n2qlq4zh4ddvr,"segunda-feira, 1 de junho de 2026 00:16",284350.0
334,1,,,2025,,"R$ 344.945,00",Mercedes-Benz,Sprinter 517 VAN E.L.T.A. 18L Die (E6),2025,021506-6,Diesel,1,D,junho de 2026 ,rcr1h3zs99dyz,"segunda-feira, 1 de junho de 2026 00:16",344945.0
334,1,,,2025,,"R$ 348.256,00",Mercedes-Benz,Sprin. 517 VAN E.L.P.T.A. 21L Die. (E6),2025,021507-4,Diesel,1,D,junho de 2026 ,rhnc6gv8s2dyz,"segunda-feira, 1 de junho de 2026 00:16",348256.0
334,1,,,2023,,"R$ 185.574,00",Mitsubishi,L200 Triton Sport HPE 2.4 CD Diesel Aut.,2023,022158-9,Diesel,1,D,junho de 2026 ,kbxc9j10yvdrj,"segunda-feira, 1 de junho de 2026 00:16",185574.0
334,1,,,2022,,"R$ 150.813,00",Mitsubishi,L200 Triton Sport GLS 2.4 CD Diesel Aut.,2022,022164-3,Diesel,1,D,junho de 2026 ,h04x4jxfw1dm9,"segunda-feira, 1 de junho de 2026 00:16",150813.0
334,1,,,2023,,"R$ 155.632,00",Mitsubishi,L200 Triton Sport GLS 2.4 CD Diesel Aut.,2023,022164-3,Diesel,1,D,junho de 2026 ,h6s2zgxl18drj,"segunda-feira, 1 de junho de 2026 00:16",155632.0
334,1,,,2023,,"R$ 197.150,00",Mitsubishi,L200 Triton Sport HPE-S 2.4 CD Dies. Aut,2023,022167-8,Diesel,1,D,junho de 2026 ,ksg4mnkyf1drj,"segunda-feira, 1 de junho de 2026 00:16",197150.0
334,1,,,2022,,"R$ 122.957,00",Mitsubishi,Eclipse Cross HPE-S 1.5 16V TB 165cv Aut.,2022,022170-8,Gasolina,1,G,junho de 2026 ,gzhf67nb9tdmn,"segunda-feira, 1 de junho de 2026 00:16",122957.0
334,1,,,2022,,"R$ 123.546,00",Mitsubishi,OUTLANDER HPE 2.0 16V 5p Aut.,2022,022171-6,Gasolina,1,G,junho de 2026 ,gz5vwpy1lwdmn,"segunda-feira, 1 de junho de 2026 00:16",123546.0
334,1,,,2023,,"R$ 138.028,00",Mitsubishi,Eclipse Cross HPE-S 1.5 16V TB 165cv Aut.,2023,022170-8,Gasolina,1,G,junho de 2026 ,hj47kqg8sddqw,"segunda-feira, 1 de junho de 2026 00:16",138028.0
334,1,,,2024,,"R$ 283.390,00",Mitsubishi,Pajero Sport HPE 2.4 4x4 Diesel Aut.,2024,022178-3,Diesel,1,D,junho de 2026 ,n1lp1xwq9zdvr,"segunda-feira, 1 de junho de 2026 00:16",283390.0
334,1,,,2023,,"R$ 118.184,00",Mitsubishi,Eclipse Cross HPE 1.5 16V TB 165cv Aut.,2023,022181-3,Gasolina,1,G,junho de 2026 ,gswy610pjcdqw,"segunda-feira, 1 de junho de 2026 00:16",118184.0
334,1,,,2024,,"R$ 142.774,00",Mitsubishi,Eclipse Cross HPE 1.5 16V TB 165cv Aut.,2024,022181-3,Gasolina,1,G,junho de 2026 ,hqqq4s5ywzdt3,"segunda-feira, 1 de junho de 2026 00:16",142774.0
334,1,,,2023,,"R$ 139.995,00",Mitsubishi,L200 Tri. Outd. GLX 2.4 CD 4x4 Die. Mec.,2023,022189-9,Diesel,1,D,junho de 2026 ,hmgqwycchkdrj,"segunda-feira, 1 de junho de 2026 00:16",139995.0
334,1,,,2024,,"R$ 149.661,00",Mitsubishi,L200 Tri. Outd. GLX 2.4 CD 4x4 Die. Mec.,2024,022189-9,Diesel,1,D,junho de 2026 ,hzs13t3v5gdvr,"segunda-feira, 1 de junho de 2026 00:16",149661.0
334,1,,,2022,,"R$ 118.230,00",Mitsubishi,OUTLANDER Sport HPE 2.0 16V Flex Aut.,2022,022192-9,Flex,1,F,junho de 2026 ,gsym1t7ydxdny,"segunda-feira, 1 de junho de 2026 00:16",118230.0
334,1,,,2021,,"R$ 83.820,00",Nissan,KICKS S 1.6 16V Flex 5p Aut.,2021,023156-8,Flex,1,F,junho de 2026 ,cb03gwnyfdcg6,"segunda-feira, 1 de junho de 2026 00:16",83820.0
334,1,,,32000,3,"R$ 309.230,00",Mitsubishi,Triton HPE 2.4 CD 4x4 TB Diesel Aut.,32000,022213-5,Diesel,1,D,junho de 2026 ,p0wxffrl2vj1gy,"segunda-feira, 1 de junho de 2026 00:16",309230.0
334,1,,,2021,,"R$ 144.262,00",Nissan,Frontier ATTAC.CD 4x4 2.3 Bi-TB Die. Aut,2021,023160-6,Diesel,1,D,junho de 2026 ,hsgtrtvk36dj2,"segunda-feira, 1 de junho de 2026 00:16",144262.0
334,1,,,2022,,"R$ 147.869,00",Nissan,Frontier ATTAC.CD 4x4 2.3 Bi-TB Die. Aut,2022,023160-6,Diesel,1,D,junho de 2026 ,hxpxy86vzwdm9,"segunda-feira, 1 de junho de 2026 00:16",147869.0
334,1,,,2024,,"R$ 184.776,00",Nissan,Frontier ATTAC.CD 4x4 2.3 Bi-TB Die. Aut,2024,023160-6,Diesel,1,D,junho de 2026 ,j9zc4vvbjndvr,"segunda-feira, 1 de junho de 2026 00:16",184776.0
334,1,,,2025,,"R$ 203.651,00",Nissan,Frontier ATTAC.CD 4x4 2.3 Bi-TB Die. Aut,2025,023160-6,Diesel,1,D,junho de 2026 ,k03fnw2xyldyz,"segunda-feira, 1 de junho de 2026 00:16",203651.0
334,1,,,32000,3,"R$ 254.825,00",Nissan,Frontier ATTAC.CD 4x4 2.3 Bi-TB Die. Aut,32000,023160-6,Diesel,1,D,junho de 2026 ,my3f8pcs0ccb,"segunda-feira, 1 de junho de 2026 00:16",254825.0
334,1,,,2022,,"R$ 120.296,00",Nissan,Frontier S CD 4x4 2.3 TB Diesel Mec.,2022,023161-4,Diesel,1,D,junho de 2026 ,gwcqx1mvtvdm9,"segunda-feira, 1 de junho de 2026 00:16",120296.0
334,1,,,2023,,"R$ 138.415,00",Nissan,Frontier S CD 4x4 2.3 TB Diesel Mec.,2023,023161-4,Diesel,1,D,junho de 2026 ,hkl9mfps4ldrj,"segunda-feira, 1 de junho de 2026 00:16",138415.0
334,1,,,2024,,"R$ 150.550,00",Nissan,Frontier S CD 4x4 2.3 TB Diesel Mec.,2024,023161-4,Diesel,1,D,junho de 2026 ,h0vcs29c3tdvr,"segunda-feira, 1 de junho de 2026 00:16",150550.0
334,1,,,2022,,"R$ 96.199,00",Nissan,LEAF Aut. (Elétrico),2022,023163-0,Elétrico,1,E,junho de 2026 ,chp7vz40k5dk3,"segunda-feira, 1 de junho de 2026 00:16",96199.0
334,1,,,2021,,"R$ 67.152,00",Nissan,VERSA V-DRIVE PLUS 1.6 16V Flex Aut.,2021,023171-1,Flex,1,F,junho de 2026 ,4qn46wmwy0g6,"segunda-feira, 1 de junho de 2026 00:16",67152.0
334,1,,,2022,,"R$ 84.521,00",Nissan,VERSA Exclusive 1.6 16V Flex Aut.,2022,023174-6,Flex,1,F,junho de 2026 ,cb898f07z36lf,"segunda-feira, 1 de junho de 2026 00:16",84521.0
334,1,,,2024,,"R$ 104.213,00",Nissan,VERSA Exclusive 1.6 16V Flex Aut.,2024,023174-6,Flex,1,F,junho de 2026 ,f8h49zp0bjdwd,"segunda-feira, 1 de junho de 2026 00:16",104213.0
334,1,,,2025,,"R$ 116.728,00",Nissan,VERSA Exclusive 1.6 16V Flex Aut.,2025,023174-6,Flex,1,F,junho de 2026 ,gq51nt0r9wdzm,"segunda-feira, 1 de junho de 2026 00:16",116728.0
334,1,,,32000,5,"R$ 143.884,00",Nissan,VERSA Exclusive 1.6 16V Flex Aut.,32000,023174-6,Flex,1,F,junho de 2026 ,hr02vht1f8cz,"segunda-feira, 1 de junho de 2026 00:16",143884.0
334,1,,,2022,,"R$ 82.320,00",Nissan,VERSA Advance 1.6 16V Flex Aut.,2022,023175-4,Flex,1,F,junho de 2026 ,cbgh8j628mylf,"segunda-feira, 1 de junho de 2026 00:16",82320.0
334,1,,,2023,,"R$ 90.453,00",Nissan,VERSA Advance 1.6 16V Flex Aut.,2023,023175-4,Flex,1,F,junho de 2026 ,cfjwclzfksqpn,"segunda-feira, 1 de junho de 2026 00:16",90453.0
334,1,,,2024,,"R$ 97.206,00",Nissan,VERSA Advance 1.6 16V Flex Aut.,2024,023175-4,Flex,1,F,junho de 2026 ,ch21wfkhqmxsw,"segunda-feira, 1 de junho de 2026 00:16",97206.0
334,1,,,2025,,"R$ 105.812,00",Nissan,VERSA Advance 1.6 16V Flex Aut.,2025,023175-4,Flex,1,F,junho de 2026 ,gbc8z4rcmldzm,"segunda-feira, 1 de junho de 2026 00:16",105812.0
334,1,,,2023,,"R$ 84.959,00",Nissan,VERSA Sense 1.6 16V Flex Aut.,2023,023176-2,Flex,1,F,junho de 2026 ,ccgggmyl3g3pn,"segunda-feira, 1 de junho de 2026 00:16",84959.0
334,1,,,2022,,"R$ 90.281,00",Nissan,KICKS Sense 1.6 16V Flex Aut.,2022,023178-9,Flex,1,F,junho de 2026 ,cfgvvlb6dtblf,"segunda-feira, 1 de junho de 2026 00:16",90281.0
334,1,,,2023,,"R$ 94.050,00",Nissan,KICKS Sense 1.6 16V Flex Aut.,2023,023178-9,Flex,1,F,junho de 2026 ,cgw1r0nyh17pn,"segunda-feira, 1 de junho de 2026 00:16",94050.0
334,1,,,2024,,"R$ 106.299,00",Nissan,KICKS Sense 1.6 16V Flex Aut.,2024,023178-9,Flex,1,F,junho de 2026 ,gbyzqsdpcwdwd,"segunda-feira, 1 de junho de 2026 00:16",106299.0
334,1,,,2022,,"R$ 85.607,00",Nissan,KICKS Sense 1.6 16V Flex Mec.,2022,023179-7,Flex,1,F,junho de 2026 ,ccp1z0n4mbqlf,"segunda-feira, 1 de junho de 2026 00:16",85607.0
334,1,,,2022,,"R$ 93.021,00",Nissan,KICKS Advance 1.6 16V Flex Aut.,2022,023180-0,Flex,1,F,junho de 2026 ,cghzrps7n2rlf,"segunda-feira, 1 de junho de 2026 00:16",93021.0
334,1,,,2023,,"R$ 100.305,00",Nissan,KICKS Advance 1.6 16V Flex Aut.,2023,023180-0,Flex,1,F,junho de 2026 ,f3x3yrtgkrdr5,"segunda-feira, 1 de junho de 2026 00:16",100305.0
334,1,,,2024,,"R$ 108.331,00",Nissan,KICKS Advance 1.6 16V Flex Aut.,2024,023180-0,Flex,1,F,junho de 2026 ,gfbt9c6016dwd,"segunda-feira, 1 de junho de 2026 00:16",108331.0
334,1,,,2022,,"R$ 98.914,00",Nissan,KICKS Exclusive 1.6 16V Flex Aut.,2022,023181-9,Flex,1,F,junho de 2026 ,cjq2pd8k8khlf,"segunda-feira, 1 de junho de 2026 00:16",98914.0
334,1,,,2024,,"R$ 115.533,00",Nissan,KICKS Exclusive 1.6 16V Flex Aut.,2024,023181-9,Flex,1,F,junho de 2026 ,gpsl546c5ldwd,"segunda-feira, 1 de junho de 2026 00:16",115533.0
334,1,,,2024,,"R$ 96.597,00",Nissan,KICKS Active 1.6 16V Flex Aut.,2024,023186-0,Flex,1,F,junho de 2026 ,chvxjg00yj2dwd,"segunda-feira, 1 de junho de 2026 00:16",96597.0
334,1,,,2023,,"R$ 116.053,00",Nissan,Sentra Advance 2.0 16V Aut.,2023,023187-8,Gasolina,1,G,junho de 2026 ,gqdh3frnbydqw,"segunda-feira, 1 de junho de 2026 00:16",116053.0
334,1,,,2024,,"R$ 123.392,00",Nissan,Sentra Advance 2.0 16V Aut.,2024,023187-8,Gasolina,1,G,junho de 2026 ,gzz8cj09vtdt3,"segunda-feira, 1 de junho de 2026 00:16",123392.0
334,1,,,2025,,"R$ 132.601,00",Nissan,Sentra Advance 2.0 16V Aut.,2025,023187-8,Gasolina,1,G,junho de 2026 ,hbsznpjdlvdyb,"segunda-feira, 1 de junho de 2026 00:16",132601.0
334,1,,,2026,,"R$ 145.054,00",Nissan,Sentra Advance 2.0 16V Aut.,2026,023187-8,Gasolina,1,G,junho de 2026 ,htdl4xgqj6d1k,"segunda-feira, 1 de junho de 2026 00:16",145054.0
334,1,,,32000,1,"R$ 170.577,00",Nissan,Sentra Advance 2.0 16V Aut.,32000,023187-8,Gasolina,1,G,junho de 2026 ,jr99btmbldj1f9,"segunda-feira, 1 de junho de 2026 00:16",170577.0
334,1,,,2025,,"R$ 155.445,00",Nissan,Sentra Exclusive 2.0 16V Aut.,2025,023188-6,Gasolina,1,G,junho de 2026 ,h6k88m64tydyb,"segunda-feira, 1 de junho de 2026 00:16",155445.0
334,1,,,2023,,"R$ 133.135,00",Nissan,Sentra Exclu. Int. Premium 2.0 16V Aut.,2023,023189-4,Gasolina,1,G,junho de 2026 ,hcfdb0b1gsdqw,"segunda-feira, 1 de junho de 2026 00:16",133135.0
334,1,,,2024,,"R$ 141.050,00",Nissan,Sentra Exclu. Int. Premium 2.0 16V Aut.,2024,023189-4,Gasolina,1,G,junho de 2026 ,hnp2mgk3bydt3,"segunda-feira, 1 de junho de 2026 00:16",141050.0
334,1,,,2025,,"R$ 156.057,00",Nissan,Sentra Exclu. Int. Premium 2.0 16V Aut.,2025,023189-4,Gasolina,1,G,junho de 2026 ,h69jvgd6bhdyb,"segunda-feira, 1 de junho de 2026 00:16",156057.0
334,1,,,2025,,"R$ 108.643,00",Nissan,KICKS Play Active Plus 1.6 16V Flex Aut.,2025,023191-6,Flex,1,F,junho de 2026 ,gfp5vbs39sdzm,"segunda-feira, 1 de junho de 2026 00:16",108643.0
334,1,,,2025,,"R$ 114.658,00",Nissan,KICKS Play Sense 1.6 16V Flex Aut.,2025,023192-4,Flex,1,F,junho de 2026 ,gnrs8wf65ydzm,"segunda-feira, 1 de junho de 2026 00:16",114658.0
334,1,,,2025,,"R$ 121.748,00",Nissan,KICKS Play Advance Plus 1.6 16V Flex Aut,2025,023193-2,Flex,1,F,junho de 2026 ,gx2hzkfwtzdzm,"segunda-feira, 1 de junho de 2026 00:16",121748.0
334,1,,,32000,5,"R$ 184.956,00",Nissan,KICKS Exclusive 1.0 Turbo Flex Aut.,32000,023196-7,Flex,1,F,junho de 2026 ,j95xy38t68j1hl,"segunda-feira, 1 de junho de 2026 00:16",184956.0
334,1,,,2022,,"R$ 139.854,00",Peugeot,3008 Griffe 1.6 Turbo 16V 5p Aut.,2022,024176-8,Gasolina,1,G,junho de 2026 ,hl9l0wdvhxdmn,"segunda-feira, 1 de junho de 2026 00:16",139854.0
334,1,,,2023,,"R$ 145.985,00",Peugeot,3008 Griffe 1.6 Turbo 16V 5p Aut.,2023,024176-8,Gasolina,1,G,junho de 2026 ,hvhf469cl9dqw,"segunda-feira, 1 de junho de 2026 00:16",145985.0
334,1,,,2021,,"R$ 65.727,00",Peugeot,208 Active Pack 1.6 Flex 16V 5p Aut.,2021,024207-1,Flex,1,F,junho de 2026 ,35y6yc8hbdg6,"segunda-feira, 1 de junho de 2026 00:16",65727.0
334,1,,,2022,,"R$ 69.196,00",Peugeot,208 Allure 1.6 Flex 16V 5p Aut.,2022,024215-2,Flex,1,F,junho de 2026 ,5hm23d7ntblf,"segunda-feira, 1 de junho de 2026 00:16",69196.0
334,1,,,2023,,"R$ 76.345,00",Peugeot,208 Allure 1.6 Flex 16V 5p Aut.,2023,024215-2,Flex,1,F,junho de 2026 ,76gjwkf9xdpn,"segunda-feira, 1 de junho de 2026 00:16",76345.0
334,1,,,2021,,"R$ 165.578,00",Peugeot,Boxer Business Furgão 2.0 Turbo Diesel,2021,024244-6,Diesel,1,D,junho de 2026 ,jlglpl5z0ldj2,"segunda-feira, 1 de junho de 2026 00:16",165578.0
334,1,,,2022,,"R$ 65.810,00",Peugeot,2008 Allure Pack 1.6 Flex 16V Aut.,2022,024245-4,Flex,1,F,junho de 2026 ,36yc4wk4j0lf,"segunda-feira, 1 de junho de 2026 00:16",65810.0
334,1,,,2022,,"R$ 67.383,00",Peugeot,208 Active 1.6 Flex 16V 5p Aut.,2022,024249-7,Flex,1,F,junho de 2026 ,4tc30wbkyrlf,"segunda-feira, 1 de junho de 2026 00:16",67383.0
334,1,,,2023,,"R$ 72.827,00",Peugeot,208 Active 1.6 Flex 16V 5p Aut.,2023,024249-7,Flex,1,F,junho de 2026 ,6v6vl5yq5tpn,"segunda-feira, 1 de junho de 2026 00:16",72827.0
334,1,,,2024,,"R$ 82.816,00",Peugeot,208 Active 1.6 Flex 16V 5p Aut.,2024,024249-7,Flex,1,F,junho de 2026 ,cbnbj76mfyysw,"segunda-feira, 1 de junho de 2026 00:16",82816.0
334,1,,,2023,,"R$ 159.156,00",Peugeot,3008 GT Pack 1.6 Turbo 16V 5p Aut.,2023,024253-5,Gasolina,1,G,junho de 2026 ,jbx5nsz346dqw,"segunda-feira, 1 de junho de 2026 00:16",159156.0
334,1,,,2022,,"R$ 53.877,00",Peugeot,208 Like 1.6 Flex 16V 5p Mec.,2022,024251-9,Flex,1,F,junho de 2026 ,zp03cp7fpdlf,"segunda-feira, 1 de junho de 2026 00:16",53877.0
334,1,,,2022,,"R$ 95.014,00",Peugeot,e-208 GT 5p Aut. (Elétrico),2022,024255-1,Elétrico,1,E,junho de 2026 ,cg8b4ydw2slk3,"segunda-feira, 1 de junho de 2026 00:16",95014.0
334,1,,,2022,,"R$ 53.809,00",Peugeot,208 Like Essencial 1.6 Flex 16V 5p Mec.,2022,024256-0,Flex,1,F,junho de 2026 ,zn7c5p7g9glf,"segunda-feira, 1 de junho de 2026 00:16",53809.0
334,1,,,2023,,"R$ 177.413,00",Peugeot,E-Expert Cargo 136cv (Elétrico),2023,024258-6,Elétrico,1,E,junho de 2026 ,j1brvf585ydrv,"segunda-feira, 1 de junho de 2026 00:16",177413.0
334,1,,,2023,,"R$ 139.075,00",Peugeot,Expert Cargo 1.5 Turbo Diesel,2023,024260-8,Diesel,1,D,junho de 2026 ,hlc88v0hg1drj,"segunda-feira, 1 de junho de 2026 00:16",139075.0
334,1,,,2024,,"R$ 149.369,00",Peugeot,Expert Cargo 1.5 Turbo Diesel,2024,024260-8,Diesel,1,D,junho de 2026 ,hzgf3fyz82dvr,"segunda-feira, 1 de junho de 2026 00:16",149369.0
334,1,,,32000,3,"R$ 195.429,00",Peugeot,Expert Cargo 1.5 Turbo Diesel,32000,024260-8,Diesel,1,D,junho de 2026 ,kqglg3k6xccb,"segunda-feira, 1 de junho de 2026 00:16",195429.0
334,1,,,2023,,"R$ 72.037,00",Peugeot,Partner Rapid Busin. Pack 1.4 Flex Mec.,2023,024263-2,Flex,1,F,junho de 2026 ,6kyp7plqx0pn,"segunda-feira, 1 de junho de 2026 00:16",72037.0
334,1,,,2024,,"R$ 84.411,00",Peugeot,Partner Rapid Busin. Pack 1.4 Flex Mec.,2024,024263-2,Flex,1,F,junho de 2026 ,cb7080n70ltsw,"segunda-feira, 1 de junho de 2026 00:16",84411.0
334,1,,,2023,,"R$ 58.657,00",Peugeot,208 Like 1.0 Flex 6V 5p Mec.,2023,024264-0,Flex,1,F,junho de 2026 ,1h2g9l3r4lpn,"segunda-feira, 1 de junho de 2026 00:16",58657.0
334,1,,,2024,,"R$ 68.048,00",Peugeot,208 Like 1.0 Flex 6V 5p Mec.,2024,024264-0,Flex,1,F,junho de 2026 ,415tymkvg8sw,"segunda-feira, 1 de junho de 2026 00:16",68048.0
334,1,,,32000,5,"R$ 97.451,00",Peugeot,208 Style 1.0 Flex 6V 5p Mec.,32000,024265-9,Flex,1,F,junho de 2026 ,ch5xxzpk5hrcz,"segunda-feira, 1 de junho de 2026 00:16",97451.0
334,1,,,2024,,"R$ 86.275,00",Peugeot,208 Roadtrip 1.6 Flex 16V 5p Aut.,2024,024269-1,Flex,1,F,junho de 2026 ,ccywsqz1wdtdwd,"segunda-feira, 1 de junho de 2026 00:16",86275.0
334,1,,,32000,5,"R$ 135.234,00",Peugeot,2008 Active 1.0 Turbo Flex 5p Aut.,32000,024274-8,Flex,1,F,junho de 2026 ,hfwpdwlypzj1hl,"segunda-feira, 1 de junho de 2026 00:16",135234.0
334,1,,,2020,,"R$ 68.181,00",Renault,DUSTER Expression 1.6 Hi-Flex 16V Mec.,2020,025182-8,Flex,1,F,junho de 2026 ,43q5jmkb01cz,"segunda-feira, 1 de junho de 2026 00:16",68181.0
334,1,,,2021,,"R$ 151.925,00",Renault,Master 2.3 dCi Furgão 16V Diesel,2021,025196-8,Diesel,1,D,junho de 2026 ,h2gb213wf8dj2,"segunda-feira, 1 de junho de 2026 00:16",151925.0
334,1,,,2022,,"R$ 159.116,00",Renault,Master 2.3 dCi Furgão 16V Diesel,2022,025196-8,Diesel,1,D,junho de 2026 ,jbwqll46grdm9,"segunda-feira, 1 de junho de 2026 00:16",159116.0
334,1,,,2023,,"R$ 184.091,00",Renault,Master 2.3 dCi Furgão 16V Diesel,2023,025196-8,Diesel,1,D,junho de 2026 ,j85g953lg2drj,"segunda-feira, 1 de junho de 2026 00:16",184091.0
334,1,,,2025,,"R$ 215.746,00",Renault,Master 2.3 dCi Furgão 16V Diesel,2025,025196-8,Diesel,1,D,junho de 2026 ,lg81scyxb4dyz,"segunda-feira, 1 de junho de 2026 00:16",215746.0
334,1,,,32000,3,"R$ 271.483,00",Renault,Master 2.3 dCi Furgão 16V Diesel,32000,025196-8,Diesel,1,D,junho de 2026 ,nlmxr48nm0cb,"segunda-feira, 1 de junho de 2026 00:16",271483.0
334,1,,,2022,,"R$ 170.557,00",Renault,Master 2.3 dCi Grand Furgão16V Diesel,2022,025197-6,Diesel,1,D,junho de 2026 ,jr9ks7ylk7dm9,"segunda-feira, 1 de junho de 2026 00:16",170557.0
334,1,,,2023,,"R$ 193.348,00",Renault,Master 2.3 dCi Grand Furgão16V Diesel,2023,025197-6,Diesel,1,D,junho de 2026 ,km0ypylj9bdrj,"segunda-feira, 1 de junho de 2026 00:16",193348.0
334,1,,,2024,,"R$ 200.759,00",Renault,Master 2.3 dCi Grand Furgão16V Diesel,2024,025197-6,Diesel,1,D,junho de 2026 ,kxp92zch3cdvr,"segunda-feira, 1 de junho de 2026 00:16",200759.0
334,1,,,2023,,"R$ 215.555,00",Renault,Master 2.3 dCi Extra Furgão 16V Diesel,2023,025198-4,Diesel,1,D,junho de 2026 ,lg13kvsmjbdrj,"segunda-feira, 1 de junho de 2026 00:16",215555.0
334,1,,,2024,,"R$ 223.521,00",Renault,Master 2.3 dCi Extra Furgão 16V Diesel,2024,025198-4,Diesel,1,D,junho de 2026 ,lsdm9qf3ftdvr,"segunda-feira, 1 de junho de 2026 00:16",223521.0
334,1,,,2025,,"R$ 230.521,00",Renault,Master 2.3 dCi Extra Furgão 16V Diesel,2025,025198-4,Diesel,1,D,junho de 2026 ,l1l2lq94qqdyz,"segunda-feira, 1 de junho de 2026 00:16",230521.0
334,1,,,2026,,"R$ 247.545,00",Renault,Master 2.3 dCi Extra Furgão 16V Diesel,2026,025198-4,Diesel,1,D,junho de 2026 ,mpkvhdstp9d16,"segunda-feira, 1 de junho de 2026 00:16",247545.0
334,1,,,2019,,"R$ 184.528,00",Renault,Master 2.3 dCi Executive Longo 16L Dies,2019,025205-0,Diesel,1,D,junho de 2026 ,j9pcqb4gn0dbm,"segunda-feira, 1 de junho de 2026 00:16",184528.0
334,1,,,2022,,"R$ 219.502,00",Renault,Master 2.3 dCi Executive Longo 16L Dies,2022,025205-0,Diesel,1,D,junho de 2026 ,lmpkwbcv63dm9,"segunda-feira, 1 de junho de 2026 00:16",219502.0
334,1,,,2023,,"R$ 257.504,00",Renault,Master 2.3 dCi Executive Longo 16L Dies,2023,025205-0,Diesel,1,D,junho de 2026 ,m17tvmll21drj,"segunda-feira, 1 de junho de 2026 00:16",257504.0
334,1,,,2024,,"R$ 265.521,00",Renault,Master 2.3 dCi Executive Longo 16L Dies,2024,025205-0,Diesel,1,D,junho de 2026 ,ncm61wph1vdvr,"segunda-feira, 1 de junho de 2026 00:16",265521.0
334,1,,,2025,,"R$ 297.082,00",Renault,Master 2.3 dCi Executive Longo 16L Dies,2025,025205-0,Diesel,1,D,junho de 2026 ,pknclp5gnddyz,"segunda-feira, 1 de junho de 2026 00:16",297082.0
334,1,,,2022,,"R$ 83.554,00",Renault,DUSTER OROCH Dyna. 1.6 Flex 16V Mec.,2022,025231-0,Flex,1,F,junho de 2026 ,cbxzsqb7g8jlf,"segunda-feira, 1 de junho de 2026 00:16",83554.0
334,1,,,2019,,"R$ 66.973,00",Renault,DUSTER Expression 1.6 Flex 16V Aut.,2019,025263-8,Flex,1,F,junho de 2026 ,4nk2944nzv90,"segunda-feira, 1 de junho de 2026 00:16",66973.0
334,1,,,2020,,"R$ 38.769,00",Renault,KWID Zen 1.0 Flex 12V 5p Mec.,2020,025266-2,Flex,1,F,junho de 2026 ,szws2zy61vcz,"segunda-feira, 1 de junho de 2026 00:16",38769.0
334,1,,,2021,,"R$ 40.246,00",Renault,KWID Zen 1.0 Flex 12V 5p Mec.,2021,025266-2,Flex,1,F,junho de 2026 ,tj6m8p8jw2g6,"segunda-feira, 1 de junho de 2026 00:16",40246.0
334,1,,,2022,,"R$ 44.953,00",Renault,KWID Zen 1.0 Flex 12V 5p Mec.,2022,025266-2,Flex,1,F,junho de 2026 ,wbdhn3d928lf,"segunda-feira, 1 de junho de 2026 00:16",44953.0
334,1,,,2023,,"R$ 50.131,00",Renault,KWID Zen 1.0 Flex 12V 5p Mec.,2023,025266-2,Flex,1,F,junho de 2026 ,x83j23039fpn,"segunda-feira, 1 de junho de 2026 00:16",50131.0
334,1,,,2024,,"R$ 52.895,00",Renault,KWID Zen 1.0 Flex 12V 5p Mec.,2024,025266-2,Flex,1,F,junho de 2026 ,zbh5mm1sy7sw,"segunda-feira, 1 de junho de 2026 00:16",52895.0
334,1,,,2025,,"R$ 56.860,00",Renault,KWID Zen 1.0 Flex 12V 5p Mec.,2025,025266-2,Flex,1,F,junho de 2026 ,0t0bhm3ytrw3,"segunda-feira, 1 de junho de 2026 00:16",56860.0
334,1,,,2026,,"R$ 62.268,00",Renault,KWID Zen 1.0 Flex 12V 5p Mec.,2026,025266-2,Flex,1,F,junho de 2026 ,2wdzgb8mk00b,"segunda-feira, 1 de junho de 2026 00:17",62268.0
334,1,,,32000,5,"R$ 68.817,00",Renault,KWID Zen 1.0 Flex 12V 5p Mec.,32000,025266-2,Flex,1,F,junho de 2026 ,5b6bpw0yt3cz,"segunda-feira, 1 de junho de 2026 00:17",68817.0
334,1,,,2023,,"R$ 52.622,00",Renault,KWID Intense 1.0 Flex 12V 5p Mec.,2023,025267-0,Flex,1,F,junho de 2026 ,y69yk85f0ppn,"segunda-feira, 1 de junho de 2026 00:17",52622.0
334,1,,,2022,,"R$ 47.844,00",Renault,KWID Intense 1.0 Flex 12V 5p Mec.,2022,025267-0,Flex,1,F,junho de 2026 ,xd885z6h31lf,"segunda-feira, 1 de junho de 2026 00:17",47844.0
334,1,,,2024,,"R$ 56.093,00",Renault,KWID Intense 1.0 Flex 12V 5p Mec.,2024,025267-0,Flex,1,F,junho de 2026 ,0j0j8wx2tjsw,"segunda-feira, 1 de junho de 2026 00:17",56093.0
334,1,,,2025,,"R$ 60.592,00",Renault,KWID Intense 1.0 Flex 12V 5p Mec.,2025,025267-0,Flex,1,F,junho de 2026 ,17rs018m75w3,"segunda-feira, 1 de junho de 2026 00:17",60592.0
334,1,,,2026,,"R$ 66.880,00",Renault,KWID Intense 1.0 Flex 12V 5p Mec.,2026,025267-0,Flex,1,F,junho de 2026 ,4mg9fsmvpc0b,"segunda-feira, 1 de junho de 2026 00:17",66880.0
334,1,,,2022,,"R$ 105.572,00",Renault,ZOE Intense (Elétrico),2022,025276-0,Elétrico,1,E,junho de 2026 ,f93kk2sxzsdnm,"segunda-feira, 1 de junho de 2026 00:17",105572.0
334,1,,,2022,,"R$ 50.374,00",Renault,KWID OUTSIDER 1.0 Flex 12V 5p Mec.,2022,025279-4,Flex,1,F,junho de 2026 ,ycyv3nxrsllf,"segunda-feira, 1 de junho de 2026 00:17",50374.0
334,1,,,2023,,"R$ 55.195,00",Renault,KWID OUTSIDER 1.0 Flex 12V 5p Mec.,2023,025279-4,Flex,1,F,junho de 2026 ,z6g40l63z5pn,"segunda-feira, 1 de junho de 2026 00:17",55195.0
334,1,,,2025,,"R$ 64.195,00",Renault,KWID OUTSIDER 1.0 Flex 12V 5p Mec.,2025,025279-4,Flex,1,F,junho de 2026 ,3l0c1j4ydsw3,"segunda-feira, 1 de junho de 2026 00:17",64195.0
334,1,,,2023,,"R$ 66.320,00",Renault,STEPWAY Zen Flex 1.6 16V Mec.,2023,025281-6,Flex,1,F,junho de 2026 ,4dxrlzx33zpn,"segunda-feira, 1 de junho de 2026 00:17",66320.0
334,1,,,2024,,"R$ 73.653,00",Renault,STEPWAY Zen Flex 1.6 16V Mec.,2024,025281-6,Flex,1,F,junho de 2026 ,65w2l8znnqsw,"segunda-feira, 1 de junho de 2026 00:17",73653.0
334,1,,,2021,,"R$ 58.740,00",Renault,SANDERO Zen Flex 1.6 16V 5p Mec.,2021,025285-9,Flex,1,F,junho de 2026 ,1j1nhz8n5qg6,"segunda-feira, 1 de junho de 2026 00:17",58740.0
334,1,,,2020,,"R$ 39.924,00",Renault,LOGAN Life Flex 1.0 12V 4p Mec.,2020,025289-1,Flex,1,F,junho de 2026 ,tffl3y4f6tcz,"segunda-feira, 1 de junho de 2026 00:17",39924.0
334,1,,,2023,,"R$ 56.886,00",Renault,LOGAN Life Flex 1.0 12V 4p Mec.,2023,025289-1,Flex,1,F,junho de 2026 ,0t9sf95prmpn,"segunda-feira, 1 de junho de 2026 00:17",56886.0
334,1,,,2024,,"R$ 61.744,00",Renault,LOGAN Life Flex 1.0 12V 4p Mec.,2024,025289-1,Flex,1,F,junho de 2026 ,2n8h742dp5sw,"segunda-feira, 1 de junho de 2026 00:17",61744.0
334,1,,,2025,,"R$ 75.390,00",Renault,LOGAN Life Flex 1.0 12V 4p Mec.,2025,025289-1,Flex,1,F,junho de 2026 ,7t8fcjk974w3,"segunda-feira, 1 de junho de 2026 00:17",75390.0
334,1,,,2022,,"R$ 55.632,00",Renault,LOGAN Zen Flex 1.0 12V 4p Mec.,2022,025290-5,Flex,1,F,junho de 2026 ,0clzx7kbnmlf,"segunda-feira, 1 de junho de 2026 00:17",55632.0
334,1,,,2023,,"R$ 57.594,00",Renault,LOGAN Zen Flex 1.0 12V 4p Mec.,2023,025290-5,Flex,1,F,junho de 2026 ,03l3wp1j52pn,"segunda-feira, 1 de junho de 2026 00:17",57594.0
334,1,,,2024,,"R$ 62.837,00",Renault,LOGAN Zen Flex 1.0 12V 4p Mec.,2024,025290-5,Flex,1,F,junho de 2026 ,222spvqfhqsw,"segunda-feira, 1 de junho de 2026 00:17",62837.0
334,1,,,2025,,"R$ 76.454,00",Renault,LOGAN Zen Flex 1.0 12V 4p Mec.,2025,025290-5,Flex,1,F,junho de 2026 ,77q41pmsd0w3,"segunda-feira, 1 de junho de 2026 00:17",76454.0
334,1,,,2022,,"R$ 59.547,00",Renault,LOGAN Zen Flex 1.6 16V 4p Mec.,2022,025291-3,Flex,1,F,junho de 2026 ,1vhzfjd6fllf,"segunda-feira, 1 de junho de 2026 00:17",59547.0
334,1,,,2023,,"R$ 98.037,00",Renault,DUSTER Iconic 1.6 16V Flex Aut.,2023,025300-6,Flex,1,F,junho de 2026 ,cjdsxr4f1h2pn,"segunda-feira, 1 de junho de 2026 00:17",98037.0
334,1,,,2024,,"R$ 100.491,00",Renault,DUSTER Iconic 1.6 16V Flex Aut.,2024,025300-6,Flex,1,F,junho de 2026 ,f34wjmww4wdwd,"segunda-feira, 1 de junho de 2026 00:17",100491.0
334,1,,,2023,,"R$ 89.652,00",Renault,DUSTER Intense 1.6 16V Flex Aut.,2023,025301-4,Flex,1,F,junho de 2026 ,cd7g686t81xpn,"segunda-feira, 1 de junho de 2026 00:17",89652.0
334,1,,,2024,,"R$ 93.541,00",Renault,DUSTER Intense 1.6 16V Flex Aut.,2024,025301-4,Flex,1,F,junho de 2026 ,cgp2rtvg1w5sw,"segunda-feira, 1 de junho de 2026 00:17",93541.0
334,1,,,2022,,"R$ 79.911,00",Renault,DUSTER Zen 1.6 16V Flex Aut.,2022,025302-2,Flex,1,F,junho de 2026 ,9j8nz5yql1lf,"segunda-feira, 1 de junho de 2026 00:17",79911.0
334,1,,,2023,,"R$ 76.554,00",Renault,DUSTER Zen 1.6 16V Flex Mec.,2023,025303-0,Flex,1,F,junho de 2026 ,78xhs4bpvvpn,"segunda-feira, 1 de junho de 2026 00:17",76554.0
334,1,,,2022,,"R$ 91.090,00",Renault,CAPTUR Iconic 1.3 TB 16V Flex 5p Aut.,2022,025306-5,Flex,1,F,junho de 2026 ,cfsbw1gtr7hlf,"segunda-feira, 1 de junho de 2026 00:17",91090.0
334,1,,,2022,,"R$ 89.838,00",Renault,CAPTUR Intense 1.3 TB 16V Flex 5p Aut.,2022,025307-3,Flex,1,F,junho de 2026 ,cd9nt1zf3ntlf,"segunda-feira, 1 de junho de 2026 00:17",89838.0
334,1,,,2023,,"R$ 60.570,00",Renault,SANDERO S Edition Flex 1.0 12V 5p Mec.,2023,025309-0,Flex,1,F,junho de 2026 ,17hs4m978dpn,"segunda-feira, 1 de junho de 2026 00:17",60570.0
334,1,,,2023,,"R$ 95.922,00",Renault,DUSTER Iconic 1.3 TB 16V Flex Aut.,2023,025310-3,Flex,1,F,junho de 2026 ,chlz5wnpx5npn,"segunda-feira, 1 de junho de 2026 00:17",95922.0
334,1,,,2024,,"R$ 103.799,00",Renault,DUSTER Iconic 1.3 TB 16V Flex Aut.,2024,025310-3,Flex,1,F,junho de 2026 ,f703t6d683dwd,"segunda-feira, 1 de junho de 2026 00:17",103799.0
334,1,,,2025,,"R$ 120.361,00",Renault,OROCH Outsider 1.3Tce Flex Aut.,2025,025311-1,Flex,1,F,junho de 2026 ,gwf25fmcm6dzm,"segunda-feira, 1 de junho de 2026 00:17",120361.0
334,1,,,2024,,"R$ 93.541,00",Renault,OROCH Intense 1.6 Flex 16V Mec.,2024,025312-0,Flex,1,F,junho de 2026 ,cgp2rtwb4nfsw,"segunda-feira, 1 de junho de 2026 00:17",93541.0
334,1,,,2023,,"R$ 86.239,00",Renault,OROCH Intense 1.6 Flex 16V Mec.,2023,025312-0,Flex,1,F,junho de 2026 ,ccygp3p4v8ppn,"segunda-feira, 1 de junho de 2026 00:17",86239.0
334,1,,,2025,,"R$ 107.032,00",Renault,OROCH Intense 1.6 Flex 16V Mec.,2025,025312-0,Flex,1,F,junho de 2026 ,gctmm1yv4bdzm,"segunda-feira, 1 de junho de 2026 00:17",107032.0
334,1,,,32000,5,"R$ 132.515,00",Renault,OROCH Intense 1.6 Flex 16V Mec.,32000,025312-0,Flex,1,F,junho de 2026 ,hbpvrsl237cz,"segunda-feira, 1 de junho de 2026 00:17",132515.0
334,1,,,2023,,"R$ 84.562,00",Renault,OROCH Pro 1.6 Flex 16V Mec.,2023,025313-8,Flex,1,F,junho de 2026 ,cb9s5d304tgpn,"segunda-feira, 1 de junho de 2026 00:17",84562.0
334,1,,,2024,,"R$ 87.758,00",Renault,OROCH Pro 1.6 Flex 16V Mec.,2024,025313-8,Flex,1,F,junho de 2026 ,cdh8tjsns6ysw,"segunda-feira, 1 de junho de 2026 00:17",87758.0
334,1,,,2025,,"R$ 99.072,00",Renault,OROCH Pro 1.6 Flex 16V Mec.,2025,025313-8,Flex,1,F,junho de 2026 ,cjsx3psr1tsw3,"segunda-feira, 1 de junho de 2026 00:17",99072.0
334,1,,,2024,,"R$ 222.820,00",Renault,Master 2.3 dCi Extra Pro 16V Diesel,2024,025316-2,Diesel,1,D,junho de 2026 ,lrk5f597q6dvr,"segunda-feira, 1 de junho de 2026 00:17",222820.0
334,1,,,2023,,"R$ 124.012,00",Renault,Kangoo Z.E. Maxi Furgão (Elétrico),2023,025317-0,Elétrico,1,E,junho de 2026 ,g0qsytpdq9drv,"segunda-feira, 1 de junho de 2026 00:17",124012.0
334,1,,,2023,,"R$ 63.997,00",Renault,KWID Intense (Elétrico) ,2023,025318-9,Elétrico,1,E,junho de 2026 ,3jpd1z7rvldrv,"segunda-feira, 1 de junho de 2026 00:17",63997.0
334,1,,,2023,,"R$ 87.492,00",Renault,DUSTER Intense 1.6 16V Flex Mec.,2023,025319-7,Flex,1,F,junho de 2026 ,cdd44b511fqdr5,"segunda-feira, 1 de junho de 2026 00:17",87492.0
334,1,,,2024,,"R$ 92.250,00",Renault,DUSTER Intense 1.6 16V Flex Mec.,2024,025319-7,Flex,1,F,junho de 2026 ,cf6yjdlj014dwd,"segunda-feira, 1 de junho de 2026 00:17",92250.0
334,1,,,2024,,"R$ 94.011,00",Renault,DUSTER Intense Plus 1.6 16V Flex Aut.,2024,025322-7,Flex,1,F,junho de 2026 ,cgwllkw5pw3dwd,"segunda-feira, 1 de junho de 2026 00:17",94011.0
334,1,,,2025,,"R$ 107.598,00",Renault,DUSTER Intense Plus 1.6 16V Flex Aut.,2025,025322-7,Flex,1,F,junho de 2026 ,gdg6c2tywndzm,"segunda-feira, 1 de junho de 2026 00:17",107598.0
334,1,,,2026,,"R$ 123.053,00",Renault,DUSTER Intense Plus 1.6 16V Flex Aut.,2026,025322-7,Flex,1,F,junho de 2026 ,gzlydgms8fd2v,"segunda-feira, 1 de junho de 2026 00:17",123053.0
334,1,,,2024,,"R$ 101.119,00",Renault,DUSTER Iconic Plus 1.6 16V Flex Aut.,2024,025324-3,Flex,1,F,junho de 2026 ,f4wp38640bdwd,"segunda-feira, 1 de junho de 2026 00:17",101119.0
334,1,,,2025,,"R$ 112.826,00",Renault,DUSTER Iconic Plus 1.6 16V Flex Aut.,2025,025324-3,Flex,1,F,junho de 2026 ,gll6143n3ndzm,"segunda-feira, 1 de junho de 2026 00:17",112826.0
334,1,,,2025,,"R$ 106.521,00",Renault,DUSTER Intense Plus 1.6 16V Flex Mec.,2025,025325-1,Flex,1,F,junho de 2026 ,gb61v2v0m3dzm,"segunda-feira, 1 de junho de 2026 00:17",106521.0
334,1,,,32000,5,"R$ 130.978,00",Renault,DUSTER Intense Plus 1.6 16V Flex Mec.,32000,025325-1,Flex,1,F,junho de 2026 ,g8wzx6zqd3j1hl,"segunda-feira, 1 de junho de 2026 00:17",130978.0
334,1,,,2025,,"R$ 96.447,00",Renault,Kardian Evolut. Flex 1.0 TB 12V 5p Aut.,2025,025327-8,Flex,1,F,junho de 2026 ,chs40bwhql1dzm,"segunda-feira, 1 de junho de 2026 00:17",96447.0
334,1,,,2025,,"R$ 99.562,00",Renault,Kardian Techno Flex 1.0 TB 12V 5p Aut.,2025,025328-6,Flex,1,F,junho de 2026 ,cjzn6sp2rwxdzm,"segunda-feira, 1 de junho de 2026 00:17",99562.0
334,1,,,2025,,"R$ 104.969,00",Renault,Kardian Prem. Ed Flex 1.0 TB 12V 5p Aut.,2025,025329-4,Flex,1,F,junho de 2026 ,f9dm4l0b3zdzm,"segunda-feira, 1 de junho de 2026 00:17",104969.0
334,1,,,2025,,"R$ 92.513,00",Renault,Kangoo Advanced 1.6 16V Flex ,2025,025331-6,Flex,1,F,junho de 2026 ,cf903rz83y5dzm,"segunda-feira, 1 de junho de 2026 00:17",92513.0
334,1,,,2026,,"R$ 103.419,00",Renault,Kangoo Advanced 1.6 16V Flex ,2026,025331-6,Flex,1,F,junho de 2026 ,f7k9nzr16qd2v,"segunda-feira, 1 de junho de 2026 00:17",103419.0
334,1,,,32000,5,"R$ 115.654,00",Renault,Kardian Authentic 1.0 TB 12V 5p Aut.,32000,025335-9,Flex,1,F,junho de 2026 ,gpx0jll9rsj1hl,"segunda-feira, 1 de junho de 2026 00:17",115654.0
334,1,,,2022,,"R$ 239.489,00",Volvo,XC 60 T-8 INSCRIPTION 2.0 (Híbrido),2022,029133-1,Híbrido,1,H,junho de 2026 ,mc31bxdkyxdn8,"segunda-feira, 1 de junho de 2026 00:17",239489.0
334,1,,,2022,,"R$ 171.924,00",Volvo,XC 40 T-5 INSC. EXPRE. 1.5 FWD (Híbrido),2022,029148-0,Híbrido,1,H,junho de 2026 ,jtw72swx19dn8,"segunda-feira, 1 de junho de 2026 00:17",171924.0
334,1,,,2024,,"R$ 421.961,00",Volvo,XC 90 T-8 Ultim. Dark 2.0 AWD (Híbrido),2024,029153-6,Híbrido,1,H,junho de 2026 ,t82brbjwp5dwq,"segunda-feira, 1 de junho de 2026 00:17",421961.0
334,1,,,2021,6,"R$ 247.117,00",Volvo,XC 90 T-8 MOMENTUM 2.0 (Híbrido),2021,029140-4,Híbrido,1,H,junho de 2026 ,mn187mgnjfdk1,"segunda-feira, 1 de junho de 2026 00:17",247117.0
334,1,,,2023,,"R$ 289.243,00",Volvo,XC 60 T-8 Ultim.Dark 2.0 AWD (Híbrido),2023,029157-9,Híbrido,1,H,junho de 2026 ,n8gfyw147rdsh,"segunda-feira, 1 de junho de 2026 00:17",289243.0
334,1,,,2024,,"R$ 307.818,00",Volvo,XC 60 T-8 Ultimate 2.0 AWD (Híbrido),2024,029158-7,Híbrido,1,H,junho de 2026 ,py7lf3lbv2dwq,"segunda-feira, 1 de junho de 2026 00:18",307818.0
334,1,,,2024,6,"R$ 379.680,00",Volvo,XC 90 T-8 Plus 2.0 AWD (Híbrido),2024,029155-2,Híbrido,1,H,junho de 2026 ,sphkcz0qn8dwq,"segunda-feira, 1 de junho de 2026 00:18",379680.0
334,1,,,2023,,"R$ 252.558,00",Volvo,XC 60 T-8 Plus 2.0 AWD (Híbrido),2023,029159-5,Híbrido,1,H,junho de 2026 ,mwf1xnspjndsh,"segunda-feira, 1 de junho de 2026 00:18",252558.0
334,1,,,2023,6,"R$ 272.498,00",Volvo,XC 60 T-8 Ultimate 2.0 AWD (Híbrido),2023,029158-7,Híbrido,1,H,junho de 2026 ,nmttfj700ddsh,"segunda-feira, 1 de junho de 2026 00:18",272498.0
334,1,,,2024,6,"R$ 329.680,00",Volvo,XC 60 T-8 Ultim.Dark 2.0 AWD (Híbrido),2024,029157-9,Híbrido,1,H,junho de 2026 ,qsv6lchpqgdwq,"segunda-feira, 1 de junho de 2026 00:18",329680.0
334,1,,,2024,,"R$ 301.511,00",Volvo,XC 60 T-8 Plus 2.0 AWD (Híbrido),2024,029159-5,Híbrido,1,H,junho de 2026 ,pqvbz5p9dqdwq,"segunda-feira, 1 de junho de 2026 00:18",301511.0
334,1,,,2025,,"R$ 371.299,00",Volvo,XC 60 T-8 Plus 2.0 AWD (Híbrido),2025,029159-5,Híbrido,1,H,junho de 2026 ,scnx1d6j9bdzy,"segunda-feira, 1 de junho de 2026 00:18",371299.0
334,1,,,2023,,"R$ 215.075,00",Volvo,C40 Twin Ultimate (Elétrico),2023,029160-9,Elétrico,1,E,junho de 2026 ,lghnqp7wsfdrv,"segunda-feira, 1 de junho de 2026 00:18",215075.0
334,1,,,2024,,"R$ 211.546,00",Volvo,XC 40 Recharge Plus (Elétrico),2024,029162-5,Elétrico,1,E,junho de 2026 ,lbcddq72gddv2,"segunda-feira, 1 de junho de 2026 00:18",211546.0
334,1,,,2025,,"R$ 534.315,00",Volvo,XC 90 T-8 Ultra Dark 2.0 AWD (Híbrido),2025,029168-4,Híbrido,1,H,junho de 2026 ,zjs18r4bvwdzy,"segunda-feira, 1 de junho de 2026 00:18",534315.0
334,1,,,2025,,"R$ 392.490,00",Volvo,XC 60 T-8 Ultra 2.0 AWD (Híbrido),2025,029172-2,Híbrido,1,H,junho de 2026 ,s5h43z1d3ndzy,"segunda-feira, 1 de junho de 2026 00:18",392490.0
334,1,,,2021,,"R$ 539.869,00",Land Rover,Range Rover Vogue 3.0 TDV6 Diesel Aut.,2021,033096-5,Diesel,1,D,junho de 2026 ,zq9x8vv727dj2,"segunda-feira, 1 de junho de 2026 00:18",539869.0
334,1,,,2020,,"R$ 321.577,00",Land Rover,Range R. VELAR R-Dyn. HSE 3.0 4x4 V6 Aut,2020,033151-1,Gasolina,1,G,junho de 2026 ,qhcpg5bp26dd6,"segunda-feira, 1 de junho de 2026 00:18",321577.0
334,1,,,2022,,"R$ 440.503,00",Land Rover,Defender 110 2.0 Turbo SE Si4 Aut.,2022,033180-5,Gasolina,1,G,junho de 2026 ,vzs81v47zbdmn,"segunda-feira, 1 de junho de 2026 00:18",440503.0
334,1,,,2022,,"R$ 432.927,00",Land Rover,Range R.Sport HSE 3.0 I6 TB Die. (Híb.),2022,033186-4,Híbrido,1,H,junho de 2026 ,vpxxrggh1pdn8,"segunda-feira, 1 de junho de 2026 00:18",432927.0
334,1,,,2021,6,"R$ 463.484,00",Porsche,Cayenne 3.0 V6 (Híbrido),2021,035120-2,Híbrido,1,H,junho de 2026 ,wvrk039bnsdk1,"segunda-feira, 1 de junho de 2026 00:18",463484.0
334,1,,,2022,,"R$ 180.232,00",MINI,COOPER Countryman S E ALL4 1.5  (Híb.),2022,071045-8,Híbrido,1,H,junho de 2026 ,j4m65jdr0hdn8,"segunda-feira, 1 de junho de 2026 00:18",180232.0
334,1,,,2023,,"R$ 199.609,00",MINI,COOPER Countryman S E ALL4 1.5  (Híb.),2023,071045-8,Híbrido,1,H,junho de 2026 ,kwch94g21jdsh,"segunda-feira, 1 de junho de 2026 00:18",199609.0
334,1,,,2022,,"R$ 87.887,00",Caoa Chery/Chery,ARRIZO 6 GSX 1.5 Turbo Flex Aut.,2022,073028-9,Flex,1,F,junho de 2026 ,cdksp1qvf5llf,"segunda-feira, 1 de junho de 2026 00:18",87887.0
334,1,,,2022,,"R$ 126.740,00",Caoa Chery/Chery,Tiggo 8 TXS 1.6 16V TGDi Aut.,2022,073029-7,Gasolina,1,G,junho de 2026 ,g3xyq9vy0kdmn,"segunda-feira, 1 de junho de 2026 00:18",126740.0
334,1,,,2023,,"R$ 136.155,00",Caoa Chery/Chery,Tiggo 8 TXS 1.6 16V TGDi Aut.,2023,073029-7,Gasolina,1,G,junho de 2026 ,hgy44xp3cxdqw,"segunda-feira, 1 de junho de 2026 00:18",136155.0
334,1,,,2023,,"R$ 146.074,00",JAC,E-J7 193cv 5p Aut. (Elétrico),2023,080035-0,Elétrico,1,E,junho de 2026 ,hvlpfx4br2drv,"segunda-feira, 1 de junho de 2026 00:18",146074.0
334,1,,,32000,3,"R$ 493.353,00",RAM,3500 LARAMIE 6.7 TB CD 4x4 Diesel,32000,083007-0,Diesel,1,D,junho de 2026 ,xzr63c3wk0cb,"segunda-feira, 1 de junho de 2026 00:18",493353.0
334,1,,,2024,,"R$ 189.562,00",RAM,RAMPAGE REBEL 2.0 TB CD 4X4 Diesel Aut.,2024,083015-1,Diesel,1,D,junho de 2026 ,khlbs269nldvr,"segunda-feira, 1 de junho de 2026 00:18",189562.0
334,1,,,2024,,"R$ 190.521,00",RAM,RAMPAGE REBEL HURR.4 2.0 TB CD 4X4 Aut.,2024,083016-0,Gasolina,1,G,junho de 2026 ,kjp6cfbf6wdt3,"segunda-feira, 1 de junho de 2026 00:18",190521.0
334,1,,,2025,,"R$ 202.016,00",RAM,RAMPAGE REBEL HURR.4 2.0 TB CD 4X4 Aut.,2025,083016-0,Gasolina,1,G,junho de 2026 ,ky50d7ztbsdyb,"segunda-feira, 1 de junho de 2026 00:18",202016.0
334,1,,,2024,,"R$ 198.822,00",RAM,RAMPAGE R/T HURRIC. 4 2.0 TB CD 4X4 Aut.,2024,083019-4,Gasolina,1,G,junho de 2026 ,kvfxkm4tfmdt3,"segunda-feira, 1 de junho de 2026 00:18",198822.0
334,1,,,2025,,"R$ 213.630,00",RAM,RAMPAGE R/T HURRIC. 4 2.0 TB CD 4X4 Aut.,2025,083019-4,Gasolina,1,G,junho de 2026 ,lds4kn94wgdyb,"segunda-feira, 1 de junho de 2026 00:18",213630.0
334,1,,,2025,,"R$ 216.169,00",RAM,RAMPAGE LARAMIE 2.2 TB CD 4X4 Die. Aut.,2025,083021-6,Diesel,1,D,junho de 2026 ,lhsfdh1bk5dyz,"segunda-feira, 1 de junho de 2026 00:18",216169.0
334,1,,,32000,3,"R$ 223.800,00",RAM,RAMPAGE BIG HORN 2.2 TB CD 4X4 Die Aut.,32000,083026-7,Diesel,1,D,junho de 2026 ,lsqsn0jyrjj1gy,"segunda-feira, 1 de junho de 2026 00:18",223800.0
334,1,,,32000,4,"R$ 137.866,00",GEELY,EX2 MAX ,32000,088006-0,Elétrico,1,E,junho de 2026 ,hjzb04wb6dj1g8,"segunda-feira, 1 de junho de 2026 00:18",137866.0
334,1,,,2023,,"R$ 74.597,00",Caoa Chery,Tiggo 3X Pro 1.0 Turbo Flex Aut.,2023,093002-4,Flex,1,F,junho de 2026 ,7jy554zgn7pn,"segunda-feira, 1 de junho de 2026 00:18",74597.0
334,1,,,2023,,"R$ 130.105,00",Caoa Chery,Tiggo 7 Pro 1.6 Turbo 16V Aut.  ,2023,093004-0,Gasolina,1,G,junho de 2026 ,g7v78vn83jdqw,"segunda-feira, 1 de junho de 2026 00:18",130105.0
334,1,,,2023,,"R$ 80.236,00",Caoa Chery,iCar EQ1 TECH (Elétrico),2023,093007-5,Elétrico,1,E,junho de 2026 ,9n2syv4wlnpb,"segunda-feira, 1 de junho de 2026 00:18",80236.0
334,1,,,2024,,"R$ 117.633,00",Caoa Chery,Tiggo 5X PRO 1.5 Turbo (Híbrido),2024,093008-3,Híbrido,1,H,junho de 2026 ,gr7ycycbp5dwq,"segunda-feira, 1 de junho de 2026 00:18",117633.0
334,1,,,2022,6,"R$ 153.098,00",Caoa Chery,Tiggo 8 PRO 1.5 Turbo (Híbrido) ,2022,093010-5,Híbrido,1,H,junho de 2026 ,h3tzr9gcxzdn8,"segunda-feira, 1 de junho de 2026 00:18",153098.0
334,1,,,2023,6,"R$ 165.015,00",Caoa Chery,Tiggo 8 PRO 1.5 Turbo (Híbrido) ,2023,093010-5,Híbrido,1,H,junho de 2026 ,jks4bbypkpdsh,"segunda-feira, 1 de junho de 2026 00:18",165015.0
334,1,,,2024,6,"R$ 180.061,00",Caoa Chery,Tiggo 8 PRO 1.5 Turbo (Híbrido) ,2024,093010-5,Híbrido,1,H,junho de 2026 ,j4f0hlgzwcdwq,"segunda-feira, 1 de junho de 2026 00:18",180061.0
334,1,,,2024,,"R$ 139.870,00",Caoa Chery,Tiggo 7 Pro Max Drive 1.6 Turbo 16V Aut.,2024,093011-3,Gasolina,1,G,junho de 2026 ,hl951qxzjhdt3,"segunda-feira, 1 de junho de 2026 00:18",139870.0
334,1,,,2025,,"R$ 149.238,00",Caoa Chery,Tiggo 7 Pro Max Drive 1.6 Turbo 16V Aut.,2025,093011-3,Gasolina,1,G,junho de 2026 ,hy9phnlfrldyb,"segunda-feira, 1 de junho de 2026 00:18",149238.0
334,1,,,32000,1,"R$ 179.122,00",Caoa Chery,Tiggo 7 Pro Max Drive 1.6 Turbo 16V Aut.,32000,093011-3,Gasolina,1,G,junho de 2026 ,j3bwgtnl9mj1f9,"segunda-feira, 1 de junho de 2026 00:18",179122.0
334,1,,,2023,,"R$ 108.520,00",Caoa Chery,ARRIZO 6 PRO 1.5 Turbo (Híbrido),2023,093012-1,Híbrido,1,H,junho de 2026 ,gfkp70v0czdsh,"segunda-feira, 1 de junho de 2026 00:18",108520.0
334,1,,,2023,,"R$ 136.653,00",Caoa Chery,Tiggo 8 Max Drive 1.6 Turbo Aut.,2023,093013-0,Gasolina,1,G,junho de 2026 ,hhj78rdrm1dqw,"segunda-feira, 1 de junho de 2026 00:18",136653.0
334,1,,,2024,,"R$ 154.482,00",Caoa Chery,Tiggo 8 Max Drive 1.6 Turbo Aut.,2024,093013-0,Gasolina,1,G,junho de 2026 ,h5f86lv393dt3,"segunda-feira, 1 de junho de 2026 00:18",154482.0
334,1,,,2025,,"R$ 163.171,00",Caoa Chery,Tiggo 8 Max Drive 1.6 Turbo Aut.,2025,093013-0,Gasolina,1,G,junho de 2026 ,jhm3lfw5crdyb,"segunda-feira, 1 de junho de 2026 00:18",163171.0
334,1,,,32000,5,"R$ 128.240,00",Caoa Chery,Tiggo 5X SPORT 1.5 Turbo Flex Aut.,32000,093014-8,Flex,1,F,junho de 2026 ,g5pgwflwwvj1hl,"segunda-feira, 1 de junho de 2026 00:18",128240.0
334,1,,,2025,,"R$ 125.450,00",Caoa Chery,Tiggo 5X PRO Max Drive1.5 TB (Híbrido),2025,093015-6,Híbrido,1,H,junho de 2026 ,g2d169zjfhdzy,"segunda-feira, 1 de junho de 2026 00:18",125450.0
334,1,,,2024,,"R$ 146.168,00",Caoa Chery,Tiggo 7 Pro Max Drive 1.5 TB (Hibrido),2024,093016-4,Híbrido,1,H,junho de 2026 ,hvp3b9hkprdwq,"segunda-feira, 1 de junho de 2026 00:18",146168.0
334,1,,,2025,,"R$ 153.660,00",Caoa Chery,Tiggo 7 Pro Max Drive 1.5 TB (Hibrido),2025,093016-4,Híbrido,1,H,junho de 2026 ,h4hd0l2hbldzy,"segunda-feira, 1 de junho de 2026 00:18",153660.0
334,1,,,32000,1,"R$ 198.119,00",Caoa Chery,Tiggo 8 PRO 1.6 TGDi Aut.,32000,093018-0,Gasolina,1,G,junho de 2026 ,ktmcf703l6j1f9,"segunda-feira, 1 de junho de 2026 00:18",198119.0
334,1,,,2022,,"R$ 243.537,00",BYD,TAN EV 4x4 (Elétrico),2022,095001-7,Elétrico,1,E,junho de 2026 ,mjv5f70sk9dnm,"segunda-feira, 1 de junho de 2026 00:18",243537.0
334,1,,,2023,,"R$ 161.632,00",BYD,Song Plus 1.5 16V Aut. (Hibrido),2023,095005-0,Híbrido,1,H,junho de 2026 ,jft5h1l5yddsh,"segunda-feira, 1 de junho de 2026 00:18",161632.0
334,1,,,2024,,"R$ 167.456,00",BYD,Song Plus 1.5 16V Aut. (Hibrido),2024,095005-0,Híbrido,1,H,junho de 2026 ,jnnvq12z2bdwq,"segunda-feira, 1 de junho de 2026 00:18",167456.0
334,1,,,2025,,"R$ 184.858,00",BYD,Song Plus 1.5 16V Aut. (Hibrido),2025,095005-0,Híbrido,1,H,junho de 2026 ,j92cj1nhl0dzy,"segunda-feira, 1 de junho de 2026 00:18",184858.0
334,1,,,32000,6,"R$ 248.574,00",BYD,Song Plus 1.5 16V Aut. (Hibrido),32000,095005-0,Híbrido,1,H,junho de 2026 ,mqr7xr537qj1hx,"segunda-feira, 1 de junho de 2026 00:18",248574.0
334,1,,,2025,,"R$ 176.316,00",BYD,Yuan Plus (Elétrico),2025,095006-8,Elétrico,1,E,junho de 2026 ,jz1wst09yxdy9,"segunda-feira, 1 de junho de 2026 00:18",176316.0
334,1,,,2024,,"R$ 117.950,00",BYD,Dolphin EV (Elétrico),2024,095007-6,Elétrico,1,E,junho de 2026 ,gsmgkkw4qfdv2,"segunda-feira, 1 de junho de 2026 00:18",117950.0
334,1,,,32000,4,"R$ 149.990,00",BYD,Dolphin EV (Elétrico),32000,095007-6,Elétrico,1,E,junho de 2026 ,hz50tljk67j1g8,"segunda-feira, 1 de junho de 2026 00:18",149990.0
334,1,,,2024,,"R$ 204.964,00",BYD,Seal (Elétrico),2024,095008-4,Elétrico,1,E,junho de 2026 ,k2m426zdjbdv2,"segunda-feira, 1 de junho de 2026 00:18",204964.0
334,1,,,32000,4,"R$ 299.990,00",BYD,Seal (Elétrico),32000,095008-4,Elétrico,1,E,junho de 2026 ,pn116g2mf1j1g8,"segunda-feira, 1 de junho de 2026 00:18",299990.0
334,1,,,32000,4,"R$ 120.780,00",BYD,Dolphin Mini (Elétrico),32000,095010-6,Elétrico,1,E,junho de 2026 ,gwx98v0y0xj1g8,"segunda-feira, 1 de junho de 2026 00:18",120780.0
334,1,,,32000,6,"R$ 172.990,00",BYD,King GL 1.5 16V Aut. (Hibrido),32000,095012-2,Híbrido,1,H,junho de 2026 ,jv4z6jy7hpj1hx,"segunda-feira, 1 de junho de 2026 00:18",172990.0
334,1,,,2025,,"R$ 162.014,00",BYD,Song Pro GS 1.5 16V Aut. (Hibrido),2025,095014-9,Híbrido,1,H,junho de 2026 ,jf81x2yrmzdzy,"segunda-feira, 1 de junho de 2026 00:18",162014.0
334,1,,,32000,4,"R$ 183.323,00",BYD,Yuan Pro (Elétrico),32000,095015-7,Elétrico,1,E,junho de 2026 ,j78kzclzwwj1g8,"segunda-feira, 1 de junho de 2026 00:18",183323.0
334,1,,,32000,6,"R$ 344.749,00",BYD,SHARK GS 1.5 16V 4x4 Aut. (Híbrido),32000,095016-5,Híbrido,1,H,junho de 2026 ,rcjxnyrnqpj1hx,"segunda-feira, 1 de junho de 2026 00:18",344749.0
334,1,,,2024,,"R$ 170.272,00",GWM,Haval H6 2 1.5 (Hibrido),2024,096001-2,Híbrido,1,H,junho de 2026 ,jry6pbvc1kdwq,"segunda-feira, 1 de junho de 2026 00:18",170272.0
334,1,,,2025,,"R$ 184.819,00",GWM,Haval H6 2 1.5 (Hibrido),2025,096001-2,Híbrido,1,H,junho de 2026 ,j90ylszhxpdzy,"segunda-feira, 1 de junho de 2026 00:18",184819.0
334,1,,,2025,,"R$ 222.258,00",GWM,Haval H6 34 1.5 AWD (Hibrido),2025,096002-0,Híbrido,1,H,junho de 2026 ,lqxq6ts7wcdzy,"segunda-feira, 1 de junho de 2026 00:18",222258.0
334,1,,,2024,,"R$ 199.292,00",GWM,Haval H6 34 1.5 AWD (Hibrido),2024,096002-0,Híbrido,1,H,junho de 2026 ,kvzz4gzy1ydwq,"segunda-feira, 1 de junho de 2026 00:18",199292.0
334,1,,,2025,,"R$ 245.856,00",GWM,Haval H6 GT 1.5 AWD (Hibrido),2025,096003-9,Híbrido,1,H,junho de 2026 ,mmlgdk18q9dzy,"segunda-feira, 1 de junho de 2026 00:18",245856.0
334,1,,,2024,,"R$ 169.413,00",GWM,Haval H6 1.5 (Hibrido),2024,096005-5,Híbrido,1,H,junho de 2026 ,jqyzsyzp27dwq,"segunda-feira, 1 de junho de 2026 00:18",169413.0
334,1,,,2024,,"R$ 120.274,00",GWM,Ora 03 Skin (Elétrico),2024,096006-3,Elétrico,1,E,junho de 2026 ,gwbx4kygggdv2,"segunda-feira, 1 de junho de 2026 00:18",120274.0
334,1,,,32000,6,"R$ 250.333,00",GWM,Haval H6 19 1.5 (Hibrido),32000,096008-0,Híbrido,1,H,junho de 2026 ,mst5wm68g2j1hx,"segunda-feira, 1 de junho de 2026 00:18",250333.0
334,1,,,2025,,"R$ 183.617,00",GWM,Haval H6 ONE 1.5 (Hibrido),2025,096010-1,Híbrido,1,H,junho de 2026 ,j8l77mggw8dzy,"segunda-feira, 1 de junho de 2026 00:18",183617.0
334,1,,,32000,3,"R$ 332.990,00",GWM,Haval H9 Exclusive TD480,32000,096012-8,Diesel,1,D,junho de 2026 ,qxrh4rmnnxj1gy,"segunda-feira, 1 de junho de 2026 00:18",332990.0
334,1,,,32000,6,"R$ 165.994,00",Omoda,5 Luxury 1.5 TB FWD,32000,302002-9,Híbrido,1,H,junho de 2026 ,jlyqd7b42nj1hx,"segunda-feira, 1 de junho de 2026 00:18",165994.0
334,1,,,32000,6,"R$ 256.990,00",Omoda,7 Luxury 1.5 TB FWD,32000,302004-5,Híbrido,1,H,junho de 2026 ,m1m4pwfyxzj1hx,"segunda-feira, 1 de junho de 2026 00:18",256990.0
333,1,,,2021,,"R$ 69.020,00",Fiat,Doblo ESSENCE 1.8 Flex 16V 5p,2021,001352-8,Flex,1,F,maio de 2026 ,5fk3z6psdlg6,"domingo, 3 de maio de 2026 18:05",69020.0
333,1,,,2021,,"R$ 44.512,00",Fiat,UNO ATTRACTIVE 1.0 Fire Flex 8V 5p,2021,001424-9,Flex,1,F,maio de 2026 ,v466nxp7xdg6,"domingo, 3 de maio de 2026 18:05",44512.0
333,1,,,2022,,"R$ 119.362,00",Fiat,Toro Volcano 2.0 16V 4x4 TB Diesel Aut.,2022,001453-2,Diesel,1,D,maio de 2026 ,gt8sjxmwggdm9,"domingo, 3 de maio de 2026 18:05",119362.0
333,1,,,2023,,"R$ 131.811,00",Fiat,Toro Volcano 2.0 16V 4x4 TB Diesel Aut.,2023,001453-2,Diesel,1,D,maio de 2026 ,g9v8jfbghrdrj,"domingo, 3 de maio de 2026 18:05",131811.0
333,1,,,2024,,"R$ 145.705,00",Fiat,Toro Volcano 2.0 16V 4x4 TB Diesel Aut.,2024,001453-2,Diesel,1,D,maio de 2026 ,ht48nyyy2vdvr,"domingo, 3 de maio de 2026 18:05",145705.0
333,1,,,2025,,"R$ 159.169,00",Fiat,Toro Volcano 2.0 16V 4x4 TB Diesel Aut.,2025,001453-2,Diesel,1,D,maio de 2026 ,jbym9t71b0dyz,"domingo, 3 de maio de 2026 18:05",159169.0
333,1,,,2021,,"R$ 46.632,00",Fiat,MOBI LIKE 1.0 Fire Flex 5p.,2021,001461-3,Flex,1,F,maio de 2026 ,wy2rwxfwpsg6,"domingo, 3 de maio de 2026 18:05",46632.0
333,1,,,2022,,"R$ 50.348,00",Fiat,MOBI LIKE 1.0 Fire Flex 5p.,2022,001461-3,Flex,1,F,maio de 2026 ,ycnd4ml2z4lf,"domingo, 3 de maio de 2026 18:05",50348.0
333,1,,,2023,,"R$ 53.592,00",Fiat,MOBI LIKE 1.0 Fire Flex 5p.,2023,001461-3,Flex,1,F,maio de 2026 ,zlph3d6d1cpn,"domingo, 3 de maio de 2026 18:05",53592.0
333,1,,,2024,,"R$ 56.411,00",Fiat,MOBI LIKE 1.0 Fire Flex 5p.,2024,001461-3,Flex,1,F,maio de 2026 ,0nq4b31n51sw,"domingo, 3 de maio de 2026 18:05",56411.0
333,1,,,2025,,"R$ 60.391,00",Fiat,MOBI LIKE 1.0 Fire Flex 5p.,2025,001461-3,Flex,1,F,maio de 2026 ,15dq7jzjzzw3,"domingo, 3 de maio de 2026 18:05",60391.0
333,1,,,32000,5,"R$ 73.384,00",Fiat,MOBI LIKE 1.0 Fire Flex 5p.,32000,001461-3,Flex,1,F,maio de 2026 ,62q9mqf7rfcz,"domingo, 3 de maio de 2026 18:05",73384.0
333,1,,,2021,,"R$ 103.035,00",Fiat,Toro Freedom 2.0 16V 4x4 TB Diesel Aut.,2021,001487-7,Diesel,1,D,maio de 2026 ,f64bz1p669dj2,"domingo, 3 de maio de 2026 18:05",103035.0
333,1,,,2022,,"R$ 111.479,00",Fiat,Toro Freedom 2.0 16V 4x4 TB Diesel Aut.,2022,001487-7,Diesel,1,D,maio de 2026 ,gj0795p0bhdm9,"domingo, 3 de maio de 2026 18:05",111479.0
333,1,,,2023,,"R$ 121.602,00",Fiat,Toro Freedom 2.0 16V 4x4 TB Diesel Aut.,2023,001487-7,Diesel,1,D,maio de 2026 ,gxw6gtqxx8drj,"domingo, 3 de maio de 2026 18:05",121602.0
333,1,,,2021,,"R$ 55.822,00",Fiat,ARGO DRIVE 1.0 6V Flex,2021,001494-0,Flex,1,F,maio de 2026 ,0ft1rsdycqg6,"domingo, 3 de maio de 2026 18:05",55822.0
333,1,,,2022,,"R$ 60.082,00",Fiat,ARGO DRIVE 1.0 6V Flex,2022,001494-0,Flex,1,F,maio de 2026 ,11sfkl20wtlf,"domingo, 3 de maio de 2026 18:05",60082.0
333,1,,,2023,,"R$ 64.827,00",Fiat,ARGO DRIVE 1.0 6V Flex,2023,001494-0,Flex,1,F,maio de 2026 ,3vd235yz24pn,"domingo, 3 de maio de 2026 18:05",64827.0
333,1,,,2024,,"R$ 68.498,00",Fiat,ARGO DRIVE 1.0 6V Flex,2024,001494-0,Flex,1,F,maio de 2026 ,47gdbnj2j7sw,"domingo, 3 de maio de 2026 18:05",68498.0
333,1,,,2025,,"R$ 71.950,00",Fiat,ARGO DRIVE 1.0 6V Flex,2025,001494-0,Flex,1,F,maio de 2026 ,6jx2ynymb0w3,"domingo, 3 de maio de 2026 18:05",71950.0
333,1,,,32000,5,"R$ 91.651,00",Fiat,ARGO DRIVE 1.0 6V Flex,32000,001494-0,Flex,1,F,maio de 2026 ,cfzxs35xb3dcz,"domingo, 3 de maio de 2026 18:05",91651.0
333,1,,,2019,,"R$ 134.206,00",Fiat,Ducato Cargo Médio 2.3 16V Diesel,2019,001498-2,Diesel,1,D,maio de 2026 ,hdn93d39ltdbm,"domingo, 3 de maio de 2026 18:05",134206.0
333,1,,,2022,,"R$ 66.490,00",Fiat,CRONOS DRIVE 1.3 8V Flex,2022,001505-9,Flex,1,F,maio de 2026 ,4gxj2nlsf0lf,"domingo, 3 de maio de 2026 18:05",66490.0
333,1,,,2023,,"R$ 73.482,00",Fiat,CRONOS DRIVE 1.3 8V Flex,2023,001505-9,Flex,1,F,maio de 2026 ,63wxvlbd6rpn,"domingo, 3 de maio de 2026 18:05",73482.0
333,1,,,2024,,"R$ 81.742,00",Fiat,CRONOS DRIVE 1.3 8V Flex,2024,001505-9,Flex,1,F,maio de 2026 ,97q5wqd9s0sw,"domingo, 3 de maio de 2026 18:05",81742.0
333,1,,,2025,,"R$ 85.885,00",Fiat,CRONOS DRIVE 1.3 8V Flex,2025,001505-9,Flex,1,F,maio de 2026 ,ccs91c3k8h7w3,"domingo, 3 de maio de 2026 18:05",85885.0
333,1,,,2022,,"R$ 65.637,00",Fiat,CRONOS 1.3 8V Flex,2022,001506-7,Flex,1,F,maio de 2026 ,34xhvlq2t5lf,"domingo, 3 de maio de 2026 18:05",65637.0
333,1,,,2022,,"R$ 91.694,00",Fiat,Toro Endurance 1.8 16V Flex Aut.,2022,001508-3,Flex,1,F,maio de 2026 ,cf0ffmvjv9glf,"domingo, 3 de maio de 2026 18:05",91694.0
333,1,,,2022,,"R$ 58.343,00",Fiat,ARGO 1.0 6V Flex,2022,001509-1,Flex,1,F,maio de 2026 ,1ddb8jwm0ddny,"domingo, 3 de maio de 2026 18:05",58343.0
333,1,,,2023,,"R$ 62.570,00",Fiat,ARGO 1.0 6V Flex,2023,001509-1,Flex,1,F,maio de 2026 ,2zyq7ngrt5dr5,"domingo, 3 de maio de 2026 18:05",62570.0
333,1,,,2024,,"R$ 65.889,00",Fiat,ARGO 1.0 6V Flex,2024,001509-1,Flex,1,F,maio de 2026 ,37v28jcmmhdwd,"domingo, 3 de maio de 2026 18:05",65889.0
333,1,,,2025,,"R$ 71.478,00",Fiat,ARGO 1.0 6V Flex,2025,001509-1,Flex,1,F,maio de 2026 ,6cdjnhzm0ydzm,"domingo, 3 de maio de 2026 18:05",71478.0
333,1,,,2024,,"R$ 83.448,00",Fiat,ARGO TREKKING 1.3 8V Flex,2024,001519-9,Flex,1,F,maio de 2026 ,cbwq8bvn2tmsw,"domingo, 3 de maio de 2026 18:05",83448.0
333,1,,,2025,,"R$ 87.090,00",Fiat,ARGO TREKKING 1.3 8V Flex,2025,001519-9,Flex,1,F,maio de 2026 ,cc8f0ssnlm1w3,"domingo, 3 de maio de 2026 18:05",87090.0
333,1,,,2021,,"R$ 97.170,00",Fiat,Toro Endurance 2.0 16V 4x4 Diesel Aut.,2021,001520-2,Diesel,1,D,maio de 2026 ,ch2mssln4g8gk,"domingo, 3 de maio de 2026 18:05",97170.0
333,1,,,2022,,"R$ 102.290,00",Fiat,Toro Endurance 2.0 16V 4x4 Diesel Aut.,2022,001520-2,Diesel,1,D,maio de 2026 ,f578km9k09dm9,"domingo, 3 de maio de 2026 18:05",102290.0
333,1,,,2021,,"R$ 67.068,00",Fiat,Strada Endurance 1.4 Flex 8V CS Plus,2021,001526-1,Flex,1,F,maio de 2026 ,4ppmqs9zhtg6,"domingo, 3 de maio de 2026 18:05",67068.0
333,1,,,2022,,"R$ 69.266,00",Fiat,Strada Endurance 1.4 Flex 8V CS Plus,2022,001526-1,Flex,1,F,maio de 2026 ,5jgjtq235blf,"domingo, 3 de maio de 2026 18:05",69266.0
333,1,,,2023,,"R$ 75.079,00",Fiat,Strada Endurance 1.4 Flex 8V CS Plus,2023,001526-1,Flex,1,F,maio de 2026 ,7qmc4nhxjxpn,"domingo, 3 de maio de 2026 18:05",75079.0
333,1,,,2021,,"R$ 70.937,00",Fiat,Doblo Cargo 1.8 mpi Fire Flex 8V/16V 4p,2021,001235-1,Gasolina,1,G,maio de 2026 ,541wxcv22cfx,"segunda-feira, 1 de junho de 2026 00:18",70937.0
333,1,,,2021,,"R$ 93.878,00",Fiat,Toro Freedom 1.8 16V Flex Aut.,2021,001449-4,Flex,1,F,maio de 2026 ,cgt07zmrmdbg6,"segunda-feira, 1 de junho de 2026 00:18",93878.0
333,1,,,2024,,"R$ 91.225,00",Fiat,Strada Freedom 1.3 Flex 8V  CS Plus,2024,001527-0,Flex,1,F,maio de 2026 ,cftxy4t8v9csw,"domingo, 3 de maio de 2026 18:05",91225.0
333,1,,,2025,,"R$ 93.757,00",Fiat,Strada Freedom 1.3 Flex 8V  CS Plus,2025,001527-0,Flex,1,F,maio de 2026 ,cgsl8l2hzwrw3,"domingo, 3 de maio de 2026 18:05",93757.0
333,1,,,2020,,"R$ 44.452,00",Fiat,MOBI LIKE 1.0 Fire Flex 5p.,2020,001461-3,Flex,1,F,maio de 2026 ,v4jdl8wzr5cz,"segunda-feira, 1 de junho de 2026 00:18",44452.0
333,1,,,2026,,"R$ 66.730,00",Fiat,MOBI LIKE 1.0 Fire Flex 5p.,2026,001461-3,Flex,1,F,maio de 2026 ,4kqr88nyvd0b,"segunda-feira, 1 de junho de 2026 00:18",66730.0
333,1,,,2023,,"R$ 96.864,00",Fiat,Strada Freedom 1.3 Flex 8V CD,2023,001530-0,Flex,1,F,maio de 2026 ,chy1kxj28w4pn,"domingo, 3 de maio de 2026 18:05",96864.0
333,1,,,2024,,"R$ 100.929,00",Fiat,Strada Freedom 1.3 Flex 8V CD,2024,001530-0,Flex,1,F,maio de 2026 ,f4ns1pndw5dwd,"domingo, 3 de maio de 2026 18:05",100929.0
333,1,,,2025,,"R$ 108.872,00",Fiat,Strada Freedom 1.3 Flex 8V CD,2025,001530-0,Flex,1,F,maio de 2026 ,gfzhv5mm3sdzm,"domingo, 3 de maio de 2026 18:05",108872.0
333,1,,,2021,,"R$ 74.117,00",Fiat,Fiorino Endurance EVO 1.4 Flex 8V 2p,2021,001531-8,Flex,1,F,maio de 2026 ,7cbqrh6rqpg6,"domingo, 3 de maio de 2026 18:05",74117.0
333,1,,,2022,,"R$ 78.718,00",Fiat,Fiorino Endurance EVO 1.4 Flex 8V 2p,2022,001531-8,Flex,1,F,maio de 2026 ,8281sp6q0slf,"domingo, 3 de maio de 2026 18:05",78718.0
333,1,,,2023,,"R$ 83.147,00",Fiat,Fiorino Endurance EVO 1.4 Flex 8V 2p,2023,001531-8,Flex,1,F,maio de 2026 ,cbr6vs8vz04pn,"domingo, 3 de maio de 2026 18:05",83147.0
333,1,,,2024,,"R$ 89.686,00",Fiat,Fiorino Endurance EVO 1.4 Flex 8V 2p,2024,001531-8,Flex,1,F,maio de 2026 ,cd7wlcwcvjtsw,"domingo, 3 de maio de 2026 18:05",89686.0
333,1,,,2025,,"R$ 98.589,00",Fiat,Fiorino Endurance EVO 1.4 Flex 8V 2p,2025,001531-8,Flex,1,F,maio de 2026 ,cjl8kf78hdsw3,"domingo, 3 de maio de 2026 18:05",98589.0
333,1,,,2026,,"R$ 81.249,00",Fiat,ARGO DRIVE 1.0 6V Flex,2026,001494-0,Flex,1,F,maio de 2026 ,91yzzlzrgv0b,"segunda-feira, 1 de junho de 2026 00:18",81249.0
333,1,,,2021,,"R$ 72.475,00",Fiat,CRONOS PRECISION 1.8 16V Flex Aut.,2021,001502-4,Flex,1,F,maio de 2026 ,6q2xd6cb5vg6,"segunda-feira, 1 de junho de 2026 00:18",72475.0
333,1,,,2026,,"R$ 77.032,00",Fiat,ARGO 1.0 6V Flex,2026,001509-1,Flex,1,F,maio de 2026 ,8gh7n57z6rd2v,"segunda-feira, 1 de junho de 2026 00:18",77032.0
333,1,,,2022,,"R$ 57.025,00",Fiat,MOBI TREKKING 1.0 Flex 5p.,2022,001536-9,Flex,1,F,maio de 2026 ,0wx9mw2jbplf,"domingo, 3 de maio de 2026 18:05",57025.0
333,1,,,2024,,"R$ 61.540,00",Fiat,MOBI TREKKING 1.0 Flex 5p.,2024,001536-9,Flex,1,F,maio de 2026 ,2lwcnsdmzxsw,"domingo, 3 de maio de 2026 18:05",61540.0
333,1,,,2025,,"R$ 67.280,00",Fiat,MOBI TREKKING 1.0 Flex 5p.,2025,001536-9,Flex,1,F,maio de 2026 ,4r5pf6rk4qw3,"domingo, 3 de maio de 2026 18:05",67280.0
333,1,,,2022,,"R$ 100.054,00",Fiat,Toro Endurance 1.3 T270 4x2 Flex Aut.,2022,001537-7,Flex,1,F,maio de 2026 ,f3mz4ft13tdny,"domingo, 3 de maio de 2026 18:05",100054.0
333,1,,,2022,,"R$ 76.571,00",Fiat,Strada Freedom 1.3 Flex 8V  CS Plus,2022,001527-0,Flex,1,F,maio de 2026 ,783pbsnzctlf,"segunda-feira, 1 de junho de 2026 00:18",76571.0
333,1,,,2024,,"R$ 116.864,00",Fiat,Toro Endurance 1.3 T270 4x2 Flex Aut.,2024,001537-7,Flex,1,F,maio de 2026 ,grbzw6f6nydwd,"domingo, 3 de maio de 2026 18:05",116864.0
333,1,,,2023,,"R$ 82.589,00",Fiat,Strada Freedom 1.3 Flex 8V  CS Plus,2023,001527-0,Flex,1,F,maio de 2026 ,cbkn1h1jfqgpn,"segunda-feira, 1 de junho de 2026 00:18",82589.0
333,1,,,2022,,"R$ 105.016,00",Fiat,Toro Freedom 1.3 T270 4x2 Flex Aut.,2022,001538-5,Flex,1,F,maio de 2026 ,f9gb280m72dny,"domingo, 3 de maio de 2026 18:05",105016.0
333,1,,,2023,,"R$ 113.590,00",Fiat,Toro Freedom 1.3 T270 4x2 Flex Aut.,2023,001538-5,Flex,1,F,maio de 2026 ,gmhzw7mfscdr5,"domingo, 3 de maio de 2026 18:05",113590.0
333,1,,,2024,,"R$ 124.570,00",Fiat,Toro Freedom 1.3 T270 4x2 Flex Aut.,2024,001538-5,Flex,1,F,maio de 2026 ,g1c2pdwnvgdwd,"domingo, 3 de maio de 2026 18:05",124570.0
333,1,,,2025,,"R$ 131.812,00",Fiat,Toro Freedom 1.3 T270 4x2 Flex Aut.,2025,001538-5,Flex,1,F,maio de 2026 ,g9v9nccdw8dzm,"domingo, 3 de maio de 2026 18:05",131812.0
333,1,,,32000,5,"R$ 168.605,00",Fiat,Toro Freedom 1.3 T270 4x2 Flex Aut.,32000,001538-5,Flex,1,F,maio de 2026 ,jp0mczctnlcz,"domingo, 3 de maio de 2026 18:05",168605.0
333,1,,,2022,,"R$ 101.605,00",Fiat,Strada Volcano 1.3 Flex 8V CD,2022,001528-8,Flex,1,F,maio de 2026 ,f5gcqzt8z9dny,"segunda-feira, 1 de junho de 2026 00:18",101605.0
333,1,,,2024,,"R$ 137.356,00",Fiat,Toro Volcano 1.3 T270 4x2 Flex Aut.,2024,001539-3,Flex,1,F,maio de 2026 ,hjctc4chrxdwd,"domingo, 3 de maio de 2026 18:05",137356.0
333,1,,,2025,,"R$ 148.235,00",Fiat,Toro Volcano 1.3 T270 4x2 Flex Aut.,2025,001539-3,Flex,1,F,maio de 2026 ,hx37cfk2gwdzm,"domingo, 3 de maio de 2026 18:05",148235.0
333,1,,,2022,,"R$ 125.793,00",Fiat,500e ICON (Elétrico),2022,001541-5,Elétrico,1,E,maio de 2026 ,g2tjp3gwh0dnm,"domingo, 3 de maio de 2026 18:05",125793.0
333,1,,,2022,,"R$ 88.033,00",Fiat,PULSE AUDACE 1.0 Turbo 200 Flex Aut.,2022,001542-3,Flex,1,F,maio de 2026 ,cdmhr3cqknllf,"domingo, 3 de maio de 2026 18:05",88033.0
333,1,,,2023,,"R$ 94.036,00",Fiat,PULSE AUDACE 1.0 Turbo 200 Flex Aut.,2023,001542-3,Flex,1,F,maio de 2026 ,cgwwn76p91tpn,"domingo, 3 de maio de 2026 18:05",94036.0
333,1,,,2024,,"R$ 99.493,00",Fiat,PULSE AUDACE 1.0 Turbo 200 Flex Aut.,2024,001542-3,Flex,1,F,maio de 2026 ,cjyv4bbyhpzsw,"domingo, 3 de maio de 2026 18:05",99493.0
333,1,,,2025,,"R$ 105.166,00",Fiat,PULSE AUDACE 1.0 Turbo 200 Flex Aut.,2025,001542-3,Flex,1,F,maio de 2026 ,f9ms3pwvxldzm,"domingo, 3 de maio de 2026 18:05",105166.0
333,1,,,2025,,"R$ 116.761,00",Fiat,Strada Volcano 1.3 Flex 8V CD,2025,001528-8,Flex,1,F,maio de 2026 ,gq67vgqw6rdzm,"segunda-feira, 1 de junho de 2026 00:18",116761.0
333,1,,,2021,,"R$ 51.870,00",Fiat,Grand Siena 1.4 EVO Flex 8V 4p,2021,001532-6,Flex,1,F,maio de 2026 ,yyhmcm9lglg6,"segunda-feira, 1 de junho de 2026 00:18",51870.0
333,1,,,2023,,"R$ 88.590,00",Fiat,PULSE DRIVE 1.3 8V Flex Aut.,2023,001544-0,Flex,1,F,maio de 2026 ,cdt0639vjcypn,"domingo, 3 de maio de 2026 18:05",88590.0
333,1,,,2024,,"R$ 92.660,00",Fiat,PULSE DRIVE 1.3 8V Flex Aut.,2024,001544-0,Flex,1,F,maio de 2026 ,cgcrj26ymwdsw,"domingo, 3 de maio de 2026 18:05",92660.0
333,1,,,2025,,"R$ 97.919,00",Fiat,PULSE DRIVE 1.3 8V Flex Aut.,2025,001544-0,Flex,1,F,maio de 2026 ,cjcd052l2dmw3,"domingo, 3 de maio de 2026 18:05",97919.0
333,1,,,2021,,"R$ 72.704,00",Fiat,Fiorino Working 1.4 Flex 8V 2p,2021,001534-2,Flex,1,F,maio de 2026 ,6tr4pmv39dg6,"segunda-feira, 1 de junho de 2026 00:18",72704.0
333,1,,,2023,,"R$ 108.872,00",Fiat,Toro Endurance 1.3 T270 4x2 Flex Aut.,2023,001537-7,Flex,1,F,maio de 2026 ,gfzhv5nxv1dr5,"segunda-feira, 1 de junho de 2026 00:18",108872.0
333,1,,,2024,,"R$ 109.588,00",Fiat,PULSE IMPETUS 1.0 TURBO 200 Flex Aut.,2024,001546-6,Flex,1,F,maio de 2026 ,ggtjmncp4tdwd,"domingo, 3 de maio de 2026 18:05",109588.0
333,1,,,2025,,"R$ 123.965,00",Fiat,Toro Endurance 1.3 T270 4x2 Flex Aut.,2025,001537-7,Flex,1,F,maio de 2026 ,g0n2z3cw9zdzm,"segunda-feira, 1 de junho de 2026 00:19",123965.0
333,1,,,2022,,"R$ 106.760,00",Fiat,Strada Volcano 1.3 Flex 8V CD Aut.,2022,001549-0,Flex,1,F,maio de 2026 ,gchq46wkw4dny,"domingo, 3 de maio de 2026 18:05",106760.0
333,1,,,2022,,"R$ 118.746,00",Fiat,Toro Volcano 1.3 T270 4x2 Flex Aut.,2022,001539-3,Flex,1,F,maio de 2026 ,gtkdgddvtrdny,"segunda-feira, 1 de junho de 2026 00:19",118746.0
333,1,,,2022,,"R$ 85.308,00",Fiat,PULSE DRIVE 1.0 Turbo 200 Flex Aut.,2022,001543-1,Flex,1,F,maio de 2026 ,cclj90bjy9blf,"segunda-feira, 1 de junho de 2026 00:19",85308.0
333,1,,,2023,,"R$ 87.570,00",Fiat,PULSE DRIVE 1.0 Turbo 200 Flex Aut.,2023,001543-1,Flex,1,F,maio de 2026 ,cdf2g628bs5pn,"segunda-feira, 1 de junho de 2026 00:19",87570.0
333,1,,,2026,,"R$ 107.111,00",Fiat,PULSE DRIVE 1.3 8V Flex Aut.,2026,001544-0,Flex,1,F,maio de 2026 ,gcxhnf04txd2v,"segunda-feira, 1 de junho de 2026 00:19",107111.0
333,1,,,2025,,"R$ 93.081,00",Fiat,PULSE DRIVE 1.3 8V Flex Mec. ,2025,001545-8,Flex,1,F,maio de 2026 ,cgjpkq36brkw3,"segunda-feira, 1 de junho de 2026 00:19",93081.0
333,1,,,2025,,"R$ 118.404,00",Fiat,PULSE IMPETUS 1.0 TURBO 200 Flex Aut.,2025,001546-6,Flex,1,F,maio de 2026 ,gs4y3jk6f0dzm,"segunda-feira, 1 de junho de 2026 00:19",118404.0
333,1,,,2023,,"R$ 63.954,00",Fiat,CRONOS DRIVE 1.0 6V Flex,2023,001553-9,Flex,1,F,maio de 2026 ,3h5sj9tbdnpn,"domingo, 3 de maio de 2026 18:05",63954.0
333,1,,,2024,,"R$ 74.984,00",Fiat,CRONOS DRIVE 1.0 6V Flex,2024,001553-9,Flex,1,F,maio de 2026 ,7phvqqny7psw,"domingo, 3 de maio de 2026 18:05",74984.0
333,1,,,2025,,"R$ 78.982,00",Fiat,CRONOS DRIVE 1.0 6V Flex,2025,001553-9,Flex,1,F,maio de 2026 ,86c0fft2sjw3,"domingo, 3 de maio de 2026 18:05",78982.0
333,1,,,2024,,"R$ 115.087,00",Fiat,Strada Volcano 1.3 Flex 8V CD Aut.,2024,001549-0,Flex,1,F,maio de 2026 ,gn8dnltq0ydwd,"segunda-feira, 1 de junho de 2026 00:19",115087.0
333,1,,,2023,,"R$ 80.456,00",Fiat,CRONOS DRIVE 1.3 8V Flex Aut.,2023,001554-7,Flex,1,F,maio de 2026 ,9rnrs8rwwjpn,"domingo, 3 de maio de 2026 18:05",80456.0
333,1,,,2024,,"R$ 82.549,00",Fiat,CRONOS DRIVE 1.3 8V Flex Aut.,2024,001554-7,Flex,1,F,maio de 2026 ,cbj6hs9h2w3sw,"domingo, 3 de maio de 2026 18:05",82549.0
333,1,,,2025,,"R$ 94.262,00",Fiat,CRONOS DRIVE 1.3 8V Flex Aut.,2025,001554-7,Flex,1,F,maio de 2026 ,cgzjtqq4cj9w3,"domingo, 3 de maio de 2026 18:05",94262.0
333,1,,,2025,,"R$ 121.305,00",Fiat,Strada Volcano 1.3 Flex 8V CD Aut.,2025,001549-0,Flex,1,F,maio de 2026 ,gxkdttc997dzm,"segunda-feira, 1 de junho de 2026 00:19",121305.0
333,1,,,32000,5,"R$ 113.863,00",Fiat,CRONOS DRIVE 1.3 8V Flex Aut.,32000,001554-7,Flex,1,F,maio de 2026 ,gmtxhzgjpncz,"domingo, 3 de maio de 2026 18:05",113863.0
333,1,,,2023,,"R$ 83.807,00",Fiat,CRONOS PRECISION 1.3 8V Flex Aut.,2023,001555-5,Flex,1,F,maio de 2026 ,cb0yrc7yd13dr5,"domingo, 3 de maio de 2026 18:05",83807.0
333,1,,,2024,,"R$ 86.011,00",Fiat,CRONOS PRECISION 1.3 8V Flex Aut.,2024,001555-5,Flex,1,F,maio de 2026 ,ccvst2ygm9ldwd,"domingo, 3 de maio de 2026 18:05",86011.0
333,1,,,2023,,"R$ 112.066,00",Fiat,Fastback Limited Ed.1.3 270 T.Flex Aut.,2023,001556-3,Flex,1,F,maio de 2026 ,gkqlqrlf1fdr5,"domingo, 3 de maio de 2026 18:05",112066.0
333,1,,,2024,,"R$ 121.173,00",Fiat,Fastback Limited Ed.1.3 270 T.Flex Aut.,2024,001556-3,Flex,1,F,maio de 2026 ,gxdl226pptdwd,"domingo, 3 de maio de 2026 18:05",121173.0
333,1,,,2023,,"R$ 149.179,00",Fiat,Scudo Cargo 1.5 16V Turbo Diesel,2023,001550-4,Diesel,1,D,maio de 2026 ,hy7j0tjv7vdrj,"segunda-feira, 1 de junho de 2026 00:19",149179.0
333,1,,,2023,,"R$ 108.618,00",Fiat,Fastback Impetus 1.0 200 T. Flex Aut,2023,001557-1,Flex,1,F,maio de 2026 ,gfn8n2djnhdr5,"domingo, 3 de maio de 2026 18:05",108618.0
333,1,,,2024,,"R$ 117.509,00",Fiat,Fastback Impetus 1.0 200 T. Flex Aut,2024,001557-1,Flex,1,F,maio de 2026 ,gr3fnnjwfddwd,"domingo, 3 de maio de 2026 18:05",117509.0
333,1,,,2025,,"R$ 122.562,00",Fiat,Fastback Impetus 1.0 200 T. Flex Aut,2025,001557-1,Flex,1,F,maio de 2026 ,gy0242m8kddzm,"domingo, 3 de maio de 2026 18:05",122562.0
333,1,,,2023,,"R$ 104.151,00",Fiat,Fastback Audace 1.0 200 T. Flex Aut,2023,001558-0,Flex,1,F,maio de 2026 ,f8fxf9cc4mdr5,"domingo, 3 de maio de 2026 18:05",104151.0
333,1,,,2024,,"R$ 110.190,00",Fiat,Fastback Audace 1.0 200 T. Flex Aut,2024,001558-0,Flex,1,F,maio de 2026 ,ghjdx4hxfjdwd,"domingo, 3 de maio de 2026 18:05",110190.0
333,1,,,2025,,"R$ 115.103,00",Fiat,Fastback Audace 1.0 200 T. Flex Aut,2025,001558-0,Flex,1,F,maio de 2026 ,gn8zpfwfv8dzm,"domingo, 3 de maio de 2026 18:05",115103.0
333,1,,,2024,,"R$ 154.071,00",Fiat,Scudo Cargo 1.5 16V Turbo Diesel,2024,001550-4,Diesel,1,D,maio de 2026 ,h4zb3lvjfrdvr,"segunda-feira, 1 de junho de 2026 00:19",154071.0
333,1,,,2025,,"R$ 170.586,00",Fiat,Scudo Cargo 1.5 16V Turbo Diesel,2025,001550-4,Diesel,1,D,maio de 2026 ,jsbmg5s5qmdyz,"segunda-feira, 1 de junho de 2026 00:19",170586.0
333,1,,,32000,3,"R$ 214.094,00",Fiat,Scudo Cargo 1.5 16V Turbo Diesel,32000,001550-4,Diesel,1,D,maio de 2026 ,lfb0cx4zrrcb,"segunda-feira, 1 de junho de 2026 00:19",214094.0
333,1,,,2025,,"R$ 85.814,00",Fiat,ARGO DRIVE 1.3 8V Flex Aut.,2025,001561-0,Flex,1,F,maio de 2026 ,ccsg7cy0q7cdzm,"domingo, 3 de maio de 2026 18:05",85814.0
333,1,,,2023,,"R$ 64.534,00",Fiat,CRONOS 1.0 6V Flex,2023,001552-0,Flex,1,F,maio de 2026 ,3qzlq0sn1ypn,"segunda-feira, 1 de junho de 2026 00:19",64534.0
333,1,,,2026,,"R$ 89.308,00",Fiat,CRONOS DRIVE 1.0 6V Flex,2026,001553-9,Flex,1,F,maio de 2026 ,cd3f57m98800b,"segunda-feira, 1 de junho de 2026 00:19",89308.0
333,1,,,2026,,"R$ 96.715,00",Fiat,CRONOS DRIVE 1.3 8V Flex Aut.,2026,001554-7,Flex,1,F,maio de 2026 ,chw9d1qkkby0b,"segunda-feira, 1 de junho de 2026 00:19",96715.0
333,1,,,32000,5,"R$ 121.008,00",Fiat,Fastback 1.0 200 Turbo Flex Aut,32000,001568-7,Flex,1,F,maio de 2026 ,gw6l5q5fmpj1hl,"domingo, 3 de maio de 2026 18:05",121008.0
333,1,,,2024,,"R$ 78.568,00",Fiat,Strada Endurance 1.3 Flex 8V CS Plus,2024,001569-5,Flex,1,F,maio de 2026 ,81jjm8t96kdwd,"domingo, 3 de maio de 2026 18:05",78568.0
333,1,,,2025,,"R$ 86.869,00",Fiat,Strada Endurance 1.3 Flex 8V CS Plus,2025,001569-5,Flex,1,F,maio de 2026 ,cc5vpng0ylfdzm,"domingo, 3 de maio de 2026 18:05",86869.0
333,1,,,2025,,"R$ 130.511,00",Fiat,Fastback Limited Ed.1.3 270 T.Flex Aut.,2025,001556-3,Flex,1,F,maio de 2026 ,g8b0q4hl4fdzm,"segunda-feira, 1 de junho de 2026 00:19",130511.0
333,1,,,32000,5,"R$ 110.530,00",Fiat,Strada Endurance 1.3 Flex 8V CS Plus,32000,001569-5,Flex,1,F,maio de 2026 ,ghxr04q1v6j1hl,"domingo, 3 de maio de 2026 18:06",110530.0
333,1,,,2023,,"R$ 195.668,00",Fiat,E-Scudo (Elétrico),2023,001560-1,Elétrico,1,E,maio de 2026 ,kqq8r5qh5ndrv,"segunda-feira, 1 de junho de 2026 00:19",195668.0
333,1,,,2024,,"R$ 80.631,00",Fiat,ARGO DRIVE 1.3 8V Flex Aut.,2024,001561-0,Flex,1,F,maio de 2026 ,9tqcmgspqddwd,"segunda-feira, 1 de junho de 2026 00:19",80631.0
333,1,,,2024,,"R$ 86.368,00",Fiat,ARGO TREKKING 1.3 8V Flex Aut.,2024,001562-8,Flex,1,F,maio de 2026 ,cczzll0r25ydwd,"segunda-feira, 1 de junho de 2026 00:19",86368.0
333,1,,,2025,,"R$ 88.958,00",Fiat,ARGO TREKKING 1.3 8V Flex Aut.,2025,001562-8,Flex,1,F,maio de 2026 ,cdzbzk96b1pdzm,"segunda-feira, 1 de junho de 2026 00:19",88958.0
333,1,,,2025,,"R$ 120.507,00",Fiat,Fastback Audace 200 TB Aut (Hibrído),2025,001578-4,Híbrido,1,H,maio de 2026 ,gwmdn2410ydzy,"domingo, 3 de maio de 2026 18:06",120507.0
333,1,,,32000,3,"R$ 277.554,00",Fiat,Ducato Cargo 2.2 Diesel (E6),32000,001563-6,Diesel,1,D,maio de 2026 ,ntrk9prl5zj1gy,"segunda-feira, 1 de junho de 2026 00:19",277554.0
333,1,,,2025,,"R$ 223.300,00",Fiat,Ducato MaxiCargo 2.2 Diesel (E6),2025,001564-4,Diesel,1,D,maio de 2026 ,lr4l877s16dyz,"segunda-feira, 1 de junho de 2026 00:19",223300.0
333,1,,,2026,,"R$ 94.833,00",Fiat,Strada Endurance 1.3 Flex 8V CS Plus,2026,001569-5,Flex,1,F,maio de 2026 ,cg57chhc17yd2v,"segunda-feira, 1 de junho de 2026 00:19",94833.0
333,1,,,2025,,"R$ 137.713,00",Fiat,Fastback ABARTH Turbo Flex 1.3 Aut.,2025,001572-5,Flex,1,F,maio de 2026 ,hjssmxg67kdzm,"segunda-feira, 1 de junho de 2026 00:19",137713.0
333,1,,,32000,5,"R$ 120.865,00",Fiat,Fiorino Endurance 1.3 Flex 8V 2p,32000,001589-0,Flex,1,F,maio de 2026 ,gw1d1tz67jj1hl,"domingo, 3 de maio de 2026 18:06",120865.0
333,1,,,2025,,"R$ 183.214,00",Fiat,Titano Volcano 2.2 16V 4x4 TB Die. Aut.,2025,001574-1,Diesel,1,D,maio de 2026 ,j74l40y62ndyz,"segunda-feira, 1 de junho de 2026 00:19",183214.0
333,1,,,32000,5,"R$ 117.850,00",Fiat,PULSE 1.0 Turbo 200  Flex Aut.,32000,001592-0,Flex,1,F,maio de 2026 ,gshtwllbq9j1hl,"domingo, 3 de maio de 2026 18:06",117850.0
333,1,,,2023,,"R$ 170.521,00",Toyota,Hilux CD 4x4 2.8 Diesel Mec.,2023,002015-0,Diesel,1,D,maio de 2026 ,jr777q5dkbdrj,"domingo, 3 de maio de 2026 18:06",170521.0
333,1,,,2024,,"R$ 190.625,00",Toyota,Hilux CD 4x4 2.8 Diesel Mec.,2024,002015-0,Diesel,1,D,maio de 2026 ,kjtzj1v0mldvr,"domingo, 3 de maio de 2026 18:06",190625.0
333,1,,,2025,,"R$ 188.478,00",Fiat,Titano Ranch 2.2 16V 4x4 TB Diesel Aut.,2025,001575-0,Diesel,1,D,maio de 2026 ,kf9ydkhlf7dyz,"segunda-feira, 1 de junho de 2026 00:19",188478.0
333,1,,,2022,,"R$ 122.836,00",Toyota,Corolla XEi 2.0 Flex 16V Aut.,2022,002111-3,Flex,1,F,maio de 2026 ,gzb1wrpxyjdny,"domingo, 3 de maio de 2026 18:06",122836.0
333,1,,,2023,,"R$ 127.687,00",Toyota,Corolla XEi 2.0 Flex 16V Aut.,2023,002111-3,Flex,1,F,maio de 2026 ,g41csfp0b8dr5,"domingo, 3 de maio de 2026 18:06",127687.0
333,1,,,2024,,"R$ 142.651,00",Toyota,Corolla XEi 2.0 Flex 16V Aut.,2024,002111-3,Flex,1,F,maio de 2026 ,hqk8kgl43mdwd,"domingo, 3 de maio de 2026 18:06",142651.0
333,1,,,2025,,"R$ 125.756,00",Fiat,Fastback Impetus 200 T. Aut (Hibrído),2025,001577-6,Híbrido,1,H,maio de 2026 ,g2r50phnjfdzy,"segunda-feira, 1 de junho de 2026 00:19",125756.0
333,1,,,32000,5,"R$ 173.784,00",Toyota,Corolla XEi 2.0 Flex 16V Aut.,32000,002111-3,Flex,1,F,maio de 2026 ,jw2vvhc1vncz,"domingo, 3 de maio de 2026 18:06",173784.0
333,1,,,2021,,"R$ 130.434,00",Toyota,Corolla ALTIS/A.Premiu. 2.0 Flex 16V Aut,2021,002112-1,Flex,1,F,maio de 2026 ,g776zlt6t7dkq,"domingo, 3 de maio de 2026 18:06",130434.0
333,1,,,2023,,"R$ 143.392,00",Toyota,Corolla ALTIS/A.Premiu. 2.0 Flex 16V Aut,2023,002112-1,Flex,1,F,maio de 2026 ,hrf6g51tk7dr5,"domingo, 3 de maio de 2026 18:06",143392.0
333,1,,,2024,,"R$ 163.266,00",Toyota,Corolla ALTIS/A.Premiu. 2.0 Flex 16V Aut,2024,002112-1,Flex,1,F,maio de 2026 ,jhrkmqwylsdwd,"domingo, 3 de maio de 2026 18:06",163266.0
333,1,,,2025,,"R$ 111.391,00",Fiat,PULSE AUDACE Turbo 200  Aut. (Hibrído),2025,001579-2,Híbrido,1,H,maio de 2026 ,gjx15c64w5dzy,"segunda-feira, 1 de junho de 2026 00:19",111391.0
333,1,,,2025,,"R$ 162.894,00",Fiat,Toro Volcano 2.2 16V 4x4 TB Diesel Aut.,2025,001586-5,Diesel,1,D,maio de 2026 ,jg91gystqvdyz,"segunda-feira, 1 de junho de 2026 00:19",162894.0
333,1,,,2024,,"R$ 218.172,00",Toyota,Hilux CD SR 4x4 2.8 TDI Diesel Aut.,2024,002142-3,Diesel,1,D,maio de 2026 ,lk3684wt3gdvr,"domingo, 3 de maio de 2026 18:06",218172.0
333,1,,,2025,,"R$ 99.472,00",Fiat,Fiorino Endurance 1.3 Flex 8V 2p,2025,001589-0,Flex,1,F,maio de 2026 ,cjymhpv34bgdzm,"segunda-feira, 1 de junho de 2026 00:19",99472.0
333,1,,,32000,3,"R$ 308.904,00",Toyota,Hilux CD SR 4x4 2.8 TDI Diesel Aut.,32000,002142-3,Diesel,1,D,maio de 2026 ,p0h13fhv58cb,"domingo, 3 de maio de 2026 18:06",308904.0
333,1,,,2026,,"R$ 109.182,00",Fiat,Fiorino Endurance 1.3 Flex 8V 2p,2026,001589-0,Flex,1,F,maio de 2026 ,ggbr48l4kkd2v,"segunda-feira, 1 de junho de 2026 00:19",109182.0
333,1,,,2026,,"R$ 202.692,00",Fiat,Scudo Multi 2.2 16 V Turbo Diesel,2026,001591-1,Diesel,1,D,maio de 2026 ,kzzk3h3csnd16,"segunda-feira, 1 de junho de 2026 00:19",202692.0
333,1,,,2025,,"R$ 236.145,00",Toyota,Hilux CD 4x4 2.8 Diesel Mec.,2025,002015-0,Diesel,1,D,maio de 2026 ,l76hgtsg0sdyz,"segunda-feira, 1 de junho de 2026 00:19",236145.0
333,1,,,2025,,"R$ 159.451,00",Toyota,Corolla XEi 2.0 Flex 16V Aut.,2025,002111-3,Flex,1,F,maio de 2026 ,jb8w1x3gdldzm,"segunda-feira, 1 de junho de 2026 00:19",159451.0
333,1,,,2020,,"R$ 196.829,00",Toyota,Hilux SW4 SRV 4x2 2.7 Flex 16V Aut.,2020,002160-1,Flex,1,F,maio de 2026 ,kr3gx8pqk4dgh,"domingo, 3 de maio de 2026 18:07",196829.0
333,1,,,2023,,"R$ 85.023,00",Toyota,YARIS XL Sedan 1.5 Flex 16V 4p Aut.,2023,002168-7,Flex,1,F,maio de 2026 ,ccg6qrdsd40pn,"domingo, 3 de maio de 2026 18:06",85023.0
333,1,,,2024,,"R$ 90.109,00",Toyota,YARIS XL Sedan 1.5 Flex 16V 4p Aut.,2024,002168-7,Flex,1,F,maio de 2026 ,cfdvbkby84bsw,"domingo, 3 de maio de 2026 18:06",90109.0
333,1,,,2025,,"R$ 97.403,00",Toyota,YARIS XL Sedan 1.5 Flex 16V 4p Aut.,2025,002168-7,Flex,1,F,maio de 2026 ,ch5cg345sdsw3,"domingo, 3 de maio de 2026 18:06",97403.0
333,1,,,2025,,"R$ 176.822,00",Toyota,Corolla ALTIS/A.Premiu. 2.0 Flex 16V Aut,2025,002112-1,Flex,1,F,maio de 2026 ,j0m8x3x0pfdzm,"segunda-feira, 1 de junho de 2026 00:19",176822.0
333,1,,,2023,,"R$ 252.919,00",Toyota,Hilux CD SRX 4x4 2.8 TDI 16V Diesel Aut.,2023,002141-5,Diesel,1,D,maio de 2026 ,mwv5n4p9zvdrj,"segunda-feira, 1 de junho de 2026 00:19",252919.0
333,1,,,2025,,"R$ 252.121,00",Toyota,Hilux CD SR 4x4 2.8 TDI Diesel Aut.,2025,002142-3,Diesel,1,D,maio de 2026 ,mvx5jgdw5jdyz,"segunda-feira, 1 de junho de 2026 00:19",252121.0
333,1,,,2024,,"R$ 196.326,00",Toyota,Hilux CS 4x4 2.8 TDI Diesel Mec.,2024,002144-0,Diesel,1,D,maio de 2026 ,krh55rzf50dvr,"segunda-feira, 1 de junho de 2026 00:19",196326.0
333,1,,,2023,,"R$ 118.273,00",Toyota,Corolla GLi 2.0 16V Flex Aut.,2023,002181-4,Flex,1,F,maio de 2026 ,gsz6hr180hdr5,"domingo, 3 de maio de 2026 18:06",118273.0
333,1,,,2024,,"R$ 125.723,00",Toyota,Corolla GLi 2.0 16V Flex Aut.,2024,002181-4,Flex,1,F,maio de 2026 ,g2qzt1jf4ndwd,"domingo, 3 de maio de 2026 18:06",125723.0
333,1,,,2025,,"R$ 220.330,00",Toyota,Hilux CS 4x4 2.8 TDI Diesel Mec.,2025,002144-0,Diesel,1,D,maio de 2026 ,lnnntv2gx5dyz,"segunda-feira, 1 de junho de 2026 00:19",220330.0
333,1,,,2024,,"R$ 199.241,00",Toyota,Hilux Chassi 4x4 2.8 TDI Diesel Mec.,2024,002145-8,Diesel,1,D,maio de 2026 ,kvx4n14w99dvr,"segunda-feira, 1 de junho de 2026 00:19",199241.0
333,1,,,2023,,"R$ 142.208,00",Toyota,Corolla Altis 1.8 16V Aut. (Híbrido),2023,002182-2,Híbrido,1,H,maio de 2026 ,hp15dq7dsldsh,"domingo, 3 de maio de 2026 18:06",142208.0
333,1,,,2024,,"R$ 162.160,00",Toyota,Corolla Altis 1.8 16V Aut. (Híbrido),2024,002182-2,Híbrido,1,H,maio de 2026 ,jggcfsfygddwq,"domingo, 3 de maio de 2026 18:07",162160.0
333,1,,,2024,,"R$ 328.675,00",Toyota,Hilux SW4 SRX 4x4 2.8 TDI 16V Dies. Aut.,2024,002146-6,Diesel,1,D,maio de 2026 ,qrpn57n8bpdvr,"segunda-feira, 1 de junho de 2026 00:19",328675.0
333,1,,,2024,,"R$ 165.584,00",Toyota,Corolla Altis Prem. 1.8 Aut. (Híbrido),2024,002183-0,Híbrido,1,H,maio de 2026 ,jlgtf44fhvdwq,"domingo, 3 de maio de 2026 18:06",165584.0
333,1,,,2023,,"R$ 87.558,00",Toyota,YARIS XS Sedan 1.5 Flex 16V 4p Aut.,2023,002169-5,Flex,1,F,maio de 2026 ,cdfx30jc7q5pn,"segunda-feira, 1 de junho de 2026 00:19",87558.0
333,1,,,2023,,"R$ 96.814,00",Toyota,YARIS XLS Sedan 1.5 Flex 16V 4p Aut.,2023,002170-9,Flex,1,F,maio de 2026 ,chygdjs2wgkpn,"segunda-feira, 1 de junho de 2026 00:19",96814.0
333,1,,,2022,,"R$ 139.036,00",Toyota,Corolla Cross XRV 1.8 16V Aut. (Híbrido),2022,002200-4,Híbrido,1,H,maio de 2026 ,hlbwbk8g2wdn8,"domingo, 3 de maio de 2026 18:06",139036.0
333,1,,,2023,,"R$ 146.480,00",Toyota,Corolla Cross XRV 1.8 16V Aut. (Híbrido),2023,002200-4,Híbrido,1,H,maio de 2026 ,hv2fw8vjvydsh,"domingo, 3 de maio de 2026 18:06",146480.0
333,1,,,2024,,"R$ 162.223,00",Toyota,Corolla Cross XRV 1.8 16V Aut. (Híbrido),2024,002200-4,Híbrido,1,H,maio de 2026 ,jgjnfbmlfcdwq,"domingo, 3 de maio de 2026 18:06",162223.0
333,1,,,2025,,"R$ 176.606,00",Toyota,Corolla Cross XRV 1.8 16V Aut. (Híbrido),2025,002200-4,Híbrido,1,H,maio de 2026 ,j0dfkcjd5vdzy,"domingo, 3 de maio de 2026 18:06",176606.0
333,1,,,2022,,"R$ 125.092,00",Toyota,Corolla Cross XR 2.0 16V Flex Aut.,2022,002201-2,Flex,1,F,maio de 2026 ,g1z1vkyjdqdny,"domingo, 3 de maio de 2026 18:06",125092.0
333,1,,,2023,,"R$ 131.412,00",Toyota,Corolla Cross XR 2.0 16V Flex Aut.,2023,002201-2,Flex,1,F,maio de 2026 ,g9drylcysndr5,"domingo, 3 de maio de 2026 18:06",131412.0
333,1,,,2024,,"R$ 138.980,00",Toyota,Corolla Cross XR 2.0 16V Flex Aut.,2024,002201-2,Flex,1,F,maio de 2026 ,hk8t7jpxmqdwd,"domingo, 3 de maio de 2026 18:06",138980.0
333,1,,,2023,,"R$ 87.544,00",Toyota,YARIS XS 1.5 Flex 16V 5p Aut.,2023,002173-3,Flex,1,F,maio de 2026 ,cdfr08dnb0npn,"segunda-feira, 1 de junho de 2026 00:19",87544.0
333,1,,,2023,,"R$ 137.921,00",Toyota,Corolla Cross XRE 2.0 16V Flex Aut.,2023,002203-9,Flex,1,F,maio de 2026 ,hj1bz8b9kcdr5,"domingo, 3 de maio de 2026 18:06",137921.0
333,1,,,2024,,"R$ 149.817,00",Toyota,Corolla Cross XRE 2.0 16V Flex Aut.,2024,002203-9,Flex,1,F,maio de 2026 ,hzzqwssqx7dwd,"domingo, 3 de maio de 2026 18:06",149817.0
333,1,,,2025,,"R$ 165.639,00",Toyota,Corolla Cross XRE 2.0 16V Flex Aut.,2025,002203-9,Flex,1,F,maio de 2026 ,jljtd8rcwfdzm,"domingo, 3 de maio de 2026 18:06",165639.0
333,1,,,32000,5,"R$ 191.400,00",Toyota,Corolla Cross XRE 2.0 16V Flex Aut.,32000,002203-9,Flex,1,F,maio de 2026 ,kkq4sc7ystcz,"domingo, 3 de maio de 2026 18:07",191400.0
333,1,,,2023,,"R$ 95.176,00",Toyota,YARIS XLS 1.5 Flex 16V 5p Aut.,2023,002174-1,Flex,1,F,maio de 2026 ,cg9708ps353pn,"segunda-feira, 1 de junho de 2026 00:19",95176.0
333,1,,,2024,,"R$ 168.249,00",Toyota,Corolla Cross XRX 1.8 16V Aut. (Híbrido),2024,002204-7,Híbrido,1,H,maio de 2026 ,jpln726qcsdwq,"domingo, 3 de maio de 2026 18:07",168249.0
333,1,,,2025,,"R$ 190.481,00",Toyota,Corolla Cross XRX 1.8 16V Aut. (Híbrido),2025,002204-7,Híbrido,1,H,maio de 2026 ,kjnq87qd2cdzy,"domingo, 3 de maio de 2026 18:06",190481.0
333,1,,,2025,,"R$ 144.437,00",Toyota,Corolla GLi 2.0 16V Flex Aut.,2025,002181-4,Flex,1,F,maio de 2026 ,hsn5yfy9mhdzm,"segunda-feira, 1 de junho de 2026 00:19",144437.0
333,1,,,2023,,"R$ 84.694,00",Toyota,YARIS XL 1.5 Flex 16V 5p Aut.,2023,002207-1,Flex,1,F,maio de 2026 ,cccb4qmfgwypn,"domingo, 3 de maio de 2026 18:06",84694.0
333,1,,,2024,,"R$ 89.868,00",Toyota,YARIS XL 1.5 Flex 16V 5p Aut.,2024,002207-1,Flex,1,F,maio de 2026 ,cd90q2gjw1gsw,"domingo, 3 de maio de 2026 18:06",89868.0
333,1,,,2025,,"R$ 96.004,00",Toyota,YARIS XL 1.5 Flex 16V 5p Aut.,2025,002207-1,Flex,1,F,maio de 2026 ,chmyztf1bf4w3,"domingo, 3 de maio de 2026 18:06",96004.0
333,1,,,32000,5,"R$ 111.608,00",Toyota,YARIS XL 1.5 Flex 16V 5p Aut.,32000,002207-1,Flex,1,F,maio de 2026 ,gj5yn3f3b5cz,"domingo, 3 de maio de 2026 18:06",111608.0
333,1,,,2022,,"R$ 133.326,00",Toyota,Corolla Altis 1.8 16V Aut. (Híbrido),2022,002182-2,Híbrido,1,H,maio de 2026 ,hcnbkjdqkbdn8,"segunda-feira, 1 de junho de 2026 00:19",133326.0
333,1,,,2025,,"R$ 179.353,00",Toyota,Corolla Altis 1.8 16V Aut. (Híbrido),2025,002182-2,Híbrido,1,H,maio de 2026 ,j3l8rh6t56dzy,"segunda-feira, 1 de junho de 2026 00:19",179353.0
333,1,,,2025,,"R$ 179.960,00",Toyota,Corolla Altis Prem. 1.8 Aut. (Híbrido),2025,002183-0,Híbrido,1,H,maio de 2026 ,j4bbppby5qdzy,"segunda-feira, 1 de junho de 2026 00:19",179960.0
333,1,,,2024,,"R$ 234.962,00",Toyota,Hilux CD 4x4 2.8  Diesel Aut.,2024,002218-7,Diesel,1,D,maio de 2026 ,l6thh9k5dkdvr,"domingo, 3 de maio de 2026 18:06",234962.0
333,1,,,2023,,"R$ 171.919,00",Ford,Ranger XLT 3.2 20V 4x4 CD Diesel Aut.,2023,003363-4,Diesel,1,D,maio de 2026 ,jtw2f3btw9drj,"domingo, 3 de maio de 2026 18:06",171919.0
333,1,,,2022,,"R$ 204.625,00",Toyota,RAV4 2.5 SX Connect 4x4  Aut. (Híbrido),2022,002196-2,Híbrido,1,H,maio de 2026 ,k17t33gynmdn8,"segunda-feira, 1 de junho de 2026 00:19",204625.0
333,1,,,2023,,"R$ 157.107,00",Ford,Ranger XLS 2.2 4x4 CD Diesel Aut.,2023,003421-5,Diesel,1,D,maio de 2026 ,h8jpyb2h6tdrj,"domingo, 3 de maio de 2026 18:06",157107.0
333,1,,,2023,,"R$ 153.294,00",Ford,Ranger XL 2.2 4x4 CD Diesel Mec.,2023,003426-6,Diesel,1,D,maio de 2026 ,h313mfchxydrj,"domingo, 3 de maio de 2026 18:06",153294.0
333,1,,,2023,,"R$ 152.434,00",Ford,Ranger XL 2.2 4x4 CS Diesel Mec.,2023,003433-9,Diesel,1,D,maio de 2026 ,h21vl3p9gwdrj,"domingo, 3 de maio de 2026 18:06",152434.0
333,1,,,2019,,"R$ 45.927,00",Ford,Ka 1.5 Sedan SE 12V Flex 4p Mec.,2019,003463-0,Flex,1,F,maio de 2026 ,wpth8fxztl90,"domingo, 3 de maio de 2026 18:06",45927.0
333,1,,,2020,,"R$ 47.845,00",Ford,Ka 1.5 Sedan SE 12V Flex 4p Mec.,2020,003463-0,Flex,1,F,maio de 2026 ,xd9nfyyxrzcz,"domingo, 3 de maio de 2026 18:07",47845.0
333,1,,,2021,,"R$ 58.349,00",Ford,Ka 1.5 Sedan SE Plus 12V Flex 4p Aut.,2021,003465-7,Flex,1,F,maio de 2026 ,1dgjwkjy5fg6,"domingo, 3 de maio de 2026 18:07",58349.0
333,1,,,2022,,"R$ 130.979,00",Toyota,Corolla Cross XRE 2.0 16V Flex Aut.,2022,002203-9,Flex,1,F,maio de 2026 ,g8w014lzdddny,"segunda-feira, 1 de junho de 2026 00:19",130979.0
333,1,,,2025,,"R$ 176.303,00",Ford,TERRITORY Titanium 1.5 GTDi EcoBo. Aut.,2025,003478-9,Gasolina,1,G,maio de 2026 ,jz1d4q8pkvdyb,"domingo, 3 de maio de 2026 18:07",176303.0
333,1,,,2022,,"R$ 163.417,00",Ford,Bronco Sport Wildtrak 2.0 Tb 16V AWD Aut,2022,003481-9,Gasolina,1,G,maio de 2026 ,jhx1r2lb21dmn,"domingo, 3 de maio de 2026 18:07",163417.0
333,1,,,2023,,"R$ 179.328,00",Ford,Bronco Sport Wildtrak 2.0 Tb 16V AWD Aut,2023,003481-9,Gasolina,1,G,maio de 2026 ,j3lck8vfn5dqw,"domingo, 3 de maio de 2026 18:07",179328.0
333,1,,,2023,,"R$ 154.303,00",Toyota,Corolla Cross XRX 1.8 16V Aut. (Híbrido),2023,002204-7,Híbrido,1,H,maio de 2026 ,h47sh7bl0vdsh,"segunda-feira, 1 de junho de 2026 00:19",154303.0
333,1,,,2022,,"R$ 197.541,00",Ford,TRANSIT Minibus Vidrada 2.0 16V Diesel,2022,003482-7,Diesel,1,D,maio de 2026 ,ksyb509d2ldm9,"domingo, 3 de maio de 2026 18:07",197541.0
333,1,,,2023,,"R$ 346.922,00",Toyota,Hilux SW4 Diamond 2.8 TB 4x4 Die. Aut.,2023,002205-5,Diesel,1,D,maio de 2026 ,rf2w3ly4jqdrj,"segunda-feira, 1 de junho de 2026 00:19",346922.0
333,1,,,2024,,"R$ 349.630,00",Toyota,Hilux SW4 SRX Plat. 4x4 2.8 TB Die. Aut.,2024,002214-4,Diesel,1,D,maio de 2026 ,rj8bcg1lpxdvr,"segunda-feira, 1 de junho de 2026 00:19",349630.0
333,1,,,32000,3,"R$ 287.818,00",Ford,TRANSIT Furgão 2.0 Medio Turbo Diesel,32000,003487-8,Diesel,1,D,maio de 2026 ,n6snbdbvm4j1gy,"quarta-feira, 27 de maio de 2026 14:50",287818.0
333,1,,,2024,,"R$ 286.316,00",Toyota,Hilux CD SRX Plus 4x4 2.8 TDI Die. Aut.,2024,002215-2,Diesel,1,D,maio de 2026 ,n401yc261ddvr,"segunda-feira, 1 de junho de 2026 00:19",286316.0
333,1,,,32000,3,"R$ 249.326,00",Ford,Ranger XL 2.0 4x4 CD Diesel Mec. ,32000,003502-5,Diesel,1,D,maio de 2026 ,mrnk7n1c56j1gy,"domingo, 3 de maio de 2026 18:07",249326.0
333,1,,,2024,,"R$ 301.972,00",Toyota,RAV4 2.5 XSE 4x4 Aut. (Híbrido),2024,002217-9,Híbrido,1,H,maio de 2026 ,prc3fk57fjdwq,"segunda-feira, 1 de junho de 2026 00:19",301972.0
333,1,,,2023,,"R$ 161.578,00",GM - Chevrolet,S10 Pick-Up LT 2.8 TDI 4x4 CD Diesel Aut,2023,004395-8,Diesel,1,D,maio de 2026 ,jfr6nt5p07drj,"domingo, 3 de maio de 2026 18:07",161578.0
333,1,,,2024,,"R$ 182.202,00",GM - Chevrolet,S10 Pick-Up LT 2.8 TDI 4x4 CD Diesel Aut,2024,004395-8,Diesel,1,D,maio de 2026 ,j6ytwgbcswdvr,"domingo, 3 de maio de 2026 18:07",182202.0
333,1,,,2023,,"R$ 188.328,00",Ford,Ranger Limited 3.2 4x4 CD Diesel Aut.,2023,003364-2,Diesel,1,D,maio de 2026 ,kf4hc4mss8drj,"segunda-feira, 1 de junho de 2026 00:19",188328.0
333,1,,,2022,,"R$ 172.313,00",GM - Chevrolet,S10 Pick-Up LTZ 2.8 TDI 4x4 CD Dies.Aut,2022,004397-4,Diesel,1,D,maio de 2026 ,jvcdc9dpgkdm9,"domingo, 3 de maio de 2026 18:07",172313.0
333,1,,,2023,,"R$ 136.459,00",Ford,TERRITORY Titanium 1.5 GTDi EcoBo. Aut.,2023,003478-9,Gasolina,1,G,maio de 2026 ,hg96pflps6dqw,"segunda-feira, 1 de junho de 2026 00:19",136459.0
333,1,,,2024,,"R$ 198.059,00",GM - Chevrolet,S10 Pick-Up LTZ 2.8 TDI 4x4 CD Dies.Aut,2024,004397-4,Diesel,1,D,maio de 2026 ,ktj5vgqhgtdvr,"domingo, 3 de maio de 2026 18:07",198059.0
333,1,,,2025,,"R$ 251.719,00",GM - Chevrolet,S10 Pick-Up LTZ 2.8 TDI 4x4 CD Dies.Aut,2025,004397-4,Diesel,1,D,maio de 2026 ,mvgkktnk49dyz,"domingo, 3 de maio de 2026 18:07",251719.0
333,1,,,2024,,"R$ 195.570,00",Ford,Bronco Sport Wildtrak 2.0 Tb 16V AWD Aut,2024,003481-9,Gasolina,1,G,maio de 2026 ,kqmqb30nn4dt3,"segunda-feira, 1 de junho de 2026 00:19",195570.0
333,1,,,2022,,"R$ 130.537,00",GM - Chevrolet,S10 Pick-Up LS 2.8 TDI 4x4 CD Dies. Mec.,2022,004413-0,Diesel,1,D,maio de 2026 ,g8cy095hr1dm9,"domingo, 3 de maio de 2026 18:07",130537.0
333,1,,,2023,,"R$ 143.352,00",GM - Chevrolet,S10 Pick-Up LS 2.8 TDI 4x4 CD Dies. Mec.,2023,004413-0,Diesel,1,D,maio de 2026 ,hrdrdz6pm7drj,"domingo, 3 de maio de 2026 18:07",143352.0
333,1,,,2024,,"R$ 172.210,00",GM - Chevrolet,S10 Pick-Up LS 2.8 TDI 4x4 CD Dies. Mec.,2024,004413-0,Diesel,1,D,maio de 2026 ,jt7nbkrbzpdvr,"domingo, 3 de maio de 2026 18:07",172210.0
333,1,,,2022,,"R$ 197.512,00",Ford,TRANSIT Minibus 15 Lug. 2.0 16V Diesel,2022,003483-5,Diesel,1,D,maio de 2026 ,ksw9h2q1s5dm9,"segunda-feira, 1 de junho de 2026 00:19",197512.0
333,1,,,2026,,"R$ 314.899,00",Ford,TRANSIT Minibus 18 Lug. 2.0 16V Diesel,2026,003484-3,Diesel,1,D,maio de 2026 ,p7jy0c4s67d16,"segunda-feira, 1 de junho de 2026 00:19",314899.0
333,1,,,2026,,"R$ 216.227,00",Ford,Ranger XL 2.0 4x4 CD Diesel Mec. ,2026,003502-5,Diesel,1,D,maio de 2026 ,lhvjrc2bhtd16,"segunda-feira, 1 de junho de 2026 00:19",216227.0
333,1,,,2025,,"R$ 114.216,00",GM - Chevrolet,SPIN LTZ 1.8 8V Econo.Flex 5p Aut.,2025,004417-2,Flex,1,F,maio de 2026 ,gm7q71tps6dzm,"domingo, 3 de maio de 2026 18:07",114216.0
333,1,,,2022,,"R$ 154.569,00",GM - Chevrolet,S10 Pick-Up LT 2.8 TDI 4x4 CD Diesel Aut,2022,004395-8,Diesel,1,D,maio de 2026 ,h5kf7fzz6pdm9,"segunda-feira, 1 de junho de 2026 00:19",154569.0
333,1,,,2024,,"R$ 78.710,00",GM - Chevrolet,SPIN LS 1.8 8V Econo.Flex 5p Mec.,2024,004435-0,Flex,1,F,maio de 2026 ,8254m7855psw,"domingo, 3 de maio de 2026 18:07",78710.0
333,1,,,2020,,"R$ 90.112,00",GM - Chevrolet,CRUZE LT 1.4 16V Turbo Flex 4p Aut.,2020,004470-9,Flex,1,F,maio de 2026 ,cfdwfb6jvqtcz,"domingo, 3 de maio de 2026 18:07",90112.0
333,1,,,2022,,"R$ 99.465,00",GM - Chevrolet,CRUZE LT 1.4 16V Turbo Flex 4p Aut.,2022,004470-9,Flex,1,F,maio de 2026 ,cjyjyt08q2clf,"domingo, 3 de maio de 2026 18:07",99465.0
333,1,,,2023,,"R$ 103.205,00",GM - Chevrolet,CRUZE LT 1.4 16V Turbo Flex 4p Aut.,2023,004470-9,Flex,1,F,maio de 2026 ,f7bjj2jtnrdr5,"domingo, 3 de maio de 2026 18:07",103205.0
333,1,,,2023,,"R$ 180.049,00",GM - Chevrolet,S10 Pick-Up LTZ 2.8 TDI 4x4 CD Dies.Aut,2023,004397-4,Diesel,1,D,maio de 2026 ,j4fkzc6pbbdrj,"segunda-feira, 1 de junho de 2026 00:19",180049.0
333,1,,,2022,,"R$ 134.514,00",GM - Chevrolet,S10 Pick-Up Advantage 2.5 Flex 4x2 CD,2022,004474-1,Flex,1,F,maio de 2026 ,hd1h4n9s69dny,"domingo, 3 de maio de 2026 18:07",134514.0
333,1,,,2021,,"R$ 126.768,00",GM - Chevrolet,S10 Pick-Up LS 2.8 TDI 4x4 CD Dies. Mec.,2021,004413-0,Diesel,1,D,maio de 2026 ,g3yy88587rdj2,"segunda-feira, 1 de junho de 2026 00:19",126768.0
333,1,,,2022,,"R$ 80.518,00",GM - Chevrolet,SPIN PREMIER 1.8 8V Econo.Flex 5p Aut.,2022,004494-6,Flex,1,F,maio de 2026 ,9sc9dg1tg9lf,"domingo, 3 de maio de 2026 18:07",80518.0
333,1,,,2023,,"R$ 91.308,00",GM - Chevrolet,SPIN PREMIER 1.8 8V Econo.Flex 5p Aut.,2023,004494-6,Flex,1,F,maio de 2026 ,cfvw4b7334mpn,"domingo, 3 de maio de 2026 18:07",91308.0
333,1,,,2024,,"R$ 98.924,00",GM - Chevrolet,SPIN PREMIER 1.8 8V Econo.Flex 5p Aut.,2024,004494-6,Flex,1,F,maio de 2026 ,cjq592t9d50sw,"domingo, 3 de maio de 2026 18:07",98924.0
333,1,,,2025,,"R$ 124.576,00",GM - Chevrolet,SPIN PREMIER 1.8 8V Econo.Flex 5p Aut.,2025,004494-6,Flex,1,F,maio de 2026 ,g1c9fzn2m7dzm,"domingo, 3 de maio de 2026 18:07",124576.0
333,1,,,32000,5,"R$ 160.737,00",GM - Chevrolet,SPIN PREMIER 1.8 8V Econo.Flex 5p Aut.,32000,004494-6,Flex,1,F,maio de 2026 ,jdsm157rcccz,"domingo, 3 de maio de 2026 18:07",160737.0
333,1,,,2023,,"R$ 214.584,00",GM - Chevrolet,TRAILBLAZER PREMIER 2.8 TB Diesel Aut.,2023,004498-9,Diesel,1,D,maio de 2026 ,lfxthb3kpmdrj,"domingo, 3 de maio de 2026 18:07",214584.0
333,1,,,2025,,"R$ 111.304,00",GM - Chevrolet,SPIN LT 1.8 8V Econo.Flex 5p Mec.,2025,004414-8,Flex,1,F,maio de 2026 ,gjtw4j2sm0dzm,"segunda-feira, 1 de junho de 2026 00:19",111304.0
333,1,,,32000,5,"R$ 134.022,00",GM - Chevrolet,SPIN LT 1.8 8V Econo.Flex 5p Mec.,32000,004414-8,Flex,1,F,maio de 2026 ,hdgmsdd8btcz,"segunda-feira, 1 de junho de 2026 00:19",134022.0
333,1,,,2024,,"R$ 78.145,00",GM - Chevrolet,ONIX SEDAN Plus LT 1.0 12V TB Flex Mec.,2024,004500-4,Flex,1,F,maio de 2026 ,8wksg1px7dsw,"domingo, 3 de maio de 2026 18:07",78145.0
333,1,,,2025,,"R$ 84.652,00",GM - Chevrolet,ONIX SEDAN Plus LT 1.0 12V TB Flex Mec.,2025,004500-4,Flex,1,F,maio de 2026 ,ccbvwg67n9xw3,"domingo, 3 de maio de 2026 18:07",84652.0
333,1,,,2020,,"R$ 65.121,00",GM - Chevrolet,ONIX SEDAN Plus LT 1.0 12V TB Flex Aut.,2020,004501-2,Flex,1,F,maio de 2026 ,3yvysrcydhcz,"domingo, 3 de maio de 2026 18:07",65121.0
333,1,,,2023,,"R$ 75.689,00",GM - Chevrolet,ONIX SEDAN Plus LT 1.0 12V TB Flex Aut.,2023,004501-2,Flex,1,F,maio de 2026 ,7yr3b5w5l0pn,"domingo, 3 de maio de 2026 18:07",75689.0
333,1,,,2024,,"R$ 82.400,00",GM - Chevrolet,ONIX SEDAN Plus LT 1.0 12V TB Flex Aut.,2024,004501-2,Flex,1,F,maio de 2026 ,cbhgbydrrdfsw,"domingo, 3 de maio de 2026 18:07",82400.0
333,1,,,2025,,"R$ 93.100,00",GM - Chevrolet,ONIX SEDAN Plus LT 1.0 12V TB Flex Aut.,2025,004501-2,Flex,1,F,maio de 2026 ,cgjxgtpntb7w3,"domingo, 3 de maio de 2026 18:07",93100.0
333,1,,,32000,5,"R$ 117.375,00",GM - Chevrolet,ONIX SEDAN Plus LT 1.0 12V TB Flex Aut.,32000,004501-2,Flex,1,F,maio de 2026 ,grykn4jb97cz,"domingo, 3 de maio de 2026 18:07",117375.0
333,1,,,2020,,"R$ 65.324,00",GM - Chevrolet,ONIX SEDAN Plus LTZ 1.0 12V TB Flex Aut.,2020,004502-0,Flex,1,F,maio de 2026 ,307q3hkzxrcz,"domingo, 3 de maio de 2026 18:07",65324.0
333,1,,,2021,,"R$ 67.203,00",GM - Chevrolet,ONIX SEDAN Plus LTZ 1.0 12V TB Flex Aut.,2021,004502-0,Flex,1,F,maio de 2026 ,4q8pvjrwltg6,"domingo, 3 de maio de 2026 18:07",67203.0
333,1,,,2022,,"R$ 74.382,00",GM - Chevrolet,ONIX SEDAN Plus LTZ 1.0 12V TB Flex Aut.,2022,004502-0,Flex,1,F,maio de 2026 ,7gf1nhpylqlf,"domingo, 3 de maio de 2026 18:07",74382.0
333,1,,,2023,,"R$ 76.283,00",GM - Chevrolet,ONIX SEDAN Plus LTZ 1.0 12V TB Flex Aut.,2023,004502-0,Flex,1,F,maio de 2026 ,75qz80mg2bpn,"domingo, 3 de maio de 2026 18:07",76283.0
333,1,,,2024,,"R$ 82.636,00",GM - Chevrolet,ONIX SEDAN Plus LTZ 1.0 12V TB Flex Aut.,2024,004502-0,Flex,1,F,maio de 2026 ,cbk632v1rl0sw,"domingo, 3 de maio de 2026 18:07",82636.0
333,1,,,2025,,"R$ 94.191,00",GM - Chevrolet,ONIX SEDAN Plus LTZ 1.0 12V TB Flex Aut.,2025,004502-0,Flex,1,F,maio de 2026 ,cgyp0qs15nqw3,"domingo, 3 de maio de 2026 18:08",94191.0
333,1,,,2021,,"R$ 66.452,00",GM - Chevrolet,ONIX SEDAN Plus LTZ 1.0 12V TB Flex Mec.,2021,004503-9,Flex,1,F,maio de 2026 ,4ggqxhknxyg6,"domingo, 3 de maio de 2026 18:08",66452.0
333,1,,,2022,,"R$ 69.652,00",GM - Chevrolet,ONIX SEDAN Plus LTZ 1.0 12V TB Flex Mec.,2022,004503-9,Flex,1,F,maio de 2026 ,5nzt3bpqc2lf,"domingo, 3 de maio de 2026 18:07",69652.0
333,1,,,2025,,"R$ 119.037,00",GM - Chevrolet,SPIN LT 1.8 8V Econo.Flex 5p Aut.,2025,004415-6,Flex,1,F,maio de 2026 ,gtwzbvf660dzm,"segunda-feira, 1 de junho de 2026 00:19",119037.0
333,1,,,2022,,"R$ 60.069,00",GM - Chevrolet,SPIN LS 1.8 8V Econo.Flex 5p Mec.,2022,004435-0,Flex,1,F,maio de 2026 ,11mp2qwhl2lf,"segunda-feira, 1 de junho de 2026 00:19",60069.0
333,1,,,2024,,"R$ 93.455,00",GM - Chevrolet,ONIX SED. Plus PREM. 1.0 12V TB Flex Aut,2024,004504-7,Flex,1,F,maio de 2026 ,cgn2hs5qhqzsw,"domingo, 3 de maio de 2026 18:07",93455.0
333,1,,,2025,,"R$ 100.089,00",GM - Chevrolet,ONIX SED. Plus PREM. 1.0 12V TB Flex Aut,2025,004504-7,Flex,1,F,maio de 2026 ,f3n8ky58tldzm,"domingo, 3 de maio de 2026 18:07",100089.0
333,1,,,2024,,"R$ 210.058,00",GM - Chevrolet,S10 P-Up H.Country 2.8 4x4 CD Dies.Aut.,2024,004464-4,Diesel,1,D,maio de 2026 ,k8l9sqzn80dvr,"segunda-feira, 1 de junho de 2026 00:19",210058.0
333,1,,,2020,,"R$ 102.062,00",GM - Chevrolet,CRUZE Premier 1.4 16V TB Flex Aut.,2020,004509-8,Flex,1,F,maio de 2026 ,f5zznq2x9xdgh,"domingo, 3 de maio de 2026 18:08",102062.0
333,1,,,2023,,"R$ 112.592,00",GM - Chevrolet,CRUZE Premier 1.4 16V TB Flex Aut.,2023,004509-8,Flex,1,F,maio de 2026 ,glbqdnr1jrdr5,"domingo, 3 de maio de 2026 18:08",112592.0
333,1,,,2025,,"R$ 83.959,00",GM - Chevrolet,ONIX HATCH 1.0 12V TB Flex 5p Aut.,2025,004511-0,Flex,1,F,maio de 2026 ,cb2qz179pfdw3,"domingo, 3 de maio de 2026 18:08",83959.0
333,1,,,2022,,"R$ 69.278,00",GM - Chevrolet,ONIX HATCH LT 1.0 12V TB Flex 5p Mec.,2022,004512-8,Flex,1,F,maio de 2026 ,5jlw08bzg0lf,"domingo, 3 de maio de 2026 18:08",69278.0
333,1,,,2023,,"R$ 71.872,00",GM - Chevrolet,ONIX HATCH LT 1.0 12V TB Flex 5p Mec.,2023,004512-8,Flex,1,F,maio de 2026 ,6h0q2q8mddpn,"domingo, 3 de maio de 2026 18:08",71872.0
333,1,,,2024,,"R$ 77.596,00",GM - Chevrolet,ONIX HATCH LT 1.0 12V TB Flex 5p Mec.,2024,004512-8,Flex,1,F,maio de 2026 ,8n37lgm0bmsw,"domingo, 3 de maio de 2026 18:08",77596.0
333,1,,,2025,,"R$ 84.569,00",GM - Chevrolet,ONIX HATCH LT 1.0 12V TB Flex 5p Mec.,2025,004512-8,Flex,1,F,maio de 2026 ,cb9wp8s0j29w3,"domingo, 3 de maio de 2026 18:08",84569.0
333,1,,,2023,,"R$ 73.757,00",GM - Chevrolet,ONIX HATCH LTZ 1.0 12V TB Flex 5p Mec.,2023,004513-6,Flex,1,F,maio de 2026 ,663wfj6nqypn,"domingo, 3 de maio de 2026 18:08",73757.0
333,1,,,2023,,"R$ 75.001,00",GM - Chevrolet,ONIX HATCH LT 1.0 12V TB Flex 5p Aut.,2023,004514-4,Flex,1,F,maio de 2026 ,7pp08plg3tpn,"domingo, 3 de maio de 2026 18:08",75001.0
333,1,,,2024,,"R$ 82.967,00",GM - Chevrolet,ONIX HATCH LT 1.0 12V TB Flex 5p Aut.,2024,004514-4,Flex,1,F,maio de 2026 ,cbp3fm8589nsw,"domingo, 3 de maio de 2026 18:08",82967.0
333,1,,,2025,,"R$ 95.184,00",GM - Chevrolet,ONIX HATCH LT 1.0 12V TB Flex 5p Aut.,2025,004514-4,Flex,1,F,maio de 2026 ,chbbyd2ckm4w3,"domingo, 3 de maio de 2026 18:08",95184.0
333,1,,,2023,,"R$ 81.167,00",GM - Chevrolet,ONIX HATCH LTZ 1.0 12V TB Flex 5p Aut.,2023,004515-2,Flex,1,F,maio de 2026 ,90z51htdhvpn,"domingo, 3 de maio de 2026 18:08",81167.0
333,1,,,2024,,"R$ 86.456,00",GM - Chevrolet,ONIX HATCH LTZ 1.0 12V TB Flex 5p Aut.,2024,004515-2,Flex,1,F,maio de 2026 ,cc00k4557xxsw,"domingo, 3 de maio de 2026 18:08",86456.0
333,1,,,2025,,"R$ 97.110,00",GM - Chevrolet,ONIX HATCH LTZ 1.0 12V TB Flex 5p Aut.,2025,004515-2,Flex,1,F,maio de 2026 ,ch1xzqydbr9w3,"domingo, 3 de maio de 2026 18:08",97110.0
333,1,,,2023,,"R$ 81.986,00",GM - Chevrolet,ONIX HATCH PREM. 1.0 12V TB Flex 5p Aut.,2023,004516-0,Flex,1,F,maio de 2026 ,cbblv5kf96gpn,"domingo, 3 de maio de 2026 18:08",81986.0
333,1,,,2024,,"R$ 91.270,00",GM - Chevrolet,ONIX HATCH PREM. 1.0 12V TB Flex 5p Aut.,2024,004516-0,Flex,1,F,maio de 2026 ,cfvf952mrcwsw,"domingo, 3 de maio de 2026 18:08",91270.0
333,1,,,2025,,"R$ 97.697,00",GM - Chevrolet,ONIX HATCH PREM. 1.0 12V TB Flex 5p Aut.,2025,004516-0,Flex,1,F,maio de 2026 ,ch8tbsp7qdhw3,"domingo, 3 de maio de 2026 18:08",97697.0
333,1,,,2021,,"R$ 59.730,00",GM - Chevrolet,ONIX HATCH LT 1.0 12V Flex 5p Mec.,2021,004517-9,Flex,1,F,maio de 2026 ,1xnhc1gt4zg6,"domingo, 3 de maio de 2026 18:08",59730.0
333,1,,,2022,,"R$ 62.969,00",GM - Chevrolet,ONIX HATCH LT 1.0 12V Flex 5p Mec.,2022,004517-9,Flex,1,F,maio de 2026 ,24mr0cfxwdlf,"domingo, 3 de maio de 2026 18:08",62969.0
333,1,,,2023,,"R$ 66.395,00",GM - Chevrolet,ONIX HATCH LT 1.0 12V Flex 5p Mec.,2023,004517-9,Flex,1,F,maio de 2026 ,4fs0nqmftzpn,"domingo, 3 de maio de 2026 18:08",66395.0
333,1,,,2024,,"R$ 69.666,00",GM - Chevrolet,ONIX HATCH LT 1.0 12V Flex 5p Mec.,2024,004517-9,Flex,1,F,maio de 2026 ,5n4xvgkmzksw,"domingo, 3 de maio de 2026 18:08",69666.0
333,1,,,2025,,"R$ 73.087,00",GM - Chevrolet,ONIX HATCH LT 1.0 12V Flex 5p Mec.,2025,004517-9,Flex,1,F,maio de 2026 ,6y8b5b3xmbw3,"domingo, 3 de maio de 2026 18:08",73087.0
333,1,,,32000,5,"R$ 102.759,00",GM - Chevrolet,ONIX HATCH LT 1.0 12V Flex 5p Mec.,32000,004517-9,Flex,1,F,maio de 2026 ,f6s90kbw7hcz,"domingo, 3 de maio de 2026 18:08",102759.0
333,1,,,2022,,"R$ 63.352,00",GM - Chevrolet,ONIX SEDAN Plus LT 1.0 12V Flex 4p Mec.,2022,004518-7,Flex,1,F,maio de 2026 ,283zg2zfrflf,"domingo, 3 de maio de 2026 18:08",63352.0
333,1,,,2020,,"R$ 52.739,00",GM - Chevrolet,ONIX HATCH Joy 1.0 8V Flex 5p Mec.,2020,004473-3,Flex,1,F,maio de 2026 ,y8pgwchtlrcz,"segunda-feira, 1 de junho de 2026 00:19",52739.0
333,1,,,2024,,"R$ 103.977,00",GM - Chevrolet,SPIN ACTIV7 1.8 8V Econo.Flex 5p Aut.,2024,004490-3,Flex,1,F,maio de 2026 ,f77ldls6y2dwd,"segunda-feira, 1 de junho de 2026 00:19",103977.0
333,1,,,2025,,"R$ 76.701,00",GM - Chevrolet,ONIX SEDAN Plus LT 1.0 12V Flex 4p Mec.,2025,004518-7,Flex,1,F,maio de 2026 ,8bmx31mq3hw3,"domingo, 3 de maio de 2026 18:08",76701.0
333,1,,,2021,,"R$ 59.444,00",GM - Chevrolet,ONIX HATCH 1.0 12V Flex 5p Mec.,2021,004519-5,Flex,1,F,maio de 2026 ,1s9jvv0vfxg6,"domingo, 3 de maio de 2026 18:08",59444.0
333,1,,,2023,,"R$ 67.522,00",GM - Chevrolet,ONIX HATCH 1.0 12V Flex 5p Mec.,2023,004519-5,Flex,1,F,maio de 2026 ,4v0m6fjj3tpn,"domingo, 3 de maio de 2026 18:08",67522.0
333,1,,,2024,,"R$ 69.348,00",GM - Chevrolet,ONIX HATCH 1.0 12V Flex 5p Mec.,2024,004519-5,Flex,1,F,maio de 2026 ,5kfbrv4jvbsw,"domingo, 3 de maio de 2026 18:08",69348.0
333,1,,,2025,,"R$ 71.220,00",GM - Chevrolet,ONIX HATCH 1.0 12V Flex 5p Mec.,2025,004519-5,Flex,1,F,maio de 2026 ,58crmvghn8w3,"domingo, 3 de maio de 2026 18:08",71220.0
333,1,,,2020,,"R$ 131.325,00",GM - Chevrolet,BOLT EV Premier 203cv (Elétrico),2020,004520-9,Elétrico,1,E,maio de 2026 ,g89lxqnx4vdf5,"domingo, 3 de maio de 2026 18:08",131325.0
333,1,,,2023,,"R$ 95.293,00",GM - Chevrolet,TRACKER LT 1.0 Turbo 12V Flex Aut.,2023,004522-5,Flex,1,F,maio de 2026 ,chcmkk414nzpn,"domingo, 3 de maio de 2026 18:09",95293.0
333,1,,,2024,,"R$ 102.468,00",GM - Chevrolet,TRACKER LT 1.0 Turbo 12V Flex Aut.,2024,004522-5,Flex,1,F,maio de 2026 ,f6gq32ygytdwd,"domingo, 3 de maio de 2026 18:08",102468.0
333,1,,,2025,,"R$ 107.307,00",GM - Chevrolet,TRACKER LT 1.0 Turbo 12V Flex Aut.,2025,004522-5,Flex,1,F,maio de 2026 ,gc4mhl6bncdzm,"domingo, 3 de maio de 2026 18:08",107307.0
333,1,,,2024,,"R$ 228.070,00",GM - Chevrolet,TRAILBLAZER PREMIER 2.8 TB Diesel Aut.,2024,004498-9,Diesel,1,D,maio de 2026 ,lyqzxn8px4dvr,"segunda-feira, 1 de junho de 2026 00:19",228070.0
333,1,,,2022,,"R$ 104.910,00",GM - Chevrolet,TRACKER Premier 1.2 Turbo 12V Flex Aut.,2022,004525-0,Flex,1,F,maio de 2026 ,f9bhnrvkvndny,"domingo, 3 de maio de 2026 18:08",104910.0
333,1,,,2023,,"R$ 108.761,00",GM - Chevrolet,TRACKER Premier 1.2 Turbo 12V Flex Aut.,2023,004525-0,Flex,1,F,maio de 2026 ,gfvgs0fxx8dr5,"domingo, 3 de maio de 2026 18:08",108761.0
333,1,,,2024,,"R$ 119.493,00",GM - Chevrolet,TRACKER Premier 1.2 Turbo 12V Flex Aut.,2024,004525-0,Flex,1,F,maio de 2026 ,gvfj4n7bwcdwd,"domingo, 3 de maio de 2026 18:08",119493.0
333,1,,,2025,,"R$ 130.829,00",GM - Chevrolet,TRACKER Premier 1.2 Turbo 12V Flex Aut.,2025,004525-0,Flex,1,F,maio de 2026 ,g8qk1qqbh6dzm,"domingo, 3 de maio de 2026 18:08",130829.0
333,1,,,32000,5,"R$ 168.928,00",GM - Chevrolet,TRACKER Premier 1.2 Turbo 12V Flex Aut.,32000,004525-0,Flex,1,F,maio de 2026 ,jqdb95qzvlcz,"domingo, 3 de maio de 2026 18:08",168928.0
333,1,,,2023,,"R$ 71.985,00",GM - Chevrolet,ONIX SEDAN Plus LT 1.0 12V TB Flex Mec.,2023,004500-4,Flex,1,F,maio de 2026 ,6kbs9z65hvpn,"segunda-feira, 1 de junho de 2026 00:19",71985.0
333,1,,,2023,,"R$ 74.801,00",GM - Chevrolet,ONIX SEDAN Plus LTZ 1.0 12V TB Flex Mec.,2023,004503-9,Flex,1,F,maio de 2026 ,7mcbrtpyykpn,"segunda-feira, 1 de junho de 2026 00:19",74801.0
333,1,,,2023,,"R$ 154.893,00",GM - Chevrolet,EQUINOX Premier 1.5 Turbo 172cv Aut.,2023,004529-2,Gasolina,1,G,maio de 2026 ,h5x69lkqwzdqw,"domingo, 3 de maio de 2026 18:08",154893.0
333,1,,,2024,,"R$ 165.726,00",GM - Chevrolet,EQUINOX Premier 1.5 Turbo 172cv Aut.,2024,004529-2,Gasolina,1,G,maio de 2026 ,jlmzf4ds56dt3,"domingo, 3 de maio de 2026 18:08",165726.0
333,1,,,2021,,"R$ 57.398,00",GM - Chevrolet,JOY Plus Black Ed.1.0 8V 4p Flex Mec.,2021,004508-0,Flex,1,F,maio de 2026 ,009wfnz3q3g6,"segunda-feira, 1 de junho de 2026 00:19",57398.0
333,1,,,2024,,"R$ 108.729,00",GM - Chevrolet,TRACKER LTZ 1.0 Turbo 12V Flex Aut.,2024,004532-2,Flex,1,F,maio de 2026 ,gfs9q8gkv0dwd,"domingo, 3 de maio de 2026 18:08",108729.0
333,1,,,2025,,"R$ 120.740,00",GM - Chevrolet,TRACKER LTZ 1.0 Turbo 12V Flex Aut.,2025,004532-2,Flex,1,F,maio de 2026 ,gwwv6n97r7dzm,"domingo, 3 de maio de 2026 18:08",120740.0
333,1,,,2022,,"R$ 100.391,00",GM - Chevrolet,TRACKER Premier 1.0 Turbo 12V Flex Aut.,2022,004533-0,Flex,1,F,maio de 2026 ,f307vnlfjcdny,"domingo, 3 de maio de 2026 18:09",100391.0
333,1,,,2023,,"R$ 82.004,00",GM - Chevrolet,ONIX SED. Plus PREM. 1.0 12V TB Flex Aut,2023,004504-7,Flex,1,F,maio de 2026 ,cbbtdzvl511pn,"segunda-feira, 1 de junho de 2026 00:19",82004.0
333,1,,,2023,,"R$ 68.023,00",GM - Chevrolet,ONIX SEDAN Plus LT 1.0 12V Flex 4p Mec.,2023,004518-7,Flex,1,F,maio de 2026 ,41wq7wnqgtpn,"segunda-feira, 1 de junho de 2026 00:19",68023.0
333,1,,,2024,,"R$ 73.984,00",GM - Chevrolet,ONIX SEDAN Plus LT 1.0 12V Flex 4p Mec.,2024,004518-7,Flex,1,F,maio de 2026 ,69sc5cfws8sw,"segunda-feira, 1 de junho de 2026 00:19",73984.0
333,1,,,2021,,"R$ 102.351,00",GM - Chevrolet,TRACKER Premier 1.2 Turbo 12V Flex Aut.,2021,004525-0,Flex,1,F,maio de 2026 ,f6bg9bwv5wdkq,"segunda-feira, 1 de junho de 2026 00:19",102351.0
333,1,,,2025,,"R$ 106.045,00",GM - Chevrolet,TRACKER 1.0 Turbo 12V Flex Aut. ,2025,004526-8,Flex,1,F,maio de 2026 ,gbnrjnz2cfdzm,"segunda-feira, 1 de junho de 2026 00:19",106045.0
333,1,,,2022,,"R$ 144.945,00",GM - Chevrolet,EQUINOX Premier 1.5 Turbo 172cv Aut.,2022,004529-2,Gasolina,1,G,maio de 2026 ,hs8nblp4djdmn,"segunda-feira, 1 de junho de 2026 00:19",144945.0
333,1,,,2023,,"R$ 98.380,00",GM - Chevrolet,TRACKER LTZ 1.0 Turbo 12V Flex Aut.,2023,004532-2,Flex,1,F,maio de 2026 ,cjjtljrb14zpn,"segunda-feira, 1 de junho de 2026 00:19",98380.0
333,1,,,2023,,"R$ 103.677,00",GM - Chevrolet,TRACKER Premier 1.0 Turbo 12V Flex Aut.,2023,004533-0,Flex,1,F,maio de 2026 ,f7wpcr5d7cdr5,"segunda-feira, 1 de junho de 2026 00:19",103677.0
333,1,,,2023,,"R$ 71.583,00",GM - Chevrolet,SPIN LS 1.8 8V Econo.Flex 5p Aut.,2023,004534-9,Flex,1,F,maio de 2026 ,6dmprp1vk3pn,"segunda-feira, 1 de junho de 2026 00:19",71583.0
333,1,,,2024,,"R$ 86.356,00",GM - Chevrolet,SPIN LS 1.8 8V Econo.Flex 5p Aut.,2024,004534-9,Flex,1,F,maio de 2026 ,cczt7dsfktvsw,"segunda-feira, 1 de junho de 2026 00:19",86356.0
333,1,,,2023,,"R$ 138.795,00",GM - Chevrolet,EQUINOX RS 1.5 Turbo  Aut.,2023,004538-1,Gasolina,1,G,maio de 2026 ,hk13skh7nzdqw,"segunda-feira, 1 de junho de 2026 00:19",138795.0
333,1,,,2024,,"R$ 164.891,00",GM - Chevrolet,EQUINOX RS 1.5 Turbo  Aut.,2024,004538-1,Gasolina,1,G,maio de 2026 ,jknml05pwwdt3,"segunda-feira, 1 de junho de 2026 00:19",164891.0
333,1,,,2024,,"R$ 100.559,00",GM - Chevrolet,MONTANA 1.2 Turbo Flex 12V 4p Mec.,2024,004539-0,Flex,1,F,maio de 2026 ,f37b4r5y9gdwd,"segunda-feira, 1 de junho de 2026 00:19",100559.0
333,1,,,32000,5,"R$ 154.584,00",GM - Chevrolet,MONTANA LTZ 1.2 Turbo Flex 12V 4p Aut.,32000,004541-1,Flex,1,F,maio de 2026 ,h5kz4cng30j1hl,"quarta-feira, 27 de maio de 2026 14:50",154584.0
333,1,,,2025,,"R$ 111.109,00",GM - Chevrolet,MONTANA 1.2 Turbo Flex 12V 4p Mec.,2025,004539-0,Flex,1,F,maio de 2026 ,gjltd83r1mdzm,"segunda-feira, 1 de junho de 2026 00:19",111109.0
333,1,,,2023,,"R$ 98.432,00",GM - Chevrolet,MONTANA LT 1.2  Turbo Flex 12V 4p Mec.,2023,004540-3,Flex,1,F,maio de 2026 ,cjkfhfryr5sdr5,"segunda-feira, 1 de junho de 2026 00:19",98432.0
333,1,,,2024,,"R$ 100.947,00",GM - Chevrolet,MONTANA LT 1.2  Turbo Flex 12V 4p Mec.,2024,004540-3,Flex,1,F,maio de 2026 ,f4pgbddm31dwd,"segunda-feira, 1 de junho de 2026 00:19",100947.0
333,1,,,2025,,"R$ 111.630,00",GM - Chevrolet,MONTANA LT 1.2  Turbo Flex 12V 4p Mec.,2025,004540-3,Flex,1,F,maio de 2026 ,gj6rgjc0gvdzm,"segunda-feira, 1 de junho de 2026 00:19",111630.0
333,1,,,32000,3,"R$ 295.332,00",GM - Chevrolet,S10 Pick-Up WT 2.8 TDI 4x4 CD Diesel Aut,32000,004550-0,Diesel,1,D,maio de 2026 ,phlrr4sp7hj1gy,"quarta-feira, 27 de maio de 2026 14:50",295332.0
333,1,,,2023,,"R$ 107.030,00",GM - Chevrolet,MONTANA LTZ 1.2 Turbo Flex 12V 4p Aut.,2023,004541-1,Flex,1,F,maio de 2026 ,gctkc389czdr5,"segunda-feira, 1 de junho de 2026 00:19",107030.0
333,1,,,2024,,"R$ 110.752,00",GM - Chevrolet,MONTANA LTZ 1.2 Turbo Flex 12V 4p Aut.,2024,004541-1,Flex,1,F,maio de 2026 ,gh5t5g2tr0dwd,"segunda-feira, 1 de junho de 2026 00:19",110752.0
333,1,,,2025,,"R$ 120.323,00",GM - Chevrolet,MONTANA LTZ 1.2 Turbo Flex 12V 4p Aut.,2025,004541-1,Flex,1,F,maio de 2026 ,gwdqb2nsfwdzm,"segunda-feira, 1 de junho de 2026 00:19",120323.0
333,1,,,2024,,"R$ 113.273,00",GM - Chevrolet,MONTANA PREMIER 1.2 Turbo Flex 12V Aut.,2024,004542-0,Flex,1,F,maio de 2026 ,gl4gqk5hvhdwd,"segunda-feira, 1 de junho de 2026 00:19",113273.0
333,1,,,2025,,"R$ 120.565,00",GM - Chevrolet,MONTANA PREMIER 1.2 Turbo Flex 12V Aut.,2025,004542-0,Flex,1,F,maio de 2026 ,gwph0z8g63dzm,"segunda-feira, 1 de junho de 2026 00:19",120565.0
333,1,,,2025,,"R$ 130.749,00",GM - Chevrolet,TRACKER RS 1.2 Turbo 12V Flex Aut.,2025,004544-6,Flex,1,F,maio de 2026 ,g8mnxbvrkjdzm,"segunda-feira, 1 de junho de 2026 00:19",130749.0
333,1,,,2025,,"R$ 215.091,00",GM - Chevrolet,S10 Pick-Up WT 2.8 TDI 4x4 CD Diesel Aut,2025,004550-0,Diesel,1,D,maio de 2026 ,lgh7rj5k1rdyz,"segunda-feira, 1 de junho de 2026 00:19",215091.0
333,1,,,2025,,"R$ 195.115,00",GM - Chevrolet,S10 Pick-Up WT 2.8 TDI 4x4 CD Diesel Mec,2025,004552-7,Diesel,1,D,maio de 2026 ,kp25n6gm30dyz,"segunda-feira, 1 de junho de 2026 00:19",195115.0
333,1,,,2019,,"R$ 92.708,00",VW - VolksWagen,AMAROK CS2.0 16V/S2.0 16V TDI 4x4 Diesel,2019,005338-4,Diesel,1,D,maio de 2026 ,cgc9zx6pf959c,"segunda-feira, 1 de junho de 2026 00:19",92708.0
333,1,,,2022,,"R$ 68.241,00",VW - VolksWagen,Saveiro Trendline 1.6 T.Flex 8V,2022,005386-4,Flex,1,F,maio de 2026 ,44fzkzc6kwlf,"segunda-feira, 1 de junho de 2026 00:19",68241.0
333,1,,,2023,,"R$ 89.636,00",VW - VolksWagen,Saveiro CROSS 1.6 T.Flex 16V CD,2023,005408-9,Flex,1,F,maio de 2026 ,cd69dz2qvybpn,"segunda-feira, 1 de junho de 2026 00:19",89636.0
333,1,,,2021,,"R$ 59.768,00",VW - VolksWagen,Saveiro Robust 1.6 Total Flex 8V,2021,005459-3,Flex,1,F,maio de 2026 ,1x29j5pl06g6,"segunda-feira, 1 de junho de 2026 00:19",59768.0
333,1,,,2022,,"R$ 61.973,00",VW - VolksWagen,Saveiro Robust 1.6 Total Flex 8V,2022,005459-3,Flex,1,F,maio de 2026 ,2ryrh5bpjvlf,"segunda-feira, 1 de junho de 2026 00:19",61973.0
333,1,,,2023,,"R$ 67.795,00",VW - VolksWagen,Saveiro Robust 1.6 Total Flex 8V,2023,005459-3,Flex,1,F,maio de 2026 ,4y6v7qv28wpn,"segunda-feira, 1 de junho de 2026 00:19",67795.0
333,1,,,32000,3,"R$ 372.004,00",VW - VolksWagen,AMAROK Highline CD 3.0 4x4 TB Dies. Aut.,32000,005483-6,Diesel,1,D,maio de 2026 ,sdhkdmpbcpcb,"quarta-feira, 27 de maio de 2026 14:50",372004.0
333,1,,,2023,,"R$ 71.566,00",VW - VolksWagen,Saveiro Robust 1.6 Total Flex 8V CD,2023,005472-0,Flex,1,F,maio de 2026 ,6dfh6m831spn,"segunda-feira, 1 de junho de 2026 00:19",71566.0
333,1,,,2020,,"R$ 64.000,00",VW - VolksWagen,Polo 1.0 Flex 12V 5p,2020,005479-8,Flex,1,F,maio de 2026 ,3jqhvsfwmvcz,"segunda-feira, 1 de junho de 2026 00:19",64000.0
333,1,,,2021,,"R$ 66.786,00",VW - VolksWagen,Polo 1.0 Flex 12V 5p,2021,005479-8,Flex,1,F,maio de 2026 ,4lc38r5526g6,"segunda-feira, 1 de junho de 2026 00:19",66786.0
333,1,,,2022,,"R$ 69.586,00",VW - VolksWagen,Polo 1.0 Flex 12V 5p,2022,005479-8,Flex,1,F,maio de 2026 ,5m6vfwpb7tlf,"segunda-feira, 1 de junho de 2026 00:19",69586.0
333,1,,,2023,,"R$ 189.838,00",VW - VolksWagen,AMAROK Highline CD 3.0 4x4 TB Dies. Aut.,2023,005483-6,Diesel,1,D,maio de 2026 ,khxcsl4k94drj,"segunda-feira, 1 de junho de 2026 00:19",189838.0
333,1,,,2024,,"R$ 238.206,00",VW - VolksWagen,AMAROK Highline CD 3.0 4x4 TB Dies. Aut.,2024,005483-6,Diesel,1,D,maio de 2026 ,mbmdqds388dvr,"segunda-feira, 1 de junho de 2026 00:19",238206.0
333,1,,,2025,,"R$ 281.607,00",VW - VolksWagen,AMAROK Highline CD 3.0 4x4 TB Dies. Aut.,2025,005483-6,Diesel,1,D,maio de 2026 ,nzhw1p65lsdyz,"segunda-feira, 1 de junho de 2026 00:19",281607.0
333,1,,,2022,,"R$ 96.045,00",VW - VolksWagen,VIRTUS Highline 200 TSI 1.0 Flex 12V Aut,2022,005484-4,Flex,1,F,maio de 2026 ,chnfwsggcrblf,"segunda-feira, 1 de junho de 2026 00:19",96045.0
333,1,,,2023,,"R$ 107.523,00",VW - VolksWagen,VIRTUS Highline 200 TSI 1.0 Flex 12V Aut,2023,005484-4,Flex,1,F,maio de 2026 ,gddgwclb1ndr5,"segunda-feira, 1 de junho de 2026 00:19",107523.0
333,1,,,2024,,"R$ 110.914,00",VW - VolksWagen,VIRTUS Highline 200 TSI 1.0 Flex 12V Aut,2024,005484-4,Flex,1,F,maio de 2026 ,gjcqp2gq0vdwd,"segunda-feira, 1 de junho de 2026 00:20",110914.0
333,1,,,2025,,"R$ 119.852,00",VW - VolksWagen,VIRTUS Highline 200 TSI 1.0 Flex 12V Aut,2025,005484-4,Flex,1,F,maio de 2026 ,gvvlnbsrx0dzm,"segunda-feira, 1 de junho de 2026 00:20",119852.0
333,1,,,2026,,"R$ 130.168,00",VW - VolksWagen,VIRTUS Highline 200 TSI 1.0 Flex 12V Aut,2026,005484-4,Flex,1,F,maio de 2026 ,g7yj8cmbqdd2v,"segunda-feira, 1 de junho de 2026 00:20",130168.0
333,1,,,32000,5,"R$ 149.953,00",VW - VolksWagen,VIRTUS Highline 200 TSI 1.0 Flex 12V Aut,32000,005484-4,Flex,1,F,maio de 2026 ,hz4n35403dcz,"segunda-feira, 1 de junho de 2026 00:20",149953.0
333,1,,,2020,,"R$ 75.662,00",VW - VolksWagen,VIRTUS Comfort. 200 TSI 1.0 Flex 12V Aut,2020,005485-2,Flex,1,F,maio de 2026 ,7yf836vtjhcz,"segunda-feira, 1 de junho de 2026 00:20",75662.0
333,1,,,2021,,"R$ 78.905,00",VW - VolksWagen,VIRTUS Comfort. 200 TSI 1.0 Flex 12V Aut,2021,005485-2,Flex,1,F,maio de 2026 ,85g0tp989kg6,"segunda-feira, 1 de junho de 2026 00:20",78905.0
333,1,,,2022,,"R$ 88.639,00",VW - VolksWagen,VIRTUS Comfort. 200 TSI 1.0 Flex 12V Aut,2022,005485-2,Flex,1,F,maio de 2026 ,cdvl07pbyyklf,"segunda-feira, 1 de junho de 2026 00:20",88639.0
333,1,,,2023,,"R$ 102.554,00",VW - VolksWagen,VIRTUS Comfort. 200 TSI 1.0 Flex 12V Aut,2023,005485-2,Flex,1,F,maio de 2026 ,f6kv00qgtsdr5,"segunda-feira, 1 de junho de 2026 00:20",102554.0
333,1,,,2024,,"R$ 105.316,00",VW - VolksWagen,VIRTUS Comfort. 200 TSI 1.0 Flex 12V Aut,2024,005485-2,Flex,1,F,maio de 2026 ,f9s733lnybdwd,"segunda-feira, 1 de junho de 2026 00:20",105316.0
333,1,,,2025,,"R$ 112.680,00",VW - VolksWagen,VIRTUS Comfort. 200 TSI 1.0 Flex 12V Aut,2025,005485-2,Flex,1,F,maio de 2026 ,glfxkf5yl3dzm,"segunda-feira, 1 de junho de 2026 00:20",112680.0
333,1,,,2026,,"R$ 118.937,00",VW - VolksWagen,VIRTUS Comfort. 200 TSI 1.0 Flex 12V Aut,2026,005485-2,Flex,1,F,maio de 2026 ,gtsbnxfq7jd2v,"segunda-feira, 1 de junho de 2026 00:20",118937.0
333,1,,,2021,,"R$ 68.691,00",VW - VolksWagen,VIRTUS 1.6 MSI Flex 16V 5p Mec.,2021,005486-0,Flex,1,F,maio de 2026 ,49qjzgqx7wg6,"segunda-feira, 1 de junho de 2026 00:20",68691.0
333,1,,,2019,,"R$ 145.163,00",VW - VolksWagen,TIGUAN Allspac R-Line 350 TSI 2.0 4x4,2019,005489-5,Gasolina,1,G,maio de 2026 ,htjky6ql1yc9z,"segunda-feira, 1 de junho de 2026 00:20",145163.0
333,1,,,2021,,"R$ 170.282,00",VW - VolksWagen,TIGUAN Allspac R-Line 350 TSI 2.0 4x4,2021,005489-5,Gasolina,1,G,maio de 2026 ,jrzkymnlnldjf,"segunda-feira, 1 de junho de 2026 00:20",170282.0
333,1,,,2021,,"R$ 47.094,00",VW - VolksWagen,Gol 1.0 Flex 12V 5p,2021,005490-9,Flex,1,F,maio de 2026 ,w4hphxmk3cg6,"segunda-feira, 1 de junho de 2026 00:20",47094.0
333,1,,,2022,,"R$ 51.672,00",VW - VolksWagen,Gol 1.0 Flex 12V 5p,2022,005490-9,Flex,1,F,maio de 2026 ,yv5ndbr2brlf,"segunda-feira, 1 de junho de 2026 00:20",51672.0
333,1,,,2023,,"R$ 55.119,00",VW - VolksWagen,Gol 1.0 Flex 12V 5p,2023,005490-9,Flex,1,F,maio de 2026 ,z5ljnwkctqpn,"segunda-feira, 1 de junho de 2026 00:20",55119.0
333,1,,,2021,,"R$ 52.266,00",VW - VolksWagen,Gol 1.6 MSI Flex 8V 5p,2021,005491-7,Flex,1,F,maio de 2026 ,y24j95hbrtg6,"segunda-feira, 1 de junho de 2026 00:20",52266.0
333,1,,,2022,,"R$ 58.016,00",VW - VolksWagen,Gol 1.6 MSI Flex 8V 5p,2022,005491-7,Flex,1,F,maio de 2026 ,08khsj2rj7lf,"segunda-feira, 1 de junho de 2026 00:20",58016.0
333,1,,,2022,,"R$ 56.003,00",VW - VolksWagen,VOYAGE 1.0 Flex 12V 4p,2022,005492-5,Flex,1,F,maio de 2026 ,0hyt518cmtlf,"segunda-feira, 1 de junho de 2026 00:20",56003.0
333,1,,,2023,,"R$ 60.548,00",VW - VolksWagen,VOYAGE 1.0 Flex 12V 4p,2023,005492-5,Flex,1,F,maio de 2026 ,167s7r9w5wpn,"segunda-feira, 1 de junho de 2026 00:20",60548.0
333,1,,,2021,,"R$ 51.704,00",VW - VolksWagen,VOYAGE 1.6 MSI Flex 8V 4p,2021,005493-3,Flex,1,F,maio de 2026 ,ywj8yrq8wpg6,"segunda-feira, 1 de junho de 2026 00:20",51704.0
333,1,,,2022,,"R$ 60.128,00",VW - VolksWagen,VOYAGE 1.6 MSI Flex 8V 4p,2022,005493-3,Flex,1,F,maio de 2026 ,1194v453ndlf,"segunda-feira, 1 de junho de 2026 00:20",60128.0
333,1,,,2021,,"R$ 75.191,00",VW - VolksWagen,VIRTUS 1.6 MSI Flex 16V 4p Aut.,2021,005500-0,Flex,1,F,maio de 2026 ,7rx23lnxbzg6,"segunda-feira, 1 de junho de 2026 00:20",75191.0
333,1,,,2022,,"R$ 84.193,00",VW - VolksWagen,VIRTUS 1.6 MSI Flex 16V 4p Aut.,2022,005500-0,Flex,1,F,maio de 2026 ,cb5g1n3vd8xlf,"segunda-feira, 1 de junho de 2026 00:20",84193.0
333,1,,,2022,,"R$ 59.259,00",VW - VolksWagen,Gol 1.6 MSI Flex 16V 5p Aut.,2022,005502-6,Flex,1,F,maio de 2026 ,1q39cdhhfllf,"segunda-feira, 1 de junho de 2026 00:20",59259.0
333,1,,,2022,,"R$ 64.596,00",VW - VolksWagen,VOYAGE 1.6 MSI Flex 16V 4p Aut.,2022,005501-8,Flex,1,F,maio de 2026 ,3rp396t1jnlf,"segunda-feira, 1 de junho de 2026 00:20",64596.0
333,1,,,2019,,"R$ 98.547,00",VW - VolksWagen,JETTA Comfort. 250 TSI 1.4 Flex 16v Aut.,2019,005504-2,Flex,1,F,maio de 2026 ,cjlr86v85nj90,"segunda-feira, 1 de junho de 2026 00:20",98547.0
333,1,,,2023,,"R$ 215.491,00",VW - VolksWagen,AMAROK Extreme CD 3.0 4x4 TB Dies. Aut.,2023,005506-9,Diesel,1,D,maio de 2026 ,lgzsgbyc26drj,"segunda-feira, 1 de junho de 2026 00:20",215491.0
333,1,,,2024,,"R$ 241.463,00",VW - VolksWagen,AMAROK Extreme CD 3.0 4x4 TB Dies. Aut.,2024,005506-9,Diesel,1,D,maio de 2026 ,mgfskkvx73dvr,"segunda-feira, 1 de junho de 2026 00:20",241463.0
333,1,,,2020,,"R$ 104.693,00",VW - VolksWagen,T-Cross Hig. 250 TSI 1.4 Flex 16V 5p Aut,2020,005508-5,Flex,1,F,maio de 2026 ,f82l41plnrdgh,"segunda-feira, 1 de junho de 2026 00:20",104693.0
333,1,,,2021,,"R$ 109.080,00",VW - VolksWagen,T-Cross Hig. 250 TSI 1.4 Flex 16V 5p Aut,2021,005508-5,Flex,1,F,maio de 2026 ,gf617gqy10dkq,"segunda-feira, 1 de junho de 2026 00:20",109080.0
333,1,,,2022,,"R$ 115.418,00",VW - VolksWagen,T-Cross Hig. 250 TSI 1.4 Flex 16V 5p Aut,2022,005508-5,Flex,1,F,maio de 2026 ,gpnfl6sqh7dny,"segunda-feira, 1 de junho de 2026 00:20",115418.0
333,1,,,2023,,"R$ 124.531,00",VW - VolksWagen,T-Cross Hig. 250 TSI 1.4 Flex 16V 5p Aut,2023,005508-5,Flex,1,F,maio de 2026 ,g1bnq382jqdr5,"segunda-feira, 1 de junho de 2026 00:20",124531.0
333,1,,,2024,,"R$ 131.448,00",VW - VolksWagen,T-Cross Hig. 250 TSI 1.4 Flex 16V 5p Aut,2024,005508-5,Flex,1,F,maio de 2026 ,g9f2h0qsjsdwd,"segunda-feira, 1 de junho de 2026 00:20",131448.0
333,1,,,2026,,"R$ 160.967,00",VW - VolksWagen,T-Cross Hig. 250 TSI 1.4 Flex 16V 5p Aut,2026,005508-5,Flex,1,F,maio de 2026 ,jd1z6x8jzdd2v,"segunda-feira, 1 de junho de 2026 00:20",160967.0
333,1,,,2025,,"R$ 143.595,00",VW - VolksWagen,T-Cross Hig. 250 TSI 1.4 Flex 16V 5p Aut,2025,005508-5,Flex,1,F,maio de 2026 ,hrpk6t2k66dzm,"segunda-feira, 1 de junho de 2026 00:20",143595.0
333,1,,,2021,,"R$ 98.084,00",VW - VolksWagen,T-Cross Comfor. 200 TSI 1.0 Flex 5p Aut.,2021,005509-3,Flex,1,F,maio de 2026 ,cjfb0bbrvnbdkq,"segunda-feira, 1 de junho de 2026 00:20",98084.0
333,1,,,2023,,"R$ 110.114,00",VW - VolksWagen,T-Cross Comfor. 200 TSI 1.0 Flex 5p Aut.,2023,005509-3,Flex,1,F,maio de 2026 ,ghfm9hry2cdr5,"segunda-feira, 1 de junho de 2026 00:20",110114.0
333,1,,,2022,,"R$ 103.414,00",VW - VolksWagen,T-Cross Comfor. 200 TSI 1.0 Flex 5p Aut.,2022,005509-3,Flex,1,F,maio de 2026 ,f7k309mbn9dny,"segunda-feira, 1 de junho de 2026 00:20",103414.0
333,1,,,2024,,"R$ 118.497,00",VW - VolksWagen,T-Cross Comfor. 200 TSI 1.0 Flex 5p Aut.,2024,005509-3,Flex,1,F,maio de 2026 ,gs8bwx6gv2dwd,"segunda-feira, 1 de junho de 2026 00:20",118497.0
333,1,,,2025,,"R$ 132.704,00",VW - VolksWagen,T-Cross Comfor. 200 TSI 1.0 Flex 5p Aut.,2025,005509-3,Flex,1,F,maio de 2026 ,hbxqqc3ssqdzm,"segunda-feira, 1 de junho de 2026 00:20",132704.0
333,1,,,2026,,"R$ 147.365,00",VW - VolksWagen,T-Cross Comfor. 200 TSI 1.0 Flex 5p Aut.,2026,005509-3,Flex,1,F,maio de 2026 ,hw3l2svzgpd2v,"segunda-feira, 1 de junho de 2026 00:20",147365.0
333,1,,,32000,5,"R$ 165.117,00",VW - VolksWagen,T-Cross Comfor. 200 TSI 1.0 Flex 5p Aut.,32000,005509-3,Flex,1,F,maio de 2026 ,jkxt72r361j1hl,"segunda-feira, 1 de junho de 2026 00:20",165117.0
333,1,,,2022,,"R$ 96.806,00",VW - VolksWagen,T-Cross 200 TSI 1.0  Flex 12V 5p Aut.,2022,005510-7,Flex,1,F,maio de 2026 ,chychc5432zdny,"segunda-feira, 1 de junho de 2026 00:20",96806.0
333,1,,,2023,,"R$ 100.068,00",VW - VolksWagen,T-Cross 200 TSI 1.0  Flex 12V 5p Aut.,2023,005510-7,Flex,1,F,maio de 2026 ,f3nhxd88c0dr5,"segunda-feira, 1 de junho de 2026 00:20",100068.0
333,1,,,2024,,"R$ 107.734,00",VW - VolksWagen,T-Cross 200 TSI 1.0  Flex 12V 5p Aut.,2024,005510-7,Flex,1,F,maio de 2026 ,gdm4mf7bdndwd,"segunda-feira, 1 de junho de 2026 00:20",107734.0
333,1,,,2025,,"R$ 119.704,00",VW - VolksWagen,T-Cross 200 TSI 1.0  Flex 12V 5p Aut.,2025,005510-7,Flex,1,F,maio de 2026 ,gvn6wrsfjqdzm,"segunda-feira, 1 de junho de 2026 00:20",119704.0
333,1,,,2026,,"R$ 129.347,00",VW - VolksWagen,T-Cross 200 TSI 1.0  Flex 12V 5p Aut.,2026,005510-7,Flex,1,F,maio de 2026 ,g6zp58vphrd2v,"segunda-feira, 1 de junho de 2026 00:20",129347.0
333,1,,,2026,,"R$ 97.935,00",VW - VolksWagen,Polo Sense TSI 1.0 Flex 12V Aut,2026,005513-1,Flex,1,F,maio de 2026 ,cjclvghbpx9d2v,"segunda-feira, 1 de junho de 2026 00:20",97935.0
333,1,,,2021,,"R$ 160.363,00",VW - VolksWagen,JETTA GLI 350 TSI 2.0 16V 4p Aut.,2021,005517-4,Gasolina,1,G,maio de 2026 ,jdb1nldrdtdjf,"segunda-feira, 1 de junho de 2026 00:20",160363.0
333,1,,,2023,,"R$ 192.861,00",VW - VolksWagen,JETTA GLI 350 TSI 2.0 16V 4p Aut.,2023,005517-4,Gasolina,1,G,maio de 2026 ,kmf7y83skzdqw,"segunda-feira, 1 de junho de 2026 00:20",192861.0
333,1,,,2021,,"R$ 106.000,00",VW - VolksWagen,Polo GTS 1.4 TSI 16V Flex,2021,005521-2,Flex,1,F,maio de 2026 ,gbl3tvcq4hdkq,"segunda-feira, 1 de junho de 2026 00:20",106000.0
333,1,,,2025,,"R$ 134.250,00",VW - VolksWagen,Polo GTS 1.4 TSI 16V Flex,2025,005521-2,Flex,1,F,maio de 2026 ,hdqxn9y2v4dzm,"segunda-feira, 1 de junho de 2026 00:20",134250.0
333,1,,,2022,,"R$ 98.991,00",VW - VolksWagen,Nivus Comfortline 1.0 200 TSI Flex Aut.,2022,005525-5,Flex,1,F,maio de 2026 ,cjrzn0k3lf8lf,"segunda-feira, 1 de junho de 2026 00:20",98991.0
333,1,,,2023,,"R$ 101.707,00",VW - VolksWagen,Nivus Comfortline 1.0 200 TSI Flex Aut.,2023,005525-5,Flex,1,F,maio de 2026 ,f5k2nsp71jdr5,"segunda-feira, 1 de junho de 2026 00:20",101707.0
333,1,,,2024,,"R$ 105.757,00",VW - VolksWagen,Nivus Comfortline 1.0 200 TSI Flex Aut.,2024,005525-5,Flex,1,F,maio de 2026 ,f9980zzcnvdwd,"segunda-feira, 1 de junho de 2026 00:20",105757.0
333,1,,,2025,,"R$ 123.627,00",VW - VolksWagen,Nivus Comfortline 1.0 200 TSI Flex Aut.,2025,005525-5,Flex,1,F,maio de 2026 ,gz8s4yq932dzm,"segunda-feira, 1 de junho de 2026 00:20",123627.0
333,1,,,32000,5,"R$ 153.552,00",VW - VolksWagen,Nivus Highline 1.0 200 TSI Flex Aut.,32000,005526-3,Flex,1,F,maio de 2026 ,h4cg9632kvcz,"quarta-feira, 27 de maio de 2026 14:50",153552.0
333,1,,,2026,,"R$ 129.070,00",VW - VolksWagen,Nivus Comfortline 1.0 200 TSI Flex Aut.,2026,005525-5,Flex,1,F,maio de 2026 ,g6nm2vprjcd2v,"segunda-feira, 1 de junho de 2026 00:20",129070.0
333,1,,,2021,,"R$ 103.097,00",VW - VolksWagen,Nivus Highline 1.0 200 TSI Flex Aut.,2021,005526-3,Flex,1,F,maio de 2026 ,f66lvpy0q5dkq,"segunda-feira, 1 de junho de 2026 00:20",103097.0
333,1,,,2022,,"R$ 108.016,00",VW - VolksWagen,Nivus Highline 1.0 200 TSI Flex Aut.,2022,005526-3,Flex,1,F,maio de 2026 ,gdzdck6nj0dny,"segunda-feira, 1 de junho de 2026 00:20",108016.0
333,1,,,2023,,"R$ 112.930,00",VW - VolksWagen,Nivus Highline 1.0 200 TSI Flex Aut.,2023,005526-3,Flex,1,F,maio de 2026 ,glqz7tdcp8dr5,"segunda-feira, 1 de junho de 2026 00:20",112930.0
333,1,,,2024,,"R$ 116.820,00",VW - VolksWagen,Nivus Highline 1.0 200 TSI Flex Aut.,2024,005526-3,Flex,1,F,maio de 2026 ,gq9c99nx30dwd,"segunda-feira, 1 de junho de 2026 00:20",116820.0
333,1,,,2025,,"R$ 130.720,00",VW - VolksWagen,Nivus Highline 1.0 200 TSI Flex Aut.,2025,005526-3,Flex,1,F,maio de 2026 ,g8ll7d5j16dzm,"segunda-feira, 1 de junho de 2026 00:20",130720.0
333,1,,,2026,,"R$ 138.999,00",VW - VolksWagen,Nivus Highline 1.0 200 TSI Flex Aut.,2026,005526-3,Flex,1,F,maio de 2026 ,hk9jm53t97d2v,"segunda-feira, 1 de junho de 2026 00:20",138999.0
333,1,,,32000,5,"R$ 216.609,00",VW - VolksWagen,TAOS Highline 1.4 250 TSI Flex Aut.,32000,005528-0,Flex,1,F,maio de 2026 ,lh9d5f97zzcz,"quarta-feira, 27 de maio de 2026 14:50",216609.0
333,1,,,2023,,"R$ 131.053,00",VW - VolksWagen,TAOS Comfortline 1.4 250 TSI Flex Aut.,2023,005527-1,Flex,1,F,maio de 2026 ,g8zqfxq98fdr5,"segunda-feira, 1 de junho de 2026 00:20",131053.0
333,1,,,2022,,"R$ 119.083,00",VW - VolksWagen,TAOS Comfortline 1.4 250 TSI Flex Aut.,2022,005527-1,Flex,1,F,maio de 2026 ,gtym5l564cdny,"segunda-feira, 1 de junho de 2026 00:20",119083.0
333,1,,,2024,,"R$ 143.175,00",VW - VolksWagen,TAOS Comfortline 1.4 250 TSI Flex Aut.,2024,005527-1,Flex,1,F,maio de 2026 ,hq59zhshsydwd,"segunda-feira, 1 de junho de 2026 00:20",143175.0
333,1,,,2025,,"R$ 159.449,00",VW - VolksWagen,TAOS Comfortline 1.4 250 TSI Flex Aut.,2025,005527-1,Flex,1,F,maio de 2026 ,jb8ts2ym1fdzm,"segunda-feira, 1 de junho de 2026 00:20",159449.0
333,1,,,2022,,"R$ 135.755,00",VW - VolksWagen,TAOS Highline 1.4 250 TSI Flex Aut.,2022,005528-0,Flex,1,F,maio de 2026 ,hghmf3pwkhdny,"segunda-feira, 1 de junho de 2026 00:20",135755.0
333,1,,,2023,,"R$ 143.147,00",VW - VolksWagen,TAOS Highline 1.4 250 TSI Flex Aut.,2023,005528-0,Flex,1,F,maio de 2026 ,hq49fg1bkqdr5,"segunda-feira, 1 de junho de 2026 00:20",143147.0
333,1,,,2024,,"R$ 163.479,00",VW - VolksWagen,TAOS Highline 1.4 250 TSI Flex Aut.,2024,005528-0,Flex,1,F,maio de 2026 ,jhz9mpy17ndwd,"segunda-feira, 1 de junho de 2026 00:20",163479.0
333,1,,,2023,,"R$ 75.444,00",VW - VolksWagen,Saveiro Trendline 1.6 Total Flex 16V,2023,005531-0,Flex,1,F,maio de 2026 ,7vw1s3mrlppn,"segunda-feira, 1 de junho de 2026 00:20",75444.0
333,1,,,2024,,"R$ 84.927,00",VW - VolksWagen,Saveiro Trendline 1.6 Total Flex 16V,2024,005531-0,Flex,1,F,maio de 2026 ,ccf2t16hr46sw,"segunda-feira, 1 de junho de 2026 00:20",84927.0
333,1,,,2025,,"R$ 91.847,00",VW - VolksWagen,Saveiro Trendline 1.6 Total Flex 16V,2025,005531-0,Flex,1,F,maio de 2026 ,cf161kx9dzbw3,"segunda-feira, 1 de junho de 2026 00:20",91847.0
333,1,,,2023,,"R$ 169.087,00",VW - VolksWagen,AMAROK Comfor. 3.0 V6 TDI 4x4 Dies. Aut.,2023,005532-8,Diesel,1,D,maio de 2026 ,jqk4gyz6gjdrj,"segunda-feira, 1 de junho de 2026 00:20",169087.0
333,1,,,2023,,"R$ 69.428,00",VW - VolksWagen,Polo 1.0 MPI Flex 12V 5p,2023,005533-6,Flex,1,F,maio de 2026 ,5lcd44fjn3dr5,"segunda-feira, 1 de junho de 2026 00:20",69428.0
333,1,,,2024,,"R$ 74.215,00",VW - VolksWagen,Polo 1.0 MPI Flex 12V 5p,2024,005533-6,Flex,1,F,maio de 2026 ,7dhby2h2x6dwd,"segunda-feira, 1 de junho de 2026 00:20",74215.0
333,1,,,2025,,"R$ 76.197,00",VW - VolksWagen,Polo 1.0 MPI Flex 12V 5p,2025,005533-6,Flex,1,F,maio de 2026 ,74qq8fg7qwdzm,"segunda-feira, 1 de junho de 2026 00:20",76197.0
333,1,,,2023,,"R$ 76.985,00",VW - VolksWagen,Polo 1.0 TSI Flex 12V 5p,2023,005534-4,Flex,1,F,maio de 2026 ,8fy43b8t86dr5,"segunda-feira, 1 de junho de 2026 00:20",76985.0
333,1,,,2024,,"R$ 79.068,00",VW - VolksWagen,Polo 1.0 TSI Flex 12V 5p,2024,005534-4,Flex,1,F,maio de 2026 ,87c8ffskn5dwd,"segunda-feira, 1 de junho de 2026 00:20",79068.0
333,1,,,2025,,"R$ 92.345,00",VW - VolksWagen,Polo 1.0 TSI Flex 12V 5p,2025,005534-4,Flex,1,F,maio de 2026 ,cf711s6hv2mdzm,"segunda-feira, 1 de junho de 2026 00:20",92345.0
333,1,,,2023,,"R$ 85.243,00",VW - VolksWagen,Polo Comfortline TSI 1.0 Flex 12V Aut.,2023,005535-2,Flex,1,F,maio de 2026 ,ccksplw31gcdr5,"segunda-feira, 1 de junho de 2026 00:20",85243.0
333,1,,,2024,,"R$ 88.940,00",VW - VolksWagen,Polo Comfortline TSI 1.0 Flex 12V Aut.,2024,005535-2,Flex,1,F,maio de 2026 ,cdy4fr0x4rndwd,"segunda-feira, 1 de junho de 2026 00:20",88940.0
333,1,,,2025,,"R$ 98.515,00",VW - VolksWagen,Polo Comfortline TSI 1.0 Flex 12V Aut.,2025,005535-2,Flex,1,F,maio de 2026 ,cjldnm563j0dzm,"segunda-feira, 1 de junho de 2026 00:20",98515.0
333,1,,,32000,5,"R$ 124.844,00",VW - VolksWagen,Saveiro Robust 1.6 Total Flex 16V CD,32000,005537-9,Flex,1,F,maio de 2026 ,g1p1d1ktf4j1hl,"quarta-feira, 27 de maio de 2026 14:50",124844.0
333,1,,,2023,,"R$ 93.468,00",VW - VolksWagen,Polo Highline TSI 1.0 Flex 12V Aut.,2023,005536-0,Flex,1,F,maio de 2026 ,cgn668qv8x6dr5,"segunda-feira, 1 de junho de 2026 00:20",93468.0
333,1,,,2024,,"R$ 97.330,00",VW - VolksWagen,Polo Highline TSI 1.0 Flex 12V Aut.,2024,005536-0,Flex,1,F,maio de 2026 ,ch4hyld45n3dwd,"segunda-feira, 1 de junho de 2026 00:20",97330.0
333,1,,,2025,,"R$ 106.281,00",VW - VolksWagen,Polo Highline TSI 1.0 Flex 12V Aut.,2025,005536-0,Flex,1,F,maio de 2026 ,gbybfzst9wdzm,"segunda-feira, 1 de junho de 2026 00:20",106281.0
333,1,,,2023,,"R$ 71.569,00",VW - VolksWagen,Saveiro Robust 1.6 Total Flex 16V CD,2023,005537-9,Flex,1,F,maio de 2026 ,6dglz84hzbdr5,"segunda-feira, 1 de junho de 2026 00:20",71569.0
333,1,,,2026,,"R$ 111.559,00",VW - VolksWagen,Polo Highline TSI 1.0 Flex 12V Aut.,2026,005536-0,Flex,1,F,maio de 2026 ,gj35gjpsv0d2v,"segunda-feira, 1 de junho de 2026 00:20",111559.0
333,1,,,2024,,"R$ 76.130,00",VW - VolksWagen,Saveiro Robust 1.6 Total Flex 16V CD,2024,005537-9,Flex,1,F,maio de 2026 ,73ydbp5lqzdwd,"segunda-feira, 1 de junho de 2026 00:20",76130.0
333,1,,,2025,,"R$ 85.295,00",VW - VolksWagen,Saveiro Robust 1.6 Total Flex 16V CD,2025,005537-9,Flex,1,F,maio de 2026 ,ccldlh6k6k6dzm,"segunda-feira, 1 de junho de 2026 00:20",85295.0
333,1,,,2023,,"R$ 66.973,00",VW - VolksWagen,Saveiro Robust 1.6 Total Flex 16V ,2023,005538-7,Flex,1,F,maio de 2026 ,4nk29krrwtdr5,"segunda-feira, 1 de junho de 2026 00:20",66973.0
333,1,,,32000,5,"R$ 91.637,00",VW - VolksWagen,Polo Track 1.0 Flex 12V 5p,32000,005540-9,Flex,1,F,maio de 2026 ,cfzrqctm8r5cz,"quarta-feira, 27 de maio de 2026 14:50",91637.0
333,1,,,2024,,"R$ 75.789,00",VW - VolksWagen,Saveiro Robust 1.6 Total Flex 16V ,2024,005538-7,Flex,1,F,maio de 2026 ,7zyf3bvpvrdwd,"segunda-feira, 1 de junho de 2026 00:20",75789.0
333,1,,,2025,,"R$ 83.726,00",VW - VolksWagen,Saveiro Robust 1.6 Total Flex 16V ,2025,005538-7,Flex,1,F,maio de 2026 ,cbzz9qdvydxdzm,"segunda-feira, 1 de junho de 2026 00:20",83726.0
333,1,,,2026,,"R$ 88.743,00",VW - VolksWagen,Saveiro Robust 1.6 Total Flex 16V ,2026,005538-7,Flex,1,F,maio de 2026 ,cdwtt11hb63d2v,"segunda-feira, 1 de junho de 2026 00:20",88743.0
333,1,,,2025,,"R$ 75.922,00",VW - VolksWagen,Polo Track 1.0 Flex 12V 5p,2025,005540-9,Flex,1,F,maio de 2026 ,71hsphchh3dzm,"segunda-feira, 1 de junho de 2026 00:20",75922.0
333,1,,,2026,,"R$ 105.687,00",VW - VolksWagen,VIRTUS TSI 1.0 Flex 12V 4p Mec.,2026,005542-5,Flex,1,F,maio de 2026 ,f97q4w6601d2v,"segunda-feira, 1 de junho de 2026 00:20",105687.0
333,1,,,2024,,"R$ 96.221,00",VW - VolksWagen,VIRTUS TSI 1.0 Flex 12V 4p Aut.,2024,005543-3,Flex,1,F,maio de 2026 ,chqhvv0km4fdwd,"segunda-feira, 1 de junho de 2026 00:20",96221.0
333,1,,,2025,,"R$ 103.491,00",VW - VolksWagen,VIRTUS TSI 1.0 Flex 12V 4p Aut.,2025,005543-3,Flex,1,F,maio de 2026 ,f7nxsv5kz9dzm,"segunda-feira, 1 de junho de 2026 00:20",103491.0
333,1,,,2026,,"R$ 111.142,00",VW - VolksWagen,VIRTUS TSI 1.0 Flex 12V 4p Aut.,2026,005543-3,Flex,1,F,maio de 2026 ,gjm0lyxv36d2v,"segunda-feira, 1 de junho de 2026 00:21",111142.0
333,1,,,2023,,"R$ 115.021,00",VW - VolksWagen,VIRTUS Exclusive 250TSI 1.4 Flex 16V Aut,2023,005544-1,Flex,1,F,maio de 2026 ,gn5z868djydr5,"segunda-feira, 1 de junho de 2026 00:21",115021.0
333,1,,,2023,5,"R$ 65.939,00",VW - VolksWagen,Polo Track 1.0 Flex 12V 5p,2023,005540-9,Flex,1,F,maio de 2026 ,38f8m7fv9ydr5,"segunda-feira, 1 de junho de 2026 00:21",65939.0
333,1,,,2024,,"R$ 119.526,00",VW - VolksWagen,VIRTUS Exclusive 250TSI 1.4 Flex 16V Aut,2024,005544-1,Flex,1,F,maio de 2026 ,gvgq995km3dwd,"segunda-feira, 1 de junho de 2026 00:21",119526.0
333,1,,,2024,5,"R$ 69.975,00",VW - VolksWagen,Polo Track 1.0 Flex 12V 5p,2024,005540-9,Flex,1,F,maio de 2026 ,5sr7h395vxdwd,"segunda-feira, 1 de junho de 2026 00:21",69975.0
333,1,,,2026,5,"R$ 81.509,00",VW - VolksWagen,Polo Track 1.0 Flex 12V 5p,2026,005540-9,Flex,1,F,maio de 2026 ,940hjwqtc7d2v,"segunda-feira, 1 de junho de 2026 00:21",81509.0
333,1,,,2023,5,"R$ 81.913,00",VW - VolksWagen,VIRTUS TSI 1.0 Flex 12V 4p Mec.,2023,005542-5,Flex,1,F,maio de 2026 ,99rbmswwdxdr5,"segunda-feira, 1 de junho de 2026 00:21",81913.0
333,1,,,2024,5,"R$ 90.457,00",VW - VolksWagen,VIRTUS TSI 1.0 Flex 12V 4p Mec.,2024,005542-5,Flex,1,F,maio de 2026 ,cfjxtnh7crzdwd,"segunda-feira, 1 de junho de 2026 00:21",90457.0
333,1,,,2025,5,"R$ 96.570,00",VW - VolksWagen,VIRTUS TSI 1.0 Flex 12V 4p Mec.,2025,005542-5,Flex,1,F,maio de 2026 ,chvlp7qv93ydzm,"segunda-feira, 1 de junho de 2026 00:21",96570.0
333,1,,,32000,5,"R$ 120.244,00",VW - VolksWagen,Tera 1.0 170 TSI Flex 12V 5p Mec.,32000,005554-9,Flex,1,F,maio de 2026 ,gv9vbnhj31j1hl,"quarta-feira, 27 de maio de 2026 14:50",120244.0
333,1,,,2025,,"R$ 128.930,00",VW - VolksWagen,VIRTUS Exclusive 250TSI 1.4 Flex 16V Aut,2025,005544-1,Flex,1,F,maio de 2026 ,g6hkbp2n0sdzm,"segunda-feira, 1 de junho de 2026 00:21",128930.0
333,1,,,2026,,"R$ 139.539,00",VW - VolksWagen,VIRTUS Exclusive 250TSI 1.4 Flex 16V Aut,2026,005544-1,Flex,1,F,maio de 2026 ,hlx421ycmdd2v,"segunda-feira, 1 de junho de 2026 00:21",139539.0
333,1,,,2023,5,"R$ 86.573,00",VW - VolksWagen,VIRTUS TSI 1.0 Flex 12V 4p Aut.,2023,005543-3,Flex,1,F,maio de 2026 ,cc2c3gb6t39dr5,"segunda-feira, 1 de junho de 2026 00:21",86573.0
333,1,,,2024,,"R$ 101.104,00",VW - VolksWagen,Saveiro Extreme 1.6 Flex 16V CD,2024,005546-8,Flex,1,F,maio de 2026 ,f4v469ysmsdwd,"segunda-feira, 1 de junho de 2026 00:21",101104.0
333,1,,,2025,,"R$ 106.926,00",VW - VolksWagen,Saveiro Extreme 1.6 Flex 16V CD,2025,005546-8,Flex,1,F,maio de 2026 ,gcpr6gs69pdzm,"segunda-feira, 1 de junho de 2026 00:21",106926.0
333,1,,,2024,,"R$ 215.050,00",VW - VolksWagen,TIGUAN Allspac R-Line 300 TSI 2.0 ,2024,005547-6,Gasolina,1,G,maio de 2026 ,lggrkfvx8zdt3,"segunda-feira, 1 de junho de 2026 00:21",215050.0
333,1,,,2025,,"R$ 248.064,00",VW - VolksWagen,TIGUAN Allspac R-Line 300 TSI 2.0 ,2025,005547-6,Gasolina,1,G,maio de 2026 ,mp5p8qr87gdyb,"segunda-feira, 1 de junho de 2026 00:21",248064.0
333,1,,,2019,,"R$ 175.424,00",Audi,A5 Sportb. Perf. 2.0 TFSI Quat. S-tronic,2019,008230-9,Gasolina,1,G,maio de 2026 ,jy0gqr29ppc9z,"segunda-feira, 1 de junho de 2026 00:21",175424.0
333,1,,,2022,,"R$ 218.606,00",Audi,Q5 Prestige 2.0 TFSI Quattro S tronic,2022,008238-4,Gasolina,1,G,maio de 2026 ,llmz9jly0pdmn,"segunda-feira, 1 de junho de 2026 00:21",218606.0
333,1,,,2022,,"R$ 199.076,00",Audi,A4 Prestige Plus 2.0 TFSI 190cv S tronic,2022,008245-7,Gasolina,1,G,maio de 2026 ,kvq4rp7z9xdmn,"segunda-feira, 1 de junho de 2026 00:21",199076.0
333,1,,,2022,,"R$ 173.969,00",Audi,A4 Prestige 2.0 TFSI S-tronic,2022,008247-3,Gasolina,1,G,maio de 2026 ,jw9k9f5z81dmn,"segunda-feira, 1 de junho de 2026 00:21",173969.0
333,1,,,2023,,"R$ 180.485,00",Audi,A4 Prestige 2.0 TFSI S-tronic,2023,008247-3,Gasolina,1,G,maio de 2026 ,j4yd7mvm04dqw,"segunda-feira, 1 de junho de 2026 00:21",180485.0
333,1,,,2021,,"R$ 211.080,00",Audi,Q5 S-Line 2.0 TFSI Quattro S-tronic 252cv,2021,008248-1,Gasolina,1,G,maio de 2026 ,k9tgbllwgmdjf,"segunda-feira, 1 de junho de 2026 00:21",211080.0
333,1,,,2023,,"R$ 269.579,00",Audi,Q5 S-Line 2.0 TFSI Quattro S-tronic 252cv,2023,008248-1,Gasolina,1,G,maio de 2026 ,njdqfgstvndqw,"segunda-feira, 1 de junho de 2026 00:21",269579.0
333,1,,,2023,,"R$ 241.398,00",Audi,A5 Sportback S-Line 2.0 TFSI S-tronic,2023,008249-0,Gasolina,1,G,maio de 2026 ,mgcd942q0rdqw,"segunda-feira, 1 de junho de 2026 00:21",241398.0
333,1,,,2020,,"R$ 340.862,00",Audi,Q8 Perf.Black 3.0 TFSI Quat. S-tr/(Híb.),2020,008250-3,Híbrido,1,H,maio de 2026 ,q6zmy6tzzrdgt,"segunda-feira, 1 de junho de 2026 00:21",340862.0
333,1,,,2021,,"R$ 355.468,00",Audi,Q8 Perf.Black 3.0 TFSI Quat. S-tr/(Híb.),2021,008250-3,Híbrido,1,H,maio de 2026 ,rr3jchw0qbdk1,"segunda-feira, 1 de junho de 2026 00:21",355468.0
333,1,,,2022,,"R$ 401.174,00",Audi,Q8 Perf.Black 3.0 TFSI Quat. S-tr/(Híb.),2022,008250-3,Híbrido,1,H,maio de 2026 ,thpsv4xt6jdn8,"segunda-feira, 1 de junho de 2026 00:21",401174.0
333,1,,,2023,,"R$ 468.312,00",Audi,Q8 Perf.Black 3.0 TFSI Quat. S-tr/(Híb.),2023,008250-3,Híbrido,1,H,maio de 2026 ,w1d10djlbddsh,"segunda-feira, 1 de junho de 2026 00:21",468312.0
333,1,,,2024,1,"R$ 284.219,00",Audi,Q5 Prestige 2.0 TFSI Quattro S tronic,2024,008238-4,Gasolina,1,G,maio de 2026 ,n2kt4c80hgdt3,"segunda-feira, 1 de junho de 2026 00:21",284219.0
333,1,,,2023,1,"R$ 260.173,00",Audi,Q5 Prestige 2.0 TFSI Quattro S tronic,2023,008238-4,Gasolina,1,G,maio de 2026 ,m5ct47167mdqw,"segunda-feira, 1 de junho de 2026 00:21",260173.0
333,1,,,2020,,"R$ 165.425,00",Audi,A3 Sed.Perf. Black 2.0 TFSI S-tr. (Hib.),2020,008256-2,Híbrido,1,H,maio de 2026 ,jk809bzy17dgt,"segunda-feira, 1 de junho de 2026 00:21",165425.0
333,1,,,2021,1,"R$ 153.421,00",Audi,A4 Prestige 2.0 TFSI S-tronic,2021,008247-3,Gasolina,1,G,maio de 2026 ,h36qqgscqmdjf,"segunda-feira, 1 de junho de 2026 00:21",153421.0
333,1,,,2023,,"R$ 204.082,00",Audi,A3 Sed.Perf. Black 2.0 TFSI S-tr. (Hib.),2023,008256-2,Híbrido,1,H,maio de 2026 ,k1l29fbpn7dsh,"segunda-feira, 1 de junho de 2026 00:21",204082.0
333,1,,,2024,,"R$ 214.988,00",Audi,A3 Sed.Perf. Black 2.0 TFSI S-tr. (Hib.),2024,008256-2,Híbrido,1,H,maio de 2026 ,lgdhptg7z4dwq,"segunda-feira, 1 de junho de 2026 00:21",214988.0
333,1,,,2020,,"R$ 271.666,00",Audi,E-TRON Performa. Black Aut. (Elétrico),2020,008258-9,Elétrico,1,E,maio de 2026 ,nlvky64v6tdf5,"segunda-feira, 1 de junho de 2026 00:21",271666.0
333,1,,,2020,,"R$ 260.606,00",Audi,E-TRON Sportback Perf. Aut. (Elétrico),2020,008259-7,Elétrico,1,E,maio de 2026 ,m5wk1pw7g8df5,"segunda-feira, 1 de junho de 2026 00:21",260606.0
333,1,,,2022,,"R$ 327.579,00",Audi,E-TRON Sportback Perf. Aut. (Elétrico),2022,008259-7,Elétrico,1,E,maio de 2026 ,qqdt8lghrzdnm,"segunda-feira, 1 de junho de 2026 00:21",327579.0
333,1,,,2023,,"R$ 377.755,00",Audi,E-TRON Sportb. Perf.Black Aut.(Elétrico),2023,008260-0,Elétrico,1,E,maio de 2026 ,sl7lcsy0t1drv,"segunda-feira, 1 de junho de 2026 00:21",377755.0
333,1,,,2024,,"R$ 233.179,00",Audi,A3 Sportb. Perf. Black 2.0 S-tron.(Híb.),2024,008275-9,Híbrido,1,H,maio de 2026 ,l4qph40jcvdwq,"segunda-feira, 1 de junho de 2026 00:21",233179.0
333,1,,,2024,,"R$ 222.698,00",Audi,A3 Sportb. S-Line 2.0 TFSI S-Tron.(Híb.),2024,008278-3,Híbrido,1,H,maio de 2026 ,lrfqzr4gvjdwq,"segunda-feira, 1 de junho de 2026 00:21",222698.0
333,1,,,2022,,"R$ 189.010,00",Audi,A3 Sedan S-Line 2.0 TFSI  S-Tron.(Híb.),2022,008279-1,Híbrido,1,H,maio de 2026 ,kgx8t1nl4qdn8,"segunda-feira, 1 de junho de 2026 00:21",189010.0
333,1,,,2023,,"R$ 199.723,00",Audi,A3 Sedan S-Line 2.0 TFSI  S-Tron.(Híb.),2023,008279-1,Híbrido,1,H,maio de 2026 ,kwhnr10h80dsh,"segunda-feira, 1 de junho de 2026 00:21",199723.0
333,1,,,2024,,"R$ 206.133,00",Audi,A3 Sedan S-Line 2.0 TFSI  S-Tron.(Híb.),2024,008279-1,Híbrido,1,H,maio de 2026 ,k30m8qkk1ddwq,"segunda-feira, 1 de junho de 2026 00:21",206133.0
333,1,,,2023,,"R$ 242.892,00",Audi,Q3 Perf. Black 2.0 TFSI Tiptr. Quattro,2023,008280-5,Gasolina,1,G,maio de 2026 ,mh3qpqx4p2dqw,"segunda-feira, 1 de junho de 2026 00:21",242892.0
333,1,,,2024,,"R$ 268.425,00",Audi,Q3 Perf. Black 2.0 TFSI Tiptr. Quattro,2024,008280-5,Gasolina,1,G,maio de 2026 ,ng1r4x6l0ddt3,"segunda-feira, 1 de junho de 2026 00:21",268425.0
333,1,,,2024,,"R$ 263.059,00",Audi,Q3 SPB Performance 2.0 TFSI Tipt. Quatt.,2024,008282-1,Gasolina,1,G,maio de 2026 ,m8rqzltjpwdt3,"segunda-feira, 1 de junho de 2026 00:21",263059.0
333,1,,,2023,,"R$ 241.874,00",Audi,Q3 SPB Perf. Black 2.0 TFSI Tipt. Quat.,2023,008283-0,Gasolina,1,G,maio de 2026 ,mgxqnkw7cgdqw,"segunda-feira, 1 de junho de 2026 00:21",241874.0
333,1,,,2024,,"R$ 272.850,00",Audi,Q3 SPB Perf. Black 2.0 TFSI Tipt. Quat.,2024,008283-0,Gasolina,1,G,maio de 2026 ,nm7l1n3312dt3,"segunda-feira, 1 de junho de 2026 00:21",272850.0
333,1,,,2023,,"R$ 221.680,00",Audi,Q3 Performance 2.0 TFSI Tiptr. Quattro,2023,008284-8,Gasolina,1,G,maio de 2026 ,lp7qyl23nwdqw,"segunda-feira, 1 de junho de 2026 00:21",221680.0
333,1,,,2024,,"R$ 261.757,00",Audi,Q3 Performance 2.0 TFSI Tiptr. Quattro,2024,008284-8,Gasolina,1,G,maio de 2026 ,m67dyg14nsdt3,"segunda-feira, 1 de junho de 2026 00:21",261757.0
333,1,,,2025,,"R$ 300.937,00",Audi,Q3 Performance 2.0 TFSI Tiptr. Quattro,2025,008284-8,Gasolina,1,G,maio de 2026 ,pp5g7m9g4qdyb,"segunda-feira, 1 de junho de 2026 00:21",300937.0
333,1,,,2024,,"R$ 347.774,00",Audi,Q5 Perf. Black 2.0 TFSIe S.Tr. Qt (Hib.),2024,008285-6,Híbrido,1,H,maio de 2026 ,rg2v3f6gggdwq,"segunda-feira, 1 de junho de 2026 00:21",347774.0
333,1,,,2023,,"R$ 292.895,00",Audi,Q5 Perf. Black 2.0 TFSIe S.Tr. Qt (Hib.),2023,008285-6,Híbrido,1,H,maio de 2026 ,pdq5v3x6ctdsh,"segunda-feira, 1 de junho de 2026 00:21",292895.0
333,1,,,2023,,"R$ 288.946,00",Audi,Q5 SB Perf. 2.0 TFSIe S.Tr. Qt (Hib.),2023,008286-4,Híbrido,1,H,maio de 2026 ,n73m9sqq4ldsh,"segunda-feira, 1 de junho de 2026 00:21",288946.0
333,1,,,2023,,"R$ 295.909,00",Audi,Q5 SB P Black. 2.0 TFSIe S.Tr. Qt (Hib.),2023,008287-2,Híbrido,1,H,maio de 2026 ,ph8qxfjyj2dsh,"segunda-feira, 1 de junho de 2026 00:21",295909.0
333,1,,,2023,,"R$ 289.900,00",Audi,Q5 Performance 2.0 TFSIe S.Tr. Qt (Hib.),2023,008288-0,Híbrido,1,H,maio de 2026 ,n8697gry1bdsh,"segunda-feira, 1 de junho de 2026 00:21",289900.0
333,1,,,2024,,"R$ 329.178,00",Audi,Q5 Performance 2.0 TFSIe S.Tr. Qt (Hib.),2024,008288-0,Híbrido,1,H,maio de 2026 ,qr8yyqmdpvdwq,"segunda-feira, 1 de junho de 2026 00:21",329178.0
333,1,,,2024,,"R$ 242.897,00",Audi,Q3 Prestige 2.0 TFSI Tiptr.Quatro ,2024,008289-9,Gasolina,1,G,maio de 2026 ,mh3xbb1k5pdt3,"segunda-feira, 1 de junho de 2026 00:21",242897.0
333,1,,,2025,,"R$ 276.450,00",Audi,Q3 Prestige 2.0 TFSI Tiptr.Quatro ,2025,008289-9,Gasolina,1,G,maio de 2026 ,nsggclvhmcdyb,"segunda-feira, 1 de junho de 2026 00:21",276450.0
333,1,,,2024,6,"R$ 239.540,00",Audi,A4 Prestige 2.0 16V TFSI Quattro (Híb.),2024,008302-0,Híbrido,1,H,maio de 2026 ,mc5ws7ssjfdwq,"segunda-feira, 1 de junho de 2026 00:21",239540.0
333,1,,,2022,,"R$ 199.340,00",BMW,320iA 2.0 Turbo/ActiveFlex 16V/GP  4p,2022,009164-2,Gasolina,1,G,maio de 2026 ,kv1q62fr2sdmn,"segunda-feira, 1 de junho de 2026 00:21",199340.0
333,1,,,2023,,"R$ 236.986,00",BMW,320iA 2.0 Turbo/ActiveFlex 16V/GP  4p,2023,009164-2,Gasolina,1,G,maio de 2026 ,l8512hfrczdqw,"segunda-feira, 1 de junho de 2026 00:21",236986.0
333,1,,,2024,,"R$ 263.908,00",BMW,320iA 2.0 Turbo/ActiveFlex 16V/GP  4p,2024,009164-2,Gasolina,1,G,maio de 2026 ,m9rlln4sj6dt3,"segunda-feira, 1 de junho de 2026 00:21",263908.0
333,1,,,2022,,"R$ 210.228,00",BMW,320iA Modern/Sport TB 2.0/A.Flex/GP 4p,2022,009165-0,Gasolina,1,G,maio de 2026 ,k8thbqy0fmdmn,"segunda-feira, 1 de junho de 2026 00:21",210228.0
333,1,,,2022,,"R$ 169.123,00",BMW,X1 SDRIVE 20i 2.0/2.0 TB Acti.Flex Aut.,2022,009172-3,Gasolina,1,G,maio de 2026 ,jqmf1dvj7jdmn,"segunda-feira, 1 de junho de 2026 00:21",169123.0
333,1,,,2024,,"R$ 290.955,00",BMW,320iA 2.0 TB M Sport A.Flex/M.Sport 4p,2024,009213-4,Flex,1,F,maio de 2026 ,pbgny1jtt7dwd,"segunda-feira, 1 de junho de 2026 00:21",290955.0
333,1,,,2023,1,"R$ 256.992,00",BMW,320iA Modern/Sport TB 2.0/A.Flex/GP 4p,2023,009165-0,Gasolina,1,G,maio de 2026 ,m1m6yqh8cwdqw,"segunda-feira, 1 de junho de 2026 00:21",256992.0
333,1,,,2024,1,"R$ 279.197,00",BMW,320iA Modern/Sport TB 2.0/A.Flex/GP 4p,2024,009165-0,Gasolina,1,G,maio de 2026 ,nwn9kr2zgjdt3,"segunda-feira, 1 de junho de 2026 00:21",279197.0
333,1,,,2021,1,"R$ 155.905,00",BMW,X1 SDRIVE 20i 2.0/2.0 TB Acti.Flex Aut.,2021,009172-3,Gasolina,1,G,maio de 2026 ,h630k5dxnbdjf,"segunda-feira, 1 de junho de 2026 00:21",155905.0
333,1,,,2023,,"R$ 349.744,00",BMW,X4 XDRIVE 30i M-Sport 2.0 TB 252cv Aut,2023,009236-3,Gasolina,1,G,maio de 2026 ,rkdgtfnmx0dqw,"segunda-feira, 1 de junho de 2026 00:21",349744.0
333,1,,,2020,1,"R$ 299.778,00",BMW,540i M Sport 3.0 Turbo 340cv Aut.,2020,009225-8,Gasolina,1,G,maio de 2026 ,pntcbfht6rdd6,"segunda-feira, 1 de junho de 2026 00:21",299778.0
333,1,,,2023,,"R$ 316.076,00",BMW,530e M Sport 2.0 Turbo Aut. (Híbrido),2023,009238-0,Híbrido,1,H,maio de 2026 ,p8xq6bc78hdsh,"segunda-feira, 1 de junho de 2026 00:21",316076.0
333,1,,,2022,,"R$ 180.002,00",BMW,X1 SDRIVE 20i X-Line 2.0 TB Active Flex,2022,009239-8,Flex,1,F,maio de 2026 ,j4cv0p9zfwdny,"segunda-feira, 1 de junho de 2026 00:21",180002.0
333,1,,,2021,1,"R$ 304.985,00",BMW,X3 M40i 3.0 Turbo V6  Aut.,2021,009227-4,Gasolina,1,G,maio de 2026 ,pvxmbzxzl9djf,"segunda-feira, 1 de junho de 2026 00:21",304985.0
333,1,,,2022,1,"R$ 306.033,00",BMW,X4 XDRIVE 30i M-Sport 2.0 TB 252cv Aut,2022,009236-3,Gasolina,1,G,maio de 2026 ,pw4p50dbghdmn,"segunda-feira, 1 de junho de 2026 00:22",306033.0
333,1,,,2022,,"R$ 151.120,00",BMW,i3 Bev Full 170cv Aut. (Elétrico),2022,009254-1,Elétrico,1,E,maio de 2026 ,h1h21t9qk8dnm,"segunda-feira, 1 de junho de 2026 00:22",151120.0
333,1,,,2022,,"R$ 372.784,00",BMW,X5 XDRIVE 45e 3.0 M.Sport  Aut. (Híb.),2022,009262-2,Híbrido,1,H,maio de 2026 ,sfdw8kk97tdn8,"segunda-feira, 1 de junho de 2026 00:22",372784.0
333,1,,,2022,,"R$ 236.067,00",BMW,330e M Sport 2.0 Turbo Aut. (Híbrido),2022,009266-5,Híbrido,1,H,maio de 2026 ,l73nlb7y5mdn8,"segunda-feira, 1 de junho de 2026 00:22",236067.0
333,1,,,2021,,"R$ 226.540,00",BMW,X3 XDRIVE 30e Turbo Aut. (Híbrido),2021,009271-1,Híbrido,1,H,maio de 2026 ,lwyczmf29ddk1,"segunda-feira, 1 de junho de 2026 00:22",226540.0
333,1,,,2023,,"R$ 271.813,00",BMW,X3 XDRIVE 30e X-Line Turbo Aut. (Híb.),2023,009272-0,Híbrido,1,H,maio de 2026 ,nl0xltpx9fdsh,"segunda-feira, 1 de junho de 2026 00:22",271813.0
333,1,,,2024,,"R$ 256.778,00",BMW,X1 SDRIVE 18i GP 1.5 TB Aut.,2024,009304-1,Gasolina,1,G,maio de 2026 ,m1dfts3sgtdt3,"segunda-feira, 1 de junho de 2026 00:22",256778.0
333,1,,,2024,,"R$ 291.861,00",BMW,X1 SDRIVE 20i M Sport 2.0 TB Aut.,2024,009305-0,Gasolina,1,G,maio de 2026 ,pcjls2w96hdt3,"segunda-feira, 1 de junho de 2026 00:22",291861.0
333,1,,,2025,,"R$ 321.061,00",BMW,X1 SDRIVE 20i M Sport 2.0 TB Aut.,2025,009305-0,Gasolina,1,G,maio de 2026 ,qgrx2h84ygdyb,"segunda-feira, 1 de junho de 2026 00:22",321061.0
333,1,,,32000,1,"R$ 330.853,00",BMW,X1 SDRIVE 20i GP 2.0 TB Aut.,32000,009323-8,Gasolina,1,G,maio de 2026 ,qt7t8jd7b7j1f9,"segunda-feira, 1 de junho de 2026 00:22",330853.0
333,1,,,2022,,"R$ 83.571,00",Citroën,C4 CACTUS SHINE Pack 1.6 Turbo Flex Aut.,2022,011195-3,Flex,1,F,maio de 2026 ,cbx5y71pzb6lf,"segunda-feira, 1 de junho de 2026 00:22",83571.0
333,1,,,2022,,"R$ 74.847,00",Citroën,C4 CACTUS FEEL Pack 1.6 16V Flex Aut.,2022,011197-0,Flex,1,F,maio de 2026 ,7mw12b0whblf,"segunda-feira, 1 de junho de 2026 00:22",74847.0
333,1,,,2023,,"R$ 79.512,00",Citroën,C4 CACTUS FEEL Pack 1.6 16V Flex Aut.,2023,011197-0,Flex,1,F,maio de 2026 ,9dlm7cy2mrpn,"segunda-feira, 1 de junho de 2026 00:22",79512.0
333,1,,,2024,,"R$ 98.193,00",Citroën,C4 CACTUS FEEL Pack 1.6 16V Flex Aut.,2024,011197-0,Flex,1,F,maio de 2026 ,cjgmmhpbnqtsw,"segunda-feira, 1 de junho de 2026 00:22",98193.0
333,1,,,2022,,"R$ 74.821,00",Citroën,C4 CACTUS FEEL 1.6 16V Flex Aut.,2022,011198-8,Flex,1,F,maio de 2026 ,7mll3psrjclf,"segunda-feira, 1 de junho de 2026 00:22",74821.0
333,1,,,2023,,"R$ 78.741,00",Citroën,C4 CACTUS FEEL 1.6 16V Flex Aut.,2023,011198-8,Flex,1,F,maio de 2026 ,83kdyf8sjmpn,"segunda-feira, 1 de junho de 2026 00:22",78741.0
333,1,,,2022,,"R$ 70.810,00",Citroën,C4 CACTUS LIVE 1.6 16V Flex Aut.,2022,011211-9,Flex,1,F,maio de 2026 ,53kqx5syzjlf,"segunda-feira, 1 de junho de 2026 00:22",70810.0
333,1,,,2022,,"R$ 121.394,00",Citroën,Jumpy Cargo 1.5 Turbo Diesel,2022,011216-0,Diesel,1,D,maio de 2026 ,gxnm3jptq0dm9,"segunda-feira, 1 de junho de 2026 00:22",121394.0
333,1,,,2022,5,"R$ 222.835,00",BMW,320iA 2.0 TB M Sport A.Flex/M.Sport 4p,2022,009213-4,Flex,1,F,maio de 2026 ,lrlqb24pgjdny,"segunda-feira, 1 de junho de 2026 00:22",222835.0
333,1,,,2023,,"R$ 139.269,00",Citroën,Jumpy Cargo 1.5 Turbo Diesel,2023,011216-0,Diesel,1,D,maio de 2026 ,hlmbv4jpttdrj,"segunda-feira, 1 de junho de 2026 00:22",139269.0
333,1,,,32000,5,"R$ 87.088,00",Citroën,C3 Live Pack 1.0 Flex 6V 5p Mec.,32000,011223-2,Flex,1,F,maio de 2026 ,cc8d87x22ymcz,"quarta-feira, 27 de maio de 2026 14:50",87088.0
333,1,,,2023,5,"R$ 270.473,00",BMW,320iA 2.0 TB M Sport A.Flex/M.Sport 4p,2023,009213-4,Flex,1,F,maio de 2026 ,nkf6rdrc6wdr5,"segunda-feira, 1 de junho de 2026 00:22",270473.0
333,1,,,2024,,"R$ 153.704,00",Citroën,Jumpy Cargo 1.5 Turbo Diesel,2024,011216-0,Diesel,1,D,maio de 2026 ,h4j0lhn4b4dvr,"segunda-feira, 1 de junho de 2026 00:22",153704.0
333,1,,,2024,,"R$ 65.240,00",Citroën,C3 Live 1.0 Flex 6V 5p Mec.,2024,011222-4,Flex,1,F,maio de 2026 ,3z76mhpdy4dwd,"segunda-feira, 1 de junho de 2026 00:22",65240.0
333,1,,,2025,,"R$ 167.708,00",Citroën,Jumpy Cargo 1.5 Turbo Diesel,2025,011216-0,Diesel,1,D,maio de 2026 ,jny0n8nyt0dyz,"segunda-feira, 1 de junho de 2026 00:22",167708.0
333,1,,,2023,,"R$ 61.190,00",Citroën,C3 Live Pack 1.0 Flex 6V 5p Mec.,2023,011223-2,Flex,1,F,maio de 2026 ,2gr40g17t4dr5,"segunda-feira, 1 de junho de 2026 00:22",61190.0
333,1,,,2024,,"R$ 65.720,00",Citroën,C3 Live Pack 1.0 Flex 6V 5p Mec.,2024,011223-2,Flex,1,F,maio de 2026 ,35wn1r72fsdwd,"segunda-feira, 1 de junho de 2026 00:22",65720.0
333,1,,,2025,,"R$ 70.674,00",Citroën,C3 Live Pack 1.0 Flex 6V 5p Mec.,2025,011223-2,Flex,1,F,maio de 2026 ,51y9jv13ntdzm,"segunda-feira, 1 de junho de 2026 00:22",70674.0
333,1,,,2023,,"R$ 61.260,00",Citroën,C3 Feel 1.0 Flex 6V 5p Mec.,2023,011224-0,Flex,1,F,maio de 2026 ,2hllq2rjm2dr5,"segunda-feira, 1 de junho de 2026 00:22",61260.0
333,1,,,2024,,"R$ 68.553,00",Citroën,C3 Feel 1.0 Flex 6V 5p Mec.,2024,011224-0,Flex,1,F,maio de 2026 ,473c1lt5ncdwd,"segunda-feira, 1 de junho de 2026 00:22",68553.0
333,1,,,2025,,"R$ 74.046,00",Citroën,C3 Feel 1.0 Flex 6V 5p Mec.,2025,011224-0,Flex,1,F,maio de 2026 ,7bhxrbjvsbdzm,"segunda-feira, 1 de junho de 2026 00:22",74046.0
333,1,,,2023,,"R$ 73.362,00",Citroën,C3 Feel Pack 1.6 Flex 16V 5p Aut.,2023,011226-7,Flex,1,F,maio de 2026 ,62g9q0ncxgdr5,"segunda-feira, 1 de junho de 2026 00:22",73362.0
333,1,,,2024,,"R$ 81.743,00",Citroën,C3 Feel Pack 1.6 Flex 16V 5p Aut.,2024,011226-7,Flex,1,F,maio de 2026 ,97rj4rrsb7dwd,"segunda-feira, 1 de junho de 2026 00:22",81743.0
333,1,,,32000,5,"R$ 117.884,00",Honda,CITY Sedan LX 1.5 Flex 16V 4p Aut.,32000,014059-7,Flex,1,F,maio de 2026 ,gsj156mgdlcz,"quarta-feira, 27 de maio de 2026 14:50",117884.0
333,1,,,2025,,"R$ 103.979,00",Citroën,AIRCROSS Shine 1.0 Flex TB 200 Aut.,2025,011230-5,Flex,1,F,maio de 2026 ,f77nnfm5rddzm,"segunda-feira, 1 de junho de 2026 00:22",103979.0
333,1,,,2025,,"R$ 99.584,00",Citroën,AIRCROSS F. Pack 1.0 Flex TB 200 Aut.,2025,011231-3,Flex,1,F,maio de 2026 ,cjzx6nt2c8ndzm,"segunda-feira, 1 de junho de 2026 00:22",99584.0
333,1,,,2025,,"R$ 97.309,00",Citroën,AIRCROSS Feel 1.0 Flex Turbo 200 Aut.,2025,011232-1,Flex,1,F,maio de 2026 ,ch379y7q0fydzm,"segunda-feira, 1 de junho de 2026 00:22",97309.0
333,1,,,2025,,"R$ 102.367,00",Citroën,AIRCROSS7 F. Pack 1.0 Flex TB 200 Aut,2025,011235-6,Flex,1,F,maio de 2026 ,f6b1951dxqdzm,"segunda-feira, 1 de junho de 2026 00:22",102367.0
333,1,,,32000,5,"R$ 97.205,00",Citroën,BASALT Feel 1.0 Flex 6V 5p Mec.,32000,011238-0,Flex,1,F,maio de 2026 ,ch21h4mrznmcz,"segunda-feira, 1 de junho de 2026 00:22",97205.0
333,1,,,2025,,"R$ 94.734,00",Citroën,BASALT Feel 1.0 Flex TB 200 5p Aut.,2025,011239-9,Flex,1,F,maio de 2026 ,cg42c0b3j6xdzm,"segunda-feira, 1 de junho de 2026 00:22",94734.0
333,1,,,2024,,"R$ 103.167,00",Honda,CITY Sedan LX 1.5 Flex 16V 4p Aut.,2024,014059-7,Flex,1,F,maio de 2026 ,f684qrcx1bdwd,"segunda-feira, 1 de junho de 2026 00:22",103167.0
333,1,,,2023,,"R$ 105.437,00",Honda,CITY Sedan EXL 1.5 Flex  16V 4p Aut.,2023,014063-5,Flex,1,F,maio de 2026 ,f9yngkj7lhdr5,"segunda-feira, 1 de junho de 2026 00:22",105437.0
333,1,,,32000,5,"R$ 149.599,00",Honda,WR-V EX 1.5 Flexone 16V 5p Aut.,32000,014094-5,Flex,1,F,maio de 2026 ,hzqs75jn3wcz,"segunda-feira, 1 de junho de 2026 00:22",149599.0
333,1,,,2021,,"R$ 132.031,00",Honda,HR-V Touring 1.5 Flex TB 16V 5p Aut.,2021,014102-0,Flex,1,F,maio de 2026 ,g938dwcfb1dkq,"segunda-feira, 1 de junho de 2026 00:22",132031.0
333,1,,,2024,,"R$ 160.046,00",Honda,HR-V Touring 1.5 Flex TB 16V 5p Aut.,2024,014102-0,Flex,1,F,maio de 2026 ,jczjgx1cdddwd,"segunda-feira, 1 de junho de 2026 00:22",160046.0
333,1,,,2025,,"R$ 171.471,00",Honda,HR-V Touring 1.5 Flex TB 16V 5p Aut.,2025,014102-0,Flex,1,F,maio de 2026 ,jtcsnptsn5dzm,"segunda-feira, 1 de junho de 2026 00:22",171471.0
333,1,,,2021,,"R$ 118.987,00",Honda,Civic Sedan LX 2.0 Flex 16V Aut. 4p,2021,014103-8,Flex,1,F,maio de 2026 ,gtt40c3zcgdkq,"segunda-feira, 1 de junho de 2026 00:22",118987.0
333,1,,,2024,,"R$ 252.781,00",Honda,Accord Sedan 2.0 TB 16V Aut. (Híbrido),2024,014105-4,Híbrido,1,H,maio de 2026 ,mwp45wt5ytdwq,"segunda-feira, 1 de junho de 2026 00:22",252781.0
333,1,,,32000,5,"R$ 202.735,00",Honda,HR-V Advance 1.5  Flex TB 16V 5p Aut.,32000,014111-9,Flex,1,F,maio de 2026 ,kz04kg0wjtj1hl,"quarta-feira, 27 de maio de 2026 14:50",202735.0
333,1,,,2024,,"R$ 122.968,00",Honda,CITY Sedan Touring 1.5 Flex 16V 4p Aut.,2024,014106-2,Flex,1,F,maio de 2026 ,gzhvmgfcd5dwd,"segunda-feira, 1 de junho de 2026 00:22",122968.0
333,1,,,2024,,"R$ 122.236,00",Honda,CITY Hatchback EXL 1.5 Flex 16V Aut.,2024,014108-9,Flex,1,F,maio de 2026 ,gym7t3rbckdwd,"segunda-feira, 1 de junho de 2026 00:22",122236.0
333,1,,,2023,,"R$ 134.250,00",Honda,HR-V EX 1.5 Flex Sensing 16V 5p Aut.,2023,014109-7,Flex,1,F,maio de 2026 ,hdqxn82910dr5,"segunda-feira, 1 de junho de 2026 00:22",134250.0
333,1,,,2025,,"R$ 144.988,00",Honda,HR-V EX 1.5 Flex Sensing 16V 5p Aut.,2025,014109-7,Flex,1,F,maio de 2026 ,hs96sjrvb6dzm,"segunda-feira, 1 de junho de 2026 00:22",144988.0
333,1,,,2024,,"R$ 143.044,00",Honda,HR-V EXL 1.5 Flex Sensing 16V 5p Aut.,2024,014110-0,Flex,1,F,maio de 2026 ,hq1kcqf72mdwd,"segunda-feira, 1 de junho de 2026 00:22",143044.0
333,1,,,2025,,"R$ 149.874,00",Honda,HR-V EXL 1.5 Flex Sensing 16V 5p Aut.,2025,014110-0,Flex,1,F,maio de 2026 ,hz1s3q6wwsdzm,"segunda-feira, 1 de junho de 2026 00:22",149874.0
333,1,,,2025,,"R$ 161.191,00",Honda,HR-V Advance 1.5  Flex TB 16V 5p Aut.,2025,014111-9,Flex,1,F,maio de 2026 ,jd94l37v0qdzm,"segunda-feira, 1 de junho de 2026 00:22",161191.0
333,1,,,2024,,"R$ 206.385,00",Honda,Civic Sed.Touring 2.0 16V Aut. (Híbrido),2024,014112-7,Híbrido,1,H,maio de 2026 ,k39s6w9451dwq,"segunda-feira, 1 de junho de 2026 00:22",206385.0
333,1,,,2025,,"R$ 165.277,00",Honda,ZR-V Touring 2.0 16V 5p Aut.,2025,014114-3,Gasolina,1,G,maio de 2026 ,jk3njsrvvbdyb,"segunda-feira, 1 de junho de 2026 00:22",165277.0
333,1,,,2024,,"R$ 103.299,00",Honda,CITY Hatchback LX 1.5 Flex 16V Aut.,2024,014116-0,Flex,1,F,maio de 2026 ,f7fygd589ldwd,"segunda-feira, 1 de junho de 2026 00:22",103299.0
333,1,,,2024,,"R$ 107.492,00",Honda,CITY Hatchback EX 1.5 Flex 16V Aut.,2024,014115-1,Flex,1,F,maio de 2026 ,gdcbyjmtsddwd,"segunda-feira, 1 de junho de 2026 00:22",107492.0
333,1,,,32000,5,"R$ 120.193,00",Honda,CITY Hatchback LX 1.5 Flex 16V Aut.,32000,014116-0,Flex,1,F,maio de 2026 ,gv7zv71yv3j1hl,"segunda-feira, 1 de junho de 2026 00:22",120193.0
333,1,,,2022,,"R$ 114.852,00",Hyundai,Tucson GLS 1.6 Turbo 16V Aut.,2022,015138-6,Gasolina,1,G,maio de 2026 ,gnzvv5pzwbdmn,"segunda-feira, 1 de junho de 2026 00:22",114852.0
333,1,,,2020,,"R$ 62.952,00",Hyundai,HB20 Evolution 1.0 Flex 12V Mec.,2020,015164-5,Flex,1,F,maio de 2026 ,24flgb67fccz,"segunda-feira, 1 de junho de 2026 00:22",62952.0
333,1,,,2022,,"R$ 66.268,00",Hyundai,HB20 Evolution 1.0 Flex 12V Mec.,2022,015164-5,Flex,1,F,maio de 2026 ,4c9vpbrkd6lf,"segunda-feira, 1 de junho de 2026 00:22",66268.0
333,1,,,2021,,"R$ 64.526,00",Hyundai,HB20 Evolution 1.0 Flex 12V Mec.,2021,015164-5,Flex,1,F,maio de 2026 ,3qwplmkqs7g6,"segunda-feira, 1 de junho de 2026 00:22",64526.0
333,1,,,2023,,"R$ 63.214,00",Hyundai,HB20 Sense 1.0 Flex 12V Mec.,2023,015165-3,Flex,1,F,maio de 2026 ,27htkgq9jdpn,"segunda-feira, 1 de junho de 2026 00:22",63214.0
333,1,,,2024,,"R$ 67.613,00",Hyundai,HB20 Sense 1.0 Flex 12V Mec.,2024,015165-3,Flex,1,F,maio de 2026 ,4w2qj6n4mxsw,"segunda-feira, 1 de junho de 2026 00:22",67613.0
333,1,,,2022,,"R$ 61.723,00",Hyundai,HB20 Vision 1.0 Flex 12V Mec.,2022,015168-8,Flex,1,F,maio de 2026 ,2n0wmmp405lf,"segunda-feira, 1 de junho de 2026 00:22",61723.0
333,1,,,2022,,"R$ 75.032,00",Hyundai,HB20 Evolution 1.0 TB Flex 12V Aut.,2022,015170-0,Flex,1,F,maio de 2026 ,7p19ktdgq0lf,"segunda-feira, 1 de junho de 2026 00:22",75032.0
333,1,,,2022,,"R$ 64.586,00",Hyundai,HB20S Vision 1.0 Flex 12V Mec.,2022,015174-2,Flex,1,F,maio de 2026 ,3rlhm80swqlf,"segunda-feira, 1 de junho de 2026 00:22",64586.0
333,1,,,2020,,"R$ 71.775,00",Hyundai,HB20S Evolution 1.0 TB Flex 12V Aut.,2020,015178-5,Flex,1,F,maio de 2026 ,6gwg357p5tcz,"segunda-feira, 1 de junho de 2026 00:22",71775.0
333,1,,,2022,,"R$ 67.522,00",Hyundai,HB20S Evolution 1.0 Flex 12V Mec.,2022,015176-9,Flex,1,F,maio de 2026 ,4v0m6ffjgllf,"segunda-feira, 1 de junho de 2026 00:22",67522.0
333,1,,,2022,,"R$ 76.629,00",Hyundai,HB20S Evolution 1.0 TB Flex 12V Aut.,2022,015178-5,Flex,1,F,maio de 2026 ,79srvvm02qlf,"segunda-feira, 1 de junho de 2026 00:22",76629.0
333,1,,,2022,,"R$ 75.107,00",Hyundai,HB20X Vision 1.6 Flex 16V Mec.,2022,015186-6,Flex,1,F,maio de 2026 ,7qykmwtgnplf,"segunda-feira, 1 de junho de 2026 00:22",75107.0
333,1,,,2022,,"R$ 80.053,00",Hyundai,HB20 Sport 1.0 TB Flex 12V Aut.,2022,015187-4,Flex,1,F,maio de 2026 ,9lx8zmphx3lf,"segunda-feira, 1 de junho de 2026 00:22",80053.0
333,1,,,2021,,"R$ 88.860,00",Hyundai,Creta Action 1.6 16V Flex Aut.,2021,015190-4,Flex,1,F,maio de 2026 ,cdx6ccrsbspg6,"segunda-feira, 1 de junho de 2026 00:22",88860.0
333,1,,,2022,,"R$ 91.362,00",Hyundai,Creta Action 1.6 16V Flex Aut.,2022,015190-4,Flex,1,F,maio de 2026 ,cfwjrs481g7lf,"segunda-feira, 1 de junho de 2026 00:22",91362.0
333,1,,,2023,,"R$ 97.190,00",Hyundai,Creta Action 1.6 16V Flex Aut.,2023,015190-4,Flex,1,F,maio de 2026 ,ch2v14hkjs7pn,"segunda-feira, 1 de junho de 2026 00:22",97190.0
333,1,,,2025,,"R$ 106.238,00",Hyundai,Creta Action 1.6 16V Flex Aut.,2025,015190-4,Flex,1,F,maio de 2026 ,gbwrz1q25rdzm,"segunda-feira, 1 de junho de 2026 00:22",106238.0
333,1,,,32000,5,"R$ 147.707,00",Hyundai,Creta Comfort 1.0 TB 12V Flex Aut.,32000,015200-5,Flex,1,F,maio de 2026 ,hxh1fpmw0pcz,"quarta-feira, 27 de maio de 2026 14:50",147707.0
333,1,,,2024,,"R$ 102.224,00",Hyundai,Creta Action 1.6 16V Flex Aut.,2024,015190-4,Flex,1,F,maio de 2026 ,f55v59qmp0dwd,"segunda-feira, 1 de junho de 2026 00:22",102224.0
333,1,,,2022,,"R$ 66.329,00",Hyundai,HB20 Evolution Bluelink 1.0 Flex 12V Mec,2022,015191-2,Flex,1,F,maio de 2026 ,4d00z9z3qklf,"segunda-feira, 1 de junho de 2026 00:22",66329.0
333,1,,,2022,,"R$ 106.335,00",Hyundai,Creta Comfort 1.0 TB 12V Flex Aut.,2022,015200-5,Flex,1,F,maio de 2026 ,gbz886lnd0dny,"segunda-feira, 1 de junho de 2026 00:22",106335.0
333,1,,,2023,,"R$ 109.302,00",Hyundai,Creta Comfort 1.0 TB 12V Flex Aut.,2023,015200-5,Flex,1,F,maio de 2026 ,ggg4ct0qfcdr5,"segunda-feira, 1 de junho de 2026 00:22",109302.0
333,1,,,2024,,"R$ 112.337,00",Hyundai,Creta Comfort 1.0 TB 12V Flex Aut.,2024,015200-5,Flex,1,F,maio de 2026 ,gk1f2npbttdwd,"segunda-feira, 1 de junho de 2026 00:22",112337.0
333,1,,,2025,,"R$ 122.969,00",Hyundai,Creta Comfort 1.0 TB 12V Flex Aut.,2025,015200-5,Flex,1,F,maio de 2026 ,gzhwrc6839dzm,"segunda-feira, 1 de junho de 2026 00:22",122969.0
333,1,,,2026,,"R$ 132.243,00",Hyundai,Creta Comfort 1.0 TB 12V Flex Aut.,2026,015200-5,Flex,1,F,maio de 2026 ,hbcy8yjc2wd2v,"segunda-feira, 1 de junho de 2026 00:22",132243.0
333,1,,,2024,,"R$ 141.386,00",Hyundai,Creta Ultimate 2.0 16V Flex Aut.,2024,015201-3,Flex,1,F,maio de 2026 ,hn286rc86jdwd,"segunda-feira, 1 de junho de 2026 00:22",141386.0
333,1,,,2023,,"R$ 120.719,00",Hyundai,Creta Platinum 1.0 TB 12V Flex Aut.,2023,015202-1,Flex,1,F,maio de 2026 ,gwv3j49n3gdr5,"segunda-feira, 1 de junho de 2026 00:22",120719.0
333,1,,,2024,,"R$ 133.244,00",Hyundai,Creta Platinum 1.0 TB 12V Flex Aut.,2024,015202-1,Flex,1,F,maio de 2026 ,hckb49q9bzdwd,"segunda-feira, 1 de junho de 2026 00:22",133244.0
333,1,,,2025,,"R$ 144.866,00",Hyundai,Creta Platinum 1.0 TB 12V Flex Aut.,2025,015202-1,Flex,1,F,maio de 2026 ,hs5r95k3qfdzm,"segunda-feira, 1 de junho de 2026 00:22",144866.0
333,1,,,2026,,"R$ 163.718,00",Hyundai,Creta Platinum 1.0 TB 12V Flex Aut.,2026,015202-1,Flex,1,F,maio de 2026 ,jh8zxt4gfhd2v,"segunda-feira, 1 de junho de 2026 00:22",163718.0
333,1,,,2024,,"R$ 118.905,00",Hyundai,Creta Limited 1.0 TB 12V Flex Aut.,2024,015203-0,Flex,1,F,maio de 2026 ,gtq5l5llfzdwd,"segunda-feira, 1 de junho de 2026 00:22",118905.0
333,1,,,2025,,"R$ 129.569,00",Hyundai,Creta Limited 1.0 TB 12V Flex Aut.,2025,015203-0,Flex,1,F,maio de 2026 ,g67sbm4fzzdzm,"segunda-feira, 1 de junho de 2026 00:22",129569.0
333,1,,,2022,,"R$ 73.493,00",Hyundai,HB20 Platinum 1.0 TB Flex 12V Mec.,2022,015204-8,Flex,1,F,maio de 2026 ,630xsv7bnglf,"segunda-feira, 1 de junho de 2026 00:22",73493.0
333,1,,,2022,,"R$ 80.438,00",Hyundai,HB20S Platinum Plus 1.0 TB Flex 12V Aut.,2022,015205-6,Flex,1,F,maio de 2026 ,9rf6zy397xlf,"segunda-feira, 1 de junho de 2026 00:22",80438.0
333,1,,,2023,,"R$ 92.257,00",Hyundai,HB20S Platinum Plus 1.0 TB Flex 12V Aut.,2023,015205-6,Flex,1,F,maio de 2026 ,cf6018lxds6pn,"segunda-feira, 1 de junho de 2026 00:22",92257.0
333,1,,,2024,,"R$ 97.688,00",Hyundai,HB20S Platinum Plus 1.0 TB Flex 12V Aut.,2024,015205-6,Flex,1,F,maio de 2026 ,ch8p2c2xkl5sw,"segunda-feira, 1 de junho de 2026 00:22",97688.0
333,1,,,2022,,"R$ 79.105,00",Hyundai,HB20S Platinum 1.0 TB Flex 12V Aut.,2022,015206-4,Flex,1,F,maio de 2026 ,87tqbmpx7dlf,"segunda-feira, 1 de junho de 2026 00:22",79105.0
333,1,,,2023,,"R$ 90.891,00",Hyundai,HB20S Platinum 1.0 TB Flex 12V Aut.,2023,015206-4,Flex,1,F,maio de 2026 ,cfp0kskc13cpn,"segunda-feira, 1 de junho de 2026 00:22",90891.0
333,1,,,2024,,"R$ 97.078,00",Hyundai,HB20S Platinum 1.0 TB Flex 12V Aut.,2024,015206-4,Flex,1,F,maio de 2026 ,ch1kb5j6px8sw,"segunda-feira, 1 de junho de 2026 00:22",97078.0
333,1,,,2023,,"R$ 89.753,00",Hyundai,HB20 Platinum Plus 1.0 TB Flex 12V Aut.,2023,015208-0,Flex,1,F,maio de 2026 ,cd8nx9l4wd9pn,"segunda-feira, 1 de junho de 2026 00:22",89753.0
333,1,,,2024,,"R$ 93.572,00",Hyundai,HB20 Platinum Plus 1.0 TB Flex 12V Aut.,2024,015208-0,Flex,1,F,maio de 2026 ,cgqf03m3bt8sw,"segunda-feira, 1 de junho de 2026 00:22",93572.0
333,1,,,2022,,"R$ 77.988,00",Hyundai,HB20 Platinum 1.0 TB Flex 12V Aut.,2022,015209-9,Flex,1,F,maio de 2026 ,8tqqgv2gz6lf,"segunda-feira, 1 de junho de 2026 00:22",77988.0
333,1,,,2023,,"R$ 86.922,00",Hyundai,HB20 Platinum 1.0 TB Flex 12V Aut.,2023,015209-9,Flex,1,F,maio de 2026 ,cc6gyvctc05pn,"segunda-feira, 1 de junho de 2026 00:22",86922.0
333,1,,,2024,,"R$ 92.763,00",Hyundai,HB20 Platinum 1.0 TB Flex 12V Aut.,2024,015209-9,Flex,1,F,maio de 2026 ,cgdyznjpwr8sw,"segunda-feira, 1 de junho de 2026 00:22",92763.0
333,1,,,2022,,"R$ 69.172,00",Hyundai,HB20 Vision 1.0 TB Flex 12V Aut.,2022,015210-2,Flex,1,F,maio de 2026 ,5hccn25g6ylf,"segunda-feira, 1 de junho de 2026 00:22",69172.0
333,1,,,2022,,"R$ 71.455,00",Hyundai,HB20S Vision 1.0 TB Flex 12V Aut.,2022,015211-0,Flex,1,F,maio de 2026 ,6b35h1hn9flf,"segunda-feira, 1 de junho de 2026 00:22",71455.0
333,1,,,2024,,"R$ 137.018,00",Hyundai,Creta N Line 1.0 TB 12V Flex Aut.,2024,015212-9,Flex,1,F,maio de 2026 ,hhzjjzs8qrdwd,"segunda-feira, 1 de junho de 2026 00:22",137018.0
333,1,,,2025,,"R$ 152.618,00",Hyundai,Creta N Line 1.0 TB 12V Flex Aut.,2025,015212-9,Flex,1,F,maio de 2026 ,h28jx4dxfcdzm,"segunda-feira, 1 de junho de 2026 00:22",152618.0
333,1,,,2023,,"R$ 67.461,00",Hyundai,HB20 Limited 1.0 Flex 12V Mec.,2023,015213-7,Flex,1,F,maio de 2026 ,4t9gwhysfnpn,"segunda-feira, 1 de junho de 2026 00:22",67461.0
333,1,,,2024,,"R$ 76.681,00",Hyundai,HB20 Limited 1.0 Flex 12V Mec.,2024,015213-7,Flex,1,F,maio de 2026 ,8bdnr55zrrsw,"segunda-feira, 1 de junho de 2026 00:22",76681.0
333,1,,,2026,,"R$ 84.508,00",Hyundai,HB20 Limited 1.0 Flex 12V Mec.,2026,015213-7,Flex,1,F,maio de 2026 ,cb85jywj1b50b,"segunda-feira, 1 de junho de 2026 00:22",84508.0
333,1,,,2023,,"R$ 79.353,00",Hyundai,HB20 Comfort 1.0 TB Flex 12V Aut,2023,015214-5,Flex,1,F,maio de 2026 ,9bqvpmsm36pn,"segunda-feira, 1 de junho de 2026 00:22",79353.0
333,1,,,2024,,"R$ 82.890,00",Hyundai,HB20 Comfort 1.0 TB Flex 12V Aut,2024,015214-5,Flex,1,F,maio de 2026 ,cbn6f1nq59psw,"segunda-feira, 1 de junho de 2026 00:22",82890.0
333,1,,,2023,,"R$ 64.274,00",Hyundai,HB20 Comfort 1.0 Flex 12V Mec.,2023,015215-3,Flex,1,F,maio de 2026 ,3mx25hfm8vpn,"segunda-feira, 1 de junho de 2026 00:22",64274.0
333,1,,,2024,,"R$ 70.005,00",Hyundai,HB20 Comfort 1.0 Flex 12V Mec.,2024,015215-3,Flex,1,F,maio de 2026 ,5s34j8ny16sw,"segunda-feira, 1 de junho de 2026 00:22",70005.0
333,1,,,2026,,"R$ 81.733,00",Hyundai,HB20 Comfort 1.0 Flex 12V Mec.,2026,015215-3,Flex,1,F,maio de 2026 ,97mxg34ynt0b,"segunda-feira, 1 de junho de 2026 00:22",81733.0
333,1,,,2023,,"R$ 65.479,00",Hyundai,HB20 Comfort 1.0 TB Flex 12V Mec,2023,015216-1,Flex,1,F,maio de 2026 ,3212k4zllqpn,"segunda-feira, 1 de junho de 2026 00:22",65479.0
333,1,,,2024,,"R$ 73.441,00",Hyundai,HB20 Comfort 1.0 TB Flex 12V Mec,2024,015216-1,Flex,1,F,maio de 2026 ,63d0wk20qxsw,"segunda-feira, 1 de junho de 2026 00:23",73441.0
333,1,,,2023,,"R$ 79.463,00",Hyundai,HB20S Comfort 1.0 TB Flex 12V Aut.,2023,015217-0,Flex,1,F,maio de 2026 ,9c0t3pswsfdr5,"segunda-feira, 1 de junho de 2026 00:23",79463.0
333,1,,,2024,,"R$ 86.905,00",Hyundai,HB20S Comfort 1.0 TB Flex 12V Aut.,2024,015217-0,Flex,1,F,maio de 2026 ,cc58r82cr0rdwd,"segunda-feira, 1 de junho de 2026 00:23",86905.0
333,1,,,2023,,"R$ 71.497,00",Hyundai,HB20S Comfort 1.0  Flex 12V Mec.,2023,015218-8,Flex,1,F,maio de 2026 ,6cmfq252hcdr5,"segunda-feira, 1 de junho de 2026 00:23",71497.0
333,1,,,2024,,"R$ 77.809,00",Hyundai,HB20S Comfort 1.0  Flex 12V Mec.,2024,015218-8,Flex,1,F,maio de 2026 ,8rmnkwjl7fdwd,"segunda-feira, 1 de junho de 2026 00:23",77809.0
333,1,,,2026,,"R$ 87.491,00",Hyundai,HB20S Comfort 1.0  Flex 12V Mec.,2026,015218-8,Flex,1,F,maio de 2026 ,cdd4r2j2651d2v,"segunda-feira, 1 de junho de 2026 00:23",87491.0
333,1,,,2023,,"R$ 73.994,00",Hyundai,HB20S Limited 1.0  Flex 12V Mec.,2023,015219-6,Flex,1,F,maio de 2026 ,69w0t02j2kdr5,"segunda-feira, 1 de junho de 2026 00:23",73994.0
333,1,,,2024,,"R$ 78.217,00",Hyundai,HB20S Limited 1.0  Flex 12V Mec.,2024,015219-6,Flex,1,F,maio de 2026 ,8xdyqy48vpdwd,"segunda-feira, 1 de junho de 2026 00:23",78217.0
333,1,,,2023,,"R$ 77.915,00",Hyundai,HB20S Edição Especial 1.0 Flex Mec.,2023,015226-9,Flex,1,F,maio de 2026 ,8sv5x2p244dr5,"segunda-feira, 1 de junho de 2026 00:23",77915.0
333,1,,,2025,,"R$ 96.251,00",Hyundai,HB20 Plat. Safety 1.0 TB Flex 12V Aut.,2025,015233-1,Flex,1,F,maio de 2026 ,chqvrwt99bcdzm,"segunda-feira, 1 de junho de 2026 00:23",96251.0
333,1,,,2024,,"R$ 92.218,00",Hyundai,HB20 Plat. Safety 1.0 TB Flex 12V Aut.,2024,015233-1,Flex,1,F,maio de 2026 ,cf6kwtttjkwdwd,"segunda-feira, 1 de junho de 2026 00:23",92218.0
333,1,,,2024,,"R$ 66.898,00",Hyundai,HB20 Sense Plus 1.0 Flex 12V Mec.,2024,015234-0,Flex,1,F,maio de 2026 ,4mpt7hj5l6dwd,"segunda-feira, 1 de junho de 2026 00:23",66898.0
333,1,,,2025,,"R$ 68.594,00",Hyundai,HB20 Sense Plus 1.0 Flex 12V Mec.,2025,015234-0,Flex,1,F,maio de 2026 ,48k80n003rdzm,"segunda-feira, 1 de junho de 2026 00:23",68594.0
333,1,,,2024,,"R$ 76.785,00",Hyundai,HB20 Limited Plus 1.0 Flex 12V Mec.,2024,015235-8,Flex,1,F,maio de 2026 ,8cmglhkgfndwd,"segunda-feira, 1 de junho de 2026 00:23",76785.0
333,1,,,2025,,"R$ 78.785,00",Hyundai,HB20 Limited Plus 1.0 Flex 12V Mec.,2025,015235-8,Flex,1,F,maio de 2026 ,832dp4rvy7dzm,"segunda-feira, 1 de junho de 2026 00:23",78785.0
333,1,,,2024,,"R$ 85.394,00",Hyundai,HB20 Comfort Plus 1.0 TB Flex 12V Aut.,2024,015236-6,Flex,1,F,maio de 2026 ,ccmkk0bx6tsdwd,"segunda-feira, 1 de junho de 2026 00:23",85394.0
333,1,,,32000,5,"R$ 92.304,00",Hyundai,HB20S Comfort Plus 1.0 Flex 12V Mec.,32000,015239-0,Flex,1,F,maio de 2026 ,cf7k4t4hjc5cz,"quarta-feira, 27 de maio de 2026 14:50",92304.0
333,1,,,2025,,"R$ 91.384,00",Hyundai,HB20 Comfort Plus 1.0 TB Flex 12V Aut.,2025,015236-6,Flex,1,F,maio de 2026 ,cfwsrpb9ysxdzm,"segunda-feira, 1 de junho de 2026 00:23",91384.0
333,1,,,2024,,"R$ 133.141,00",Hyundai,Creta Plat. Safety 1.0 TB 12V Flex Aut.,2024,015237-4,Flex,1,F,maio de 2026 ,hcfl3j4nrkdwd,"segunda-feira, 1 de junho de 2026 00:23",133141.0
333,1,,,2024,,"R$ 96.738,00",Hyundai,HB20S Plat. Safety 1.0 TB Flex 12V Aut.,2024,015238-2,Flex,1,F,maio de 2026 ,chxkr55r00mdwd,"segunda-feira, 1 de junho de 2026 00:23",96738.0
333,1,,,2025,,"R$ 144.389,00",Hyundai,Creta Plat. Safety 1.0 TB 12V Flex Aut.,2025,015237-4,Flex,1,F,maio de 2026 ,hsmfvs4dgzdzm,"segunda-feira, 1 de junho de 2026 00:23",144389.0
333,1,,,2025,,"R$ 104.095,00",Hyundai,HB20S Plat. Safety 1.0 TB Flex 12V Aut.,2025,015238-2,Flex,1,F,maio de 2026 ,f8cwb7v8zmdzm,"segunda-feira, 1 de junho de 2026 00:23",104095.0
333,1,,,2024,,"R$ 76.196,00",Hyundai,HB20S Comfort Plus 1.0 Flex 12V Mec.,2024,015239-0,Flex,1,F,maio de 2026 ,74qcz4fsnqdwd,"segunda-feira, 1 de junho de 2026 00:23",76196.0
333,1,,,2025,,"R$ 80.194,00",Hyundai,HB20S Comfort Plus 1.0 Flex 12V Mec.,2025,015239-0,Flex,1,F,maio de 2026 ,9nljpvlw6kdzm,"segunda-feira, 1 de junho de 2026 00:23",80194.0
333,1,,,2024,,"R$ 80.398,00",Hyundai,HB20S Limited Plus 1.0  Flex 12V Mec.,2024,015242-0,Flex,1,F,maio de 2026 ,9qzn8wxq3xdwd,"segunda-feira, 1 de junho de 2026 00:23",80398.0
333,1,,,2025,,"R$ 82.682,00",Hyundai,HB20S Limited Plus 1.0  Flex 12V Mec.,2025,015242-0,Flex,1,F,maio de 2026 ,cblrvc4crd9dzm,"segunda-feira, 1 de junho de 2026 00:23",82682.0
333,1,,,2024,,"R$ 119.348,00",Hyundai,Creta Limit. Safety 1.0 TB 12V Flex Aut.,2024,015243-9,Flex,1,F,maio de 2026 ,gt78rwkt0fdwd,"segunda-feira, 1 de junho de 2026 00:23",119348.0
333,1,,,2025,,"R$ 131.330,00",Hyundai,Creta Limit. Safety 1.0 TB 12V Flex Aut.,2025,015243-9,Flex,1,F,maio de 2026 ,g89skbv4vpdzm,"segunda-feira, 1 de junho de 2026 00:23",131330.0
333,1,,,32000,5,"R$ 89.652,00",Hyundai,HB20 Comfort Plus 1.0 Flex 12V Mec.,32000,015245-5,Flex,1,F,maio de 2026 ,cd7g68lcwgpcz,"quarta-feira, 27 de maio de 2026 14:50",89652.0
333,1,,,2024,,"R$ 110.183,00",Hyundai,Creta Comfort Plus 1.0 TB 12V Flex Aut.,2024,015244-7,Flex,1,F,maio de 2026 ,ghh41mtv6sdwd,"segunda-feira, 1 de junho de 2026 00:23",110183.0
333,1,,,2024,,"R$ 70.035,00",Hyundai,HB20 Comfort Plus 1.0 Flex 12V Mec.,2024,015245-5,Flex,1,F,maio de 2026 ,5tg1kst9x8dwd,"segunda-feira, 1 de junho de 2026 00:23",70035.0
333,1,,,2025,,"R$ 73.898,00",Hyundai,HB20 Comfort Plus 1.0 Flex 12V Mec.,2025,015245-5,Flex,1,F,maio de 2026 ,68r34r71ybdzm,"segunda-feira, 1 de junho de 2026 00:23",73898.0
333,1,,,2025,,"R$ 92.730,00",Hyundai,HB20 Comf. Plus Tech 1.0 TB Flex 12V Aut,2025,015246-3,Flex,1,F,maio de 2026 ,cgdkztjdgshdzm,"segunda-feira, 1 de junho de 2026 00:23",92730.0
333,1,,,2025,,"R$ 92.876,00",Hyundai,HB20S Com. Plus Tech 1.0 TB Flex 12V Aut,2025,015247-1,Flex,1,F,maio de 2026 ,cgf81whh498dzm,"segunda-feira, 1 de junho de 2026 00:23",92876.0
333,1,,,2025,,"R$ 155.827,00",Hyundai,Creta Ultimate 1.6 TB 16V Aut.,2025,015249-8,Gasolina,1,G,maio de 2026 ,h605pnhcfrdyb,"segunda-feira, 1 de junho de 2026 00:23",155827.0
333,1,,,2026,,"R$ 176.549,00",Hyundai,Creta Ultimate 1.6 TB 16V Aut.,2026,015249-8,Gasolina,1,G,maio de 2026 ,j0bcbb74czd1k,"segunda-feira, 1 de junho de 2026 00:23",176549.0
333,1,,,2026,,"R$ 105.081,00",Hyundai,HB20 Limited 1.0 TB Flex 12V Aut.,2026,015251-0,Flex,1,F,maio de 2026 ,f9jqbnxmrcd2v,"segunda-feira, 1 de junho de 2026 00:23",105081.0
333,1,,,2026,,"R$ 107.507,00",Hyundai,HB20S Limited 1.0  TB Flex 12V Aut.,2026,015252-8,Flex,1,F,maio de 2026 ,gdcwvgtrttd2v,"segunda-feira, 1 de junho de 2026 00:23",107507.0
333,1,,,2021,,"R$ 77.413,00",Jeep,Renegade Sport 1.8 4x2 Flex 16V Aut.,2021,017034-8,Flex,1,F,maio de 2026 ,8lzqmj2s1mg6,"segunda-feira, 1 de junho de 2026 00:23",77413.0
333,1,,,2020,,"R$ 76.258,00",Jeep,Renegade Longitude 1.8 4x2 Flex 16V Aut.,2020,017035-6,Flex,1,F,maio de 2026 ,75fxllq6wtcz,"segunda-feira, 1 de junho de 2026 00:23",76258.0
333,1,,,2021,,"R$ 82.394,00",Jeep,Renegade Longitude 1.8 4x2 Flex 16V Aut.,2021,017035-6,Flex,1,F,maio de 2026 ,cbhc5bk7m9hg6,"segunda-feira, 1 de junho de 2026 00:23",82394.0
333,1,,,2020,,"R$ 93.857,00",Jeep,Renegade Longitude 2.0 4x4 TB Diesel Aut,2020,017037-2,Diesel,1,D,maio de 2026 ,cgtsmcft45mcb,"segunda-feira, 1 de junho de 2026 00:23",93857.0
333,1,,,2021,,"R$ 97.177,00",Jeep,Renegade Longitude 2.0 4x4 TB Diesel Aut,2021,017037-2,Diesel,1,D,maio de 2026 ,ch2qbnlvv63gk,"segunda-feira, 1 de junho de 2026 00:23",97177.0
333,1,,,2021,,"R$ 113.059,00",Jeep,COMPASS LONGITUDE 2.0 4x4 Dies. 16V Aut.,2021,017045-3,Diesel,1,D,maio de 2026 ,glwplp1jnrdj2,"segunda-feira, 1 de junho de 2026 00:23",113059.0
333,1,,,2021,,"R$ 103.829,00",Jeep,COMPASS LONGITUDE 2.0 4x2 Flex 16V Aut.,2021,017046-1,Flex,1,F,maio de 2026 ,f716m1hkkndkq,"segunda-feira, 1 de junho de 2026 00:23",103829.0
333,1,,,2021,,"R$ 114.348,00",Jeep,COMPASS LIMITED 2.0 4x2 Flex 16V Aut.,2021,017047-0,Flex,1,F,maio de 2026 ,gndjzq7mpldkq,"segunda-feira, 1 de junho de 2026 00:23",114348.0
333,1,,,2023,,"R$ 141.576,00",Jeep,COMPASS LIMITED T270 1.3 TB 4x2 Flex Aut,2023,017070-4,Flex,1,F,maio de 2026 ,hn959bqwpydr5,"segunda-feira, 1 de junho de 2026 00:23",141576.0
333,1,,,2023,,"R$ 130.557,00",Jeep,COMPASS LONG. T270 1.3 TB 4x2 Flex Aut.,2023,017071-2,Flex,1,F,maio de 2026 ,g8dpkxsgh5dr5,"segunda-feira, 1 de junho de 2026 00:23",130557.0
333,1,,,2025,5,"R$ 120.536,00",Hyundai,Creta Comfort Plus 1.0 TB 12V Flex Aut.,2025,015244-7,Flex,1,F,maio de 2026 ,gwngb1p8v8dzm,"segunda-feira, 1 de junho de 2026 00:23",120536.0
333,1,,,32000,5,"R$ 195.805,00",Jeep,COMPASS LONG. T270 1.3 TB 4x2 Flex Aut.,32000,017071-2,Flex,1,F,maio de 2026 ,kqw74jx2wycz,"quarta-feira, 27 de maio de 2026 14:50",195805.0
333,1,,,2025,,"R$ 148.411,00",Jeep,COMPASS LONG. T270 1.3 TB 4x2 Flex Aut.,2025,017071-2,Flex,1,F,maio de 2026 ,hybmn0kgb4dzm,"segunda-feira, 1 de junho de 2026 00:23",148411.0
333,1,,,2021,3,"R$ 120.362,00",Jeep,COMPASS LIMITED 2.0 4x4 Diesel 16V Aut.,2021,017051-8,Diesel,1,D,maio de 2026 ,gwf39b3g11dj2,"segunda-feira, 1 de junho de 2026 00:23",120362.0
333,1,,,2023,,"R$ 154.417,00",Jeep,COMPASS S T270 1.3 TB 4x2 Flex Aut.,2023,017074-7,Flex,1,F,maio de 2026 ,h5cxy5wwwgdr5,"segunda-feira, 1 de junho de 2026 00:23",154417.0
333,1,,,2022,5,"R$ 128.956,00",Jeep,COMPASS LIMITED T270 1.3 TB 4x2 Flex Aut,2022,017070-4,Flex,1,F,maio de 2026 ,g6jhmw3qgddny,"segunda-feira, 1 de junho de 2026 00:23",128956.0
333,1,,,2025,5,"R$ 174.630,00",Jeep,COMPASS LIMITED T270 1.3 TB 4x2 Flex Aut,2025,017070-4,Flex,1,F,maio de 2026 ,jx2l2s4mp2dzm,"segunda-feira, 1 de junho de 2026 00:23",174630.0
333,1,,,2025,,"R$ 177.911,00",Jeep,COMPASS S T270 1.3 TB 4x2 Flex Aut.,2025,017074-7,Flex,1,F,maio de 2026 ,j1xvy8np6ddzm,"segunda-feira, 1 de junho de 2026 00:23",177911.0
333,1,,,2022,,"R$ 131.688,00",Jeep,COMPASS LONG. TD 350 2.0 4x4 Diesel Aut.,2022,017075-5,Diesel,1,D,maio de 2026 ,g9qsx3mc24dm9,"segunda-feira, 1 de junho de 2026 00:24",131688.0
333,1,,,2024,,"R$ 162.464,00",Jeep,COMPASS LONG. TD 350 2.0 4x4 Diesel Aut.,2024,017075-5,Diesel,1,D,maio de 2026 ,jgtdzbcbjjdvr,"segunda-feira, 1 de junho de 2026 00:24",162464.0
333,1,,,2022,,"R$ 138.395,00",Jeep,COMPASS LIMITED TD 350 2.0 4x4 Die. Aut.,2022,017077-1,Diesel,1,D,maio de 2026 ,hklk2tf9ccdm9,"segunda-feira, 1 de junho de 2026 00:24",138395.0
333,1,,,2024,5,"R$ 137.770,00",Jeep,COMPASS LONG. T270 1.3 TB 4x2 Flex Aut.,2024,017071-2,Flex,1,F,maio de 2026 ,hjvvvxpvh0dwd,"segunda-feira, 1 de junho de 2026 00:24",137770.0
333,1,,,2023,,"R$ 153.393,00",Jeep,COMPASS LIMITED TD 350 2.0 4x4 Die. Aut.,2023,017077-1,Diesel,1,D,maio de 2026 ,h35p5fzqs8drj,"segunda-feira, 1 de junho de 2026 00:24",153393.0
333,1,,,2024,,"R$ 163.025,00",Jeep,COMPASS LIMITED TD 350 2.0 4x4 Die. Aut.,2024,017077-1,Diesel,1,D,maio de 2026 ,jhgs2q3ysmdvr,"segunda-feira, 1 de junho de 2026 00:24",163025.0
333,1,,,2025,,"R$ 204.124,00",Jeep,COMPASS LIMITED TD 350 2.0 4x4 Die. Aut.,2025,017077-1,Diesel,1,D,maio de 2026 ,k1nmmhcr20dyz,"segunda-feira, 1 de junho de 2026 00:24",204124.0
333,1,,,2023,,"R$ 153.098,00",Jeep,COMPASS TRAILHAWK TD350 2.0 4x4 Die. Aut,2023,017078-0,Diesel,1,D,maio de 2026 ,h3tzr7978ldrj,"segunda-feira, 1 de junho de 2026 00:24",153098.0
333,1,,,2024,,"R$ 157.238,00",Jeep,COMPASS TRAILHAWK TD350 2.0 4x4 Die. Aut,2024,017078-0,Diesel,1,D,maio de 2026 ,h8pgj3pz8cdvr,"segunda-feira, 1 de junho de 2026 00:24",157238.0
333,1,,,2022,5,"R$ 109.328,00",Jeep,COMPASS SPORT T270 1.3 TB 4x2 Flex Aut.,2022,017072-0,Flex,1,F,maio de 2026 ,ggh2nz31mydny,"segunda-feira, 1 de junho de 2026 00:24",109328.0
333,1,,,2022,,"R$ 161.388,00",Jeep,Commander Limited TD380 2.0 4x4 Die.Aut.,2022,017080-1,Diesel,1,D,maio de 2026 ,jfj9k7620ydm9,"segunda-feira, 1 de junho de 2026 00:24",161388.0
333,1,,,2023,,"R$ 181.466,00",Jeep,Commander Limited TD380 2.0 4x4 Die.Aut.,2023,017080-1,Diesel,1,D,maio de 2026 ,j522ldsw6sdrj,"segunda-feira, 1 de junho de 2026 00:24",181466.0
333,1,,,2024,5,"R$ 121.112,00",Jeep,COMPASS SPORT T270 1.3 TB 4x2 Flex Aut.,2024,017072-0,Flex,1,F,maio de 2026 ,gxbdcfksn0dwd,"segunda-feira, 1 de junho de 2026 00:24",121112.0
333,1,,,2024,,"R$ 197.776,00",Jeep,Commander Limited TD380 2.0 4x4 Die.Aut.,2024,017080-1,Diesel,1,D,maio de 2026 ,ks6wzf6plvdvr,"segunda-feira, 1 de junho de 2026 00:24",197776.0
333,1,,,2022,,"R$ 149.401,00",Jeep,Commander Limited T270 1.3 TB Flex Aut.,2022,017081-0,Flex,1,F,maio de 2026 ,hzhl44vvfwdny,"segunda-feira, 1 de junho de 2026 00:24",149401.0
333,1,,,2023,,"R$ 157.439,00",Jeep,Commander Limited T270 1.3 TB Flex Aut.,2023,017081-0,Flex,1,F,maio de 2026 ,h8xr0x0mnjdr5,"segunda-feira, 1 de junho de 2026 00:24",157439.0
333,1,,,2024,,"R$ 169.519,00",Jeep,Commander Limited T270 1.3 TB Flex Aut.,2024,017081-0,Flex,1,F,maio de 2026 ,jq2t7gx1pcdwd,"segunda-feira, 1 de junho de 2026 00:24",169519.0
333,1,,,2025,,"R$ 181.571,00",Jeep,Commander Limited T270 1.3 TB Flex Aut.,2025,017081-0,Flex,1,F,maio de 2026 ,j56wwz29crdzm,"segunda-feira, 1 de junho de 2026 00:24",181571.0
333,1,,,32000,5,"R$ 250.271,00",Jeep,Commander Limited T270 1.3 TB Flex Aut.,32000,017081-0,Flex,1,F,maio de 2026 ,msrx00pk06cz,"segunda-feira, 1 de junho de 2026 00:24",250271.0
333,1,,,2023,,"R$ 170.468,00",Jeep,Commander Overland T270 1.3 TB Flex Aut.,2023,017082-8,Flex,1,F,maio de 2026 ,jr6bjhxb8vdr5,"segunda-feira, 1 de junho de 2026 00:24",170468.0
333,1,,,2024,,"R$ 189.021,00",Jeep,Commander Overland T270 1.3 TB Flex Aut.,2024,017082-8,Flex,1,F,maio de 2026 ,kgyn68kgtldwd,"segunda-feira, 1 de junho de 2026 00:24",189021.0
333,1,,,2025,,"R$ 208.064,00",Jeep,Commander Overland T270 1.3 TB Flex Aut.,2025,017082-8,Flex,1,F,maio de 2026 ,k58t1f8277dzm,"segunda-feira, 1 de junho de 2026 00:24",208064.0
333,1,,,32000,5,"R$ 120.662,00",Jeep,Renegade Sport T270 1.3 TB 4x2 Flex Aut.,32000,017085-2,Flex,1,F,maio de 2026 ,gws0950mpycz,"quarta-feira, 27 de maio de 2026 14:50",120662.0
333,1,,,2024,5,"R$ 166.739,00",Jeep,COMPASS S T270 1.3 TB 4x2 Flex Aut.,2024,017074-7,Flex,1,F,maio de 2026 ,jmtsvnd0n6dwd,"segunda-feira, 1 de junho de 2026 00:24",166739.0
333,1,,,2023,3,"R$ 147.272,00",Jeep,COMPASS LONG. TD 350 2.0 4x4 Diesel Aut.,2023,017075-5,Diesel,1,D,maio de 2026 ,hwz69c615hdrj,"segunda-feira, 1 de junho de 2026 00:24",147272.0
333,1,,,2023,,"R$ 184.256,00",Jeep,Commander Overl. TD380 2.0 4x4 Die. Aut.,2023,017083-6,Diesel,1,D,maio de 2026 ,j9cg7jd8r0drj,"segunda-feira, 1 de junho de 2026 00:24",184256.0
333,1,,,2024,,"R$ 206.728,00",Jeep,Commander Overl. TD380 2.0 4x4 Die. Aut.,2024,017083-6,Diesel,1,D,maio de 2026 ,k4p8pqw9sgdvr,"segunda-feira, 1 de junho de 2026 00:24",206728.0
333,1,,,2025,,"R$ 226.434,00",Jeep,Commander Overl. TD380 2.0 4x4 Die. Aut.,2025,017083-6,Diesel,1,D,maio de 2026 ,lwtjj38dr9dyz,"segunda-feira, 1 de junho de 2026 00:24",226434.0
333,1,,,2023,,"R$ 100.347,00",Jeep,Renegade Sport T270 1.3 TB 4x2 Flex Aut.,2023,017085-2,Flex,1,F,maio de 2026 ,f3zm8rw1cddr5,"segunda-feira, 1 de junho de 2026 00:24",100347.0
333,1,,,2024,,"R$ 103.878,00",Jeep,Renegade Sport T270 1.3 TB 4x2 Flex Aut.,2024,017085-2,Flex,1,F,maio de 2026 ,f73zvlh80vdwd,"segunda-feira, 1 de junho de 2026 00:24",103878.0
333,1,,,2023,,"R$ 119.890,00",Jeep,Renegade Trailhawk T270 1.3 TB Flex Aut.,2023,017086-0,Flex,1,F,maio de 2026 ,gvwzgnt02bdr5,"segunda-feira, 1 de junho de 2026 00:24",119890.0
333,1,,,2025,,"R$ 132.265,00",Jeep,Renegade Trailhawk T270 1.3 TB Flex Aut.,2025,017086-0,Flex,1,F,maio de 2026 ,hbdr2ddycfdzm,"segunda-feira, 1 de junho de 2026 00:24",132265.0
333,1,,,2023,,"R$ 116.496,00",Jeep,Renegade S T270 1.3 TB 4x4 Flex Aut.,2023,017087-9,Flex,1,F,maio de 2026 ,gqxl75h2p4dr5,"segunda-feira, 1 de junho de 2026 00:24",116496.0
333,1,,,2024,,"R$ 111.215,00",Jeep,Renegade Long. T270 1.3 TB 4x2 Flex Aut.,2024,017088-7,Flex,1,F,maio de 2026 ,gjqnvt5kv7dwd,"segunda-feira, 1 de junho de 2026 00:24",111215.0
333,1,,,2025,,"R$ 201.719,00",Jeep,COMPASS Black Hurricane 2.0 4x4 TB Aut.,2025,017096-8,Gasolina,1,G,maio de 2026 ,kyt6r5mgwtdyb,"segunda-feira, 1 de junho de 2026 00:24",201719.0
333,1,,,2025,,"R$ 225.266,00",Jeep,Commander Overland Hurric 2.0 4x4 TB Aut,2025,017098-4,Gasolina,1,G,maio de 2026 ,lvf2hjf2psdyb,"segunda-feira, 1 de junho de 2026 00:24",225266.0
333,1,,,2018,,"R$ 119.758,00",Mercedes-Benz,C-180 CGI Exc. 1.6/1.6 Flex TB 16V  Aut.,2018,021307-1,Gasolina,1,G,maio de 2026 ,gvq5qy85vnc6r,"segunda-feira, 1 de junho de 2026 00:24",119758.0
333,1,,,2025,1,"R$ 191.188,00",Jeep,COMPASS Over. Hurric 2.0 4x4 TB 16V Aut.,2025,017097-6,Gasolina,1,G,maio de 2026 ,kkhfw935y3dyb,"segunda-feira, 1 de junho de 2026 00:24",191188.0
333,1,,,2025,1,"R$ 235.471,00",Jeep,Commander Black Hurricane 2.0 4x4 TB Aut,2025,017099-2,Gasolina,1,G,maio de 2026 ,l7dz1c24vkdyb,"segunda-feira, 1 de junho de 2026 00:24",235471.0
333,1,,,2025,5,"R$ 119.911,00",Jeep,Renegade Long. T270 1.3 TB 4x2 Flex Aut.,2025,017088-7,Flex,1,F,maio de 2026 ,gvxq35ww0hdzm,"segunda-feira, 1 de junho de 2026 00:24",119911.0
333,1,,,2022,,"R$ 291.620,00",Mercedes-Benz,Sprinter 516 VAN E.L. T.A. 18L 2.2 Dies.,2022,021437-0,Diesel,1,D,maio de 2026 ,pb7t73zdsldm9,"segunda-feira, 1 de junho de 2026 00:24",291620.0
333,1,,,2022,,"R$ 304.124,00",Mercedes-Benz,Sprinter 516 VAN E.L. T.A. 21L 2.2 Dies.,2022,021438-8,Diesel,1,D,maio de 2026 ,ptw96rb4whdm9,"segunda-feira, 1 de junho de 2026 00:24",304124.0
333,1,,,2022,,"R$ 194.263,00",Mercedes-Benz,GLB 200 Advance 1.3 TB 16V Aut.,2022,021462-0,Gasolina,1,G,maio de 2026 ,kn26pb5wrjdmn,"segunda-feira, 1 de junho de 2026 00:24",194263.0
333,1,,,2024,,"R$ 274.735,00",Mercedes-Benz,Sprinter 417 VAN L.T.A. 16L Diesel (E6),2024,021497-3,Diesel,1,D,maio de 2026 ,nqf3zmkvxrdvr,"segunda-feira, 1 de junho de 2026 00:24",274735.0
333,1,,,2022,3,"R$ 255.913,00",Mercedes-Benz,Sprinter 416 VAN L. T.A. 16L 2.2 Diesel,2022,021422-1,Diesel,1,D,maio de 2026 ,m0cz5v7f1sdm9,"segunda-feira, 1 de junho de 2026 00:24",255913.0
333,1,,,2022,,"R$ 145.714,00",Mitsubishi,L200 Triton Sport GLS 2.4 CD Diesel Aut.,2022,022164-3,Diesel,1,D,maio de 2026 ,ht5ltbbzr7dm9,"segunda-feira, 1 de junho de 2026 00:24",145714.0
333,1,,,2023,,"R$ 149.777,00",Mitsubishi,L200 Triton Sport GLS 2.4 CD Diesel Aut.,2023,022164-3,Diesel,1,D,maio de 2026 ,hzx8tl5ht8drj,"segunda-feira, 1 de junho de 2026 00:24",149777.0
333,1,,,2023,,"R$ 194.939,00",Mitsubishi,L200 Triton Sport HPE-S 2.4 CD Dies. Aut,2023,022167-8,Diesel,1,D,maio de 2026 ,kpwscm7yytdrj,"segunda-feira, 1 de junho de 2026 00:25",194939.0
333,1,,,2022,,"R$ 122.850,00",Mitsubishi,Eclipse Cross HPE-S 1.5 16V TB 165cv Aut.,2022,022170-8,Gasolina,1,G,maio de 2026 ,gzcknrm00jdmn,"segunda-feira, 1 de junho de 2026 00:25",122850.0
333,1,,,2023,,"R$ 138.631,00",Mitsubishi,Eclipse Cross HPE-S 1.5 16V TB 165cv Aut.,2023,022170-8,Gasolina,1,G,maio de 2026 ,hkv4z3825kdqw,"segunda-feira, 1 de junho de 2026 00:25",138631.0
333,1,,,2022,,"R$ 125.364,00",Mitsubishi,OUTLANDER HPE 2.0 16V 5p Aut.,2022,022171-6,Gasolina,1,G,maio de 2026 ,g19ybct9g4dmn,"segunda-feira, 1 de junho de 2026 00:25",125364.0
333,1,,,2024,,"R$ 285.746,00",Mitsubishi,Pajero Sport HPE 2.4 4x4 Diesel Aut.,2024,022178-3,Diesel,1,D,maio de 2026 ,n4cbpmvcyxdvr,"segunda-feira, 1 de junho de 2026 00:25",285746.0
333,1,,,2022,3,"R$ 398.037,00",Mercedes-Benz,GLE-400 3.0 TB 4MATIC Diesel Aut.,2022,021442-6,Diesel,1,D,maio de 2026 ,tc0r7j72ntdm9,"segunda-feira, 1 de junho de 2026 00:25",398037.0
333,1,,,2023,,"R$ 120.145,00",Mitsubishi,Eclipse Cross HPE 1.5 16V TB 165cv Aut.,2023,022181-3,Gasolina,1,G,maio de 2026 ,gv57sm2b8fdqw,"segunda-feira, 1 de junho de 2026 00:25",120145.0
333,1,,,2024,,"R$ 143.453,00",Mitsubishi,Eclipse Cross HPE 1.5 16V TB 165cv Aut.,2024,022181-3,Gasolina,1,G,maio de 2026 ,hrjd6vqthcdt3,"segunda-feira, 1 de junho de 2026 00:25",143453.0
333,1,,,2025,3,"R$ 345.602,00",Mercedes-Benz,Sprinter 517 VAN E.L.T.A. 18L Die (E6),2025,021506-6,Diesel,1,D,maio de 2026 ,rdjxsqnlybdyz,"segunda-feira, 1 de junho de 2026 00:25",345602.0
333,1,,,2023,,"R$ 136.556,00",Mitsubishi,L200 Tri. Outd. GLX 2.4 CD 4x4 Die. Mec.,2023,022189-9,Diesel,1,D,maio de 2026 ,hhfqzldj2jdrj,"segunda-feira, 1 de junho de 2026 00:25",136556.0
333,1,,,2024,,"R$ 149.772,00",Mitsubishi,L200 Tri. Outd. GLX 2.4 CD 4x4 Die. Mec.,2024,022189-9,Diesel,1,D,maio de 2026 ,hzx25y6s6pdvr,"segunda-feira, 1 de junho de 2026 00:25",149772.0
333,1,,,2025,3,"R$ 352.372,00",Mercedes-Benz,Sprin. 517 VAN E.L.P.T.A. 21L Die. (E6),2025,021507-4,Diesel,1,D,maio de 2026 ,rngzxzn0sddyz,"segunda-feira, 1 de junho de 2026 00:25",352372.0
333,1,,,2022,,"R$ 119.449,00",Mitsubishi,OUTLANDER Sport HPE 2.0 16V Flex Aut.,2022,022192-9,Flex,1,F,maio de 2026 ,gvcykshj60dny,"segunda-feira, 1 de junho de 2026 00:25",119449.0
333,1,,,32000,3,"R$ 266.985,00",Nissan,Frontier ATTAC.CD 4x4 2.3 Bi-TB Die. Aut,32000,023160-6,Diesel,1,D,maio de 2026 ,nfcfmj6fkfcb,"quarta-feira, 27 de maio de 2026 14:50",266985.0
333,1,,,2023,3,"R$ 184.358,00",Mitsubishi,L200 Triton Sport HPE 2.4 CD Diesel Aut.,2023,022158-9,Diesel,1,D,maio de 2026 ,j9g5492t45drj,"segunda-feira, 1 de junho de 2026 00:25",184358.0
333,1,,,32000,3,"R$ 309.230,00",Mitsubishi,Triton HPE 2.4 CD 4x4 TB Diesel Aut.,32000,022213-5,Diesel,1,D,maio de 2026 ,p0wxfdn1hsj1gy,"segunda-feira, 1 de junho de 2026 00:25",309230.0
333,1,,,2021,,"R$ 83.183,00",Nissan,KICKS S 1.6 16V Flex 5p Aut.,2021,023156-8,Flex,1,F,maio de 2026 ,cbsmyft12vzg6,"segunda-feira, 1 de junho de 2026 00:25",83183.0
333,1,,,2021,,"R$ 144.195,00",Nissan,Frontier ATTAC.CD 4x4 2.3 Bi-TB Die. Aut,2021,023160-6,Diesel,1,D,maio de 2026 ,hsdc8jbmwkdj2,"segunda-feira, 1 de junho de 2026 00:25",144195.0
333,1,,,2022,,"R$ 147.800,00",Nissan,Frontier ATTAC.CD 4x4 2.3 Bi-TB Die. Aut,2022,023160-6,Diesel,1,D,maio de 2026 ,hxmd632j86dm9,"segunda-feira, 1 de junho de 2026 00:25",147800.0
333,1,,,2024,,"R$ 180.459,00",Nissan,Frontier ATTAC.CD 4x4 2.3 Bi-TB Die. Aut,2024,023160-6,Diesel,1,D,maio de 2026 ,j4xgyglbdgdvr,"segunda-feira, 1 de junho de 2026 00:25",180459.0
333,1,,,2025,,"R$ 201.214,00",Nissan,Frontier ATTAC.CD 4x4 2.3 Bi-TB Die. Aut,2025,023160-6,Diesel,1,D,maio de 2026 ,kx7vrt459qdyz,"segunda-feira, 1 de junho de 2026 00:25",201214.0
333,1,,,2022,,"R$ 121.315,00",Nissan,Frontier S CD 4x4 2.3 TB Diesel Mec.,2022,023161-4,Diesel,1,D,maio de 2026 ,gxkr23djcqdm9,"segunda-feira, 1 de junho de 2026 00:25",121315.0
333,1,,,32000,5,"R$ 145.005,00",Nissan,VERSA Exclusive 1.6 16V Flex Aut.,32000,023174-6,Flex,1,F,maio de 2026 ,htbtycgj2scz,"quarta-feira, 27 de maio de 2026 14:50",145005.0
333,1,,,2023,,"R$ 138.985,00",Nissan,Frontier S CD 4x4 2.3 TB Diesel Mec.,2023,023161-4,Diesel,1,D,maio de 2026 ,hk80v5pjkqdrj,"segunda-feira, 1 de junho de 2026 00:25",138985.0
333,1,,,2024,,"R$ 149.887,00",Nissan,Frontier S CD 4x4 2.3 TB Diesel Mec.,2024,023161-4,Diesel,1,D,maio de 2026 ,hz18rvlbzkdvr,"segunda-feira, 1 de junho de 2026 00:25",149887.0
333,1,,,2022,,"R$ 97.503,00",Nissan,LEAF Aut. (Elétrico),2022,023163-0,Elétrico,1,E,maio de 2026 ,ch6jtwl0nm2k3,"segunda-feira, 1 de junho de 2026 00:25",97503.0
333,1,,,2021,,"R$ 67.762,00",Nissan,VERSA V-DRIVE PLUS 1.6 16V Flex Aut.,2021,023171-1,Flex,1,F,maio de 2026 ,4ytwd2h0qrg6,"segunda-feira, 1 de junho de 2026 00:25",67762.0
333,1,,,2022,,"R$ 83.141,00",Nissan,VERSA Exclusive 1.6 16V Flex Aut.,2022,023174-6,Flex,1,F,maio de 2026 ,cbr4n6h45zzlf,"segunda-feira, 1 de junho de 2026 00:25",83141.0
333,1,,,2024,,"R$ 105.336,00",Nissan,VERSA Exclusive 1.6 16V Flex Aut.,2024,023174-6,Flex,1,F,maio de 2026 ,f9tznpywd2dwd,"segunda-feira, 1 de junho de 2026 00:25",105336.0
333,1,,,2025,,"R$ 117.253,00",Nissan,VERSA Exclusive 1.6 16V Flex Aut.,2025,023174-6,Flex,1,F,maio de 2026 ,grs36rf51sdzm,"segunda-feira, 1 de junho de 2026 00:25",117253.0
333,1,,,2022,,"R$ 82.138,00",Nissan,VERSA Advance 1.6 16V Flex Aut.,2022,023175-4,Flex,1,F,maio de 2026 ,cbdc3t9pdwylf,"segunda-feira, 1 de junho de 2026 00:25",82138.0
333,1,,,2023,,"R$ 90.467,00",Nissan,VERSA Advance 1.6 16V Flex Aut.,2023,023175-4,Flex,1,F,maio de 2026 ,cfj1gbrbrnbpn,"segunda-feira, 1 de junho de 2026 00:25",90467.0
333,1,,,2024,,"R$ 97.584,00",Nissan,VERSA Advance 1.6 16V Flex Aut.,2024,023175-4,Flex,1,F,maio de 2026 ,ch7g8kgk897sw,"segunda-feira, 1 de junho de 2026 00:25",97584.0
333,1,,,2025,,"R$ 107.271,00",Nissan,VERSA Advance 1.6 16V Flex Aut.,2025,023175-4,Flex,1,F,maio de 2026 ,gc29x4y9rkdzm,"segunda-feira, 1 de junho de 2026 00:25",107271.0
333,1,,,2023,,"R$ 84.318,00",Nissan,VERSA Sense 1.6 16V Flex Aut.,2023,023176-2,Flex,1,F,maio de 2026 ,cb6yg3x7cw2pn,"segunda-feira, 1 de junho de 2026 00:25",84318.0
333,1,,,2022,,"R$ 90.446,00",Nissan,KICKS Sense 1.6 16V Flex Aut.,2022,023178-9,Flex,1,F,maio de 2026 ,cfjstqkvjd9lf,"segunda-feira, 1 de junho de 2026 00:25",90446.0
333,1,,,2023,,"R$ 94.482,00",Nissan,KICKS Sense 1.6 16V Flex Aut.,2023,023178-9,Flex,1,F,maio de 2026 ,cg13slgqty8pn,"segunda-feira, 1 de junho de 2026 00:25",94482.0
333,1,,,2024,,"R$ 106.000,00",Nissan,KICKS Sense 1.6 16V Flex Aut.,2024,023178-9,Flex,1,F,maio de 2026 ,gbl3tvdwmhdwd,"segunda-feira, 1 de junho de 2026 00:25",106000.0
333,1,,,2022,,"R$ 86.957,00",Nissan,KICKS Sense 1.6 16V Flex Mec.,2022,023179-7,Flex,1,F,maio de 2026 ,cc6wn6nvnxtlf,"segunda-feira, 1 de junho de 2026 00:25",86957.0
333,1,,,2023,,"R$ 100.380,00",Nissan,KICKS Advance 1.6 16V Flex Aut.,2023,023180-0,Flex,1,F,maio de 2026 ,f30vgfnrgddr5,"segunda-feira, 1 de junho de 2026 00:25",100380.0
333,1,,,2024,,"R$ 116.220,00",Nissan,KICKS Exclusive 1.6 16V Flex Aut.,2024,023181-9,Flex,1,F,maio de 2026 ,gqlk8m7qk3dwd,"segunda-feira, 1 de junho de 2026 00:25",116220.0
333,1,,,2023,,"R$ 116.296,00",Nissan,Sentra Advance 2.0 16V Aut.,2023,023187-8,Gasolina,1,G,maio de 2026 ,gqpbw72y79dqw,"segunda-feira, 1 de junho de 2026 00:25",116296.0
333,1,,,32000,1,"R$ 172.634,00",Nissan,Sentra Advance 2.0 16V Aut.,32000,023187-8,Gasolina,1,G,maio de 2026 ,jvq12mnq10j1f9,"quarta-feira, 27 de maio de 2026 14:51",172634.0
333,1,,,2024,,"R$ 122.676,00",Nissan,Sentra Advance 2.0 16V Aut.,2024,023187-8,Gasolina,1,G,maio de 2026 ,gy47l08g66dt3,"segunda-feira, 1 de junho de 2026 00:25",122676.0
333,1,,,2025,1,"R$ 133.907,00",Nissan,Sentra Advance 2.0 16V Aut.,2025,023187-8,Gasolina,1,G,maio de 2026 ,hdbf6hf2lvdyb,"segunda-feira, 1 de junho de 2026 00:25",133907.0
333,1,,,2026,1,"R$ 147.233,00",Nissan,Sentra Advance 2.0 16V Aut.,2026,023187-8,Gasolina,1,G,maio de 2026 ,hwytb3mnmsd1k,"segunda-feira, 1 de junho de 2026 00:25",147233.0
333,1,,,2025,1,"R$ 155.690,00",Nissan,Sentra Exclusive 2.0 16V Aut.,2025,023188-6,Gasolina,1,G,maio de 2026 ,h6v5995t6bdyb,"segunda-feira, 1 de junho de 2026 00:25",155690.0
333,1,,,2023,1,"R$ 133.389,00",Nissan,Sentra Exclu. Int. Premium 2.0 16V Aut.,2023,023189-4,Gasolina,1,G,maio de 2026 ,hcqmj1mdctdqw,"segunda-feira, 1 de junho de 2026 00:25",133389.0
333,1,,,2024,,"R$ 141.319,00",Nissan,Sentra Exclu. Int. Premium 2.0 16V Aut.,2024,023189-4,Gasolina,1,G,maio de 2026 ,hn0vqf064qdt3,"segunda-feira, 1 de junho de 2026 00:25",141319.0
333,1,,,2025,,"R$ 156.355,00",Nissan,Sentra Exclu. Int. Premium 2.0 16V Aut.,2025,023189-4,Gasolina,1,G,maio de 2026 ,h7ncmdfn57dyb,"segunda-feira, 1 de junho de 2026 00:25",156355.0
333,1,,,32000,5,"R$ 184.524,00",Nissan,KICKS Exclusive 1.0 Turbo Flex Aut.,32000,023196-7,Flex,1,F,maio de 2026 ,j9n66k7gv7j1hl,"quarta-feira, 27 de maio de 2026 14:51",184524.0
333,1,,,2025,,"R$ 110.558,00",Nissan,KICKS Play Active Plus 1.6 16V Flex Aut.,2025,023191-6,Flex,1,F,maio de 2026 ,ghysk5g9m3dzm,"segunda-feira, 1 de junho de 2026 00:25",110558.0
333,1,,,2025,,"R$ 114.894,00",Nissan,KICKS Play Sense 1.6 16V Flex Aut.,2025,023192-4,Flex,1,F,maio de 2026 ,gn1c55270pdzm,"segunda-feira, 1 de junho de 2026 00:25",114894.0
333,1,,,2025,,"R$ 122.706,00",Nissan,KICKS Play Advance Plus 1.6 16V Flex Aut,2025,023193-2,Flex,1,F,maio de 2026 ,gy6bdxm82cdzm,"segunda-feira, 1 de junho de 2026 00:25",122706.0
333,1,,,2022,,"R$ 139.103,00",Peugeot,3008 Griffe 1.6 Turbo 16V 5p Aut.,2022,024176-8,Gasolina,1,G,maio de 2026 ,hld9tt6kf7dmn,"segunda-feira, 1 de junho de 2026 00:25",139103.0
333,1,,,2023,,"R$ 144.924,00",Peugeot,3008 Griffe 1.6 Turbo 16V 5p Aut.,2023,024176-8,Gasolina,1,G,maio de 2026 ,hs7wn17tdmdqw,"segunda-feira, 1 de junho de 2026 00:25",144924.0
333,1,,,2021,,"R$ 66.058,00",Peugeot,208 Active Pack 1.6 Flex 16V 5p Aut.,2021,024207-1,Flex,1,F,maio de 2026 ,39vjhgh7m4g6,"segunda-feira, 1 de junho de 2026 00:25",66058.0
333,1,,,2022,5,"R$ 93.258,00",Nissan,KICKS Advance 1.6 16V Flex Aut.,2022,023180-0,Flex,1,F,maio de 2026 ,cglrw26tsnblf,"segunda-feira, 1 de junho de 2026 00:25",93258.0
333,1,,,2022,,"R$ 68.870,00",Peugeot,208 Allure 1.6 Flex 16V 5p Aut.,2022,024215-2,Flex,1,F,maio de 2026 ,5ctlv3ys43lf,"segunda-feira, 1 de junho de 2026 00:25",68870.0
333,1,,,2024,5,"R$ 108.823,00",Nissan,KICKS Advance 1.6 16V Flex Aut.,2024,023180-0,Flex,1,F,maio de 2026 ,gfxqnmvbt2dwd,"segunda-feira, 1 de junho de 2026 00:25",108823.0
333,1,,,2022,5,"R$ 99.281,00",Nissan,KICKS Exclusive 1.6 16V Flex Aut.,2022,023181-9,Flex,1,F,maio de 2026 ,cjwc2lx9jb1lf,"segunda-feira, 1 de junho de 2026 00:25",99281.0
333,1,,,2023,,"R$ 74.938,00",Peugeot,208 Allure 1.6 Flex 16V 5p Aut.,2023,024215-2,Flex,1,F,maio de 2026 ,7ny4d20mntpn,"segunda-feira, 1 de junho de 2026 00:25",74938.0
333,1,,,2024,5,"R$ 96.755,00",Nissan,KICKS Active 1.6 16V Flex Aut.,2024,023186-0,Flex,1,F,maio de 2026 ,chxryq5s39xdwd,"segunda-feira, 1 de junho de 2026 00:25",96755.0
333,1,,,2021,,"R$ 167.173,00",Peugeot,Boxer Business Furgão 2.0 Turbo Diesel,2021,024244-6,Diesel,1,D,maio de 2026 ,jnbkv0w1xrdj2,"segunda-feira, 1 de junho de 2026 00:25",167173.0
333,1,,,2022,,"R$ 66.141,00",Peugeot,2008 Allure Pack 1.6 Flex 16V Aut.,2022,024245-4,Flex,1,F,maio de 2026 ,4btppytwvrlf,"segunda-feira, 1 de junho de 2026 00:25",66141.0
333,1,,,2022,,"R$ 66.808,00",Peugeot,208 Active 1.6 Flex 16V 5p Aut.,2022,024249-7,Flex,1,F,maio de 2026 ,4lm3484rrclf,"segunda-feira, 1 de junho de 2026 00:25",66808.0
333,1,,,2023,,"R$ 71.256,00",Peugeot,208 Active 1.6 Flex 16V 5p Aut.,2023,024249-7,Flex,1,F,maio de 2026 ,58st8f43rspn,"segunda-feira, 1 de junho de 2026 00:25",71256.0
333,1,,,2024,,"R$ 82.058,00",Peugeot,208 Active 1.6 Flex 16V 5p Aut.,2024,024249-7,Flex,1,F,maio de 2026 ,cbcf1frqlk1sw,"segunda-feira, 1 de junho de 2026 00:25",82058.0
333,1,,,32000,3,"R$ 198.195,00",Peugeot,Expert Cargo 1.5 Turbo Diesel,32000,024260-8,Diesel,1,D,maio de 2026 ,ktp32wmlbxcb,"quarta-feira, 27 de maio de 2026 14:51",198195.0
333,1,,,2022,,"R$ 54.999,00",Peugeot,208 Like 1.6 Flex 16V 5p Mec.,2022,024251-9,Flex,1,F,maio de 2026 ,z35xklm97qlf,"segunda-feira, 1 de junho de 2026 00:25",54999.0
333,1,,,2023,,"R$ 159.817,00",Peugeot,3008 GT Pack 1.6 Turbo 16V 5p Aut.,2023,024253-5,Gasolina,1,G,maio de 2026 ,jcp6f3xnn9dqw,"segunda-feira, 1 de junho de 2026 00:25",159817.0
333,1,,,2022,,"R$ 91.801,00",Peugeot,e-208 GT 5p Aut. (Elétrico),2022,024255-1,Elétrico,1,E,maio de 2026 ,cf1n98dbb2qk3,"segunda-feira, 1 de junho de 2026 00:25",91801.0
333,1,,,2022,,"R$ 54.929,00",Peugeot,208 Like Essencial 1.6 Flex 16V 5p Mec.,2022,024256-0,Flex,1,F,maio de 2026 ,z3cgt0dpbglf,"segunda-feira, 1 de junho de 2026 00:25",54929.0
333,1,,,2023,,"R$ 174.157,00",Peugeot,E-Expert Cargo 136cv (Elétrico),2023,024258-6,Elétrico,1,E,maio de 2026 ,jxjd35w8pcdrv,"segunda-feira, 1 de junho de 2026 00:25",174157.0
333,1,,,2023,,"R$ 137.684,00",Peugeot,Expert Cargo 1.5 Turbo Diesel,2023,024260-8,Diesel,1,D,maio de 2026 ,hjrqyzvzk1drj,"segunda-feira, 1 de junho de 2026 00:25",137684.0
333,1,,,2024,,"R$ 148.929,00",Peugeot,Expert Cargo 1.5 Turbo Diesel,2024,024260-8,Diesel,1,D,maio de 2026 ,hyygbgd43xdvr,"segunda-feira, 1 de junho de 2026 00:25",148929.0
333,1,,,2023,,"R$ 71.748,00",Peugeot,Partner Rapid Busin. Pack 1.4 Flex Mec.,2023,024263-2,Flex,1,F,maio de 2026 ,6gknw8w60rpn,"segunda-feira, 1 de junho de 2026 00:25",71748.0
333,1,,,2024,,"R$ 83.477,00",Peugeot,Partner Rapid Busin. Pack 1.4 Flex Mec.,2024,024263-2,Flex,1,F,maio de 2026 ,cbw2s3fh1wjsw,"segunda-feira, 1 de junho de 2026 00:25",83477.0
333,1,,,2020,,"R$ 67.984,00",Renault,DUSTER Expression 1.6 Hi-Flex 16V Mec.,2020,025182-8,Flex,1,F,maio de 2026 ,41fks88sbmcz,"segunda-feira, 1 de junho de 2026 00:26",67984.0
333,1,,,2021,,"R$ 152.218,00",Renault,Master 2.3 dCi Furgão 16V Diesel,2021,025196-8,Diesel,1,D,maio de 2026 ,h2sz7b2fpfdj2,"segunda-feira, 1 de junho de 2026 00:26",152218.0
333,1,,,2022,,"R$ 159.916,00",Renault,Master 2.3 dCi Furgão 16V Diesel,2022,025196-8,Diesel,1,D,maio de 2026 ,jctsz30dyldm9,"segunda-feira, 1 de junho de 2026 00:26",159916.0
333,1,,,2023,,"R$ 180.922,00",Renault,Master 2.3 dCi Furgão 16V Diesel,2023,025196-8,Diesel,1,D,maio de 2026 ,j5f9mshm5ddrj,"segunda-feira, 1 de junho de 2026 00:26",180922.0
333,1,,,2025,,"R$ 216.831,00",Renault,Master 2.3 dCi Furgão 16V Diesel,2025,025196-8,Diesel,1,D,maio de 2026 ,ljkg9sbrt2dyz,"segunda-feira, 1 de junho de 2026 00:26",216831.0
333,1,,,32000,3,"R$ 277.100,00",Renault,Master 2.3 dCi Furgão 16V Diesel,32000,025196-8,Diesel,1,D,maio de 2026 ,ns62rrhnt1cb,"segunda-feira, 1 de junho de 2026 00:26",277100.0
333,1,,,2022,,"R$ 174.642,00",Renault,Master 2.3 dCi Grand Furgão16V Diesel,2022,025197-6,Diesel,1,D,maio de 2026 ,jx21lykl1kdm9,"segunda-feira, 1 de junho de 2026 00:26",174642.0
333,1,,,2023,,"R$ 198.363,00",Renault,Master 2.3 dCi Grand Furgão16V Diesel,2023,025197-6,Diesel,1,D,maio de 2026 ,ktw7c0rb7ndrj,"segunda-feira, 1 de junho de 2026 00:26",198363.0
333,1,,,2024,,"R$ 205.452,00",Renault,Master 2.3 dCi Grand Furgão16V Diesel,2024,025197-6,Diesel,1,D,maio de 2026 ,k26wyrxt5hdvr,"segunda-feira, 1 de junho de 2026 00:26",205452.0
333,1,,,2023,,"R$ 195.280,00",Renault,Master 2.3 dCi Extra Furgão 16V Diesel,2023,025198-4,Diesel,1,D,maio de 2026 ,kp85lk2vnrdrj,"segunda-feira, 1 de junho de 2026 00:26",195280.0
333,1,,,2024,,"R$ 222.739,00",Renault,Master 2.3 dCi Extra Furgão 16V Diesel,2024,025198-4,Diesel,1,D,maio de 2026 ,lrg65v12v4dvr,"segunda-feira, 1 de junho de 2026 00:26",222739.0
333,1,,,2025,,"R$ 228.525,00",Renault,Master 2.3 dCi Extra Furgão 16V Diesel,2025,025198-4,Diesel,1,D,maio de 2026 ,ly8jlknwdgdyz,"segunda-feira, 1 de junho de 2026 00:26",228525.0
333,1,,,2026,,"R$ 246.889,00",Renault,Master 2.3 dCi Extra Furgão 16V Diesel,2026,025198-4,Diesel,1,D,maio de 2026 ,mns0bnr2nnd16,"segunda-feira, 1 de junho de 2026 00:26",246889.0
333,1,,,2019,,"R$ 178.288,00",Renault,Master 2.3 dCi Executive Longo 16L Dies,2019,025205-0,Diesel,1,D,maio de 2026 ,j2ckrnl7s9dbm,"segunda-feira, 1 de junho de 2026 00:26",178288.0
333,1,,,2022,,"R$ 226.067,00",Renault,Master 2.3 dCi Executive Longo 16L Dies,2022,025205-0,Diesel,1,D,maio de 2026 ,lwc500rzzfdm9,"segunda-feira, 1 de junho de 2026 00:26",226067.0
333,1,,,2023,,"R$ 249.363,00",Renault,Master 2.3 dCi Executive Longo 16L Dies,2023,025205-0,Diesel,1,D,maio de 2026 ,mrpxx2n7g5drj,"segunda-feira, 1 de junho de 2026 00:26",249363.0
333,1,,,2024,,"R$ 260.647,00",Renault,Master 2.3 dCi Executive Longo 16L Dies,2024,025205-0,Diesel,1,D,maio de 2026 ,m5x17sxmb5dvr,"segunda-feira, 1 de junho de 2026 00:26",260647.0
333,1,,,2025,,"R$ 288.916,00",Renault,Master 2.3 dCi Executive Longo 16L Dies,2025,025205-0,Diesel,1,D,maio de 2026 ,n72khxygwmdyz,"segunda-feira, 1 de junho de 2026 00:26",288916.0
333,1,,,2022,,"R$ 83.482,00",Renault,DUSTER OROCH Dyna. 1.6 Flex 16V Mec.,2022,025231-0,Flex,1,F,maio de 2026 ,cbw4mftgtg8lf,"segunda-feira, 1 de junho de 2026 00:26",83482.0
333,1,,,2019,,"R$ 67.310,00",Renault,DUSTER Expression 1.6 Flex 16V Aut.,2019,025263-8,Flex,1,F,maio de 2026 ,4sjlgz4hwk90,"segunda-feira, 1 de junho de 2026 00:26",67310.0
333,1,,,2020,,"R$ 38.186,00",Renault,KWID Zen 1.0 Flex 12V 5p Mec.,2020,025266-2,Flex,1,F,maio de 2026 ,sr1w21smq5cz,"segunda-feira, 1 de junho de 2026 00:26",38186.0
333,1,,,2021,,"R$ 39.513,00",Renault,KWID Zen 1.0 Flex 12V 5p Mec.,2021,025266-2,Flex,1,F,maio de 2026 ,s8l64mgv26g6,"segunda-feira, 1 de junho de 2026 00:26",39513.0
333,1,,,2022,,"R$ 44.383,00",Renault,KWID Zen 1.0 Flex 12V 5p Mec.,2022,025266-2,Flex,1,F,maio de 2026 ,v3p94zvq6plf,"segunda-feira, 1 de junho de 2026 00:26",44383.0
333,1,,,2023,,"R$ 49.655,00",Renault,KWID Zen 1.0 Flex 12V 5p Mec.,2023,025266-2,Flex,1,F,maio de 2026 ,x3jjqn3540pn,"segunda-feira, 1 de junho de 2026 00:26",49655.0
333,1,,,2024,,"R$ 52.585,00",Renault,KWID Zen 1.0 Flex 12V 5p Mec.,2024,025266-2,Flex,1,F,maio de 2026 ,y6whn1rhjlsw,"segunda-feira, 1 de junho de 2026 00:26",52585.0
333,1,,,2025,,"R$ 56.737,00",Renault,KWID Zen 1.0 Flex 12V 5p Mec.,2025,025266-2,Flex,1,F,maio de 2026 ,0skmk202l8w3,"segunda-feira, 1 de junho de 2026 00:26",56737.0
333,1,,,2026,,"R$ 62.834,00",Renault,KWID Zen 1.0 Flex 12V 5p Mec.,2026,025266-2,Flex,1,F,maio de 2026 ,221pwlpgrn0b,"segunda-feira, 1 de junho de 2026 00:26",62834.0
333,1,,,32000,5,"R$ 69.396,00",Renault,KWID Zen 1.0 Flex 12V 5p Mec.,32000,025266-2,Flex,1,F,maio de 2026 ,5kzsly1tfvcz,"segunda-feira, 1 de junho de 2026 00:26",69396.0
333,1,,,2024,5,"R$ 67.516,00",Peugeot,208 Like 1.0 Flex 6V 5p Mec.,2024,024264-0,Flex,1,F,maio de 2026 ,4vyglpqgltsw,"segunda-feira, 1 de junho de 2026 00:26",67516.0
333,1,,,2023,5,"R$ 57.709,00",Peugeot,208 Like 1.0 Flex 6V 5p Mec.,2023,024264-0,Flex,1,F,maio de 2026 ,04yxm7myq1pn,"segunda-feira, 1 de junho de 2026 00:26",57709.0
333,1,,,2022,,"R$ 47.401,00",Renault,KWID Intense 1.0 Flex 12V 5p Mec.,2022,025267-0,Flex,1,F,maio de 2026 ,w728m8djnylf,"segunda-feira, 1 de junho de 2026 00:26",47401.0
333,1,,,2024,5,"R$ 83.779,00",Peugeot,208 Roadtrip 1.6 Flex 16V 5p Aut.,2024,024269-1,Flex,1,F,maio de 2026 ,cb0mkw0glgldwd,"segunda-feira, 1 de junho de 2026 00:26",83779.0
333,1,,,2023,,"R$ 52.452,00",Renault,KWID Intense 1.0 Flex 12V 5p Mec.,2023,025267-0,Flex,1,F,maio de 2026 ,y4942w7rfmpn,"segunda-feira, 1 de junho de 2026 00:26",52452.0
333,1,,,2024,,"R$ 56.013,00",Renault,KWID Intense 1.0 Flex 12V 5p Mec.,2024,025267-0,Flex,1,F,maio de 2026 ,0h2gvz5mxzsw,"segunda-feira, 1 de junho de 2026 00:26",56013.0
333,1,,,2025,,"R$ 60.550,00",Renault,KWID Intense 1.0 Flex 12V 5p Mec.,2025,025267-0,Flex,1,F,maio de 2026 ,168jsb7dcrw3,"segunda-feira, 1 de junho de 2026 00:26",60550.0
333,1,,,2026,,"R$ 66.428,00",Renault,KWID Intense 1.0 Flex 12V 5p Mec.,2026,025267-0,Flex,1,F,maio de 2026 ,4f50hdp7vt0b,"segunda-feira, 1 de junho de 2026 00:26",66428.0
333,1,,,2022,,"R$ 105.773,00",Renault,ZOE Intense (Elétrico),2022,025276-0,Elétrico,1,E,maio de 2026 ,gbbv1v0hdgdnm,"segunda-feira, 1 de junho de 2026 00:26",105773.0
333,1,,,2022,,"R$ 50.265,00",Renault,KWID OUTSIDER 1.0 Flex 12V 5p Mec.,2022,025279-4,Flex,1,F,maio de 2026 ,ybn7x7kq8clf,"segunda-feira, 1 de junho de 2026 00:26",50265.0
333,1,,,2023,5,"R$ 55.283,00",Renault,KWID OUTSIDER 1.0 Flex 12V 5p Mec.,2023,025279-4,Flex,1,F,maio de 2026 ,z7h4j490bqpn,"segunda-feira, 1 de junho de 2026 00:26",55283.0
333,1,,,2023,5,"R$ 66.142,00",Renault,STEPWAY Zen Flex 1.6 16V Mec.,2023,025281-6,Flex,1,F,maio de 2026 ,4bt1y70nfmpn,"segunda-feira, 1 de junho de 2026 00:26",66142.0
333,1,,,2021,5,"R$ 58.427,00",Renault,SANDERO Zen Flex 1.6 16V 5p Mec.,2021,025285-9,Flex,1,F,maio de 2026 ,1fcwrjltylg6,"segunda-feira, 1 de junho de 2026 00:26",58427.0
333,1,,,2025,,"R$ 75.769,00",Renault,LOGAN Life Flex 1.0 12V 4p Mec.,2025,025289-1,Flex,1,F,maio de 2026 ,7zp5rqsq6mw3,"segunda-feira, 1 de junho de 2026 00:26",75769.0
333,1,,,2022,,"R$ 56.021,00",Renault,LOGAN Zen Flex 1.0 12V 4p Mec.,2022,025290-5,Flex,1,F,maio de 2026 ,0h5c0cz67qlf,"segunda-feira, 1 de junho de 2026 00:26",56021.0
333,1,,,2024,,"R$ 63.153,00",Renault,LOGAN Zen Flex 1.0 12V 4p Mec.,2024,025290-5,Flex,1,F,maio de 2026 ,26sm7h3gv1sw,"segunda-feira, 1 de junho de 2026 00:26",63153.0
333,1,,,2022,,"R$ 59.220,00",Renault,LOGAN Zen Flex 1.6 16V 4p Mec.,2022,025291-3,Flex,1,F,maio de 2026 ,1qn3xx0hh6lf,"segunda-feira, 1 de junho de 2026 00:26",59220.0
333,1,,,2023,,"R$ 89.632,00",Renault,DUSTER Intense 1.6 16V Flex Aut.,2023,025301-4,Flex,1,F,maio de 2026 ,cd67yxzjny1pn,"segunda-feira, 1 de junho de 2026 00:26",89632.0
333,1,,,2022,,"R$ 79.037,00",Renault,DUSTER Zen 1.6 16V Flex Aut.,2022,025302-2,Flex,1,F,maio de 2026 ,860z4lnlpflf,"segunda-feira, 1 de junho de 2026 00:27",79037.0
333,1,,,2022,,"R$ 91.497,00",Renault,CAPTUR Iconic 1.3 TB 16V Flex 5p Aut.,2022,025306-5,Flex,1,F,maio de 2026 ,cfx3txxhxkhlf,"segunda-feira, 1 de junho de 2026 00:27",91497.0
333,1,,,2022,,"R$ 90.157,00",Renault,CAPTUR Intense 1.3 TB 16V Flex 5p Aut.,2022,025307-3,Flex,1,F,maio de 2026 ,cffdsdh6ptmlf,"segunda-feira, 1 de junho de 2026 00:27",90157.0
333,1,,,2023,,"R$ 61.201,00",Renault,SANDERO S Edition Flex 1.0 12V 5p Mec.,2023,025309-0,Flex,1,F,maio de 2026 ,2gw4y0s5kjpn,"segunda-feira, 1 de junho de 2026 00:27",61201.0
333,1,,,2023,,"R$ 96.551,00",Renault,DUSTER Iconic 1.3 TB 16V Flex Aut.,2023,025310-3,Flex,1,F,maio de 2026 ,chvcs5fx4ygpn,"segunda-feira, 1 de junho de 2026 00:27",96551.0
333,1,,,2024,,"R$ 104.526,00",Renault,DUSTER Iconic 1.3 TB 16V Flex Aut.,2024,025310-3,Flex,1,F,maio de 2026 ,f8wjzvyyq8dwd,"segunda-feira, 1 de junho de 2026 00:27",104526.0
333,1,,,2025,,"R$ 120.035,00",Renault,OROCH Outsider 1.3Tce Flex Aut.,2025,025311-1,Flex,1,F,maio de 2026 ,gv17vdpk8wdzm,"segunda-feira, 1 de junho de 2026 00:27",120035.0
333,1,,,2023,,"R$ 88.132,00",Renault,OROCH Intense 1.6 Flex 16V Mec.,2023,025312-0,Flex,1,F,maio de 2026 ,cdnnrlh7ytcpn,"segunda-feira, 1 de junho de 2026 00:27",88132.0
333,1,,,2024,,"R$ 93.779,00",Renault,OROCH Intense 1.6 Flex 16V Mec.,2024,025312-0,Flex,1,F,maio de 2026 ,cgsv8hk13g5sw,"segunda-feira, 1 de junho de 2026 00:27",93779.0
333,1,,,2025,,"R$ 105.448,00",Renault,OROCH Intense 1.6 Flex 16V Mec.,2025,025312-0,Flex,1,F,maio de 2026 ,f9y1vs0p1qdzm,"segunda-feira, 1 de junho de 2026 00:27",105448.0
333,1,,,2023,5,"R$ 57.630,00",Renault,LOGAN Zen Flex 1.0 12V 4p Mec.,2023,025290-5,Flex,1,F,maio de 2026 ,0306hypct7pn,"segunda-feira, 1 de junho de 2026 00:27",57630.0
333,1,,,32000,5,"R$ 138.593,00",Renault,OROCH Intense 1.6 Flex 16V Mec.,32000,025312-0,Flex,1,F,maio de 2026 ,hktr5vb746cz,"segunda-feira, 1 de junho de 2026 00:27",138593.0
333,1,,,2025,5,"R$ 76.839,00",Renault,LOGAN Zen Flex 1.0 12V 4p Mec.,2025,025290-5,Flex,1,F,maio de 2026 ,8c721nk8ygw3,"segunda-feira, 1 de junho de 2026 00:27",76839.0
333,1,,,2023,,"R$ 85.652,00",Renault,OROCH Pro 1.6 Flex 16V Mec.,2023,025313-8,Flex,1,F,maio de 2026 ,ccqlb1lgxympn,"segunda-feira, 1 de junho de 2026 00:27",85652.0
333,1,,,2024,,"R$ 223.245,00",Renault,Master 2.3 dCi Extra Pro 16V Diesel,2024,025316-2,Diesel,1,D,maio de 2026 ,lr2l95h5vhdvr,"segunda-feira, 1 de junho de 2026 00:27",223245.0
333,1,,,2023,5,"R$ 74.401,00",Renault,DUSTER Zen 1.6 16V Flex Mec.,2023,025303-0,Flex,1,F,maio de 2026 ,7gnyq29z6ypn,"segunda-feira, 1 de junho de 2026 00:27",74401.0
333,1,,,2023,,"R$ 65.520,00",Renault,KWID Intense (Elétrico) ,2023,025318-9,Elétrico,1,E,maio de 2026 ,33jzjxfczldrv,"segunda-feira, 1 de junho de 2026 00:27",65520.0
333,1,,,2026,,"R$ 123.034,00",Renault,DUSTER Intense Plus 1.6 16V Flex Aut.,2026,025322-7,Flex,1,F,maio de 2026 ,gzk7zr3qwkd2v,"segunda-feira, 1 de junho de 2026 00:27",123034.0
333,1,,,2024,,"R$ 101.628,00",Renault,DUSTER Iconic Plus 1.6 16V Flex Aut.,2024,025324-3,Flex,1,F,maio de 2026 ,f5g6nbnl3zdwd,"segunda-feira, 1 de junho de 2026 00:27",101628.0
333,1,,,2025,,"R$ 112.880,00",Renault,DUSTER Iconic Plus 1.6 16V Flex Aut.,2025,025324-3,Flex,1,F,maio de 2026 ,gln5w9w2rgdzm,"segunda-feira, 1 de junho de 2026 00:27",112880.0
333,1,,,2025,,"R$ 105.210,00",Renault,DUSTER Intense Plus 1.6 16V Flex Mec.,2025,025325-1,Flex,1,F,maio de 2026 ,f9pdpkp8vddzm,"segunda-feira, 1 de junho de 2026 00:27",105210.0
333,1,,,2023,4,"R$ 124.249,00",Renault,Kangoo Z.E. Maxi Furgão (Elétrico),2023,025317-0,Elétrico,1,E,maio de 2026 ,g00dz14l9kdrv,"segunda-feira, 1 de junho de 2026 00:27",124249.0
333,1,,,2025,,"R$ 97.854,00",Renault,Kardian Evolut. Flex 1.0 TB 12V 5p Aut.,2025,025327-8,Flex,1,F,maio de 2026 ,cjbndsm816bdzm,"segunda-feira, 1 de junho de 2026 00:27",97854.0
333,1,,,32000,5,"R$ 114.987,00",Renault,Kardian Authentic 1.0 TB 12V 5p Aut.,32000,025335-9,Flex,1,F,maio de 2026 ,gn4rzmnjqgj1hl,"quarta-feira, 27 de maio de 2026 14:51",114987.0
333,1,,,2024,5,"R$ 92.250,00",Renault,DUSTER Intense 1.6 16V Flex Mec.,2024,025319-7,Flex,1,F,maio de 2026 ,cf6yjc7qb7hdwd,"segunda-feira, 1 de junho de 2026 00:27",92250.0
333,1,,,2024,5,"R$ 94.484,00",Renault,DUSTER Intense Plus 1.6 16V Flex Aut.,2024,025322-7,Flex,1,F,maio de 2026 ,cg14h3r1rlrdwd,"segunda-feira, 1 de junho de 2026 00:27",94484.0
333,1,,,2021,,"R$ 212.076,00",Volvo,XC 60 T-8 R-DESIGN 2.0 (Híbrido),2021,029130-7,Híbrido,1,H,maio de 2026 ,lbznlbp83bdk1,"segunda-feira, 1 de junho de 2026 00:27",212076.0
333,1,,,2022,,"R$ 241.777,00",Volvo,XC 60 T-8 INSCRIPTION 2.0 (Híbrido),2022,029133-1,Híbrido,1,H,maio de 2026 ,mgs6cd3m6rdn8,"segunda-feira, 1 de junho de 2026 00:27",241777.0
333,1,,,2021,,"R$ 248.686,00",Volvo,XC 90 T-8 MOMENTUM 2.0 (Híbrido),2021,029140-4,Híbrido,1,H,maio de 2026 ,mqw93v1xj5dk1,"segunda-feira, 1 de junho de 2026 00:27",248686.0
333,1,,,2021,,"R$ 186.361,00",Volvo,XC 60 T-8 MOMENTUM 2.0 (Híbrido),2021,029141-2,Híbrido,1,H,maio de 2026 ,kctz1zk555dk1,"segunda-feira, 1 de junho de 2026 00:27",186361.0
333,1,,,2022,,"R$ 175.390,00",Volvo,XC 40 T-5 INSC. EXPRE. 1.5 FWD (Híbrido),2022,029148-0,Híbrido,1,H,maio de 2026 ,jyy7d5mlx4dn8,"segunda-feira, 1 de junho de 2026 00:28",175390.0
333,1,,,2022,,"R$ 229.908,00",Volvo,XC 60 T-8 INSC. EXPRESS. 2.0 (Híbrido),2022,029151-0,Híbrido,1,H,maio de 2026 ,l0wswzl6bldn8,"segunda-feira, 1 de junho de 2026 00:28",229908.0
333,1,,,2021,6,"R$ 167.029,00",Volvo,XC 40 T-5 MOMENTUM 1.5 FWD (Híbrido),2021,029145-5,Híbrido,1,H,maio de 2026 ,jm5bl51497dk1,"segunda-feira, 1 de junho de 2026 00:28",167029.0
333,1,,,2024,,"R$ 424.025,00",Volvo,XC 90 T-8 Ultim. Dark 2.0 AWD (Híbrido),2024,029153-6,Híbrido,1,H,maio de 2026 ,vchccm8k8ddwq,"segunda-feira, 1 de junho de 2026 00:28",424025.0
333,1,,,2023,,"R$ 349.921,00",Volvo,XC 90 T-8 Ultimate 2.0 AWD (Híbrido),2023,029154-4,Híbrido,1,H,maio de 2026 ,rklw7zd2nddsh,"segunda-feira, 1 de junho de 2026 00:28",349921.0
333,1,,,2024,,"R$ 404.515,00",Volvo,XC 90 T-8 Ultimate 2.0 AWD (Híbrido),2024,029154-4,Híbrido,1,H,maio de 2026 ,tml7cd4pqydwq,"segunda-feira, 1 de junho de 2026 00:28",404515.0
333,1,,,2023,,"R$ 321.981,00",Volvo,XC 90 T-8 Plus 2.0 AWD (Híbrido),2023,029155-2,Híbrido,1,H,maio de 2026 ,qhvcpmnzr2dsh,"segunda-feira, 1 de junho de 2026 00:28",321981.0
333,1,,,2024,,"R$ 381.990,00",Volvo,XC 90 T-8 Plus 2.0 AWD (Híbrido),2024,029155-2,Híbrido,1,H,maio de 2026 ,sr6h5ylvxgdwq,"segunda-feira, 1 de junho de 2026 00:28",381990.0
333,1,,,2023,,"R$ 290.694,00",Volvo,XC 60 T-8 Ultim.Dark 2.0 AWD (Híbrido),2023,029157-9,Híbrido,1,H,maio de 2026 ,n945wgsmkldsh,"segunda-feira, 1 de junho de 2026 00:28",290694.0
333,1,,,2024,,"R$ 331.379,00",Volvo,XC 60 T-8 Ultim.Dark 2.0 AWD (Híbrido),2024,029157-9,Híbrido,1,H,maio de 2026 ,qvvyyfpy49dwq,"segunda-feira, 1 de junho de 2026 00:28",331379.0
333,1,,,2025,5,"R$ 101.527,00",Renault,Kardian Techno Flex 1.0 TB 12V 5p Aut.,2025,025328-6,Flex,1,F,maio de 2026 ,f5cjvglzjqdzm,"segunda-feira, 1 de junho de 2026 00:28",101527.0
333,1,,,2023,,"R$ 274.988,00",Volvo,XC 60 T-8 Ultimate 2.0 AWD (Híbrido),2023,029158-7,Híbrido,1,H,maio de 2026 ,nqq91s2dzhdsh,"segunda-feira, 1 de junho de 2026 00:28",274988.0
333,1,,,2025,5,"R$ 106.343,00",Renault,Kardian Prem. Ed Flex 1.0 TB 12V 5p Aut.,2025,025329-4,Flex,1,F,maio de 2026 ,gb0k9l5lh2dzm,"segunda-feira, 1 de junho de 2026 00:28",106343.0
333,1,,,2025,5,"R$ 92.545,00",Renault,Kangoo Advanced 1.6 16V Flex ,2025,025331-6,Flex,1,F,maio de 2026 ,cgbdq92fkkpdzm,"segunda-feira, 1 de junho de 2026 00:28",92545.0
333,1,,,2024,,"R$ 310.532,00",Volvo,XC 60 T-8 Ultimate 2.0 AWD (Híbrido),2024,029158-7,Híbrido,1,H,maio de 2026 ,p2d7gkc3jsdwq,"segunda-feira, 1 de junho de 2026 00:28",310532.0
333,1,,,2026,5,"R$ 103.248,00",Renault,Kangoo Advanced 1.6 16V Flex ,2026,025331-6,Flex,1,F,maio de 2026 ,f7c2z0rxfdd2v,"segunda-feira, 1 de junho de 2026 00:28",103248.0
333,1,,,2023,,"R$ 256.888,00",Volvo,XC 60 T-8 Plus 2.0 AWD (Híbrido),2023,029159-5,Híbrido,1,H,maio de 2026 ,m1jfr2fyyfdsh,"segunda-feira, 1 de junho de 2026 00:28",256888.0
333,1,,,2024,,"R$ 303.229,00",Volvo,XC 60 T-8 Plus 2.0 AWD (Híbrido),2024,029159-5,Híbrido,1,H,maio de 2026 ,psvsrxb2ncdwq,"segunda-feira, 1 de junho de 2026 00:28",303229.0
333,1,,,2025,,"R$ 372.676,00",Volvo,XC 60 T-8 Plus 2.0 AWD (Híbrido),2025,029159-5,Híbrido,1,H,maio de 2026 ,sd8zk6tbvzdzy,"segunda-feira, 1 de junho de 2026 00:28",372676.0
333,1,,,2023,,"R$ 216.050,00",Volvo,C40 Twin Ultimate (Elétrico),2023,029160-9,Elétrico,1,E,maio de 2026 ,lhm29v8fcldrv,"segunda-feira, 1 de junho de 2026 00:28",216050.0
333,1,,,2024,,"R$ 213.704,00",Volvo,XC 40 Recharge Plus (Elétrico),2024,029162-5,Elétrico,1,E,maio de 2026 ,ldwtyfb384dv2,"segunda-feira, 1 de junho de 2026 00:28",213704.0
333,1,,,2025,,"R$ 525.447,00",Volvo,XC 90 T-8 Ultra Dark 2.0 AWD (Híbrido),2025,029168-4,Híbrido,1,H,maio de 2026 ,y6dq6jln6sdzy,"segunda-feira, 1 de junho de 2026 00:28",525447.0
333,1,,,2025,,"R$ 393.914,00",Volvo,XC 60 T-8 Ultra 2.0 AWD (Híbrido),2025,029172-2,Híbrido,1,H,maio de 2026 ,s65xmgtwtkdzy,"segunda-feira, 1 de junho de 2026 00:28",393914.0
333,1,,,2020,,"R$ 325.454,00",Land Rover,Range R. VELAR R-Dyn. HSE 3.0 4x4 V6 Aut,2020,033151-1,Gasolina,1,G,maio de 2026 ,qmxlxjy9g5dd6,"segunda-feira, 1 de junho de 2026 00:28",325454.0
333,1,,,2022,,"R$ 433.115,00",Land Rover,Range R.Sport HSE 3.0 I6 TB Die. (Híb.),2022,033186-4,Híbrido,1,H,maio de 2026 ,vp4rk43n0ndn8,"segunda-feira, 1 de junho de 2026 00:28",433115.0
333,1,,,2023,,"R$ 195.487,00",MINI,COOPER Countryman S E ALL4 1.5  (Híb.),2023,071045-8,Híbrido,1,H,maio de 2026 ,kqjptzm3jzdsh,"segunda-feira, 1 de junho de 2026 00:28",195487.0
333,1,,,2022,,"R$ 182.831,00",MINI,COOPER Countryman S E ALL4 1.5  (Híb.),2022,071045-8,Híbrido,1,H,maio de 2026 ,j7ppl2r84vdn8,"segunda-feira, 1 de junho de 2026 00:28",182831.0
333,1,,,2023,,"R$ 146.570,00",JAC,E-J7 193cv 5p Aut. (Elétrico),2023,080035-0,Elétrico,1,E,maio de 2026 ,hv5p9w0df0drv,"segunda-feira, 1 de junho de 2026 00:28",146570.0
333,1,,,2024,,"R$ 189.441,00",RAM,RAMPAGE REBEL 2.0 TB CD 4X4 Diesel Aut.,2024,083015-1,Diesel,1,D,maio de 2026 ,khfyglvc52dvr,"segunda-feira, 1 de junho de 2026 00:28",189441.0
333,1,,,2024,,"R$ 188.305,00",RAM,RAMPAGE REBEL HURR.4 2.0 TB CD 4X4 Aut.,2024,083016-0,Gasolina,1,G,maio de 2026 ,kf3ngryj22dt3,"segunda-feira, 1 de junho de 2026 00:28",188305.0
333,1,,,2022,1,"R$ 127.089,00",Caoa Chery/Chery,Tiggo 8 TXS 1.6 16V TGDi Aut.,2022,073029-7,Gasolina,1,G,maio de 2026 ,g4bmzm9vxmdmn,"segunda-feira, 1 de junho de 2026 00:28",127089.0
333,1,,,2023,1,"R$ 136.990,00",Caoa Chery/Chery,Tiggo 8 TXS 1.6 16V TGDi Aut.,2023,073029-7,Gasolina,1,G,maio de 2026 ,hhyhzyzr8tdqw,"segunda-feira, 1 de junho de 2026 00:28",136990.0
333,1,,,2025,,"R$ 202.207,00",RAM,RAMPAGE REBEL HURR.4 2.0 TB CD 4X4 Aut.,2025,083016-0,Gasolina,1,G,maio de 2026 ,kzdymq2jg9dyb,"segunda-feira, 1 de junho de 2026 00:28",202207.0
333,1,,,32000,3,"R$ 219.536,00",RAM,RAMPAGE BIG HORN 2.2 TB CD 4X4 Die Aut.,32000,083026-7,Diesel,1,D,maio de 2026 ,lmqs5wbq3pj1gy,"quarta-feira, 27 de maio de 2026 14:51",219536.0
333,1,,,2024,,"R$ 200.510,00",RAM,RAMPAGE R/T HURRIC. 4 2.0 TB CD 4X4 Aut.,2024,083019-4,Gasolina,1,G,maio de 2026 ,kxd8jhd1wsdt3,"segunda-feira, 1 de junho de 2026 00:28",200510.0
333,1,,,2021,3,"R$ 523.703,00",Land Rover,Range Rover Vogue 3.0 TDV6 Diesel Aut.,2021,033096-5,Diesel,1,D,maio de 2026 ,y4cb4mchqfdj2,"segunda-feira, 1 de junho de 2026 00:28",523703.0
333,1,,,2025,,"R$ 214.043,00",RAM,RAMPAGE R/T HURRIC. 4 2.0 TB CD 4X4 Aut.,2025,083019-4,Gasolina,1,G,maio de 2026 ,ld84xhrv8kdyb,"segunda-feira, 1 de junho de 2026 00:28",214043.0
333,1,,,2025,,"R$ 215.950,00",RAM,RAMPAGE LARAMIE 2.2 TB CD 4X4 Die. Aut.,2025,083021-6,Diesel,1,D,maio de 2026 ,lhjgmx09x2dyz,"segunda-feira, 1 de junho de 2026 00:28",215950.0
333,1,,,32000,4,"R$ 136.913,00",GEELY,EX2 MAX ,32000,088006-0,Elétrico,1,E,maio de 2026 ,hhvp7ckrfgj1g8,"segunda-feira, 1 de junho de 2026 00:28",136913.0
333,1,,,2023,,"R$ 74.801,00",Caoa Chery,Tiggo 3X Pro 1.0 Turbo Flex Aut.,2023,093002-4,Flex,1,F,maio de 2026 ,7mcbrvgmkhpn,"segunda-feira, 1 de junho de 2026 00:28",74801.0
333,1,,,2023,,"R$ 130.415,00",Caoa Chery,Tiggo 7 Pro 1.6 Turbo 16V Aut.  ,2023,093004-0,Gasolina,1,G,maio de 2026 ,g77jkyfzpgdqw,"segunda-feira, 1 de junho de 2026 00:28",130415.0
333,1,,,2023,,"R$ 79.944,00",Caoa Chery,iCar EQ1 TECH (Elétrico),2023,093007-5,Elétrico,1,E,maio de 2026 ,9knntk2twxpb,"segunda-feira, 1 de junho de 2026 00:28",79944.0
333,1,,,2024,,"R$ 118.309,00",Caoa Chery,Tiggo 5X PRO 1.5 Turbo (Híbrido),2024,093008-3,Híbrido,1,H,maio de 2026 ,gs1h16gm30dwq,"segunda-feira, 1 de junho de 2026 00:28",118309.0
333,1,,,2022,6,"R$ 155.447,00",Caoa Chery,Tiggo 8 PRO 1.5 Turbo (Híbrido) ,2022,093010-5,Híbrido,1,H,maio de 2026 ,h6lcjhqqg9dn8,"segunda-feira, 1 de junho de 2026 00:28",155447.0
333,1,,,2023,6,"R$ 165.501,00",Caoa Chery,Tiggo 8 PRO 1.5 Turbo (Híbrido) ,2023,093010-5,Híbrido,1,H,maio de 2026 ,jlcsx0pwzgdsh,"segunda-feira, 1 de junho de 2026 00:28",165501.0
333,1,,,2024,6,"R$ 180.531,00",Caoa Chery,Tiggo 8 PRO 1.5 Turbo (Híbrido) ,2024,093010-5,Híbrido,1,H,maio de 2026 ,j4z22c67nwdwq,"segunda-feira, 1 de junho de 2026 00:28",180531.0
333,1,,,2024,,"R$ 139.287,00",Caoa Chery,Tiggo 7 Pro Max Drive 1.6 Turbo 16V Aut.,2024,093011-3,Gasolina,1,G,maio de 2026 ,hlmz4t6qhjdt3,"segunda-feira, 1 de junho de 2026 00:28",139287.0
333,1,,,2025,,"R$ 149.518,00",Caoa Chery,Tiggo 7 Pro Max Drive 1.6 Turbo 16V Aut.,2025,093011-3,Gasolina,1,G,maio de 2026 ,hzmvzvzlj1dyb,"segunda-feira, 1 de junho de 2026 00:28",149518.0
333,1,,,32000,1,"R$ 179.087,00",Caoa Chery,Tiggo 7 Pro Max Drive 1.6 Turbo 16V Aut.,32000,093011-3,Gasolina,1,G,maio de 2026 ,j29l074k9hj1f9,"segunda-feira, 1 de junho de 2026 00:28",179087.0
333,1,,,2023,,"R$ 109.651,00",Caoa Chery,ARRIZO 6 PRO 1.5 Turbo (Híbrido),2023,093012-1,Híbrido,1,H,maio de 2026 ,ggwtl5mb8ndsh,"segunda-feira, 1 de junho de 2026 00:28",109651.0
333,1,,,2022,5,"R$ 87.959,00",Caoa Chery/Chery,ARRIZO 6 GSX 1.5 Turbo Flex Aut.,2022,073028-9,Flex,1,F,maio de 2026 ,cdlmv9kyr9klf,"segunda-feira, 1 de junho de 2026 00:28",87959.0
333,1,,,32000,1,"R$ 199.609,00",Caoa Chery,Tiggo 8 PRO 1.6 TGDi Aut.,32000,093018-0,Gasolina,1,G,maio de 2026 ,kwch92fr75j1f9,"quarta-feira, 27 de maio de 2026 14:51",199609.0
333,1,,,2023,,"R$ 137.544,00",Caoa Chery,Tiggo 8 Max Drive 1.6 Turbo Aut.,2023,093013-0,Gasolina,1,G,maio de 2026 ,hjlm6t5r6vdqw,"segunda-feira, 1 de junho de 2026 00:28",137544.0
333,1,,,2024,,"R$ 154.585,00",Caoa Chery,Tiggo 8 Max Drive 1.6 Turbo Aut.,2024,093013-0,Gasolina,1,G,maio de 2026 ,h5k079glj6dt3,"segunda-feira, 1 de junho de 2026 00:28",154585.0
333,1,,,2025,,"R$ 162.905,00",Caoa Chery,Tiggo 8 Max Drive 1.6 Turbo Aut.,2025,093013-0,Gasolina,1,G,maio de 2026 ,jhbfv5qglddyb,"segunda-feira, 1 de junho de 2026 00:28",162905.0
333,1,,,2025,,"R$ 126.350,00",Caoa Chery,Tiggo 5X PRO Max Drive1.5 TB (Híbrido),2025,093015-6,Híbrido,1,H,maio de 2026 ,g3gr9r16jydzy,"segunda-feira, 1 de junho de 2026 00:28",126350.0
333,1,,,32000,6,"R$ 249.981,00",BYD,Song Plus 1.5 16V Aut. (Hibrido),32000,095005-0,Híbrido,1,H,maio de 2026 ,msfc8f5glvj1hx,"quarta-feira, 27 de maio de 2026 14:51",249981.0
333,1,,,32000,5,"R$ 127.350,00",Caoa Chery,Tiggo 5X SPORT 1.5 Turbo Flex Aut.,32000,093014-8,Flex,1,F,maio de 2026 ,g4m316gxwfj1hl,"segunda-feira, 1 de junho de 2026 00:28",127350.0
333,1,,,2024,,"R$ 147.056,00",Caoa Chery,Tiggo 7 Pro Max Drive 1.5 TB (Hibrido),2024,093016-4,Híbrido,1,H,maio de 2026 ,hwrcxlt020dwq,"segunda-feira, 1 de junho de 2026 00:28",147056.0
333,1,,,32000,4,"R$ 149.990,00",BYD,Dolphin EV (Elétrico),32000,095007-6,Elétrico,1,E,maio de 2026 ,hz50tkf0m5j1g8,"quarta-feira, 27 de maio de 2026 14:51",149990.0
333,1,,,2025,,"R$ 153.198,00",Caoa Chery,Tiggo 7 Pro Max Drive 1.5 TB (Hibrido),2025,093016-4,Híbrido,1,H,maio de 2026 ,h3ymf5nk52dzy,"segunda-feira, 1 de junho de 2026 00:28",153198.0
333,1,,,32000,4,"R$ 299.998,00",BYD,Seal (Elétrico),32000,095008-4,Elétrico,1,E,maio de 2026 ,pn2b6whjn3j1g8,"quarta-feira, 27 de maio de 2026 14:51",299998.0
333,1,,,32000,4,"R$ 120.463,00",BYD,Dolphin Mini (Elétrico),32000,095010-6,Elétrico,1,E,maio de 2026 ,gwks26dt57j1g8,"quarta-feira, 27 de maio de 2026 14:51",120463.0
333,1,,,2022,,"R$ 237.175,00",BYD,TAN EV 4x4 (Elétrico),2022,095001-7,Elétrico,1,E,maio de 2026 ,l9dx05c03mdnm,"segunda-feira, 1 de junho de 2026 00:28",237175.0
333,1,,,2023,,"R$ 162.178,00",BYD,Song Plus 1.5 16V Aut. (Hibrido),2023,095005-0,Híbrido,1,H,maio de 2026 ,jgg0qg3gx4dsh,"segunda-feira, 1 de junho de 2026 00:28",162178.0
333,1,,,32000,4,"R$ 185.294,00",BYD,Yuan Pro (Elétrico),32000,095015-7,Elétrico,1,E,maio de 2026 ,kbk6s7shw3j1g8,"quarta-feira, 27 de maio de 2026 14:51",185294.0
333,1,,,2025,,"R$ 184.182,00",BYD,Song Plus 1.5 16V Aut. (Hibrido),2025,095005-0,Híbrido,1,H,maio de 2026 ,j88svqc101dzy,"segunda-feira, 1 de junho de 2026 00:28",184182.0
333,1,,,2025,,"R$ 179.343,00",BYD,Yuan Plus (Elétrico),2025,095006-8,Elétrico,1,E,maio de 2026 ,j3lxg53wy5dy9,"segunda-feira, 1 de junho de 2026 00:28",179343.0
333,1,,,32000,6,"R$ 169.994,00",BYD,King GL 1.5 16V Aut. (Hibrido),32000,095012-2,Híbrido,1,H,maio de 2026 ,jrm3fxw7t9j1hx,"segunda-feira, 1 de junho de 2026 00:28",169994.0
333,1,,,2024,6,"R$ 167.588,00",BYD,Song Plus 1.5 16V Aut. (Hibrido),2024,095005-0,Híbrido,1,H,maio de 2026 ,jntngp7tcddwq,"segunda-feira, 1 de junho de 2026 00:28",167588.0
333,1,,,2024,,"R$ 173.310,00",GWM,Haval H6 2 1.5 (Hibrido),2024,096001-2,Híbrido,1,H,maio de 2026 ,jwjmrxvz1hdwq,"segunda-feira, 1 de junho de 2026 00:28",173310.0
333,1,,,2024,,"R$ 197.973,00",GWM,Haval H6 34 1.5 AWD (Hibrido),2024,096002-0,Híbrido,1,H,maio de 2026 ,ktf1yjbrf3dwq,"segunda-feira, 1 de junho de 2026 00:29",197973.0
333,1,,,2025,,"R$ 222.464,00",GWM,Haval H6 34 1.5 AWD (Hibrido),2025,096002-0,Híbrido,1,H,maio de 2026 ,lq46972qxmdzy,"segunda-feira, 1 de junho de 2026 00:29",222464.0
333,1,,,2025,,"R$ 241.700,00",GWM,Haval H6 GT 1.5 AWD (Hibrido),2025,096003-9,Híbrido,1,H,maio de 2026 ,mgqdltl0j6dzy,"segunda-feira, 1 de junho de 2026 00:29",241700.0
333,1,,,2024,,"R$ 172.435,00",GWM,Haval H6 1.5 (Hibrido),2024,096005-5,Híbrido,1,H,maio de 2026 ,jvhtvn0cgxdwq,"segunda-feira, 1 de junho de 2026 00:29",172435.0
333,1,,,2025,6,"R$ 186.114,00",GWM,Haval H6 2 1.5 (Hibrido),2025,096001-2,Híbrido,1,H,maio de 2026 ,kcj0rcy4x0dzy,"segunda-feira, 1 de junho de 2026 00:29",186114.0
333,1,,,32000,6,"R$ 163.709,00",Omoda,5 Luxury 1.5 TB FWD,32000,302002-9,Híbrido,1,H,maio de 2026 ,jh8nsfxht7j1hx,"quarta-feira, 27 de maio de 2026 14:51",163709.0
333,1,,,2024,,"R$ 121.306,00",GWM,Ora 03 Skin (Elétrico),2024,096006-3,Elétrico,1,E,maio de 2026 ,gxkfyp8jf1dv2,"segunda-feira, 1 de junho de 2026 00:29",121306.0
333,1,,,32000,6,"R$ 248.796,00",GWM,Haval H6 19 1.5 (Hibrido),32000,096008-0,Híbrido,1,H,maio de 2026 ,mq0912gsjqj1hx,"segunda-feira, 1 de junho de 2026 00:29",248796.0
333,1,,,2025,,"R$ 181.893,00",GWM,Haval H6 ONE 1.5 (Hibrido),2025,096010-1,Híbrido,1,H,maio de 2026 ,j6llp7sf4ddzy,"segunda-feira, 1 de junho de 2026 00:29",181893.0
333,1,,,32000,3,"R$ 332.310,00",GWM,Haval H9 Exclusive TD480,32000,096012-8,Diesel,1,D,maio de 2026 ,qwysyp3g5wj1gy,"segunda-feira, 1 de junho de 2026 00:29",332310.0
333,1,,,32000,6,"R$ 257.656,00",Omoda,7 Luxury 1.5 TB FWD,32000,302004-5,Híbrido,1,H,maio de 2026 ,m2fb3vfd2nj1hx,"segunda-feira, 1 de junho de 2026 00:29",257656.0
333,1,,,2024,4,"R$ 117.410,00",BYD,Dolphin EV (Elétrico),2024,095007-6,Elétrico,1,E,maio de 2026 ,grzt3m3txndv2,"segunda-feira, 1 de junho de 2026 00:29",117410.0
