TabelaReferenciaCodigo;CodigoTipoVeiculo;CodigoMarca;CodigoModelo;AnoModeloParam;CodigoTipoCombustivelParam;Valor;Marca;Modelo;AnoModelo;CodigoFipe;Combustivel;TipoVeiculo;SiglaCombustivel;MesReferencia;Autenticacao;DataConsulta;ValorNum
"336,1,,,2022,,""R$ 118.106,00"",Fiat,Toro Volcano 2.0 16V 4x4 TB Diesel Aut.,2022,001453-2,Diesel,1,D,agosto de 2026 ,gss4bnhkyddm9,""sábado, 1 de agosto de 2026 14:39"",118106.0";;;;;;;;;;;;;;;;;
"336,1,,,2023,,""R$ 130.094,00"",Fiat,Toro Volcano 2.0 16V 4x4 TB Diesel Aut.,2023,001453-2,Diesel,1,D,agosto de 2026 ,g7vvwpnz4rdrj,""sábado, 1 de agosto de 2026 14:39"",130094.0";;;;;;;;;;;;;;;;;
"336,1,,,2024,,""R$ 143.626,00"",Fiat,Toro Volcano 2.0 16V 4x4 TB Diesel Aut.,2024,001453-2,Diesel,1,D,agosto de 2026 ,hrqp4r6ms0dvr,""sábado, 1 de agosto de 2026 14:39"",143626.0";;;;;;;;;;;;;;;;;
"336,1,,,2025,,""R$ 154.538,00"",Fiat,Toro Volcano 2.0 16V 4x4 TB Diesel Aut.,2025,001453-2,Diesel,1,D,agosto de 2026 ,h5h99q69g0dyz,""sábado, 1 de agosto de 2026 14:39"",154538.0";;;;;;;;;;;;;;;;;
"336,1,,,2023,,""R$ 53.531,00"",Fiat,MOBI LIKE 1.0 Fire Flex 5p.,2023,001461-3,Flex,1,F,agosto de 2026 ,zkzbth3rggpn,""sábado, 1 de agosto de 2026 14:39"",53531.0";;;;;;;;;;;;;;;;;
"336,1,,,2024,,""R$ 56.138,00"",Fiat,MOBI LIKE 1.0 Fire Flex 5p.,2024,001461-3,Flex,1,F,agosto de 2026 ,0kjxbtndsysw,""sábado, 1 de agosto de 2026 14:39"",56138.0";;;;;;;;;;;;;;;;;
"336,1,,,2025,,""R$ 61.530,00"",Fiat,MOBI LIKE 1.0 Fire Flex 5p.,2025,001461-3,Flex,1,F,agosto de 2026 ,2lrq0ttjbmw3,""sábado, 1 de agosto de 2026 14:39"",61530.0";;;;;;;;;;;;;;;;;
"336,1,,,2026,,""R$ 67.145,00"",Fiat,MOBI LIKE 1.0 Fire Flex 5p.,2026,001461-3,Flex,1,F,agosto de 2026 ,4qlmcgnkk80b,""sábado, 1 de agosto de 2026 14:39"",67145.0";;;;;;;;;;;;;;;;;
"336,1,,,2022,,""R$ 59.750,00"",Fiat,ARGO DRIVE 1.0 6V Flex,2022,001494-0,Flex,1,F,agosto de 2026 ,1xwrrycry6lf,""sábado, 1 de agosto de 2026 14:39"",59750.0";;;;;;;;;;;;;;;;;
"336,1,,,2023,,""R$ 65.529,00"",Fiat,ARGO DRIVE 1.0 6V Flex,2023,001494-0,Flex,1,F,agosto de 2026 ,33m7zvkrc9pn,""sábado, 1 de agosto de 2026 14:39"",65529.0";;;;;;;;;;;;;;;;;
"336,1,,,2024,,""R$ 68.652,00"",Fiat,ARGO DRIVE 1.0 6V Flex,2024,001494-0,Flex,1,F,agosto de 2026 ,488ck04kk0sw,""sábado, 1 de agosto de 2026 14:39"",68652.0";;;;;;;;;;;;;;;;;
"336,1,,,2025,,""R$ 70.875,00"",Fiat,ARGO DRIVE 1.0 6V Flex,2025,001494-0,Flex,1,F,agosto de 2026 ,54bcb90wtkw3,""sábado, 1 de agosto de 2026 14:39"",70875.0";;;;;;;;;;;;;;;;;
"336,1,,,2026,,""R$ 78.229,00"",Fiat,ARGO DRIVE 1.0 6V Flex,2026,001494-0,Flex,1,F,agosto de 2026 ,8xj9zsn6wp0b,""sábado, 1 de agosto de 2026 14:39"",78229.0";;;;;;;;;;;;;;;;;
"336,1,,,2023,,""R$ 73.748,00"",Fiat,CRONOS DRIVE 1.3 8V Flex,2023,001505-9,Flex,1,F,agosto de 2026 ,660l1xtsqlpn,""sábado, 1 de agosto de 2026 14:39"",73748.0";;;;;;;;;;;;;;;;;
"336,1,,,2024,,""R$ 80.521,00"",Fiat,CRONOS DRIVE 1.3 8V Flex,2024,001505-9,Flex,1,F,agosto de 2026 ,9sfc7dcwt0sw,""sábado, 1 de agosto de 2026 14:39"",80521.0";;;;;;;;;;;;;;;;;
"336,1,,,2025,,""R$ 86.762,00"",Fiat,CRONOS DRIVE 1.3 8V Flex,2025,001505-9,Flex,1,F,agosto de 2026 ,cc4ls18w8wmw3,""sábado, 1 de agosto de 2026 14:39"",86762.0";;;;;;;;;;;;;;;;;
"336,1,,,2022,,""R$ 57.741,00"",Fiat,ARGO 1.0 6V Flex,2022,001509-1,Flex,1,F,agosto de 2026 ,05bj7dnmz7dny,""sábado, 1 de agosto de 2026 14:39"",57741.0";;;;;;;;;;;;;;;;;
"336,1,,,2023,,""R$ 63.036,00"",Fiat,ARGO 1.0 6V Flex,2023,001509-1,Flex,1,F,agosto de 2026 ,25d3yvskz8dr5,""sábado, 1 de agosto de 2026 14:39"",63036.0";;;;;;;;;;;;;;;;;
"336,1,,,2024,,""R$ 66.063,00"",Fiat,ARGO 1.0 6V Flex,2024,001509-1,Flex,1,F,agosto de 2026 ,39xbvsf1xhdwd,""sábado, 1 de agosto de 2026 14:39"",66063.0";;;;;;;;;;;;;;;;;
"336,1,,,2025,,""R$ 70.410,00"",Fiat,ARGO 1.0 6V Flex,2025,001509-1,Flex,1,F,agosto de 2026 ,5ywbx6xvbmdzm,""sábado, 1 de agosto de 2026 14:39"",70410.0";;;;;;;;;;;;;;;;;
"336,1,,,2024,,""R$ 81.655,00"",Fiat,ARGO TREKKING 1.3 8V Flex,2024,001519-9,Flex,1,F,agosto de 2026 ,96qkm5m18csw,""sábado, 1 de agosto de 2026 14:39"",81655.0";;;;;;;;;;;;;;;;;
"336,1,,,2022,,""R$ 69.433,00"",Fiat,Strada Endurance 1.4 Flex 8V CS Plus,2022,001526-1,Flex,1,F,agosto de 2026 ,5ld7jx9ml6lf,""sábado, 1 de agosto de 2026 14:39"",69433.0";;;;;;;;;;;;;;;;;
"336,1,,,2023,,""R$ 74.680,00"",Fiat,Strada Endurance 1.4 Flex 8V CS Plus,2023,001526-1,Flex,1,F,agosto de 2026 ,7kycd8gwzhpn,""sábado, 1 de agosto de 2026 14:39"",74680.0";;;;;;;;;;;;;;;;;
"336,1,,,2024,,""R$ 99.429,00"",Fiat,Strada Freedom 1.3 Flex 8V CD,2024,001530-0,Flex,1,F,agosto de 2026 ,cjx3v7jxcnssw,""sábado, 1 de agosto de 2026 14:39"",99429.0";;;;;;;;;;;;;;;;;
"336,1,,,2025,,""R$ 108.027,00"",Fiat,Strada Freedom 1.3 Flex 8V CD,2025,001530-0,Flex,1,F,agosto de 2026 ,gdzsrxc73vdzm,""sábado, 1 de agosto de 2026 14:39"",108027.0";;;;;;;;;;;;;;;;;
"336,1,,,2023,,""R$ 83.793,00"",Fiat,Fiorino Endurance EVO 1.4 Flex 8V 2p,2023,001531-8,Flex,1,F,agosto de 2026 ,cb0snpgh9k8pn,""sábado, 1 de agosto de 2026 14:39"",83793.0";;;;;;;;;;;;;;;;;
"336,1,,,2024,,""R$ 89.931,00"",Fiat,Fiorino Endurance EVO 1.4 Flex 8V 2p,2024,001531-8,Flex,1,F,agosto de 2026 ,cfbrmy08fh8sw,""sábado, 1 de agosto de 2026 14:39"",89931.0";;;;;;;;;;;;;;;;;
"336,1,,,2025,,""R$ 98.080,00"",Fiat,Fiorino Endurance EVO 1.4 Flex 8V 2p,2025,001531-8,Flex,1,F,agosto de 2026 ,cjd9j9hk8wmw3,""sábado, 1 de agosto de 2026 14:39"",98080.0";;;;;;;;;;;;;;;;;
"336,1,,,2024,,""R$ 61.174,00"",Fiat,MOBI TREKKING 1.0 Flex 5p.,2024,001536-9,Flex,1,F,agosto de 2026 ,2glbr3gk3tsw,""sábado, 1 de agosto de 2026 14:39"",61174.0";;;;;;;;;;;;;;;;;
"336,1,,,2025,,""R$ 66.998,00"",Fiat,MOBI TREKKING 1.0 Flex 5p.,2025,001536-9,Flex,1,F,agosto de 2026 ,4nv5077pc5w3,""sábado, 1 de agosto de 2026 14:39"",66998.0";;;;;;;;;;;;;;;;;
"336,1,,,2025,,""R$ 122.422,00"",Fiat,Toro Endurance 1.3 T270 4x2 Flex Aut.,2025,001537-7,Flex,1,F,agosto de 2026 ,gyv0d22lbsdzm,""sábado, 1 de agosto de 2026 14:39"",122422.0";;;;;;;;;;;;;;;;;
"336,1,,,2022,,""R$ 105.409,00"",Fiat,Toro Freedom 1.3 T270 4x2 Flex Aut.,2022,001538-5,Flex,1,F,agosto de 2026 ,f9xmxnjyf3dny,""sábado, 1 de agosto de 2026 14:39"",105409.0";;;;;;;;;;;;;;;;;
"336,1,,,2023,,""R$ 114.905,00"",Fiat,Toro Freedom 1.3 T270 4x2 Flex Aut.,2023,001538-5,Flex,1,F,agosto de 2026 ,gn1slj51m8dr5,""sábado, 1 de agosto de 2026 14:39"",114905.0";;;;;;;;;;;;;;;;;
"336,1,,,2024,,""R$ 123.375,00"",Fiat,Toro Freedom 1.3 T270 4x2 Flex Aut.,2024,001538-5,Flex,1,F,agosto de 2026 ,gzzm6t9mmwdwd,""sábado, 1 de agosto de 2026 14:39"",123375.0";;;;;;;;;;;;;;;;;
"336,1,,,2025,,""R$ 130.768,00"",Fiat,Toro Freedom 1.3 T270 4x2 Flex Aut.,2025,001538-5,Flex,1,F,agosto de 2026 ,g8nb94f8cmdzm,""sábado, 1 de agosto de 2026 14:39"",130768.0";;;;;;;;;;;;;;;;;
"336,1,,,2023,,""R$ 93.595,00"",Fiat,PULSE AUDACE 1.0 Turbo 200 Flex Aut.,2023,001542-3,Flex,1,F,agosto de 2026 ,cgqqc9ggqfmpn,""sábado, 1 de agosto de 2026 14:39"",93595.0";;;;;;;;;;;;;;;;;
"336,1,,,2024,,""R$ 98.719,00"",Fiat,PULSE AUDACE 1.0 Turbo 200 Flex Aut.,2024,001542-3,Flex,1,F,agosto de 2026 ,cjnss8lcsd2sw,""sábado, 1 de agosto de 2026 14:39"",98719.0";;;;;;;;;;;;;;;;;
"336,1,,,2024,,""R$ 91.702,00"",Fiat,PULSE DRIVE 1.3 8V Flex Aut.,2024,001544-0,Flex,1,F,agosto de 2026 ,cf0jbs9j04tsw,""sábado, 1 de agosto de 2026 14:39"",91702.0";;;;;;;;;;;;;;;;;
"336,1,,,2023,,""R$ 87.576,00"",Fiat,PULSE DRIVE 1.3 8V Flex Aut.,2023,001544-0,Flex,1,F,agosto de 2026 ,cdf4nvxhgxbpn,""sábado, 1 de agosto de 2026 14:39"",87576.0";;;;;;;;;;;;;;;;;
"336,1,,,2025,,""R$ 97.134,00"",Fiat,PULSE DRIVE 1.3 8V Flex Aut.,2025,001544-0,Flex,1,F,agosto de 2026 ,ch16p52n06yw3,""sábado, 1 de agosto de 2026 14:39"",97134.0";;;;;;;;;;;;;;;;;
"336,1,,,2026,,""R$ 104.189,00"",Fiat,PULSE DRIVE 1.3 8V Flex Aut.,2026,001544-0,Flex,1,F,agosto de 2026 ,f8g88rd27zd2v,""sábado, 1 de agosto de 2026 14:39"",104189.0";;;;;;;;;;;;;;;;;
"336,1,,,2024,,""R$ 75.032,00"",Fiat,CRONOS DRIVE 1.0 6V Flex,2024,001553-9,Flex,1,F,agosto de 2026 ,7p19lw3nccsw,""sábado, 1 de agosto de 2026 14:39"",75032.0";;;;;;;;;;;;;;;;;
"336,1,,,2025,,""R$ 78.820,00"",Fiat,CRONOS DRIVE 1.0 6V Flex,2025,001553-9,Flex,1,F,agosto de 2026 ,84g33s6vmbw3,""sábado, 1 de agosto de 2026 14:39"",78820.0";;;;;;;;;;;;;;;;;
"336,1,,,2026,,""R$ 86.606,00"",Fiat,CRONOS DRIVE 1.0 6V Flex,2026,001553-9,Flex,1,F,agosto de 2026 ,cc2r3bfg5d40b,""sábado, 1 de agosto de 2026 14:39"",86606.0";;;;;;;;;;;;;;;;;
"336,1,,,2024,,""R$ 81.958,00"",Fiat,CRONOS DRIVE 1.3 8V Flex Aut.,2024,001554-7,Flex,1,F,agosto de 2026 ,998pqdndsqsw,""sábado, 1 de agosto de 2026 14:39"",81958.0";;;;;;;;;;;;;;;;;
"336,1,,,2025,,""R$ 92.176,00"",Fiat,CRONOS DRIVE 1.3 8V Flex Aut.,2025,001554-7,Flex,1,F,agosto de 2026 ,cf52mmtq3vsw3,""sábado, 1 de agosto de 2026 14:39"",92176.0";;;;;;;;;;;;;;;;;
"336,1,,,2024,,""R$ 115.529,00"",Fiat,Fastback Impetus 1.0 200 T. Flex Aut,2024,001557-1,Flex,1,F,agosto de 2026 ,gpsgpg6t1ndwd,""sábado, 1 de agosto de 2026 14:39"",115529.0";;;;;;;;;;;;;;;;;
"336,1,,,2024,,""R$ 119.400,00"",Fiat,Fastback Limited Ed.1.3 270 T.Flex Aut.,2024,001556-3,Flex,1,F,agosto de 2026 ,gt95b91wnxdwd,""sábado, 1 de agosto de 2026 14:39"",119400.0";;;;;;;;;;;;;;;;;
"336,1,,,2024,,""R$ 108.679,00"",Fiat,Fastback Audace 1.0 200 T. Flex Aut,2024,001558-0,Flex,1,F,agosto de 2026 ,gfrhdv6hpvdwd,""sábado, 1 de agosto de 2026 14:39"",108679.0";;;;;;;;;;;;;;;;;
"336,1,,,2025,,""R$ 106.633,00"",Fiat,PULSE AUDACE Turbo 200  Aut. (Hibrído),2025,001579-2,Híbrido,1,H,agosto de 2026 ,gcb3170ysmdzy,""sábado, 1 de agosto de 2026 14:40"",106633.0";;;;;;;;;;;;;;;;;
"336,1,,,2024,,""R$ 184.526,00"",Toyota,Hilux CD 4x4 2.8 Diesel Mec.,2024,002015-0,Diesel,1,D,agosto de 2026 ,j9n9gj63hxdvr,""sábado, 1 de agosto de 2026 14:40"",184526.0";;;;;;;;;;;;;;;;;
"336,1,,,2026,,""R$ 93.082,00"",Fiat,Strada Endurance 1.3 Flex 8V CS Plus,2026,001569-5,Flex,1,F,agosto de 2026 ,cgjpx05kmrgd2v,""sábado, 1 de agosto de 2026 14:40"",93082.0";;;;;;;;;;;;;;;;;
"336,1,,,2024,,""R$ 140.761,00"",Toyota,Corolla XEi 2.0 Flex 16V Aut.,2024,002111-3,Flex,1,F,agosto de 2026 ,hnckzydq3bdwd,""sábado, 1 de agosto de 2026 14:40"",140761.0";;;;;;;;;;;;;;;;;
"336,1,,,2025,,""R$ 135.724,00"",Fiat,Fastback ABARTH Turbo Flex 1.3 Aut.,2025,001572-5,Flex,1,F,agosto de 2026 ,hgghjcvh95dzm,""sábado, 1 de agosto de 2026 14:40"",135724.0";;;;;;;;;;;;;;;;;
"336,1,,,2024,,""R$ 89.214,00"",Toyota,YARIS XL Sedan 1.5 Flex 16V 4p Aut.,2024,002168-7,Flex,1,F,agosto de 2026 ,cd2b03zc1zxsw,""sábado, 1 de agosto de 2026 14:40"",89214.0";;;;;;;;;;;;;;;;;
"336,1,,,2024,,""R$ 215.661,00"",Toyota,Hilux CD SR 4x4 2.8 TDI Diesel Aut.,2024,002142-3,Diesel,1,D,agosto de 2026 ,lg5y0f5p1ndvr,""sábado, 1 de agosto de 2026 14:40"",215661.0";;;;;;;;;;;;;;;;;
"336,1,,,2025,,""R$ 156.298,00"",Toyota,Corolla XEi 2.0 Flex 16V Aut.,2025,002111-3,Flex,1,F,agosto de 2026 ,h7k9djtq1fdzm,""sábado, 1 de agosto de 2026 14:40"",156298.0";;;;;;;;;;;;;;;;;
"336,1,,,2025,,""R$ 96.446,00"",Toyota,YARIS XL Sedan 1.5 Flex 16V 4p Aut.,2025,002168-7,Flex,1,F,agosto de 2026 ,chs4m3jw0ycw3,""sábado, 1 de agosto de 2026 14:40"",96446.0";;;;;;;;;;;;;;;;;
"336,1,,,2024,,""R$ 124.188,00"",Toyota,Corolla GLi 2.0 16V Flex Aut.,2024,002181-4,Flex,1,F,agosto de 2026 ,g0x58gqlzldwd,""sábado, 1 de agosto de 2026 14:40"",124188.0";;;;;;;;;;;;;;;;;
"336,1,,,2024,,""R$ 147.079,00"",Toyota,Corolla Cross XRE 2.0 16V Flex Aut.,2024,002203-9,Flex,1,F,agosto de 2026 ,hwr6t3nnz8dwd,""sábado, 1 de agosto de 2026 14:40"",147079.0";;;;;;;;;;;;;;;;;
"336,1,,,2025,,""R$ 141.075,00"",Toyota,Corolla GLi 2.0 16V Flex Aut.,2025,002181-4,Flex,1,F,agosto de 2026 ,hnqzsswzggdzm,""sábado, 1 de agosto de 2026 14:40"",141075.0";;;;;;;;;;;;;;;;;
"336,1,,,2026,,""R$ 173.735,00"",Toyota,Corolla Cross XRE 2.0 16V Flex Aut.,2026,002203-9,Flex,1,F,agosto de 2026 ,jw02m18ky6d2v,""sábado, 1 de agosto de 2026 14:40"",173735.0";;;;;;;;;;;;;;;;;
"336,1,,,2024,,""R$ 141.678,00"",Toyota,Corolla Cross XR 2.0 16V Flex Aut.,2024,002201-2,Flex,1,F,agosto de 2026 ,hpfw67tz0fdwd,""sábado, 1 de agosto de 2026 14:40"",141678.0";;;;;;;;;;;;;;;;;
"336,1,,,2025,,""R$ 85.601,00"",Fiat,Strada Endurance 1.3 Flex 8V CS Plus,2025,001569-5,Flex,1,F,agosto de 2026 ,ccpztd94p7vdzm,""sábado, 1 de agosto de 2026 14:40"",85601.0";;;;;;;;;;;;;;;;;
"336,1,,,2024,,""R$ 88.974,00"",Toyota,YARIS XL 1.5 Flex 16V 5p Aut.,2024,002207-1,Flex,1,F,agosto de 2026 ,cdzjsxc2h46sw,""sábado, 1 de agosto de 2026 14:40"",88974.0";;;;;;;;;;;;;;;;;
"336,1,,,2025,,""R$ 187.095,00"",Toyota,Corolla Cross XRX 1.8 16V Aut. (Híbrido),2025,002204-7,Híbrido,1,H,agosto de 2026 ,kdpn284ngydzy,""sábado, 1 de agosto de 2026 14:40"",187095.0";;;;;;;;;;;;;;;;;
"336,1,,,2023,,""R$ 141.242,00"",Toyota,Corolla Altis 1.8 16V Aut. (Híbrido),2023,002182-2,Híbrido,1,H,agosto de 2026 ,hnx1y0pnw6dsh,""sábado, 1 de agosto de 2026 14:40"",141242.0";;;;;;;;;;;;;;;;;
"336,1,,,2025,,""R$ 95.273,00"",Toyota,YARIS XL 1.5 Flex 16V 5p Aut.,2025,002207-1,Flex,1,F,agosto de 2026 ,chcc88bs1g5w3,""sábado, 1 de agosto de 2026 14:40"",95273.0";;;;;;;;;;;;;;;;;
"336,1,,,2026,,""R$ 309.527,00"",Ford,TRANSIT Minibus 18 Lug. 2.0 16V Diesel,2026,003484-3,Diesel,1,D,agosto de 2026 ,p07p2k354sd16,""sábado, 1 de agosto de 2026 14:40"",309527.0";;;;;;;;;;;;;;;;;
"336,1,,,2026,,""R$ 207.811,00"",Ford,Ranger XL 2.0 4x4 CD Diesel Mec. ,2026,003502-5,Diesel,1,D,agosto de 2026 ,k5zmzc2fg8d16,""sábado, 1 de agosto de 2026 14:40"",207811.0";;;;;;;;;;;;;;;;;
"336,1,,,2024,,""R$ 168.011,00"",GM - Chevrolet,S10 Pick-Up LS 2.8 TDI 4x4 CD Dies. Mec.,2024,004413-0,Diesel,1,D,agosto de 2026 ,jn902zpdwndvr,""sábado, 1 de agosto de 2026 14:40"",168011.0";;;;;;;;;;;;;;;;;
"336,1,,,2023,,""R$ 141.211,00"",GM - Chevrolet,S10 Pick-Up LS 2.8 TDI 4x4 CD Dies. Mec.,2023,004413-0,Diesel,1,D,agosto de 2026 ,hnwx052xbddrj,""sábado, 1 de agosto de 2026 14:40"",141211.0";;;;;;;;;;;;;;;;;
"336,1,,,2023,,""R$ 149.239,00"",Ford,Ranger XL 2.2 4x4 CS Diesel Mec.,2023,003433-9,Diesel,1,D,agosto de 2026 ,hy9qmn9tl1drj,""sábado, 1 de agosto de 2026 14:40"",149239.0";;;;;;;;;;;;;;;;;
"336,1,,,2022,,""R$ 78.807,00"",GM - Chevrolet,SPIN PREMIER 1.8 8V Econo.Flex 5p Aut.,2022,004494-6,Flex,1,F,agosto de 2026 ,84bdmx58h8lf,""sábado, 1 de agosto de 2026 14:40"",78807.0";;;;;;;;;;;;;;;;;
"336,1,,,2024,,""R$ 99.286,00"",GM - Chevrolet,SPIN PREMIER 1.8 8V Econo.Flex 5p Aut.,2024,004494-6,Flex,1,F,agosto de 2026 ,cjwfwzfp3zbsw,""sábado, 1 de agosto de 2026 14:40"",99286.0";;;;;;;;;;;;;;;;;
"336,1,,,2025,,""R$ 122.781,00"",GM - Chevrolet,SPIN PREMIER 1.8 8V Econo.Flex 5p Aut.,2025,004494-6,Flex,1,F,agosto de 2026 ,gy81xrm6mzdzm,""sábado, 1 de agosto de 2026 14:40"",122781.0";;;;;;;;;;;;;;;;;
"336,1,,,2024,,""R$ 218.244,00"",GM - Chevrolet,TRAILBLAZER PREMIER 2.8 TB Diesel Aut.,2024,004498-9,Diesel,1,D,agosto de 2026 ,lk6vd5sbsvdvr,""sábado, 1 de agosto de 2026 14:40"",218244.0";;;;;;;;;;;;;;;;;
"336,1,,,2024,,""R$ 76.562,00"",GM - Chevrolet,ONIX SEDAN Plus LT 1.0 12V TB Flex Mec.,2024,004500-4,Flex,1,F,agosto de 2026 ,780dy5qty0sw,""sábado, 1 de agosto de 2026 14:40"",76562.0";;;;;;;;;;;;;;;;;
"336,1,,,2025,,""R$ 91.709,00"",GM - Chevrolet,ONIX SEDAN Plus LT 1.0 12V TB Flex Aut.,2025,004501-2,Flex,1,F,agosto de 2026 ,cf0lwpbjcmtw3,""sábado, 1 de agosto de 2026 14:40"",91709.0";;;;;;;;;;;;;;;;;
"336,1,,,2025,,""R$ 83.967,00"",GM - Chevrolet,ONIX SEDAN Plus LT 1.0 12V TB Flex Mec.,2025,004500-4,Flex,1,F,agosto de 2026 ,cb2tw7nqcgcw3,""sábado, 1 de agosto de 2026 14:40"",83967.0";;;;;;;;;;;;;;;;;
"336,1,,,2023,,""R$ 74.781,00"",GM - Chevrolet,ONIX SEDAN Plus LTZ 1.0 12V TB Flex Aut.,2023,004502-0,Flex,1,F,agosto de 2026 ,7l32fzpz30pn,""sábado, 1 de agosto de 2026 14:40"",74781.0";;;;;;;;;;;;;;;;;
"336,1,,,2024,,""R$ 82.160,00"",GM - Chevrolet,ONIX SEDAN Plus LTZ 1.0 12V TB Flex Aut.,2024,004502-0,Flex,1,F,agosto de 2026 ,cbdm3rtghr5sw,""sábado, 1 de agosto de 2026 14:40"",82160.0";;;;;;;;;;;;;;;;;
"336,1,,,2025,,""R$ 92.099,00"",GM - Chevrolet,ONIX SEDAN Plus LTZ 1.0 12V TB Flex Aut.,2025,004502-0,Flex,1,F,agosto de 2026 ,cf45m03xvc7w3,""sábado, 1 de agosto de 2026 14:40"",92099.0";;;;;;;;;;;;;;;;;
"336,1,,,2025,,""R$ 111.866,00"",GM - Chevrolet,SPIN LTZ 1.8 8V Econo.Flex 5p Aut.,2025,004417-2,Flex,1,F,agosto de 2026 ,gkhbczw9phdzm,""sábado, 1 de agosto de 2026 14:40"",111866.0";;;;;;;;;;;;;;;;;
"336,1,,,2023,,""R$ 70.798,00"",GM - Chevrolet,ONIX HATCH LT 1.0 12V TB Flex 5p Mec.,2023,004512-8,Flex,1,F,agosto de 2026 ,53fcrpgq33pn,""sábado, 1 de agosto de 2026 14:40"",70798.0";;;;;;;;;;;;;;;;;
"336,1,,,2023,,""R$ 74.347,00"",GM - Chevrolet,ONIX SEDAN Plus LTZ 1.0 12V TB Flex Mec.,2023,004503-9,Flex,1,F,agosto de 2026 ,7f0997vbw8pn,""sábado, 1 de agosto de 2026 14:40"",74347.0";;;;;;;;;;;;;;;;;
"336,1,,,2025,,""R$ 113.798,00"",Fiat,Fastback Audace 1.0 200 T. Flex Aut,2025,001558-0,Flex,1,F,agosto de 2026 ,gmrj8mx2rxdzm,""sábado, 1 de agosto de 2026 14:40"",113798.0";;;;;;;;;;;;;;;;;
"336,1,,,2024,,""R$ 76.436,00"",GM - Chevrolet,ONIX HATCH LT 1.0 12V TB Flex 5p Mec.,2024,004512-8,Flex,1,F,agosto de 2026 ,77jl7248fgsw,""sábado, 1 de agosto de 2026 14:40"",76436.0";;;;;;;;;;;;;;;;;
"336,1,,,2025,,""R$ 83.306,00"",GM - Chevrolet,ONIX HATCH LT 1.0 12V TB Flex 5p Mec.,2025,004512-8,Flex,1,F,agosto de 2026 ,cbt2nc3rj2jw3,""sábado, 1 de agosto de 2026 14:40"",83306.0";;;;;;;;;;;;;;;;;
"336,1,,,2025,,""R$ 96.122,00"",GM - Chevrolet,ONIX HATCH LTZ 1.0 12V TB Flex 5p Aut.,2025,004515-2,Flex,1,F,agosto de 2026 ,chpbwd5794ww3,""sábado, 1 de agosto de 2026 14:40"",96122.0";;;;;;;;;;;;;;;;;
"336,1,,,2024,,""R$ 86.598,00"",GM - Chevrolet,ONIX HATCH LTZ 1.0 12V TB Flex 5p Aut.,2024,004515-2,Flex,1,F,agosto de 2026 ,cc2n5509ksrsw,""sábado, 1 de agosto de 2026 14:40"",86598.0";;;;;;;;;;;;;;;;;
"336,1,,,2025,,""R$ 93.940,00"",GM - Chevrolet,ONIX HATCH LT 1.0 12V TB Flex 5p Aut.,2025,004514-4,Flex,1,F,agosto de 2026 ,cgvrslzgnmfw3,""sábado, 1 de agosto de 2026 14:40"",93940.0";;;;;;;;;;;;;;;;;
"336,1,,,2025,,""R$ 73.022,00"",GM - Chevrolet,ONIX HATCH LT 1.0 12V Flex 5p Mec.,2025,004517-9,Flex,1,F,agosto de 2026 ,6yhqs8jvzsw3,""sábado, 1 de agosto de 2026 14:40"",73022.0";;;;;;;;;;;;;;;;;
"336,1,,,2025,,""R$ 116.836,00"",Fiat,Fastback Audace 200 TB Aut (Hibrído),2025,001578-4,Híbrido,1,H,agosto de 2026 ,gq9zb71nffdzy,""sábado, 1 de agosto de 2026 14:40"",116836.0";;;;;;;;;;;;;;;;;
"336,1,,,2025,,""R$ 70.956,00"",GM - Chevrolet,ONIX HATCH 1.0 12V Flex 5p Mec.,2025,004519-5,Flex,1,F,agosto de 2026 ,548s055vnmw3,""sábado, 1 de agosto de 2026 14:40"",70956.0";;;;;;;;;;;;;;;;;
"336,1,,,2023,,""R$ 68.091,00"",GM - Chevrolet,ONIX SEDAN Plus LT 1.0 12V Flex 4p Mec.,2023,004518-7,Flex,1,F,agosto de 2026 ,42pggylbvqpn,""sábado, 1 de agosto de 2026 14:40"",68091.0";;;;;;;;;;;;;;;;;
"336,1,,,2024,,""R$ 101.070,00"",GM - Chevrolet,TRACKER LT 1.0 Turbo 12V Flex Aut.,2024,004522-5,Flex,1,F,agosto de 2026 ,f4txxvfx9gdwd,""sábado, 1 de agosto de 2026 14:40"",101070.0";;;;;;;;;;;;;;;;;
"336,1,,,2025,,""R$ 77.979,00"",GM - Chevrolet,ONIX SEDAN Plus LT 1.0 12V Flex 4p Mec.,2025,004518-7,Flex,1,F,agosto de 2026 ,8tmf27qg1kw3,""sábado, 1 de agosto de 2026 14:40"",77979.0";;;;;;;;;;;;;;;;;
"336,1,,,2023,,""R$ 107.449,00"",GM - Chevrolet,TRACKER Premier 1.2 Turbo 12V Flex Aut.,2023,004525-0,Flex,1,F,agosto de 2026 ,gc9shps8q9dr5,""sábado, 1 de agosto de 2026 14:40"",107449.0";;;;;;;;;;;;;;;;;
"336,1,,,2025,,""R$ 105.704,00"",GM - Chevrolet,TRACKER LT 1.0 Turbo 12V Flex Aut.,2025,004522-5,Flex,1,F,agosto de 2026 ,f98b9t4x26dzm,""sábado, 1 de agosto de 2026 14:40"",105704.0";;;;;;;;;;;;;;;;;
"336,1,,,2025,,""R$ 127.496,00"",GM - Chevrolet,TRACKER Premier 1.2 Turbo 12V Flex Aut.,2025,004525-0,Flex,1,F,agosto de 2026 ,g4tfk06cd4dzm,""sábado, 1 de agosto de 2026 14:41"",127496.0";;;;;;;;;;;;;;;;;
"336,1,,,2024,,""R$ 117.645,00"",GM - Chevrolet,TRACKER Premier 1.2 Turbo 12V Flex Aut.,2024,004525-0,Flex,1,F,agosto de 2026 ,gr8cw54pcrdwd,""sábado, 1 de agosto de 2026 14:41"",117645.0";;;;;;;;;;;;;;;;;
"336,1,,,2025,,""R$ 116.248,00"",GM - Chevrolet,TRACKER LTZ 1.0 Turbo 12V Flex Aut.,2025,004532-2,Flex,1,F,agosto de 2026 ,gqmltr65vzdzm,""sábado, 1 de agosto de 2026 14:41"",116248.0";;;;;;;;;;;;;;;;;
"336,1,,,2025,,""R$ 104.461,00"",GM - Chevrolet,TRACKER 1.0 Turbo 12V Flex Aut. ,2025,004526-8,Flex,1,F,agosto de 2026 ,f8s5rkc5l2dzm,""sábado, 1 de agosto de 2026 14:41"",104461.0";;;;;;;;;;;;;;;;;
"336,1,,,2026,,""R$ 140.286,00"",GM - Chevrolet,TRACKER LTZ 1.0 Turbo 12V Flex Aut.,2026,004532-2,Flex,1,F,agosto de 2026 ,hms9sgyg9pd2v,""sábado, 1 de agosto de 2026 14:41"",140286.0";;;;;;;;;;;;;;;;;
"336,1,,,2025,,""R$ 210.342,00"",GM - Chevrolet,S10 Pick-Up WT 2.8 TDI 4x4 CD Diesel Aut,2025,004550-0,Diesel,1,D,agosto de 2026 ,k8ymsr81gvdyz,""sábado, 1 de agosto de 2026 14:41"",210342.0";;;;;;;;;;;;;;;;;
"336,1,,,2024,,""R$ 110.721,00"",VW - VolksWagen,VIRTUS Highline 200 TSI 1.0 Flex 12V Aut,2024,005484-4,Flex,1,F,agosto de 2026 ,gh4p7sxslfdwd,""sábado, 1 de agosto de 2026 14:41"",110721.0";;;;;;;;;;;;;;;;;
"336,1,,,2023,,""R$ 54.975,00"",VW - VolksWagen,Gol 1.0 Flex 12V 5p,2023,005490-9,Flex,1,F,agosto de 2026 ,z3w55j5ddfpn,""sábado, 1 de agosto de 2026 14:41"",54975.0";;;;;;;;;;;;;;;;;
"336,1,,,2026,,""R$ 136.407,00"",GM - Chevrolet,MONTANA LTZ 1.2 Turbo Flex 12V 4p Aut.,2026,004541-1,Flex,1,F,agosto de 2026 ,hg7925qjfhd2v,""sábado, 1 de agosto de 2026 14:41"",136407.0";;;;;;;;;;;;;;;;;
"336,1,,,2024,,""R$ 69.024,00"",GM - Chevrolet,ONIX HATCH 1.0 12V Flex 5p Mec.,2024,004519-5,Flex,1,F,agosto de 2026 ,5fmk3kd100sw,""sábado, 1 de agosto de 2026 14:41"",69024.0";;;;;;;;;;;;;;;;;
"336,1,,,2022,,""R$ 57.975,00"",VW - VolksWagen,Gol 1.6 MSI Flex 8V 5p,2022,005491-7,Flex,1,F,agosto de 2026 ,072lvjg07klf,""sábado, 1 de agosto de 2026 14:41"",57975.0";;;;;;;;;;;;;;;;;
"336,1,,,2023,,""R$ 123.424,00"",VW - VolksWagen,T-Cross Hig. 250 TSI 1.4 Flex 16V 5p Aut,2023,005508-5,Flex,1,F,agosto de 2026 ,gz1ffb587kdr5,""sábado, 1 de agosto de 2026 14:41"",123424.0";;;;;;;;;;;;;;;;;
"336,1,,,2025,,""R$ 196.466,00"",GM - Chevrolet,S10 Pick-Up WT 2.8 TDI 4x4 CD Diesel Mec,2025,004552-7,Diesel,1,D,agosto de 2026 ,krn8xy8w4hdyz,""sábado, 1 de agosto de 2026 14:41"",196466.0";;;;;;;;;;;;;;;;;
"336,1,,,2025,,""R$ 162.684,00"",Toyota,Corolla Cross XRE 2.0 16V Flex Aut.,2025,002203-9,Flex,1,F,agosto de 2026 ,jg2dvw97bgdzm,""sábado, 1 de agosto de 2026 14:41"",162684.0";;;;;;;;;;;;;;;;;
"336,1,,,2026,,""R$ 160.357,00"",VW - VolksWagen,T-Cross Hig. 250 TSI 1.4 Flex 16V 5p Aut,2026,005508-5,Flex,1,F,agosto de 2026 ,jdbtw2yknrd2v,""sábado, 1 de agosto de 2026 14:41"",160357.0";;;;;;;;;;;;;;;;;
"336,1,,,2024,,""R$ 130.955,00"",VW - VolksWagen,T-Cross Hig. 250 TSI 1.4 Flex 16V 5p Aut,2024,005508-5,Flex,1,F,agosto de 2026 ,g8v40xgd6jdwd,""sábado, 1 de agosto de 2026 14:41"",130955.0";;;;;;;;;;;;;;;;;
"336,1,,,2024,,""R$ 118.013,00"",VW - VolksWagen,T-Cross Comfor. 200 TSI 1.0 Flex 5p Aut.,2024,005509-3,Flex,1,F,agosto de 2026 ,gsprj57r2gdwd,""sábado, 1 de agosto de 2026 14:41"",118013.0";;;;;;;;;;;;;;;;;
"336,1,,,2026,,""R$ 128.459,00"",VW - VolksWagen,T-Cross 200 TSI 1.0  Flex 12V 5p Aut.,2026,005510-7,Flex,1,F,agosto de 2026 ,g5yfm1pb8md2v,""sábado, 1 de agosto de 2026 14:41"",128459.0";;;;;;;;;;;;;;;;;
"336,1,,,2025,,""R$ 118.906,00"",VW - VolksWagen,T-Cross 200 TSI 1.0  Flex 12V 5p Aut.,2025,005510-7,Flex,1,F,agosto de 2026 ,gtq6q5qqn1dzm,""sábado, 1 de agosto de 2026 14:41"",118906.0";;;;;;;;;;;;;;;;;
"336,1,,,2026,,""R$ 144.968,00"",VW - VolksWagen,T-Cross Comfor. 200 TSI 1.0 Flex 5p Aut.,2026,005509-3,Flex,1,F,agosto de 2026 ,hs9g71rw6qd2v,""sábado, 1 de agosto de 2026 14:41"",144968.0";;;;;;;;;;;;;;;;;
"336,1,,,2026,,""R$ 96.542,00"",VW - VolksWagen,Polo Sense TSI 1.0 Flex 12V Aut,2026,005513-1,Flex,1,F,agosto de 2026 ,cht8jsjykpkd2v,""sábado, 1 de agosto de 2026 14:41"",96542.0";;;;;;;;;;;;;;;;;
"336,1,,,2024,,""R$ 106.425,00"",VW - VolksWagen,T-Cross 200 TSI 1.0  Flex 12V 5p Aut.,2024,005510-7,Flex,1,F,agosto de 2026 ,gb3kpx07c7dwd,""sábado, 1 de agosto de 2026 14:41"",106425.0";;;;;;;;;;;;;;;;;
"336,1,,,2024,,""R$ 105.360,00"",VW - VolksWagen,Nivus Comfortline 1.0 200 TSI Flex Aut.,2024,005525-5,Flex,1,F,agosto de 2026 ,f9vvp3pq14dwd,""sábado, 1 de agosto de 2026 14:41"",105360.0";;;;;;;;;;;;;;;;;
"336,1,,,2026,,""R$ 125.909,00"",VW - VolksWagen,Nivus Comfortline 1.0 200 TSI Flex Aut.,2026,005525-5,Flex,1,F,agosto de 2026 ,g2yrd0xkb2d2v,""sábado, 1 de agosto de 2026 14:41"",125909.0";;;;;;;;;;;;;;;;;
"336,1,,,2023,,""R$ 112.123,00"",VW - VolksWagen,Nivus Highline 1.0 200 TSI Flex Aut.,2023,005526-3,Flex,1,F,agosto de 2026 ,gksnyv0z9ydr5,""sábado, 1 de agosto de 2026 14:41"",112123.0";;;;;;;;;;;;;;;;;
"336,1,,,2023,,""R$ 100.335,00"",VW - VolksWagen,Nivus Comfortline 1.0 200 TSI Flex Aut.,2023,005525-5,Flex,1,F,agosto de 2026 ,f3y6rqbh8ldr5,""sábado, 1 de agosto de 2026 14:41"",100335.0";;;;;;;;;;;;;;;;;
"336,1,,,2024,,""R$ 117.018,00"",VW - VolksWagen,Nivus Highline 1.0 200 TSI Flex Aut.,2024,005526-3,Flex,1,F,agosto de 2026 ,grjlffr6pddwd,""sábado, 1 de agosto de 2026 14:41"",117018.0";;;;;;;;;;;;;;;;;
"336,1,,,2025,,""R$ 120.855,00"",VW - VolksWagen,Nivus Comfortline 1.0 200 TSI Flex Aut.,2025,005525-5,Flex,1,F,agosto de 2026 ,gw01snzzhkdzm,""sábado, 1 de agosto de 2026 14:41"",120855.0";;;;;;;;;;;;;;;;;
"336,1,,,2025,,""R$ 154.235,00"",VW - VolksWagen,TAOS Comfortline 1.4 250 TSI Flex Aut.,2025,005527-1,Flex,1,F,agosto de 2026 ,h449w386qjdzm,""sábado, 1 de agosto de 2026 14:41"",154235.0";;;;;;;;;;;;;;;;;
"336,1,,,2024,,""R$ 141.024,00"",VW - VolksWagen,TAOS Comfortline 1.4 250 TSI Flex Aut.,2024,005527-1,Flex,1,F,agosto de 2026 ,hnn4bdjv6ydwd,""sábado, 1 de agosto de 2026 14:41"",141024.0";;;;;;;;;;;;;;;;;
"336,1,,,2024,,""R$ 74.248,00"",VW - VolksWagen,Polo 1.0 MPI Flex 12V 5p,2024,005533-6,Flex,1,F,agosto de 2026 ,7dwbtt213gdwd,""sábado, 1 de agosto de 2026 14:41"",74248.0";;;;;;;;;;;;;;;;;
"336,1,,,2024,,""R$ 158.441,00"",VW - VolksWagen,TAOS Highline 1.4 250 TSI Flex Aut.,2024,005528-0,Flex,1,F,agosto de 2026 ,h9250984rldwd,""sábado, 1 de agosto de 2026 14:41"",158441.0";;;;;;;;;;;;;;;;;
"336,1,,,2025,,""R$ 76.521,00"",VW - VolksWagen,Polo 1.0 MPI Flex 12V 5p,2025,005533-6,Flex,1,F,agosto de 2026 ,78jhzt5rh2dzm,""sábado, 1 de agosto de 2026 14:41"",76521.0";;;;;;;;;;;;;;;;;
"336,1,,,2024,,""R$ 78.671,00"",VW - VolksWagen,Polo 1.0 TSI Flex 12V 5p,2024,005534-4,Flex,1,F,agosto de 2026 ,82qy7mz7m2dwd,""sábado, 1 de agosto de 2026 14:41"",78671.0";;;;;;;;;;;;;;;;;
"336,1,,,2024,,""R$ 88.716,00"",VW - VolksWagen,Polo Comfortline TSI 1.0 Flex 12V Aut.,2024,005535-2,Flex,1,F,agosto de 2026 ,cdwh0v4mc8gdwd,""sábado, 1 de agosto de 2026 14:41"",88716.0";;;;;;;;;;;;;;;;;
"336,1,,,2025,,""R$ 97.683,00"",VW - VolksWagen,Polo Comfortline TSI 1.0 Flex 12V Aut.,2025,005535-2,Flex,1,F,agosto de 2026 ,ch8m72cf7zrdzm,""sábado, 1 de agosto de 2026 14:41"",97683.0";;;;;;;;;;;;;;;;;
"336,1,,,2024,,""R$ 85.210,00"",VW - VolksWagen,Saveiro Robust 1.6 Total Flex 16V CD,2024,005537-9,Flex,1,F,agosto de 2026 ,cckdps7h6pfdwd,""sábado, 1 de agosto de 2026 14:41"",85210.0";;;;;;;;;;;;;;;;;
"336,1,,,2025,,""R$ 105.706,00"",VW - VolksWagen,Polo Highline TSI 1.0 Flex 12V Aut.,2025,005536-0,Flex,1,F,agosto de 2026 ,f98fknxbd9dzm,""sábado, 1 de agosto de 2026 14:41"",105706.0";;;;;;;;;;;;;;;;;
"336,1,,,2024,,""R$ 96.876,00"",VW - VolksWagen,Polo Highline TSI 1.0 Flex 12V Aut.,2024,005536-0,Flex,1,F,agosto de 2026 ,chy5x4t9kmtdwd,""sábado, 1 de agosto de 2026 14:41"",96876.0";;;;;;;;;;;;;;;;;
"336,1,,,2024,,""R$ 74.795,00"",VW - VolksWagen,Saveiro Robust 1.6 Total Flex 16V ,2024,005538-7,Flex,1,F,agosto de 2026 ,7l845tzlncdwd,""sábado, 1 de agosto de 2026 14:41"",74795.0";;;;;;;;;;;;;;;;;
"336,1,,,2026,,""R$ 87.355,00"",VW - VolksWagen,Saveiro Robust 1.6 Total Flex 16V ,2026,005538-7,Flex,1,F,agosto de 2026 ,cdckbqkqf85d2v,""sábado, 1 de agosto de 2026 14:41"",87355.0";;;;;;;;;;;;;;;;;
"336,1,,,2025,,""R$ 82.810,00"",VW - VolksWagen,Saveiro Robust 1.6 Total Flex 16V ,2025,005538-7,Flex,1,F,agosto de 2026 ,cbm8cnvnxq3dzm,""sábado, 1 de agosto de 2026 14:41"",82810.0";;;;;;;;;;;;;;;;;
"336,1,,,2024,,""R$ 69.394,00"",VW - VolksWagen,Polo Track 1.0 Flex 12V 5p,2024,005540-9,Flex,1,F,agosto de 2026 ,5ky125pzc4dwd,""sábado, 1 de agosto de 2026 14:41"",69394.0";;;;;;;;;;;;;;;;;
"336,1,,,2025,,""R$ 75.643,00"",VW - VolksWagen,Polo Track 1.0 Flex 12V 5p,2025,005540-9,Flex,1,F,agosto de 2026 ,7x7c2d64j1dzm,""sábado, 1 de agosto de 2026 14:41"",75643.0";;;;;;;;;;;;;;;;;
"336,1,,,2026,,""R$ 81.531,00"",VW - VolksWagen,Polo Track 1.0 Flex 12V 5p,2026,005540-9,Flex,1,F,agosto de 2026 ,948hgdygnqd2v,""sábado, 1 de agosto de 2026 14:41"",81531.0";;;;;;;;;;;;;;;;;
"336,1,,,2023,,""R$ 80.014,00"",VW - VolksWagen,VIRTUS TSI 1.0 Flex 12V 4p Mec.,2023,005542-5,Flex,1,F,agosto de 2026 ,9lg3kxp1ykdr5,""sábado, 1 de agosto de 2026 14:42"",80014.0";;;;;;;;;;;;;;;;;
"336,1,,,2024,5,""R$ 77.747,00"",Fiat,Strada Endurance 1.3 Flex 8V CS Plus,2024,001569-5,Flex,1,F,agosto de 2026 ,8qw30pfsj2dwd,""sábado, 1 de agosto de 2026 14:42"",77747.0";;;;;;;;;;;;;;;;;
"336,1,,,2024,,""R$ 89.582,00"",VW - VolksWagen,VIRTUS TSI 1.0 Flex 12V 4p Mec.,2024,005542-5,Flex,1,F,agosto de 2026 ,cd6nsk032wsdwd,""sábado, 1 de agosto de 2026 14:42"",89582.0";;;;;;;;;;;;;;;;;
"336,1,,,2025,,""R$ 96.323,00"",VW - VolksWagen,VIRTUS TSI 1.0 Flex 12V 4p Mec.,2025,005542-5,Flex,1,F,agosto de 2026 ,chrpx52p2k1dzm,""sábado, 1 de agosto de 2026 14:42"",96323.0";;;;;;;;;;;;;;;;;
"336,1,,,2025,,""R$ 102.883,00"",VW - VolksWagen,VIRTUS TSI 1.0 Flex 12V 4p Aut.,2025,005543-3,Flex,1,F,agosto de 2026 ,f6ytqwgy4pdzm,""sábado, 1 de agosto de 2026 14:42"",102883.0";;;;;;;;;;;;;;;;;
"336,1,,,2026,,""R$ 101.337,00"",VW - VolksWagen,VIRTUS TSI 1.0 Flex 12V 4p Mec.,2026,005542-5,Flex,1,F,agosto de 2026 ,f44mrzhc72d2v,""sábado, 1 de agosto de 2026 14:42"",101337.0";;;;;;;;;;;;;;;;;
"336,1,,,2024,,""R$ 252.300,00"",Audi,Q3 Performance 2.0 TFSI Tiptr. Quattro,2024,008284-8,Gasolina,1,G,agosto de 2026 ,mv4n6ybyjydt3,""sábado, 1 de agosto de 2026 14:42"",252300.0";;;;;;;;;;;;;;;;;
"336,1,,,2024,,""R$ 96.365,00"",VW - VolksWagen,VIRTUS TSI 1.0 Flex 12V 4p Aut.,2024,005543-3,Flex,1,F,agosto de 2026 ,chr56ffxnjldwd,""sábado, 1 de agosto de 2026 14:42"",96365.0";;;;;;;;;;;;;;;;;
"336,1,,,2023,,""R$ 291.521,00"",Audi,Q5 SB P Black. 2.0 TFSIe S.Tr. Qt (Hib.),2023,008287-2,Híbrido,1,H,agosto de 2026 ,pb37p5x25hdsh,""sábado, 1 de agosto de 2026 14:42"",291521.0";;;;;;;;;;;;;;;;;
"336,1,,,2024,,""R$ 339.381,00"",Audi,Q5 Perf. Black 2.0 TFSIe S.Tr. Qt (Hib.),2024,008285-6,Híbrido,1,H,agosto de 2026 ,q47s7tws4sdwq,""sábado, 1 de agosto de 2026 14:42"",339381.0";;;;;;;;;;;;;;;;;
"336,1,,,2023,,""R$ 60.754,00"",Citroën,C3 Live Pack 1.0 Flex 6V 5p Mec.,2023,011223-2,Flex,1,F,agosto de 2026 ,19npc6fwjrdr5,""sábado, 1 de agosto de 2026 14:42"",60754.0";;;;;;;;;;;;;;;;;
"336,1,,,2020,,""R$ 287.863,00"",BMW,540i M Sport 3.0 Turbo 340cv Aut.,2020,009225-8,Gasolina,1,G,agosto de 2026 ,n6t81bwlr8dd6,""sábado, 1 de agosto de 2026 14:42"",287863.0";;;;;;;;;;;;;;;;;
"336,1,,,2024,,""R$ 65.501,00"",Citroën,C3 Live Pack 1.0 Flex 6V 5p Mec.,2024,011223-2,Flex,1,F,agosto de 2026 ,3292hckj8ddwd,""sábado, 1 de agosto de 2026 14:42"",65501.0";;;;;;;;;;;;;;;;;
"336,1,,,2025,,""R$ 140.879,00"",VW - VolksWagen,T-Cross Hig. 250 TSI 1.4 Flex 16V 5p Aut,2025,005508-5,Flex,1,F,agosto de 2026 ,hnhvyltk8ldzm,""sábado, 1 de agosto de 2026 14:42"",140879.0";;;;;;;;;;;;;;;;;
"336,1,,,2024,,""R$ 66.644,00"",Hyundai,HB20 Sense 1.0 Flex 12V Mec.,2024,015165-3,Flex,1,F,agosto de 2026 ,4jqh91w60ksw,""sábado, 1 de agosto de 2026 14:42"",66644.0";;;;;;;;;;;;;;;;;
"336,1,,,2025,,""R$ 70.165,00"",Citroën,C3 Live Pack 1.0 Flex 6V 5p Mec.,2025,011223-2,Flex,1,F,agosto de 2026 ,5vz9c3cw4ndzm,""sábado, 1 de agosto de 2026 14:42"",70165.0";;;;;;;;;;;;;;;;;
"336,1,,,2022,,""R$ 61.723,00"",Hyundai,HB20 Vision 1.0 Flex 12V Mec.,2022,015168-8,Flex,1,F,agosto de 2026 ,2n0wnn55h3lf,""sábado, 1 de agosto de 2026 14:42"",61723.0";;;;;;;;;;;;;;;;;
"336,1,,,2025,,""R$ 105.301,00"",Hyundai,Creta Action 1.6 16V Flex Aut.,2025,015190-4,Flex,1,F,agosto de 2026 ,f9sp68rqcbdzm,""sábado, 1 de agosto de 2026 14:42"",105301.0";;;;;;;;;;;;;;;;;
"336,1,,,2025,,""R$ 72.793,00"",Citroën,C3 Feel 1.0 Flex 6V 5p Mec.,2025,011224-0,Flex,1,F,agosto de 2026 ,6vthjljbc5dzm,""sábado, 1 de agosto de 2026 14:42"",72793.0";;;;;;;;;;;;;;;;;
"336,1,,,2025,,""R$ 120.510,00"",Hyundai,Creta Comfort 1.0 TB 12V Flex Aut.,2025,015200-5,Flex,1,F,agosto de 2026 ,gwmh10rrvbdzm,""sábado, 1 de agosto de 2026 14:42"",120510.0";;;;;;;;;;;;;;;;;
"336,1,,,2026,,""R$ 131.453,00"",Hyundai,Creta Comfort 1.0 TB 12V Flex Aut.,2026,015200-5,Flex,1,F,agosto de 2026 ,g9f74sy41bd2v,""sábado, 1 de agosto de 2026 14:42"",131453.0";;;;;;;;;;;;;;;;;
"336,1,,,2023,,""R$ 89.995,00"",Hyundai,HB20S Platinum 1.0 TB Flex 12V Aut.,2023,015206-4,Flex,1,F,agosto de 2026 ,cfchw2wnzpspn,""sábado, 1 de agosto de 2026 14:42"",89995.0";;;;;;;;;;;;;;;;;
"336,1,,,2025,,""R$ 129.246,00"",VW - VolksWagen,Nivus Highline 1.0 200 TSI Flex Aut.,2025,005526-3,Flex,1,F,agosto de 2026 ,g6v1djxy6mdzm,""sábado, 1 de agosto de 2026 14:42"",129246.0";;;;;;;;;;;;;;;;;
"336,1,,,2026,,""R$ 159.383,00"",Hyundai,Creta Platinum 1.0 TB 12V Flex Aut.,2026,015202-1,Flex,1,F,agosto de 2026 ,jb6ffvldj8d2v,""sábado, 1 de agosto de 2026 14:42"",159383.0";;;;;;;;;;;;;;;;;
"336,1,,,2022,,""R$ 66.054,00"",Hyundai,HB20 Evolution Bluelink 1.0 Flex 12V Mec,2022,015191-2,Flex,1,F,agosto de 2026 ,39s2gfb4s4lf,""sábado, 1 de agosto de 2026 14:42"",66054.0";;;;;;;;;;;;;;;;;
"336,1,,,2023,5,""R$ 90.720,00"",GM - Chevrolet,SPIN PREMIER 1.8 8V Econo.Flex 5p Aut.,2023,004494-6,Flex,1,F,agosto de 2026 ,cfm0d17mztqpn,""sábado, 1 de agosto de 2026 14:42"",90720.0";;;;;;;;;;;;;;;;;
"336,1,,,2024,,""R$ 72.604,00"",Hyundai,HB20 Comfort 1.0 TB Flex 12V Mec,2024,015216-1,Flex,1,F,agosto de 2026 ,6slsy8pxvvsw,""sábado, 1 de agosto de 2026 14:42"",72604.0";;;;;;;;;;;;;;;;;
"336,1,,,2026,,""R$ 81.372,00"",Hyundai,HB20 Comfort 1.0 Flex 12V Mec.,2026,015215-3,Flex,1,F,agosto de 2026 ,93dpxxt33j0b,""sábado, 1 de agosto de 2026 14:42"",81372.0";;;;;;;;;;;;;;;;;
"336,1,,,2026,,""R$ 86.857,00"",Hyundai,HB20S Comfort 1.0  Flex 12V Mec.,2026,015218-8,Flex,1,F,agosto de 2026 ,cc5qbgzw3rqd2v,""sábado, 1 de agosto de 2026 14:42"",86857.0";;;;;;;;;;;;;;;;;
"336,1,,,2024,,""R$ 66.670,00"",Hyundai,HB20 Sense Plus 1.0 Flex 12V Mec.,2024,015234-0,Flex,1,F,agosto de 2026 ,4j0y8fq02cdwd,""sábado, 1 de agosto de 2026 14:42"",66670.0";;;;;;;;;;;;;;;;;
"336,1,,,2025,,""R$ 68.349,00"",Hyundai,HB20 Sense Plus 1.0 Flex 12V Mec.,2025,015234-0,Flex,1,F,agosto de 2026 ,45p7hl3g25dzm,""sábado, 1 de agosto de 2026 14:42"",68349.0";;;;;;;;;;;;;;;;;
"336,1,,,2024,,""R$ 92.920,00"",Hyundai,HB20 Platinum 1.0 TB Flex 12V Aut.,2024,015209-9,Flex,1,F,agosto de 2026 ,cggs1psnxljsw,""sábado, 1 de agosto de 2026 14:42"",92920.0";;;;;;;;;;;;;;;;;
"336,1,,,2025,,""R$ 91.714,00"",Hyundai,HB20 Comfort Plus 1.0 TB Flex 12V Aut.,2025,015236-6,Flex,1,F,agosto de 2026 ,cf0np0jrj42dzm,""sábado, 1 de agosto de 2026 14:42"",91714.0";;;;;;;;;;;;;;;;;
"336,1,,,2023,,""R$ 70.804,00"",Hyundai,HB20S Comfort 1.0  Flex 12V Mec.,2023,015218-8,Flex,1,F,agosto de 2026 ,53hkb5nzjjdr5,""sábado, 1 de agosto de 2026 14:42"",70804.0";;;;;;;;;;;;;;;;;
"336,1,,,2025,,""R$ 82.359,00"",Hyundai,HB20S Limited Plus 1.0  Flex 12V Mec.,2025,015242-0,Flex,1,F,agosto de 2026 ,cbgzfz3r3v4dzm,""sábado, 1 de agosto de 2026 14:42"",82359.0";;;;;;;;;;;;;;;;;
"336,1,,,2025,,""R$ 80.027,00"",Hyundai,HB20S Comfort Plus 1.0 Flex 12V Mec.,2025,015239-0,Flex,1,F,agosto de 2026 ,9lmt1rcfqkdzm,""sábado, 1 de agosto de 2026 14:42"",80027.0";;;;;;;;;;;;;;;;;
"336,1,,,2025,,""R$ 143.069,00"",Hyundai,Creta Plat. Safety 1.0 TB 12V Flex Aut.,2025,015237-4,Flex,1,F,agosto de 2026 ,hq2gj1z8gwdzm,""sábado, 1 de agosto de 2026 14:42"",143069.0";;;;;;;;;;;;;;;;;
"336,1,,,2024,,""R$ 75.057,00"",Hyundai,HB20S Comfort Plus 1.0 Flex 12V Mec.,2024,015239-0,Flex,1,F,agosto de 2026 ,7qcc8ykt8ydwd,""sábado, 1 de agosto de 2026 14:42"",75057.0";;;;;;;;;;;;;;;;;
"336,1,,,2025,,""R$ 128.615,00"",Hyundai,Creta Limit. Safety 1.0 TB 12V Flex Aut.,2025,015243-9,Flex,1,F,agosto de 2026 ,g533d1fbmldzm,""sábado, 1 de agosto de 2026 14:42"",128615.0";;;;;;;;;;;;;;;;;
"336,1,,,2024,,""R$ 112.361,00"",Hyundai,Creta Comfort Plus 1.0 TB 12V Flex Aut.,2024,015244-7,Flex,1,F,agosto de 2026 ,gk1931hww3dwd,""sábado, 1 de agosto de 2026 14:42"",112361.0";;;;;;;;;;;;;;;;;
"336,1,,,2025,,""R$ 91.488,00"",Hyundai,HB20S Com. Plus Tech 1.0 TB Flex 12V Aut,2025,015247-1,Flex,1,F,agosto de 2026 ,cfx0kj0q8dbdzm,""sábado, 1 de agosto de 2026 14:42"",91488.0";;;;;;;;;;;;;;;;;
"336,1,,,2026,,""R$ 100.221,00"",Hyundai,HB20 Limited 1.0 TB Flex 12V Aut.,2026,015251-0,Flex,1,F,agosto de 2026 ,f3t19qvlj5d2v,""sábado, 1 de agosto de 2026 14:42"",100221.0";;;;;;;;;;;;;;;;;
"336,1,,,2025,,""R$ 73.895,00"",Hyundai,HB20 Comfort Plus 1.0 Flex 12V Mec.,2025,015245-5,Flex,1,F,agosto de 2026 ,68q1cycjmsdzm,""sábado, 1 de agosto de 2026 14:42"",73895.0";;;;;;;;;;;;;;;;;
"336,1,,,2025,,""R$ 91.344,00"",Hyundai,HB20 Comf. Plus Tech 1.0 TB Flex 12V Aut,2025,015246-3,Flex,1,F,agosto de 2026 ,cfv960mv8cwdzm,""sábado, 1 de agosto de 2026 14:42"",91344.0";;;;;;;;;;;;;;;;;
"336,1,,,2022,,""R$ 119.510,00"",Jeep,COMPASS LONG. T270 1.3 TB 4x2 Flex Aut.,2022,017071-2,Flex,1,F,agosto de 2026 ,gvf49lbkjpdny,""sábado, 1 de agosto de 2026 14:43"",119510.0";;;;;;;;;;;;;;;;;
"336,1,,,2024,,""R$ 147.948,00"",Jeep,COMPASS LIMITED T270 1.3 TB 4x2 Flex Aut,2024,017070-4,Flex,1,F,agosto de 2026 ,hxsszsnmlxdwd,""sábado, 1 de agosto de 2026 14:43"",147948.0";;;;;;;;;;;;;;;;;
"336,1,,,2026,,""R$ 105.218,00"",Hyundai,HB20S Limited 1.0  TB Flex 12V Aut.,2026,015252-8,Flex,1,F,agosto de 2026 ,f9ppp3gm0ld2v,""sábado, 1 de agosto de 2026 14:43"",105218.0";;;;;;;;;;;;;;;;;
"336,1,,,2023,,""R$ 129.200,00"",Jeep,COMPASS LONG. T270 1.3 TB 4x2 Flex Aut.,2023,017071-2,Flex,1,F,agosto de 2026 ,g6tckslhmzdr5,""sábado, 1 de agosto de 2026 14:43"",129200.0";;;;;;;;;;;;;;;;;
"336,1,,,2025,,""R$ 146.255,00"",Jeep,COMPASS LONG. T270 1.3 TB 4x2 Flex Aut.,2025,017071-2,Flex,1,F,agosto de 2026 ,hvs8c77w4kdzm,""sábado, 1 de agosto de 2026 14:43"",146255.0";;;;;;;;;;;;;;;;;
"336,1,,,2026,,""R$ 82.322,00"",Hyundai,HB20 Limited 1.0 Flex 12V Mec.,2026,015213-7,Flex,1,F,agosto de 2026 ,cbgjz3jq2bj0b,""sábado, 1 de agosto de 2026 14:43"",82322.0";;;;;;;;;;;;;;;;;
"336,1,,,2026,,""R$ 161.024,00"",Jeep,COMPASS LONG. T270 1.3 TB 4x2 Flex Aut.,2026,017071-2,Flex,1,F,agosto de 2026 ,jd32f1q078d2v,""sábado, 1 de agosto de 2026 14:43"",161024.0";;;;;;;;;;;;;;;;;
"336,1,,,2024,,""R$ 135.932,00"",Jeep,COMPASS LONG. T270 1.3 TB 4x2 Flex Aut.,2024,017071-2,Flex,1,F,agosto de 2026 ,hgp1wqq08kdwd,""sábado, 1 de agosto de 2026 14:43"",135932.0";;;;;;;;;;;;;;;;;
"336,1,,,2023,,""R$ 156.012,00"",Jeep,Commander Limited T270 1.3 TB Flex Aut.,2023,017081-0,Flex,1,F,agosto de 2026 ,h67w4qyqx6dr5,""sábado, 1 de agosto de 2026 14:43"",156012.0";;;;;;;;;;;;;;;;;
"336,1,,,2024,,""R$ 192.907,00"",Jeep,Commander Limited TD380 2.0 4x4 Die.Aut.,2024,017080-1,Diesel,1,D,agosto de 2026 ,kmhxs4tzv0dvr,""sábado, 1 de agosto de 2026 14:43"",192907.0";;;;;;;;;;;;;;;;;
"336,1,,,2023,,""R$ 144.999,00"",Jeep,COMPASS LONG. TD 350 2.0 4x4 Diesel Aut.,2023,017075-5,Diesel,1,D,agosto de 2026 ,htbl5wvwzjdrj,""sábado, 1 de agosto de 2026 14:43"",144999.0";;;;;;;;;;;;;;;;;
"336,1,,,2024,,""R$ 165.049,00"",Jeep,COMPASS LONG. TD 350 2.0 4x4 Diesel Aut.,2024,017075-5,Diesel,1,D,agosto de 2026 ,jkvcm0pjtxdvr,""sábado, 1 de agosto de 2026 14:43"",165049.0";;;;;;;;;;;;;;;;;
"336,1,,,2024,,""R$ 102.233,00"",Jeep,Renegade Sport T270 1.3 TB 4x2 Flex Aut.,2024,017085-2,Flex,1,F,agosto de 2026 ,f556bsb3y0dwd,""sábado, 1 de agosto de 2026 14:43"",102233.0";;;;;;;;;;;;;;;;;
"336,1,,,2024,,""R$ 166.417,00"",Jeep,Commander Limited T270 1.3 TB Flex Aut.,2024,017081-0,Flex,1,F,agosto de 2026 ,jmf21g2rcjdwd,""sábado, 1 de agosto de 2026 14:43"",166417.0";;;;;;;;;;;;;;;;;
"336,1,,,2024,,""R$ 122.869,00"",Jeep,Renegade S T270 1.3 TB 4x4 Flex Aut.,2024,017087-9,Flex,1,F,agosto de 2026 ,gzc72j70bmdwd,""sábado, 1 de agosto de 2026 14:43"",122869.0";;;;;;;;;;;;;;;;;
"336,1,,,2023,,""R$ 178.541,00"",Jeep,Commander Overl. TD380 2.0 4x4 Die. Aut.,2023,017083-6,Diesel,1,D,agosto de 2026 ,j2nrtxq9kjdrj,""sábado, 1 de agosto de 2026 14:43"",178541.0";;;;;;;;;;;;;;;;;
"336,1,,,2023,,""R$ 102.074,00"",Jeep,Renegade Long. T270 1.3 TB 4x2 Flex Aut.,2023,017088-7,Flex,1,F,agosto de 2026 ,f50d5z5q8hdr5,""sábado, 1 de agosto de 2026 14:43"",102074.0";;;;;;;;;;;;;;;;;
"336,1,,,2024,,""R$ 110.520,00"",Jeep,Renegade Long. T270 1.3 TB 4x2 Flex Aut.,2024,017088-7,Flex,1,F,agosto de 2026 ,ghxdrzswtqdwd,""sábado, 1 de agosto de 2026 14:43"",110520.0";;;;;;;;;;;;;;;;;
"336,1,,,2025,,""R$ 119.317,00"",Jeep,Renegade Long. T270 1.3 TB 4x2 Flex Aut.,2025,017088-7,Flex,1,F,agosto de 2026 ,gt64t6kv93dzm,""sábado, 1 de agosto de 2026 14:43"",119317.0";;;;;;;;;;;;;;;;;
"336,1,,,2024,,""R$ 169.625,00"",Mitsubishi,L200 Triton Sport GLS 2.4 CD Diesel Aut.,2024,022164-3,Diesel,1,D,agosto de 2026 ,jq6pn24jqldvr,""sábado, 1 de agosto de 2026 14:43"",169625.0";;;;;;;;;;;;;;;;;
"336,1,,,2025,5,""R$ 131.307,00"",VW - VolksWagen,T-Cross Comfor. 200 TSI 1.0 Flex 5p Aut.,2025,005509-3,Flex,1,F,agosto de 2026 ,g88ym2ffvwdzm,""sábado, 1 de agosto de 2026 14:43"",131307.0";;;;;;;;;;;;;;;;;
"336,1,,,2025,,""R$ 187.835,00"",Jeep,COMPASS Over. Hurric 2.0 4x4 TB 16V Aut.,2025,017097-6,Gasolina,1,G,agosto de 2026 ,kfkkw1cjbqdyb,""sábado, 1 de agosto de 2026 14:43"",187835.0";;;;;;;;;;;;;;;;;
"336,1,,,2024,,""R$ 96.444,00"",Nissan,VERSA Advance 1.6 16V Flex Aut.,2024,023175-4,Flex,1,F,agosto de 2026 ,chs3xkzlhn9sw,""sábado, 1 de agosto de 2026 14:43"",96444.0";;;;;;;;;;;;;;;;;
"336,1,,,2025,,""R$ 175.274,00"",Jeep,Commander Limited T270 1.3 TB Flex Aut.,2025,017081-0,Flex,1,F,agosto de 2026 ,jyt0qgltfwdzm,""sábado, 1 de agosto de 2026 14:43"",175274.0";;;;;;;;;;;;;;;;;
"336,1,,,2022,,""R$ 118.734,00"",Nissan,Frontier S CD 4x4 2.3 TB Diesel Mec.,2022,023161-4,Diesel,1,D,agosto de 2026 ,gtjyybtggsdm9,""sábado, 1 de agosto de 2026 14:43"",118734.0";;;;;;;;;;;;;;;;;
"336,1,,,2025,,""R$ 105.401,00"",Nissan,VERSA Advance 1.6 16V Flex Aut.,2025,023175-4,Flex,1,F,agosto de 2026 ,f9xbw60k8ldzm,""sábado, 1 de agosto de 2026 14:43"",105401.0";;;;;;;;;;;;;;;;;
"336,1,,,2026,,""R$ 112.026,00"",Nissan,VERSA Advance 1.6 16V Flex Aut.,2026,023175-4,Flex,1,F,agosto de 2026 ,gkn4np7b5yd2v,""sábado, 1 de agosto de 2026 14:43"",112026.0";;;;;;;;;;;;;;;;;
"336,1,,,2025,,""R$ 205.114,00"",Mitsubishi,L200 Triton Sport GLS 2.4 CD Diesel Aut.,2025,022164-3,Diesel,1,D,agosto de 2026 ,k2tl3qr2bhdyz,""sábado, 1 de agosto de 2026 14:43"",205114.0";;;;;;;;;;;;;;;;;
"336,1,,,2026,,""R$ 108.736,00"",Nissan,VERSA Sense 1.6 16V Flex Aut.,2026,023176-2,Flex,1,F,agosto de 2026 ,gftkmwdmsbd2v,""sábado, 1 de agosto de 2026 14:43"",108736.0";;;;;;;;;;;;;;;;;
"336,1,,,2022,,""R$ 145.280,00"",Nissan,Frontier ATTAC.CD 4x4 2.3 Bi-TB Die. Aut,2022,023160-6,Diesel,1,D,agosto de 2026 ,htnts11rprdm9,""sábado, 1 de agosto de 2026 14:43"",145280.0";;;;;;;;;;;;;;;;;
"336,1,,,2024,,""R$ 105.525,00"",Nissan,KICKS Sense 1.6 16V Flex Aut.,2024,023178-9,Flex,1,F,agosto de 2026 ,f91vmgrvcjdwd,""sábado, 1 de agosto de 2026 14:43"",105525.0";;;;;;;;;;;;;;;;;
"336,1,,,2024,,""R$ 107.060,00"",Nissan,KICKS Advance 1.6 16V Flex Aut.,2024,023180-0,Flex,1,F,agosto de 2026 ,gcvm54tc2bdwd,""sábado, 1 de agosto de 2026 14:43"",107060.0";;;;;;;;;;;;;;;;;
"336,1,,,2025,,""R$ 132.054,00"",Nissan,Sentra Advance 2.0 16V Aut.,2025,023187-8,Gasolina,1,G,agosto de 2026 ,g943bb9hgndyb,""sábado, 1 de agosto de 2026 14:43"",132054.0";;;;;;;;;;;;;;;;;
"336,1,,,2026,,""R$ 164.877,00"",Nissan,Sentra Exclu. Int. Premium 2.0 16V Aut.,2026,023189-4,Gasolina,1,G,agosto de 2026 ,jkm3t31kpwd1k,""sábado, 1 de agosto de 2026 14:43"",164877.0";;;;;;;;;;;;;;;;;
"336,1,,,2025,,""R$ 108.045,00"",Nissan,KICKS Play Active Plus 1.6 16V Flex Aut.,2025,023191-6,Flex,1,F,agosto de 2026 ,gd0f1l4s38dzm,""sábado, 1 de agosto de 2026 14:43"",108045.0";;;;;;;;;;;;;;;;;
"336,1,,,2023,,""R$ 57.953,00"",Peugeot,208 Like 1.0 Flex 6V 5p Mec.,2023,024264-0,Flex,1,F,agosto de 2026 ,07tly3dpgbpn,""sábado, 1 de agosto de 2026 14:43"",57953.0";;;;;;;;;;;;;;;;;
"336,1,,,2024,,""R$ 83.156,00"",Peugeot,208 Active 1.6 Flex 16V 5p Aut.,2024,024249-7,Flex,1,F,agosto de 2026 ,cbr937zgt32sw,""sábado, 1 de agosto de 2026 14:43"",83156.0";;;;;;;;;;;;;;;;;
"336,1,,,2025,,""R$ 112.773,00"",Nissan,KICKS Play Sense 1.6 16V Flex Aut.,2025,023192-4,Flex,1,F,agosto de 2026 ,glj9by6465dzm,""sábado, 1 de agosto de 2026 14:43"",112773.0";;;;;;;;;;;;;;;;;
"336,1,,,2024,,""R$ 67.887,00"",Peugeot,208 Like 1.0 Flex 6V 5p Mec.,2024,024264-0,Flex,1,F,agosto de 2026 ,4z89wx7srlsw,""sábado, 1 de agosto de 2026 14:43"",67887.0";;;;;;;;;;;;;;;;;
"336,1,,,2017,,""R$ 59.904,00"",Renault,DUSTER Expression 1.6 Hi-Flex 16V Mec.,2017,025182-8,Flex,1,F,agosto de 2026 ,1zpqy50dl93k,""sábado, 1 de agosto de 2026 14:43"",59904.0";;;;;;;;;;;;;;;;;
"336,1,,,2022,,""R$ 44.504,00"",Renault,KWID Zen 1.0 Flex 12V 5p Mec.,2022,025266-2,Flex,1,F,agosto de 2026 ,v439knb8j4lf,""sábado, 1 de agosto de 2026 14:43"",44504.0";;;;;;;;;;;;;;;;;
"336,1,,,2023,,""R$ 49.243,00"",Renault,KWID Zen 1.0 Flex 12V 5p Mec.,2023,025266-2,Flex,1,F,agosto de 2026 ,xypsjgg45hpn,""sábado, 1 de agosto de 2026 14:43"",49243.0";;;;;;;;;;;;;;;;;
"336,1,,,2024,,""R$ 121.053,00"",Nissan,Sentra Advance 2.0 16V Aut.,2024,023187-8,Gasolina,1,G,agosto de 2026 ,gw77wnzc4qdt3,""sábado, 1 de agosto de 2026 14:43"",121053.0";;;;;;;;;;;;;;;;;
"336,1,,,2024,,""R$ 52.177,00"",Renault,KWID Zen 1.0 Flex 12V 5p Mec.,2024,025266-2,Flex,1,F,agosto de 2026 ,y126j0lvlqsw,""sábado, 1 de agosto de 2026 14:43"",52177.0";;;;;;;;;;;;;;;;;
"336,1,,,2025,,""R$ 56.783,00"",Renault,KWID Zen 1.0 Flex 12V 5p Mec.,2025,025266-2,Flex,1,F,agosto de 2026 ,0s3bxn616mw3,""sábado, 1 de agosto de 2026 14:43"",56783.0";;;;;;;;;;;;;;;;;
"336,1,,,2025,,""R$ 60.089,00"",Renault,KWID Intense 1.0 Flex 12V 5p Mec.,2025,025267-0,Flex,1,F,agosto de 2026 ,11vzgqhvhbw3,""sábado, 1 de agosto de 2026 14:44"",60089.0";;;;;;;;;;;;;;;;;
"336,1,,,2026,,""R$ 63.397,00"",Renault,KWID Zen 1.0 Flex 12V 5p Mec.,2026,025266-2,Flex,1,F,agosto de 2026 ,29nbkb1ggd0b,""sábado, 1 de agosto de 2026 14:44"",63397.0";;;;;;;;;;;;;;;;;
"336,1,,,2026,,""R$ 66.864,00"",Renault,KWID Intense 1.0 Flex 12V 5p Mec.,2026,025267-0,Flex,1,F,agosto de 2026 ,4l9g5r9m320b,""sábado, 1 de agosto de 2026 14:44"",66864.0";;;;;;;;;;;;;;;;;
"336,1,,,2024,,""R$ 72.626,00"",Renault,STEPWAY Zen Flex 1.6 16V Mec.,2024,025281-6,Flex,1,F,agosto de 2026 ,6svsvp5xycsw,""sábado, 1 de agosto de 2026 14:44"",72626.0";;;;;;;;;;;;;;;;;
"336,1,,,2023,,""R$ 57.464,00"",Renault,LOGAN Zen Flex 1.0 12V 4p Mec.,2023,025290-5,Flex,1,F,agosto de 2026 ,012v34krmdpn,""sábado, 1 de agosto de 2026 14:44"",57464.0";;;;;;;;;;;;;;;;;
"336,1,,,2024,,""R$ 62.209,00"",Renault,LOGAN Zen Flex 1.0 12V 4p Mec.,2024,025290-5,Flex,1,F,agosto de 2026 ,2vqjpqfqtqsw,""sábado, 1 de agosto de 2026 14:44"",62209.0";;;;;;;;;;;;;;;;;
"336,1,,,2024,,""R$ 257.825,00"",Renault,Master 2.3 dCi Executive Longo 16L Dies,2024,025205-0,Diesel,1,D,agosto de 2026 ,m2mhj1j1dvdvr,""sábado, 1 de agosto de 2026 14:44"",257825.0";;;;;;;;;;;;;;;;;
"336,1,,,2023,,""R$ 250.467,00"",Renault,Master 2.3 dCi Executive Longo 16L Dies,2023,025205-0,Diesel,1,D,agosto de 2026 ,msz1v8tv25drj,""sábado, 1 de agosto de 2026 14:44"",250467.0";;;;;;;;;;;;;;;;;
"336,1,,,2024,,""R$ 92.102,00"",Renault,DUSTER Intense 1.6 16V Flex Mec.,2024,025319-7,Flex,1,F,agosto de 2026 ,cf46qtqtzrkdwd,""sábado, 1 de agosto de 2026 14:44"",92102.0";;;;;;;;;;;;;;;;;
"336,1,,,2024,,""R$ 92.607,00"",Renault,DUSTER Intense 1.6 16V Flex Aut.,2024,025301-4,Flex,1,F,agosto de 2026 ,cgb38ym63ntsw,""sábado, 1 de agosto de 2026 14:44"",92607.0";;;;;;;;;;;;;;;;;
"336,1,,,2025,,""R$ 75.827,00"",Renault,LOGAN Zen Flex 1.0 12V 4p Mec.,2025,025290-5,Flex,1,F,agosto de 2026 ,70c79vgxz5w3,""sábado, 1 de agosto de 2026 14:44"",75827.0";;;;;;;;;;;;;;;;;
"336,1,,,2026,,""R$ 118.105,00"",Renault,DUSTER Intense Plus 1.6 16V Flex Aut.,2026,025322-7,Flex,1,F,agosto de 2026 ,gss26pzykrd2v,""sábado, 1 de agosto de 2026 14:44"",118105.0";;;;;;;;;;;;;;;;;
"336,1,,,2024,,""R$ 100.109,00"",Renault,DUSTER Iconic Plus 1.6 16V Flex Aut.,2024,025324-3,Flex,1,F,agosto de 2026 ,f3pz3mvqk5dwd,""sábado, 1 de agosto de 2026 14:44"",100109.0";;;;;;;;;;;;;;;;;
"336,1,,,2025,,""R$ 105.914,00"",Renault,DUSTER Intense Plus 1.6 16V Flex Aut.,2025,025322-7,Flex,1,F,agosto de 2026 ,gbhzxzw0xmdzm,""sábado, 1 de agosto de 2026 14:44"",105914.0";;;;;;;;;;;;;;;;;
"336,1,,,2025,,""R$ 95.733,00"",Renault,Kardian Evolut. Flex 1.0 TB 12V 5p Aut.,2025,025327-8,Flex,1,F,agosto de 2026 ,chjshbfj485dzm,""sábado, 1 de agosto de 2026 14:44"",95733.0";;;;;;;;;;;;;;;;;
"336,1,,,2025,,""R$ 104.201,00"",Renault,DUSTER Intense Plus 1.6 16V Flex Mec.,2025,025325-1,Flex,1,F,agosto de 2026 ,f8hqsv7lqtdzm,""sábado, 1 de agosto de 2026 14:44"",104201.0";;;;;;;;;;;;;;;;;
"336,1,,,2025,,""R$ 109.173,00"",Renault,DUSTER Iconic Plus 1.6 16V Flex Aut.,2025,025324-3,Flex,1,F,agosto de 2026 ,ggbf00j00cdzm,""sábado, 1 de agosto de 2026 14:44"",109173.0";;;;;;;;;;;;;;;;;
"336,1,,,2025,,""R$ 97.745,00"",Renault,Kardian Techno Flex 1.0 TB 12V 5p Aut.,2025,025328-6,Flex,1,F,agosto de 2026 ,ch9csnl7q54dzm,""sábado, 1 de agosto de 2026 14:44"",97745.0";;;;;;;;;;;;;;;;;
"336,1,,,2025,,""R$ 92.204,00"",Renault,Kangoo Advanced 1.6 16V Flex ,2025,025331-6,Flex,1,F,agosto de 2026 ,cf6ds3rln8mdzm,""sábado, 1 de agosto de 2026 14:44"",92204.0";;;;;;;;;;;;;;;;;
"336,1,,,2026,,""R$ 102.055,00"",Renault,Kangoo Advanced 1.6 16V Flex ,2026,025331-6,Flex,1,F,agosto de 2026 ,f5zqr9s7nvd2v,""sábado, 1 de agosto de 2026 14:44"",102055.0";;;;;;;;;;;;;;;;;
"336,1,,,2022,,""R$ 125.921,00"",Caoa Chery/Chery,Tiggo 8 TXS 1.6 16V TGDi Aut.,2022,073029-7,Gasolina,1,G,agosto de 2026 ,g2y5x5ns9zdmn,""sábado, 1 de agosto de 2026 14:44"",125921.0";;;;;;;;;;;;;;;;;
"336,1,,,2023,5,""R$ 66.681,00"",VW - VolksWagen,Saveiro Robust 1.6 Total Flex 16V ,2023,005538-7,Flex,1,F,agosto de 2026 ,4j4y6n0dhndr5,""sábado, 1 de agosto de 2026 14:44"",66681.0";;;;;;;;;;;;;;;;;
"336,1,,,2025,5,""R$ 120.695,00"",Hyundai,Creta Comfort Plus 1.0 TB 12V Flex Aut.,2025,015244-7,Flex,1,F,agosto de 2026 ,gwt7hx4b3jdzm,""sábado, 1 de agosto de 2026 14:44"",120695.0";;;;;;;;;;;;;;;;;
"336,1,,,2025,,""R$ 103.899,00"",Renault,Kardian Prem. Ed Flex 1.0 TB 12V 5p Aut.,2025,025329-4,Flex,1,F,agosto de 2026 ,f74rh5wt3vdzm,""sábado, 1 de agosto de 2026 14:44"",103899.0";;;;;;;;;;;;;;;;;
"336,1,,,2026,5,""R$ 112.576,00"",VW - VolksWagen,VIRTUS TSI 1.0 Flex 12V 4p Aut.,2026,005543-3,Flex,1,F,agosto de 2026 ,gk94cv5gfjd2v,""sábado, 1 de agosto de 2026 14:45"",112576.0";;;;;;;;;;;;;;;;;
"336,1,,,2024,5,""R$ 96.525,00"",Nissan,KICKS Active 1.6 16V Flex Aut.,2024,023186-0,Flex,1,F,agosto de 2026 ,cht2b7jq87rdwd,""sábado, 1 de agosto de 2026 14:45"",96525.0";;;;;;;;;;;;;;;;;
"335,1,,,2022,,""R$ 118.154,00"",Fiat,Toro Volcano 2.0 16V 4x4 TB Diesel Aut.,2022,001453-2,Diesel,1,D,julho de 2026 ,gsvwd7dv63dm9,""sábado, 1 de agosto de 2026 14:45"",118154.0";;;;;;;;;;;;;;;;;
"335,1,,,2023,,""R$ 130.826,00"",Fiat,Toro Volcano 2.0 16V 4x4 TB Diesel Aut.,2023,001453-2,Diesel,1,D,julho de 2026 ,g8qgnz8m7hdrj,""sábado, 1 de agosto de 2026 14:45"",130826.0";;;;;;;;;;;;;;;;;
"335,1,,,2024,,""R$ 144.041,00"",Fiat,Toro Volcano 2.0 16V 4x4 TB Diesel Aut.,2024,001453-2,Diesel,1,D,julho de 2026 ,hr6srf8qm4dvr,""sábado, 1 de agosto de 2026 14:45"",144041.0";;;;;;;;;;;;;;;;;
"335,1,,,2025,,""R$ 155.740,00"",Fiat,Toro Volcano 2.0 16V 4x4 TB Diesel Aut.,2025,001453-2,Diesel,1,D,julho de 2026 ,h6x0nwnrybdyz,""sábado, 1 de agosto de 2026 14:45"",155740.0";;;;;;;;;;;;;;;;;
"335,1,,,2023,,""R$ 53.768,00"",Fiat,MOBI LIKE 1.0 Fire Flex 5p.,2023,001461-3,Flex,1,F,julho de 2026 ,znrg6xpv01pn,""sábado, 1 de agosto de 2026 14:45"",53768.0";;;;;;;;;;;;;;;;;
"335,1,,,2024,,""R$ 56.214,00"",Fiat,MOBI LIKE 1.0 Fire Flex 5p.,2024,001461-3,Flex,1,F,julho de 2026 ,0lfjnt73zksw,""sábado, 1 de agosto de 2026 14:45"",56214.0";;;;;;;;;;;;;;;;;
"335,1,,,2025,,""R$ 61.105,00"",Fiat,MOBI LIKE 1.0 Fire Flex 5p.,2025,001461-3,Flex,1,F,julho de 2026 ,2fr79c7smfw3,""sábado, 1 de agosto de 2026 14:45"",61105.0";;;;;;;;;;;;;;;;;
"335,1,,,2026,,""R$ 66.577,00"",Fiat,MOBI LIKE 1.0 Fire Flex 5p.,2026,001461-3,Flex,1,F,julho de 2026 ,4hx5cybn600b,""sábado, 1 de agosto de 2026 14:45"",66577.0";;;;;;;;;;;;;;;;;
"335,1,,,2022,,""R$ 59.656,00"",Fiat,ARGO DRIVE 1.0 6V Flex,2022,001494-0,Flex,1,F,julho de 2026 ,1wsllxwgddlf,""sábado, 1 de agosto de 2026 14:45"",59656.0";;;;;;;;;;;;;;;;;
"335,1,,,2023,,""R$ 64.774,00"",Fiat,ARGO DRIVE 1.0 6V Flex,2023,001494-0,Flex,1,F,julho de 2026 ,3tsty81fswpn,""sábado, 1 de agosto de 2026 14:45"",64774.0";;;;;;;;;;;;;;;;;
"335,1,,,2024,,""R$ 68.492,00"",Fiat,ARGO DRIVE 1.0 6V Flex,2024,001494-0,Flex,1,F,julho de 2026 ,47c6rlgbmksw,""sábado, 1 de agosto de 2026 14:45"",68492.0";;;;;;;;;;;;;;;;;
"335,1,,,2025,,""R$ 71.232,00"",Fiat,ARGO DRIVE 1.0 6V Flex,2025,001494-0,Flex,1,F,julho de 2026 ,58h3v1hnzhw3,""sábado, 1 de agosto de 2026 14:45"",71232.0";;;;;;;;;;;;;;;;;
"335,1,,,2026,,""R$ 78.623,00"",Fiat,ARGO DRIVE 1.0 6V Flex,2026,001494-0,Flex,1,F,julho de 2026 ,815jddrbsl0b,""sábado, 1 de agosto de 2026 14:45"",78623.0";;;;;;;;;;;;;;;;;
"335,1,,,2023,,""R$ 73.514,00"",Fiat,CRONOS DRIVE 1.3 8V Flex,2023,001505-9,Flex,1,F,julho de 2026 ,638kfpyv86pn,""sábado, 1 de agosto de 2026 14:45"",73514.0";;;;;;;;;;;;;;;;;
"335,1,,,2024,,""R$ 80.926,00"",Fiat,CRONOS DRIVE 1.3 8V Flex,2024,001505-9,Flex,1,F,julho de 2026 ,9x5lk7tbmpsw,""sábado, 1 de agosto de 2026 14:45"",80926.0";;;;;;;;;;;;;;;;;
"335,1,,,2025,,""R$ 86.267,00"",Fiat,CRONOS DRIVE 1.3 8V Flex,2025,001505-9,Flex,1,F,julho de 2026 ,ccyswl7m7q4w3,""sábado, 1 de agosto de 2026 14:45"",86267.0";;;;;;;;;;;;;;;;;
"335,1,,,2022,,""R$ 57.936,00"",Fiat,ARGO 1.0 6V Flex,2022,001509-1,Flex,1,F,julho de 2026 ,07mfdf05h1dny,""sábado, 1 de agosto de 2026 14:45"",57936.0";;;;;;;;;;;;;;;;;
"335,1,,,2023,,""R$ 62.294,00"",Fiat,ARGO 1.0 6V Flex,2023,001509-1,Flex,1,F,julho de 2026 ,2wqfd3v8tydr5,""sábado, 1 de agosto de 2026 14:45"",62294.0";;;;;;;;;;;;;;;;;
"335,1,,,2024,,""R$ 65.763,00"",Fiat,ARGO 1.0 6V Flex,2024,001509-1,Flex,1,F,julho de 2026 ,36c9k4c63gdwd,""sábado, 1 de agosto de 2026 14:45"",65763.0";;;;;;;;;;;;;;;;;
"335,1,,,2025,,""R$ 70.764,00"",Fiat,ARGO 1.0 6V Flex,2025,001509-1,Flex,1,F,julho de 2026 ,5200m102p2dzm,""sábado, 1 de agosto de 2026 14:45"",70764.0";;;;;;;;;;;;;;;;;
"335,1,,,2024,,""R$ 82.568,00"",Fiat,ARGO TREKKING 1.3 8V Flex,2024,001519-9,Flex,1,F,julho de 2026 ,cbkfdxj3wszsw,""sábado, 1 de agosto de 2026 14:45"",82568.0";;;;;;;;;;;;;;;;;
"335,1,,,2023,,""R$ 74.801,00"",Fiat,Strada Endurance 1.4 Flex 8V CS Plus,2023,001526-1,Flex,1,F,julho de 2026 ,7mcbsjnq0cpn,""sábado, 1 de agosto de 2026 14:45"",74801.0";;;;;;;;;;;;;;;;;
"335,1,,,2024,,""R$ 89.564,00"",Fiat,Fiorino Endurance EVO 1.4 Flex 8V 2p,2024,001531-8,Flex,1,F,julho de 2026 ,cd6f7rnwt2fsw,""sábado, 1 de agosto de 2026 14:45"",89564.0";;;;;;;;;;;;;;;;;
"335,1,,,2024,,""R$ 100.131,00"",Fiat,Strada Freedom 1.3 Flex 8V CD,2024,001530-0,Flex,1,F,julho de 2026 ,f3qsw2h4gfdwd,""sábado, 1 de agosto de 2026 14:45"",100131.0";;;;;;;;;;;;;;;;;
"335,1,,,2022,,""R$ 69.009,00"",Fiat,Strada Endurance 1.4 Flex 8V CS Plus,2022,001526-1,Flex,1,F,julho de 2026 ,5ff32svq45lf,""sábado, 1 de agosto de 2026 14:45"",69009.0";;;;;;;;;;;;;;;;;
"335,1,,,2023,,""R$ 83.566,00"",Fiat,Fiorino Endurance EVO 1.4 Flex 8V 2p,2023,001531-8,Flex,1,F,julho de 2026 ,cbx34x9h9z0pn,""sábado, 1 de agosto de 2026 14:45"",83566.0";;;;;;;;;;;;;;;;;
"335,1,,,2025,,""R$ 66.772,00"",Fiat,MOBI TREKKING 1.0 Flex 5p.,2025,001536-9,Flex,1,F,julho de 2026 ,4k61kdcj12w3,""sábado, 1 de agosto de 2026 14:45"",66772.0";;;;;;;;;;;;;;;;;
"335,1,,,2024,,""R$ 61.172,00"",Fiat,MOBI TREKKING 1.0 Flex 5p.,2024,001536-9,Flex,1,F,julho de 2026 ,2gkl65c6rvsw,""sábado, 1 de agosto de 2026 14:45"",61172.0";;;;;;;;;;;;;;;;;
"335,1,,,2025,,""R$ 97.961,00"",Fiat,Fiorino Endurance EVO 1.4 Flex 8V 2p,2025,001531-8,Flex,1,F,julho de 2026 ,cjcw9f3zsqsw3,""sábado, 1 de agosto de 2026 14:45"",97961.0";;;;;;;;;;;;;;;;;
"335,1,,,2025,,""R$ 122.911,00"",Fiat,Toro Endurance 1.3 T270 4x2 Flex Aut.,2025,001537-7,Flex,1,F,julho de 2026 ,gzfsdj8bx3dzm,""sábado, 1 de agosto de 2026 14:45"",122911.0";;;;;;;;;;;;;;;;;
"335,1,,,2022,,""R$ 105.125,00"",Fiat,Toro Freedom 1.3 T270 4x2 Flex Aut.,2022,001538-5,Flex,1,F,julho de 2026 ,f9k9xnqxlgdny,""sábado, 1 de agosto de 2026 14:45"",105125.0";;;;;;;;;;;;;;;;;
"335,1,,,2025,,""R$ 108.219,00"",Fiat,Strada Freedom 1.3 Flex 8V CD,2025,001530-0,Flex,1,F,julho de 2026 ,gd6r2984zwdzm,""sábado, 1 de agosto de 2026 14:45"",108219.0";;;;;;;;;;;;;;;;;
"335,1,,,2023,,""R$ 113.867,00"",Fiat,Toro Freedom 1.3 T270 4x2 Flex Aut.,2023,001538-5,Flex,1,F,julho de 2026 ,gmt10rtq4gdr5,""sábado, 1 de agosto de 2026 14:45"",113867.0";;;;;;;;;;;;;;;;;
"335,1,,,2024,,""R$ 123.834,00"",Fiat,Toro Freedom 1.3 T270 4x2 Flex Aut.,2024,001538-5,Flex,1,F,julho de 2026 ,g0jbdd3vfqdwd,""sábado, 1 de agosto de 2026 14:45"",123834.0";;;;;;;;;;;;;;;;;
"335,1,,,2025,,""R$ 130.945,00"",Fiat,Toro Freedom 1.3 T270 4x2 Flex Aut.,2025,001538-5,Flex,1,F,julho de 2026 ,g8vsrl5dbxdzm,""sábado, 1 de agosto de 2026 14:45"",130945.0";;;;;;;;;;;;;;;;;
"335,1,,,2024,,""R$ 99.095,00"",Fiat,PULSE AUDACE 1.0 Turbo 200 Flex Aut.,2024,001542-3,Flex,1,F,julho de 2026 ,cjs6gvw6nk2sw,""sábado, 1 de agosto de 2026 14:45"",99095.0";;;;;;;;;;;;;;;;;
"335,1,,,2023,,""R$ 88.059,00"",Fiat,PULSE DRIVE 1.3 8V Flex Aut.,2023,001544-0,Flex,1,F,julho de 2026 ,cdms62qlz7lpn,""sábado, 1 de agosto de 2026 14:45"",88059.0";;;;;;;;;;;;;;;;;
"335,1,,,2024,,""R$ 92.054,00"",Fiat,PULSE DRIVE 1.3 8V Flex Aut.,2024,001544-0,Flex,1,F,julho de 2026 ,cf4m8zkdkzysw,""sábado, 1 de agosto de 2026 14:45"",92054.0";;;;;;;;;;;;;;;;;
"335,1,,,2025,,""R$ 97.265,00"",Fiat,PULSE DRIVE 1.3 8V Flex Aut.,2025,001544-0,Flex,1,F,julho de 2026 ,ch3q9683bwfw3,""sábado, 1 de agosto de 2026 14:45"",97265.0";;;;;;;;;;;;;;;;;
"335,1,,,2025,,""R$ 92.746,00"",Fiat,CRONOS DRIVE 1.3 8V Flex Aut.,2025,001554-7,Flex,1,F,julho de 2026 ,cgdrs37nb22w3,""sábado, 1 de agosto de 2026 14:46"",92746.0";;;;;;;;;;;;;;;;;
"335,1,,,2026,,""R$ 88.039,00"",Fiat,CRONOS DRIVE 1.0 6V Flex,2026,001553-9,Flex,1,F,julho de 2026 ,cdmkyqvhjvm0b,""sábado, 1 de agosto de 2026 14:46"",88039.0";;;;;;;;;;;;;;;;;
"335,1,,,2024,,""R$ 82.370,00"",Fiat,CRONOS DRIVE 1.3 8V Flex Aut.,2024,001554-7,Flex,1,F,julho de 2026 ,cbg3fx9ysfjsw,""sábado, 1 de agosto de 2026 14:46"",82370.0";;;;;;;;;;;;;;;;;
"335,1,,,2025,,""R$ 79.034,00"",Fiat,CRONOS DRIVE 1.0 6V Flex,2025,001553-9,Flex,1,F,julho de 2026 ,86zxcfyg36w3,""sábado, 1 de agosto de 2026 14:46"",79034.0";;;;;;;;;;;;;;;;;
"335,1,,,2024,,""R$ 77.891,00"",Fiat,Strada Endurance 1.3 Flex 8V CS Plus,2024,001569-5,Flex,1,F,julho de 2026 ,8slgjqg3mndwd,""sábado, 1 de agosto de 2026 14:46"",77891.0";;;;;;;;;;;;;;;;;
"335,1,,,2025,,""R$ 86.012,00"",Fiat,Strada Endurance 1.3 Flex 8V CS Plus,2025,001569-5,Flex,1,F,julho de 2026 ,ccvs6cx97mhdzm,""sábado, 1 de agosto de 2026 14:46"",86012.0";;;;;;;;;;;;;;;;;
"335,1,,,2024,,""R$ 109.531,00"",Fiat,Fastback Audace 1.0 200 T. Flex Aut,2024,001558-0,Flex,1,F,julho de 2026 ,ggrgdp89yjdwd,""sábado, 1 de agosto de 2026 14:46"",109531.0";;;;;;;;;;;;;;;;;
"335,1,,,2023,,""R$ 94.056,00"",Fiat,PULSE AUDACE 1.0 Turbo 200 Flex Aut.,2023,001542-3,Flex,1,F,julho de 2026 ,cgw3ymsvlzbpn,""sábado, 1 de agosto de 2026 14:46"",94056.0";;;;;;;;;;;;;;;;;
"335,1,,,2026,,""R$ 94.768,00"",Fiat,Strada Endurance 1.3 Flex 8V CS Plus,2026,001569-5,Flex,1,F,julho de 2026 ,cg5gq31zbsrd2v,""sábado, 1 de agosto de 2026 14:46"",94768.0";;;;;;;;;;;;;;;;;
"335,1,,,2025,,""R$ 136.583,00"",Fiat,Fastback ABARTH Turbo Flex 1.3 Aut.,2025,001572-5,Flex,1,F,julho de 2026 ,hhgqdqmmngdzm,""sábado, 1 de agosto de 2026 14:46"",136583.0";;;;;;;;;;;;;;;;;
"335,1,,,2025,,""R$ 117.746,00"",Fiat,Fastback Audace 200 TB Aut (Hibrído),2025,001578-4,Híbrido,1,H,julho de 2026 ,gsc1pz75s1dzy,""sábado, 1 de agosto de 2026 14:46"",117746.0";;;;;;;;;;;;;;;;;
"335,1,,,2024,,""R$ 184.979,00"",Toyota,Hilux CD 4x4 2.8 Diesel Mec.,2024,002015-0,Diesel,1,D,julho de 2026 ,j96rwj46yndvr,""sábado, 1 de agosto de 2026 14:46"",184979.0";;;;;;;;;;;;;;;;;
"335,1,,,2024,,""R$ 141.188,00"",Toyota,Corolla XEi 2.0 Flex 16V Aut.,2024,002111-3,Flex,1,F,julho de 2026 ,hnv23r61nndwd,""sábado, 1 de agosto de 2026 14:46"",141188.0";;;;;;;;;;;;;;;;;
"335,1,,,2025,,""R$ 157.635,00"",Toyota,Corolla XEi 2.0 Flex 16V Aut.,2025,002111-3,Flex,1,F,julho de 2026 ,h84wv4x4kfdzm,""sábado, 1 de agosto de 2026 14:46"",157635.0";;;;;;;;;;;;;;;;;
"335,1,,,2024,,""R$ 89.663,00"",Toyota,YARIS XL Sedan 1.5 Flex 16V 4p Aut.,2024,002168-7,Flex,1,F,julho de 2026 ,cd7l67r8scpsw,""sábado, 1 de agosto de 2026 14:46"",89663.0";;;;;;;;;;;;;;;;;
"335,1,,,2025,,""R$ 96.685,00"",Toyota,YARIS XL Sedan 1.5 Flex 16V 4p Aut.,2025,002168-7,Flex,1,F,julho de 2026 ,chwyh1jqt08w3,""sábado, 1 de agosto de 2026 14:46"",96685.0";;;;;;;;;;;;;;;;;
"335,1,,,2024,,""R$ 115.348,00"",Fiat,Fastback Impetus 1.0 200 T. Flex Aut,2024,001557-1,Flex,1,F,julho de 2026 ,gpkwq62tz5dwd,""sábado, 1 de agosto de 2026 14:46"",115348.0";;;;;;;;;;;;;;;;;
"335,1,,,2025,,""R$ 107.493,00"",Fiat,PULSE AUDACE Turbo 200  Aut. (Hibrído),2025,001579-2,Híbrido,1,H,julho de 2026 ,gdcc2jl7vfdzy,""sábado, 1 de agosto de 2026 14:46"",107493.0";;;;;;;;;;;;;;;;;
"335,1,,,2024,,""R$ 216.847,00"",Toyota,Hilux CD SR 4x4 2.8 TDI Diesel Aut.,2024,002142-3,Diesel,1,D,julho de 2026 ,ljk2bql6wqdvr,""sábado, 1 de agosto de 2026 14:46"",216847.0";;;;;;;;;;;;;;;;;
"335,1,,,2024,,""R$ 124.276,00"",Toyota,Corolla GLi 2.0 16V Flex Aut.,2024,002181-4,Flex,1,F,julho de 2026 ,g01dd6389ydwd,""sábado, 1 de agosto de 2026 14:46"",124276.0";;;;;;;;;;;;;;;;;
"335,1,,,2024,,""R$ 142.236,00"",Toyota,Corolla Cross XR 2.0 16V Flex Aut.,2024,002201-2,Flex,1,F,julho de 2026 ,hp25yt2hqcdwd,""sábado, 1 de agosto de 2026 14:46"",142236.0";;;;;;;;;;;;;;;;;
"335,1,,,2024,,""R$ 148.376,00"",Toyota,Corolla Cross XRE 2.0 16V Flex Aut.,2024,002203-9,Flex,1,F,julho de 2026 ,hx9b7j8pgmdwd,""sábado, 1 de agosto de 2026 14:46"",148376.0";;;;;;;;;;;;;;;;;
"335,1,,,2025,,""R$ 143.092,00"",Toyota,Corolla GLi 2.0 16V Flex Aut.,2025,002181-4,Flex,1,F,julho de 2026 ,hq29gffzwfdzm,""sábado, 1 de agosto de 2026 14:46"",143092.0";;;;;;;;;;;;;;;;;
"335,1,,,2025,,""R$ 163.887,00"",Toyota,Corolla Cross XRE 2.0 16V Flex Aut.,2025,002203-9,Flex,1,F,julho de 2026 ,jjg4bzkwh9dzm,""sábado, 1 de agosto de 2026 14:46"",163887.0";;;;;;;;;;;;;;;;;
"335,1,,,2026,,""R$ 174.855,00"",Toyota,Corolla Cross XRE 2.0 16V Flex Aut.,2026,002203-9,Flex,1,F,julho de 2026 ,jybslz2wv6d2v,""sábado, 1 de agosto de 2026 14:46"",174855.0";;;;;;;;;;;;;;;;;
"335,1,,,2025,,""R$ 188.072,00"",Toyota,Corolla Cross XRX 1.8 16V Aut. (Híbrido),2025,002204-7,Híbrido,1,H,julho de 2026 ,kft5x9skh4dzy,""sábado, 1 de agosto de 2026 14:46"",188072.0";;;;;;;;;;;;;;;;;
"335,1,,,2024,,""R$ 89.422,00"",Toyota,YARIS XL 1.5 Flex 16V 5p Aut.,2024,002207-1,Flex,1,F,julho de 2026 ,cd4smrwvc8tsw,""sábado, 1 de agosto de 2026 14:46"",89422.0";;;;;;;;;;;;;;;;;
"335,1,,,2023,,""R$ 141.176,00"",Toyota,Corolla Altis 1.8 16V Aut. (Híbrido),2023,002182-2,Híbrido,1,H,julho de 2026 ,hnvnlmzxc2dsh,""sábado, 1 de agosto de 2026 14:46"",141176.0";;;;;;;;;;;;;;;;;
"335,1,,,2026,,""R$ 309.333,00"",Ford,TRANSIT Minibus 18 Lug. 2.0 16V Diesel,2026,003484-3,Diesel,1,D,julho de 2026 ,p00ng7fsnld16,""sábado, 1 de agosto de 2026 14:46"",309333.0";;;;;;;;;;;;;;;;;
"335,1,,,2026,,""R$ 213.899,00"",Ford,Ranger XL 2.0 4x4 CD Diesel Mec. ,2026,003502-5,Diesel,1,D,julho de 2026 ,ld3xnqyfsdd16,""sábado, 1 de agosto de 2026 14:46"",213899.0";;;;;;;;;;;;;;;;;
"335,1,,,2023,,""R$ 141.921,00"",GM - Chevrolet,S10 Pick-Up LS 2.8 TDI 4x4 CD Dies. Mec.,2023,004413-0,Diesel,1,D,julho de 2026 ,hpqq01thfsdrj,""sábado, 1 de agosto de 2026 14:46"",141921.0";;;;;;;;;;;;;;;;;
"335,1,,,2024,,""R$ 167.583,00"",GM - Chevrolet,S10 Pick-Up LS 2.8 TDI 4x4 CD Dies. Mec.,2024,004413-0,Diesel,1,D,julho de 2026 ,jntgt4wsfpdvr,""sábado, 1 de agosto de 2026 14:46"",167583.0";;;;;;;;;;;;;;;;;
"335,1,,,2025,,""R$ 95.509,00"",Toyota,YARIS XL 1.5 Flex 16V 5p Aut.,2025,002207-1,Flex,1,F,julho de 2026 ,chf42df79slw3,""sábado, 1 de agosto de 2026 14:46"",95509.0";;;;;;;;;;;;;;;;;
"335,1,,,2022,,""R$ 79.387,00"",GM - Chevrolet,SPIN PREMIER 1.8 8V Econo.Flex 5p Aut.,2022,004494-6,Flex,1,F,julho de 2026 ,9b36s9bzc5lf,""sábado, 1 de agosto de 2026 14:46"",79387.0";;;;;;;;;;;;;;;;;
"335,1,,,2023,,""R$ 149.989,00"",Ford,Ranger XL 2.2 4x4 CS Diesel Mec.,2023,003433-9,Diesel,1,D,julho de 2026 ,hz5zpqjsr2drj,""sábado, 1 de agosto de 2026 14:46"",149989.0";;;;;;;;;;;;;;;;;
"335,1,,,2024,,""R$ 99.098,00"",GM - Chevrolet,SPIN PREMIER 1.8 8V Econo.Flex 5p Aut.,2024,004494-6,Flex,1,F,julho de 2026 ,cjs7knrj5ncsw,""sábado, 1 de agosto de 2026 14:46"",99098.0";;;;;;;;;;;;;;;;;
"335,1,,,2025,,""R$ 123.314,00"",GM - Chevrolet,SPIN PREMIER 1.8 8V Econo.Flex 5p Aut.,2025,004494-6,Flex,1,F,julho de 2026 ,gzxfg3k250dzm,""sábado, 1 de agosto de 2026 14:46"",123314.0";;;;;;;;;;;;;;;;;
"335,1,,,2023,,""R$ 90.902,00"",GM - Chevrolet,SPIN PREMIER 1.8 8V Econo.Flex 5p Aut.,2023,004494-6,Flex,1,F,julho de 2026 ,cfp4krgdhxfpn,""sábado, 1 de agosto de 2026 14:46"",90902.0";;;;;;;;;;;;;;;;;
"335,1,,,2025,,""R$ 111.701,00"",GM - Chevrolet,SPIN LTZ 1.8 8V Econo.Flex 5p Aut.,2025,004417-2,Flex,1,F,julho de 2026 ,gj9bglr778dzm,""sábado, 1 de agosto de 2026 14:46"",111701.0";;;;;;;;;;;;;;;;;
"335,1,,,2024,,""R$ 223.073,00"",GM - Chevrolet,TRAILBLAZER PREMIER 2.8 TB Diesel Aut.,2024,004498-9,Diesel,1,D,julho de 2026 ,lrwcjctsm5dvr,""sábado, 1 de agosto de 2026 14:46"",223073.0";;;;;;;;;;;;;;;;;
"335,1,,,2025,,""R$ 84.020,00"",GM - Chevrolet,ONIX SEDAN Plus LT 1.0 12V TB Flex Mec.,2025,004500-4,Flex,1,F,julho de 2026 ,cb3f5dxglk8w3,""sábado, 1 de agosto de 2026 14:46"",84020.0";;;;;;;;;;;;;;;;;
"335,1,,,2025,,""R$ 92.170,00"",GM - Chevrolet,ONIX SEDAN Plus LT 1.0 12V TB Flex Aut.,2025,004501-2,Flex,1,F,julho de 2026 ,cf50f0nw75jw3,""sábado, 1 de agosto de 2026 14:46"",92170.0";;;;;;;;;;;;;;;;;
"335,1,,,2023,,""R$ 76.196,00"",GM - Chevrolet,ONIX SEDAN Plus LTZ 1.0 12V TB Flex Aut.,2023,004502-0,Flex,1,F,julho de 2026 ,74qc03g3tlpn,""sábado, 1 de agosto de 2026 14:46"",76196.0";;;;;;;;;;;;;;;;;
"335,1,,,2025,,""R$ 92.751,00"",GM - Chevrolet,ONIX SEDAN Plus LTZ 1.0 12V TB Flex Aut.,2025,004502-0,Flex,1,F,julho de 2026 ,cgdtmgn0j6rw3,""sábado, 1 de agosto de 2026 14:46"",92751.0";;;;;;;;;;;;;;;;;
"335,1,,,2023,,""R$ 71.154,00"",GM - Chevrolet,ONIX HATCH LT 1.0 12V TB Flex 5p Mec.,2023,004512-8,Flex,1,F,julho de 2026 ,57lrz3tn0wpn,""sábado, 1 de agosto de 2026 14:46"",71154.0";;;;;;;;;;;;;;;;;
"335,1,,,2023,,""R$ 74.455,00"",GM - Chevrolet,ONIX SEDAN Plus LTZ 1.0 12V TB Flex Mec.,2023,004503-9,Flex,1,F,julho de 2026 ,7g9k6pd5h1pn,""sábado, 1 de agosto de 2026 14:46"",74455.0";;;;;;;;;;;;;;;;;
"335,1,,,2024,,""R$ 82.658,00"",GM - Chevrolet,ONIX SEDAN Plus LTZ 1.0 12V TB Flex Aut.,2024,004502-0,Flex,1,F,julho de 2026 ,cblg3z1fq1vsw,""sábado, 1 de agosto de 2026 14:46"",82658.0";;;;;;;;;;;;;;;;;
"335,1,,,2024,,""R$ 76.821,00"",GM - Chevrolet,ONIX HATCH LT 1.0 12V TB Flex 5p Mec.,2024,004512-8,Flex,1,F,julho de 2026 ,8c1j713ryxsw,""sábado, 1 de agosto de 2026 14:46"",76821.0";;;;;;;;;;;;;;;;;
"335,1,,,2024,,""R$ 77.021,00"",GM - Chevrolet,ONIX SEDAN Plus LT 1.0 12V TB Flex Mec.,2024,004500-4,Flex,1,F,julho de 2026 ,8gc7rxv0zdsw,""sábado, 1 de agosto de 2026 14:47"",77021.0";;;;;;;;;;;;;;;;;
"335,1,,,2025,,""R$ 83.725,00"",GM - Chevrolet,ONIX HATCH LT 1.0 12V TB Flex 5p Mec.,2025,004512-8,Flex,1,F,julho de 2026 ,cbzzyg2xvkgw3,""sábado, 1 de agosto de 2026 14:47"",83725.0";;;;;;;;;;;;;;;;;
"335,1,,,2024,,""R$ 86.467,00"",GM - Chevrolet,ONIX HATCH LTZ 1.0 12V TB Flex 5p Aut.,2024,004515-2,Flex,1,F,julho de 2026 ,cc04k336xgzsw,""sábado, 1 de agosto de 2026 14:47"",86467.0";;;;;;;;;;;;;;;;;
"335,1,,,2025,,""R$ 73.211,00"",GM - Chevrolet,ONIX HATCH LT 1.0 12V Flex 5p Mec.,2025,004517-9,Flex,1,F,julho de 2026 ,60qfcj49xmw3,""sábado, 1 de agosto de 2026 14:47"",73211.0";;;;;;;;;;;;;;;;;
"335,1,,,2023,,""R$ 67.661,00"",GM - Chevrolet,ONIX SEDAN Plus LT 1.0 12V Flex 4p Mec.,2023,004518-7,Flex,1,F,julho de 2026 ,4xm5d1dctqpn,""sábado, 1 de agosto de 2026 14:47"",67661.0";;;;;;;;;;;;;;;;;
"335,1,,,2025,,""R$ 78.372,00"",GM - Chevrolet,ONIX SEDAN Plus LT 1.0 12V Flex 4p Mec.,2025,004518-7,Flex,1,F,julho de 2026 ,8y687knrn9w3,""sábado, 1 de agosto de 2026 14:47"",78372.0";;;;;;;;;;;;;;;;;
"335,1,,,2025,,""R$ 114.364,00"",Fiat,Fastback Audace 1.0 200 T. Flex Aut,2025,001558-0,Flex,1,F,julho de 2026 ,gnd30nn18zdzm,""sábado, 1 de agosto de 2026 14:47"",114364.0";;;;;;;;;;;;;;;;;
"335,1,,,2024,,""R$ 69.049,00"",GM - Chevrolet,ONIX HATCH 1.0 12V Flex 5p Mec.,2024,004519-5,Flex,1,F,julho de 2026 ,5fxnskpksdsw,""sábado, 1 de agosto de 2026 14:47"",69049.0";;;;;;;;;;;;;;;;;
"335,1,,,2025,,""R$ 96.104,00"",GM - Chevrolet,ONIX HATCH LTZ 1.0 12V TB Flex 5p Aut.,2025,004515-2,Flex,1,F,julho de 2026 ,chn4blj6dlbw3,""sábado, 1 de agosto de 2026 14:47"",96104.0";;;;;;;;;;;;;;;;;
"335,1,,,2025,,""R$ 70.842,00"",GM - Chevrolet,ONIX HATCH 1.0 12V Flex 5p Mec.,2025,004519-5,Flex,1,F,julho de 2026 ,53ych86ltlw3,""sábado, 1 de agosto de 2026 14:47"",70842.0";;;;;;;;;;;;;;;;;
"335,1,,,2023,,""R$ 107.589,00"",GM - Chevrolet,TRACKER Premier 1.2 Turbo 12V Flex Aut.,2023,004525-0,Flex,1,F,julho de 2026 ,gdgv7sgkvhdr5,""sábado, 1 de agosto de 2026 14:47"",107589.0";;;;;;;;;;;;;;;;;
"335,1,,,2025,,""R$ 106.236,00"",GM - Chevrolet,TRACKER LT 1.0 Turbo 12V Flex Aut.,2025,004522-5,Flex,1,F,julho de 2026 ,gbwpq78mxqdzm,""sábado, 1 de agosto de 2026 14:47"",106236.0";;;;;;;;;;;;;;;;;
"335,1,,,2024,,""R$ 101.499,00"",GM - Chevrolet,TRACKER LT 1.0 Turbo 12V Flex Aut.,2024,004522-5,Flex,1,F,julho de 2026 ,f5bh9jwl9tdwd,""sábado, 1 de agosto de 2026 14:47"",101499.0";;;;;;;;;;;;;;;;;
"335,1,,,2024,,""R$ 117.502,00"",GM - Chevrolet,TRACKER Premier 1.2 Turbo 12V Flex Aut.,2024,004525-0,Flex,1,F,julho de 2026 ,gr25r7wpxwdwd,""sábado, 1 de agosto de 2026 14:47"",117502.0";;;;;;;;;;;;;;;;;
"335,1,,,2025,,""R$ 128.076,00"",GM - Chevrolet,TRACKER Premier 1.2 Turbo 12V Flex Aut.,2025,004525-0,Flex,1,F,julho de 2026 ,g5hh219x3fdzm,""sábado, 1 de agosto de 2026 14:47"",128076.0";;;;;;;;;;;;;;;;;
"335,1,,,2025,,""R$ 104.986,00"",GM - Chevrolet,TRACKER 1.0 Turbo 12V Flex Aut. ,2025,004526-8,Flex,1,F,julho de 2026 ,f9d79gtlbzdzm,""sábado, 1 de agosto de 2026 14:47"",104986.0";;;;;;;;;;;;;;;;;
"335,1,,,2025,,""R$ 117.193,00"",GM - Chevrolet,TRACKER LTZ 1.0 Turbo 12V Flex Aut.,2025,004532-2,Flex,1,F,julho de 2026 ,grqyl1v5nndzm,""sábado, 1 de agosto de 2026 14:47"",117193.0";;;;;;;;;;;;;;;;;
"335,1,,,2026,,""R$ 141.728,00"",GM - Chevrolet,TRACKER LTZ 1.0 Turbo 12V Flex Aut.,2026,004532-2,Flex,1,F,julho de 2026 ,hphqkpb82wd2v,""sábado, 1 de agosto de 2026 14:47"",141728.0";;;;;;;;;;;;;;;;;
"335,1,,,2024,,""R$ 110.402,00"",VW - VolksWagen,VIRTUS Highline 200 TSI 1.0 Flex 12V Aut,2024,005484-4,Flex,1,F,julho de 2026 ,ghr3s8n89qdwd,""sábado, 1 de agosto de 2026 14:47"",110402.0";;;;;;;;;;;;;;;;;
"335,1,,,2025,,""R$ 210.478,00"",GM - Chevrolet,S10 Pick-Up WT 2.8 TDI 4x4 CD Diesel Aut,2025,004550-0,Diesel,1,D,julho de 2026 ,k83k04plnzdyz,""sábado, 1 de agosto de 2026 14:47"",210478.0";;;;;;;;;;;;;;;;;
"335,1,,,2025,,""R$ 195.185,00"",GM - Chevrolet,S10 Pick-Up WT 2.8 TDI 4x4 CD Diesel Mec,2025,004552-7,Diesel,1,D,julho de 2026 ,kp5qkbhp38dyz,""sábado, 1 de agosto de 2026 14:47"",195185.0";;;;;;;;;;;;;;;;;
"335,1,,,2022,,""R$ 58.060,00"",VW - VolksWagen,Gol 1.6 MSI Flex 8V 5p,2022,005491-7,Flex,1,F,julho de 2026 ,082hk56csmlf,""sábado, 1 de agosto de 2026 14:47"",58060.0";;;;;;;;;;;;;;;;;
"335,1,,,2023,,""R$ 123.679,00"",VW - VolksWagen,T-Cross Hig. 250 TSI 1.4 Flex 16V 5p Aut,2023,005508-5,Flex,1,F,julho de 2026 ,g0bpq98tv3dr5,""sábado, 1 de agosto de 2026 14:47"",123679.0";;;;;;;;;;;;;;;;;
"335,1,,,2023,,""R$ 54.935,00"",VW - VolksWagen,Gol 1.0 Flex 12V 5p,2023,005490-9,Flex,1,F,julho de 2026 ,z3fngfct1bpn,""sábado, 1 de agosto de 2026 14:47"",54935.0";;;;;;;;;;;;;;;;;
"335,1,,,2025,,""R$ 141.206,00"",VW - VolksWagen,T-Cross Hig. 250 TSI 1.4 Flex 16V 5p Aut,2025,005508-5,Flex,1,F,julho de 2026 ,hnwrdhdd59dzm,""sábado, 1 de agosto de 2026 14:47"",141206.0";;;;;;;;;;;;;;;;;
"335,1,,,2024,,""R$ 131.148,00"",VW - VolksWagen,T-Cross Hig. 250 TSI 1.4 Flex 16V 5p Aut,2024,005508-5,Flex,1,F,julho de 2026 ,g825g75hs2dwd,""sábado, 1 de agosto de 2026 14:47"",131148.0";;;;;;;;;;;;;;;;;
"335,1,,,2024,,""R$ 118.043,00"",VW - VolksWagen,T-Cross Comfor. 200 TSI 1.0 Flex 5p Aut.,2024,005509-3,Flex,1,F,julho de 2026 ,gsqvb1jq8wdwd,""sábado, 1 de agosto de 2026 14:47"",118043.0";;;;;;;;;;;;;;;;;
"335,1,,,2026,,""R$ 159.706,00"",VW - VolksWagen,T-Cross Hig. 250 TSI 1.4 Flex 16V 5p Aut,2026,005508-5,Flex,1,F,julho de 2026 ,jck5czzq7pd2v,""sábado, 1 de agosto de 2026 14:47"",159706.0";;;;;;;;;;;;;;;;;
"335,1,,,2024,,""R$ 106.812,00"",VW - VolksWagen,T-Cross 200 TSI 1.0  Flex 12V 5p Aut.,2024,005510-7,Flex,1,F,julho de 2026 ,gckmrlb4wxdwd,""sábado, 1 de agosto de 2026 14:47"",106812.0";;;;;;;;;;;;;;;;;
"335,1,,,2024,5,""R$ 119.987,00"",Fiat,Fastback Limited Ed.1.3 270 T.Flex Aut.,2024,001556-3,Flex,1,F,julho de 2026 ,gv0hrvvrftdwd,""quarta-feira, 1 de julho de 2026 01:57"",119987.0";;;;;;;;;;;;;;;;;
"335,1,,,2026,,""R$ 146.519,00"",VW - VolksWagen,T-Cross Comfor. 200 TSI 1.0 Flex 5p Aut.,2026,005509-3,Flex,1,F,julho de 2026 ,hv3vvkqt45d2v,""sábado, 1 de agosto de 2026 14:47"",146519.0";;;;;;;;;;;;;;;;;
"335,1,,,2025,,""R$ 132.321,00"",VW - VolksWagen,T-Cross Comfor. 200 TSI 1.0 Flex 5p Aut.,2025,005509-3,Flex,1,F,julho de 2026 ,hbgs5g35r5dzm,""sábado, 1 de agosto de 2026 14:47"",132321.0";;;;;;;;;;;;;;;;;
"335,1,,,2025,,""R$ 119.193,00"",VW - VolksWagen,T-Cross 200 TSI 1.0  Flex 12V 5p Aut.,2025,005510-7,Flex,1,F,julho de 2026 ,gt2m3ws5j3dzm,""sábado, 1 de agosto de 2026 14:47"",119193.0";;;;;;;;;;;;;;;;;
"335,1,,,2026,,""R$ 128.433,00"",VW - VolksWagen,T-Cross 200 TSI 1.0  Flex 12V 5p Aut.,2026,005510-7,Flex,1,F,julho de 2026 ,g5xhbvgzs4d2v,""sábado, 1 de agosto de 2026 14:47"",128433.0";;;;;;;;;;;;;;;;;
"335,1,,,2023,,""R$ 100.895,00"",VW - VolksWagen,Nivus Comfortline 1.0 200 TSI Flex Aut.,2023,005525-5,Flex,1,F,julho de 2026 ,f4mkq46dfkdr5,""sábado, 1 de agosto de 2026 14:47"",100895.0";;;;;;;;;;;;;;;;;
"335,1,,,2026,,""R$ 128.102,00"",VW - VolksWagen,Nivus Comfortline 1.0 200 TSI Flex Aut.,2026,005525-5,Flex,1,F,julho de 2026 ,g5jgc7f2lwd2v,""sábado, 1 de agosto de 2026 14:47"",128102.0";;;;;;;;;;;;;;;;;
"335,1,,,2025,,""R$ 121.682,00"",VW - VolksWagen,Nivus Comfortline 1.0 200 TSI Flex Aut.,2025,005525-5,Flex,1,F,julho de 2026 ,gxz3l8r5lbdzm,""sábado, 1 de agosto de 2026 14:47"",121682.0";;;;;;;;;;;;;;;;;
"335,1,,,2024,,""R$ 116.893,00"",VW - VolksWagen,Nivus Highline 1.0 200 TSI Flex Aut.,2024,005526-3,Flex,1,F,julho de 2026 ,grc1k64j9tdwd,""sábado, 1 de agosto de 2026 14:47"",116893.0";;;;;;;;;;;;;;;;;
"335,1,,,2026,,""R$ 97.337,00"",VW - VolksWagen,Polo Sense TSI 1.0 Flex 12V Aut,2026,005513-1,Flex,1,F,julho de 2026 ,ch4lhg5sd44d2v,""sábado, 1 de agosto de 2026 14:47"",97337.0";;;;;;;;;;;;;;;;;
"335,1,,,2025,,""R$ 129.831,00"",VW - VolksWagen,Nivus Highline 1.0 200 TSI Flex Aut.,2025,005526-3,Flex,1,F,julho de 2026 ,g7j9j63gjhdzm,""sábado, 1 de agosto de 2026 14:47"",129831.0";;;;;;;;;;;;;;;;;
"335,1,,,2025,,""R$ 155.911,00"",VW - VolksWagen,TAOS Comfortline 1.4 250 TSI Flex Aut.,2025,005527-1,Flex,1,F,julho de 2026 ,h637bts7ghdzm,""sábado, 1 de agosto de 2026 14:47"",155911.0";;;;;;;;;;;;;;;;;
"335,1,,,2024,,""R$ 141.613,00"",VW - VolksWagen,TAOS Comfortline 1.4 250 TSI Flex Aut.,2024,005527-1,Flex,1,F,julho de 2026 ,hpcjzsy3fwdwd,""sábado, 1 de agosto de 2026 14:47"",141613.0";;;;;;;;;;;;;;;;;
"335,1,,,2026,5,""R$ 105.779,00"",Fiat,PULSE DRIVE 1.3 8V Flex Aut.,2026,001544-0,Flex,1,F,julho de 2026 ,gbb2th17jkd2v,""sábado, 1 de agosto de 2026 14:47"",105779.0";;;;;;;;;;;;;;;;;
"335,1,,,2024,,""R$ 73.521,00"",VW - VolksWagen,Polo 1.0 MPI Flex 12V 5p,2024,005533-6,Flex,1,F,julho de 2026 ,64b29h1gwkdwd,""sábado, 1 de agosto de 2026 14:47"",73521.0";;;;;;;;;;;;;;;;;
"335,1,,,2025,,""R$ 94.002,00"",GM - Chevrolet,ONIX HATCH LT 1.0 12V TB Flex 5p Aut.,2025,004514-4,Flex,1,F,julho de 2026 ,cgwg95wbh3sw3,""sábado, 1 de agosto de 2026 14:48"",94002.0";;;;;;;;;;;;;;;;;
"335,1,,,2023,,""R$ 112.353,00"",VW - VolksWagen,Nivus Highline 1.0 200 TSI Flex Aut.,2023,005526-3,Flex,1,F,julho de 2026 ,gk103lsxsldr5,""sábado, 1 de agosto de 2026 14:48"",112353.0";;;;;;;;;;;;;;;;;
"335,1,,,2025,,""R$ 97.856,00"",VW - VolksWagen,Polo Comfortline TSI 1.0 Flex 12V Aut.,2025,005535-2,Flex,1,F,julho de 2026 ,cjbn4bx24p0dzm,""sábado, 1 de agosto de 2026 14:48"",97856.0";;;;;;;;;;;;;;;;;
"335,1,,,2024,,""R$ 96.922,00"",VW - VolksWagen,Polo Highline TSI 1.0 Flex 12V Aut.,2024,005536-0,Flex,1,F,julho de 2026 ,chzqnf05vxldwd,""sábado, 1 de agosto de 2026 14:48"",96922.0";;;;;;;;;;;;;;;;;
"335,1,,,2025,,""R$ 105.571,00"",VW - VolksWagen,Polo Highline TSI 1.0 Flex 12V Aut.,2025,005536-0,Flex,1,F,julho de 2026 ,f93jf44tskdzm,""sábado, 1 de agosto de 2026 14:48"",105571.0";;;;;;;;;;;;;;;;;
"335,1,,,2024,,""R$ 89.158,00"",VW - VolksWagen,Polo Comfortline TSI 1.0 Flex 12V Aut.,2024,005535-2,Flex,1,F,julho de 2026 ,cd1pn3wm5s3dwd,""sábado, 1 de agosto de 2026 14:48"",89158.0";;;;;;;;;;;;;;;;;
"335,1,,,2024,,""R$ 76.175,00"",VW - VolksWagen,Saveiro Robust 1.6 Total Flex 16V CD,2024,005537-9,Flex,1,F,julho de 2026 ,74grdnd17jdwd,""sábado, 1 de agosto de 2026 14:48"",76175.0";;;;;;;;;;;;;;;;;
"335,1,,,2023,,""R$ 69.100,00"",VW - VolksWagen,Saveiro Robust 1.6 Total Flex 16V ,2023,005538-7,Flex,1,F,julho de 2026 ,5gh6d9c3h5dr5,""sábado, 1 de agosto de 2026 14:48"",69100.0";;;;;;;;;;;;;;;;;
"335,1,,,2025,,""R$ 75.611,00"",VW - VolksWagen,Polo 1.0 MPI Flex 12V 5p,2025,005533-6,Flex,1,F,julho de 2026 ,7xvrhnd33ndzm,""sábado, 1 de agosto de 2026 14:48"",75611.0";;;;;;;;;;;;;;;;;
"335,1,,,2024,,""R$ 159.570,00"",VW - VolksWagen,TAOS Highline 1.4 250 TSI Flex Aut.,2024,005528-0,Flex,1,F,julho de 2026 ,jcd64md357dwd,""sábado, 1 de agosto de 2026 14:48"",159570.0";;;;;;;;;;;;;;;;;
"335,1,,,2025,,""R$ 83.159,00"",VW - VolksWagen,Saveiro Robust 1.6 Total Flex 16V ,2025,005538-7,Flex,1,F,julho de 2026 ,cbsb6064xsrdzm,""sábado, 1 de agosto de 2026 14:48"",83159.0";;;;;;;;;;;;;;;;;
"335,1,,,2024,,""R$ 81.525,00"",VW - VolksWagen,Polo 1.0 TSI Flex 12V 5p,2024,005534-4,Flex,1,F,julho de 2026 ,9459t9cg5rdwd,""sábado, 1 de agosto de 2026 14:48"",81525.0";;;;;;;;;;;;;;;;;
"335,1,,,2026,,""R$ 88.131,00"",VW - VolksWagen,Saveiro Robust 1.6 Total Flex 16V ,2026,005538-7,Flex,1,F,julho de 2026 ,cdnndbl56rpd2v,""sábado, 1 de agosto de 2026 14:48"",88131.0";;;;;;;;;;;;;;;;;
"335,1,,,2024,,""R$ 69.770,00"",VW - VolksWagen,Polo Track 1.0 Flex 12V 5p,2024,005540-9,Flex,1,F,julho de 2026 ,5qcqphjvj4dwd,""sábado, 1 de agosto de 2026 14:48"",69770.0";;;;;;;;;;;;;;;;;
"335,1,,,2026,,""R$ 81.778,00"",VW - VolksWagen,Polo Track 1.0 Flex 12V 5p,2026,005540-9,Flex,1,F,julho de 2026 ,9748jrr1vxd2v,""sábado, 1 de agosto de 2026 14:48"",81778.0";;;;;;;;;;;;;;;;;
"335,1,,,2025,,""R$ 75.779,00"",VW - VolksWagen,Polo Track 1.0 Flex 12V 5p,2025,005540-9,Flex,1,F,julho de 2026 ,7zttf28pjbdzm,""sábado, 1 de agosto de 2026 14:48"",75779.0";;;;;;;;;;;;;;;;;
"335,1,,,2026,,""R$ 103.907,00"",VW - VolksWagen,VIRTUS TSI 1.0 Flex 12V 4p Mec.,2026,005542-5,Flex,1,F,julho de 2026 ,f741jk9kbgd2v,""sábado, 1 de agosto de 2026 14:48"",103907.0";;;;;;;;;;;;;;;;;
"335,1,,,2024,,""R$ 74.947,00"",VW - VolksWagen,Saveiro Robust 1.6 Total Flex 16V ,2024,005538-7,Flex,1,F,julho de 2026 ,7n2dt60pt7dwd,""sábado, 1 de agosto de 2026 14:48"",74947.0";;;;;;;;;;;;;;;;;
"335,1,,,2025,,""R$ 96.459,00"",VW - VolksWagen,VIRTUS TSI 1.0 Flex 12V 4p Mec.,2025,005542-5,Flex,1,F,julho de 2026 ,chs9ckrrmkbdzm,""sábado, 1 de agosto de 2026 14:48"",96459.0";;;;;;;;;;;;;;;;;
"335,1,,,2024,,""R$ 95.933,00"",VW - VolksWagen,VIRTUS TSI 1.0 Flex 12V 4p Aut.,2024,005543-3,Flex,1,F,julho de 2026 ,chl35tygzy8dwd,""sábado, 1 de agosto de 2026 14:48"",95933.0";;;;;;;;;;;;;;;;;
"335,1,,,2026,,""R$ 136.437,00"",GM - Chevrolet,MONTANA LTZ 1.2 Turbo Flex 12V 4p Aut.,2026,004541-1,Flex,1,F,julho de 2026 ,hg9dw00hmxd2v,""sábado, 1 de agosto de 2026 14:48"",136437.0";;;;;;;;;;;;;;;;;
"335,1,,,2023,,""R$ 79.878,00"",VW - VolksWagen,VIRTUS TSI 1.0 Flex 12V 4p Mec.,2023,005542-5,Flex,1,F,julho de 2026 ,9jwn5jz49zdr5,""sábado, 1 de agosto de 2026 14:48"",79878.0";;;;;;;;;;;;;;;;;
"335,1,,,2024,,""R$ 341.215,00"",Audi,Q5 Perf. Black 2.0 TFSIe S.Tr. Qt (Hib.),2024,008285-6,Híbrido,1,H,julho de 2026 ,q7dgqcr0m9dwq,""sábado, 1 de agosto de 2026 14:48"",341215.0";;;;;;;;;;;;;;;;;
"335,1,,,2026,,""R$ 113.471,00"",VW - VolksWagen,VIRTUS TSI 1.0 Flex 12V 4p Aut.,2026,005543-3,Flex,1,F,julho de 2026 ,gmcntn56xdd2v,""sábado, 1 de agosto de 2026 14:48"",113471.0";;;;;;;;;;;;;;;;;
"335,1,,,2024,,""R$ 89.506,00"",VW - VolksWagen,VIRTUS TSI 1.0 Flex 12V 4p Mec.,2024,005542-5,Flex,1,F,julho de 2026 ,cd5r469v01wdwd,""sábado, 1 de agosto de 2026 14:48"",89506.0";;;;;;;;;;;;;;;;;
"335,1,,,2020,,""R$ 294.427,00"",BMW,540i M Sport 3.0 Turbo 340cv Aut.,2020,009225-8,Gasolina,1,G,julho de 2026 ,pgjv13gjs2dd6,""sábado, 1 de agosto de 2026 14:48"",294427.0";;;;;;;;;;;;;;;;;
"335,1,,,2023,,""R$ 60.854,00"",Citroën,C3 Live Pack 1.0 Flex 6V 5p Mec.,2023,011223-2,Flex,1,F,julho de 2026 ,2bt0380x07dr5,""sábado, 1 de agosto de 2026 14:48"",60854.0";;;;;;;;;;;;;;;;;
"335,1,,,2024,,""R$ 65.467,00"",Citroën,C3 Live Pack 1.0 Flex 6V 5p Mec.,2024,011223-2,Flex,1,F,julho de 2026 ,32xqc0h2g8dwd,""sábado, 1 de agosto de 2026 14:48"",65467.0";;;;;;;;;;;;;;;;;
"335,1,,,2025,,""R$ 70.263,00"",Citroën,C3 Live Pack 1.0 Flex 6V 5p Mec.,2025,011223-2,Flex,1,F,julho de 2026 ,5w4xllp73tdzm,""sábado, 1 de agosto de 2026 14:48"",70263.0";;;;;;;;;;;;;;;;;
"335,1,,,2025,,""R$ 73.114,00"",Citroën,C3 Feel 1.0 Flex 6V 5p Mec.,2025,011224-0,Flex,1,F,julho de 2026 ,6zk5dqjl19dzm,""sábado, 1 de agosto de 2026 14:48"",73114.0";;;;;;;;;;;;;;;;;
"335,1,,,2024,,""R$ 255.754,00"",Audi,Q3 Performance 2.0 TFSI Tiptr. Quattro,2024,008284-8,Gasolina,1,G,julho de 2026 ,mz5605bdpldt3,""sábado, 1 de agosto de 2026 14:48"",255754.0";;;;;;;;;;;;;;;;;
"335,1,,,2022,,""R$ 66.205,00"",Hyundai,HB20 Evolution Bluelink 1.0 Flex 12V Mec,2022,015191-2,Flex,1,F,julho de 2026 ,4ckyvh8dqvlf,""sábado, 1 de agosto de 2026 14:48"",66205.0";;;;;;;;;;;;;;;;;
"335,1,,,2024,,""R$ 67.076,00"",Hyundai,HB20 Sense 1.0 Flex 12V Mec.,2024,015165-3,Flex,1,F,julho de 2026 ,4psjwvpjxlsw,""sábado, 1 de agosto de 2026 14:48"",67076.0";;;;;;;;;;;;;;;;;
"335,1,,,2025,,""R$ 122.050,00"",Hyundai,Creta Comfort 1.0 TB 12V Flex Aut.,2025,015200-5,Flex,1,F,julho de 2026 ,gyfg79sns3dzm,""sábado, 1 de agosto de 2026 14:48"",122050.0";;;;;;;;;;;;;;;;;
"335,1,,,2022,,""R$ 61.623,00"",Hyundai,HB20 Vision 1.0 Flex 12V Mec.,2022,015168-8,Flex,1,F,julho de 2026 ,2mvjwwyscblf,""sábado, 1 de agosto de 2026 14:48"",61623.0";;;;;;;;;;;;;;;;;
"335,1,,,2025,,""R$ 105.741,00"",Hyundai,Creta Action 1.6 16V Flex Aut.,2025,015190-4,Flex,1,F,julho de 2026 ,f99pz54fccdzm,""sábado, 1 de agosto de 2026 14:48"",105741.0";;;;;;;;;;;;;;;;;
"335,1,,,2026,,""R$ 132.114,00"",Hyundai,Creta Comfort 1.0 TB 12V Flex Aut.,2026,015200-5,Flex,1,F,julho de 2026 ,g968x3wpkfd2v,""sábado, 1 de agosto de 2026 14:48"",132114.0";;;;;;;;;;;;;;;;;
"335,1,,,2026,,""R$ 160.980,00"",Hyundai,Creta Platinum 1.0 TB 12V Flex Aut.,2026,015202-1,Flex,1,F,julho de 2026 ,jd2gv3xtxgd2v,""sábado, 1 de agosto de 2026 14:48"",160980.0";;;;;;;;;;;;;;;;;
"335,1,,,2024,,""R$ 92.064,00"",Hyundai,HB20 Platinum 1.0 TB Flex 12V Aut.,2024,015209-9,Flex,1,F,julho de 2026 ,cf4rxnhl1dtsw,""sábado, 1 de agosto de 2026 14:48"",92064.0";;;;;;;;;;;;;;;;;
"335,1,,,2026,,""R$ 80.983,00"",Hyundai,HB20 Comfort 1.0 Flex 12V Mec.,2026,015215-3,Flex,1,F,julho de 2026 ,9yt9t2qwv40b,""sábado, 1 de agosto de 2026 14:48"",80983.0";;;;;;;;;;;;;;;;;
"335,1,,,2024,,""R$ 74.611,00"",Hyundai,HB20 Comfort 1.0 TB Flex 12V Mec,2024,015216-1,Flex,1,F,julho de 2026 ,7j38ymyldxsw,""sábado, 1 de agosto de 2026 14:48"",74611.0";;;;;;;;;;;;;;;;;
"335,1,,,2026,,""R$ 83.447,00"",Hyundai,HB20 Limited 1.0 Flex 12V Mec.,2026,015213-7,Flex,1,F,julho de 2026 ,cbwqw29jhpb0b,""sábado, 1 de agosto de 2026 14:48"",83447.0";;;;;;;;;;;;;;;;;
"335,1,,,2023,,""R$ 71.326,00"",Hyundai,HB20S Comfort 1.0  Flex 12V Mec.,2023,015218-8,Flex,1,F,julho de 2026 ,59l80gmj32dr5,""sábado, 1 de agosto de 2026 14:48"",71326.0";;;;;;;;;;;;;;;;;
"335,1,,,2023,,""R$ 89.639,00"",Hyundai,HB20S Platinum 1.0 TB Flex 12V Aut.,2023,015206-4,Flex,1,F,julho de 2026 ,cd7bhtrnp4qpn,""sábado, 1 de agosto de 2026 14:48"",89639.0";;;;;;;;;;;;;;;;;
"335,1,,,2025,,""R$ 91.624,00"",Hyundai,HB20 Comfort Plus 1.0 TB Flex 12V Aut.,2025,015236-6,Flex,1,F,julho de 2026 ,cfzlzxprmmxdzm,""sábado, 1 de agosto de 2026 14:48"",91624.0";;;;;;;;;;;;;;;;;
"335,1,,,2024,,""R$ 66.596,00"",Hyundai,HB20 Sense Plus 1.0 Flex 12V Mec.,2024,015234-0,Flex,1,F,julho de 2026 ,4h42f9qnrsdwd,""sábado, 1 de agosto de 2026 14:48"",66596.0";;;;;;;;;;;;;;;;;
"335,1,,,2024,,""R$ 75.435,00"",Hyundai,HB20S Comfort Plus 1.0 Flex 12V Mec.,2024,015239-0,Flex,1,F,julho de 2026 ,7vssdvndy8dwd,""sábado, 1 de agosto de 2026 14:48"",75435.0";;;;;;;;;;;;;;;;;
"335,1,,,2026,,""R$ 87.058,00"",Hyundai,HB20S Comfort 1.0  Flex 12V Mec.,2026,015218-8,Flex,1,F,julho de 2026 ,cc72c7s0qvhd2v,""sábado, 1 de agosto de 2026 14:48"",87058.0";;;;;;;;;;;;;;;;;
"335,1,,,2025,,""R$ 143.788,00"",Hyundai,Creta Plat. Safety 1.0 TB 12V Flex Aut.,2025,015237-4,Flex,1,F,julho de 2026 ,hrxln81h3xdzm,""sábado, 1 de agosto de 2026 14:48"",143788.0";;;;;;;;;;;;;;;;;
"335,1,,,2023,,""R$ 291.887,00"",Audi,Q5 SB P Black. 2.0 TFSIe S.Tr. Qt (Hib.),2023,008287-2,Híbrido,1,H,julho de 2026 ,pckj2954fbdsh,""sábado, 1 de agosto de 2026 14:48"",291887.0";;;;;;;;;;;;;;;;;
"335,1,,,2025,,""R$ 129.589,00"",Hyundai,Creta Limit. Safety 1.0 TB 12V Flex Aut.,2025,015243-9,Flex,1,F,julho de 2026 ,g68hv8mpg7dzm,""sábado, 1 de agosto de 2026 14:49"",129589.0";;;;;;;;;;;;;;;;;
"335,1,,,2024,,""R$ 112.700,00"",Hyundai,Creta Comfort Plus 1.0 TB 12V Flex Aut.,2024,015244-7,Flex,1,F,julho de 2026 ,glgm22tyj0dwd,""sábado, 1 de agosto de 2026 14:49"",112700.0";;;;;;;;;;;;;;;;;
"335,1,,,2025,,""R$ 120.172,00"",Hyundai,Creta Comfort Plus 1.0 TB 12V Flex Aut.,2025,015244-7,Flex,1,F,julho de 2026 ,gv666s45njdzm,""sábado, 1 de agosto de 2026 14:49"",120172.0";;;;;;;;;;;;;;;;;
"335,1,,,2025,,""R$ 68.537,00"",Hyundai,HB20 Sense Plus 1.0 Flex 12V Mec.,2025,015234-0,Flex,1,F,julho de 2026 ,47xksll2rvdzm,""sábado, 1 de agosto de 2026 14:49"",68537.0";;;;;;;;;;;;;;;;;
"335,1,,,2025,,""R$ 91.948,00"",Hyundai,HB20S Com. Plus Tech 1.0 TB Flex 12V Aut,2025,015247-1,Flex,1,F,julho de 2026 ,cf3drl1z9nwdzm,""sábado, 1 de agosto de 2026 14:49"",91948.0";;;;;;;;;;;;;;;;;
"335,1,,,2025,,""R$ 91.804,00"",Hyundai,HB20 Comf. Plus Tech 1.0 TB Flex 12V Aut,2025,015246-3,Flex,1,F,julho de 2026 ,cf1qd2n39nfdzm,""sábado, 1 de agosto de 2026 14:49"",91804.0";;;;;;;;;;;;;;;;;
"335,1,,,2025,,""R$ 74.085,00"",Hyundai,HB20 Comfort Plus 1.0 Flex 12V Mec.,2025,015245-5,Flex,1,F,julho de 2026 ,7by26h3ttsdzm,""sábado, 1 de agosto de 2026 14:49"",74085.0";;;;;;;;;;;;;;;;;
"335,1,,,2024,,""R$ 149.230,00"",Jeep,COMPASS LIMITED T270 1.3 TB 4x2 Flex Aut,2024,017070-4,Flex,1,F,julho de 2026 ,hy9dg82v5jdwd,""sábado, 1 de agosto de 2026 14:49"",149230.0";;;;;;;;;;;;;;;;;
"335,1,,,2026,,""R$ 102.471,00"",Hyundai,HB20 Limited 1.0 TB Flex 12V Aut.,2026,015251-0,Flex,1,F,julho de 2026 ,f6gvhxpm6dd2v,""sábado, 1 de agosto de 2026 14:49"",102471.0";;;;;;;;;;;;;;;;;
"335,1,,,2026,,""R$ 105.646,00"",Hyundai,HB20S Limited 1.0  TB Flex 12V Aut.,2026,015252-8,Flex,1,F,julho de 2026 ,f957yv239fd2v,""sábado, 1 de agosto de 2026 14:49"",105646.0";;;;;;;;;;;;;;;;;
"335,1,,,2024,,""R$ 136.445,00"",Jeep,COMPASS LONG. T270 1.3 TB 4x2 Flex Aut.,2024,017071-2,Flex,1,F,julho de 2026 ,hg9pxhd688dwd,""sábado, 1 de agosto de 2026 14:49"",136445.0";;;;;;;;;;;;;;;;;
"335,1,,,2024,5,""R$ 75.003,00"",Fiat,CRONOS DRIVE 1.0 6V Flex,2024,001553-9,Flex,1,F,julho de 2026 ,7pqrt0pdw1sw,""quarta-feira, 1 de julho de 2026 01:57"",75003.0";;;;;;;;;;;;;;;;;
"335,1,,,2026,,""R$ 163.127,00"",Jeep,COMPASS LONG. T270 1.3 TB 4x2 Flex Aut.,2026,017071-2,Flex,1,F,julho de 2026 ,jhlh0l4x4md2v,""sábado, 1 de agosto de 2026 14:49"",163127.0";;;;;;;;;;;;;;;;;
"335,1,,,2025,,""R$ 102.482,00"",VW - VolksWagen,VIRTUS TSI 1.0 Flex 12V 4p Aut.,2025,005543-3,Flex,1,F,julho de 2026 ,f6g7w4l99ndzm,""sábado, 1 de agosto de 2026 14:49"",102482.0";;;;;;;;;;;;;;;;;
"335,1,,,2025,,""R$ 146.567,00"",Jeep,COMPASS LONG. T270 1.3 TB 4x2 Flex Aut.,2025,017071-2,Flex,1,F,julho de 2026 ,hv5lx6my5jdzm,""sábado, 1 de agosto de 2026 14:49"",146567.0";;;;;;;;;;;;;;;;;
"335,1,,,2023,,""R$ 145.324,00"",Jeep,COMPASS LONG. TD 350 2.0 4x4 Diesel Aut.,2023,017075-5,Diesel,1,D,julho de 2026 ,htqfcxtcf6drj,""sábado, 1 de agosto de 2026 14:49"",145324.0";;;;;;;;;;;;;;;;;
"335,1,,,2024,,""R$ 165.856,00"",Jeep,COMPASS LONG. TD 350 2.0 4x4 Diesel Aut.,2024,017075-5,Diesel,1,D,julho de 2026 ,jlspx061dcdvr,""sábado, 1 de agosto de 2026 14:49"",165856.0";;;;;;;;;;;;;;;;;
"335,1,,,2024,,""R$ 194.981,00"",Jeep,Commander Limited TD380 2.0 4x4 Die.Aut.,2024,017080-1,Diesel,1,D,julho de 2026 ,kpx9prpjpddvr,""sábado, 1 de agosto de 2026 14:49"",194981.0";;;;;;;;;;;;;;;;;
"335,1,,,2024,,""R$ 167.452,00"",Jeep,Commander Limited T270 1.3 TB Flex Aut.,2024,017081-0,Flex,1,F,julho de 2026 ,jnnp7dvcjndwd,""sábado, 1 de agosto de 2026 14:49"",167452.0";;;;;;;;;;;;;;;;;
"335,1,,,2025,,""R$ 177.595,00"",Jeep,Commander Limited T270 1.3 TB Flex Aut.,2025,017081-0,Flex,1,F,julho de 2026 ,j1kcxm3znrdzm,""sábado, 1 de agosto de 2026 14:49"",177595.0";;;;;;;;;;;;;;;;;
"335,1,,,2025,,""R$ 82.485,00"",Hyundai,HB20S Limited Plus 1.0  Flex 12V Mec.,2025,015242-0,Flex,1,F,julho de 2026 ,cbjf7pvk56tdzm,""sábado, 1 de agosto de 2026 14:49"",82485.0";;;;;;;;;;;;;;;;;
"335,1,,,2023,,""R$ 177.765,00"",Jeep,Commander Overl. TD380 2.0 4x4 Die. Aut.,2023,017083-6,Diesel,1,D,julho de 2026 ,j1rkgm7dbydrj,""sábado, 1 de agosto de 2026 14:49"",177765.0";;;;;;;;;;;;;;;;;
"335,1,,,2024,,""R$ 102.982,00"",Jeep,Renegade Sport T270 1.3 TB 4x2 Flex Aut.,2024,017085-2,Flex,1,F,julho de 2026 ,f62d8wrxdjdwd,""sábado, 1 de agosto de 2026 14:49"",102982.0";;;;;;;;;;;;;;;;;
"335,1,,,2024,,""R$ 123.701,00"",Jeep,Renegade S T270 1.3 TB 4x4 Flex Aut.,2024,017087-9,Flex,1,F,julho de 2026 ,g0chjs231zdwd,""sábado, 1 de agosto de 2026 14:49"",123701.0";;;;;;;;;;;;;;;;;
"335,1,,,2024,5,""R$ 105.439,00"",VW - VolksWagen,Nivus Comfortline 1.0 200 TSI Flex Aut.,2024,005525-5,Flex,1,F,julho de 2026 ,f9yqqhsrvvdwd,""quarta-feira, 1 de julho de 2026 02:00"",105439.0";;;;;;;;;;;;;;;;;
"335,1,,,2025,,""R$ 118.638,00"",Jeep,Renegade Long. T270 1.3 TB 4x2 Flex Aut.,2025,017088-7,Flex,1,F,julho de 2026 ,gtfgr2vwkldzm,""sábado, 1 de agosto de 2026 14:49"",118638.0";;;;;;;;;;;;;;;;;
"335,1,,,2025,,""R$ 189.766,00"",Jeep,COMPASS Over. Hurric 2.0 4x4 TB 16V Aut.,2025,017097-6,Gasolina,1,G,julho de 2026 ,khtrnq1m89dyb,""sábado, 1 de agosto de 2026 14:49"",189766.0";;;;;;;;;;;;;;;;;
"335,1,,,2024,,""R$ 110.307,00"",Jeep,Renegade Long. T270 1.3 TB 4x2 Flex Aut.,2024,017088-7,Flex,1,F,julho de 2026 ,ghnnrznzjqdwd,""sábado, 1 de agosto de 2026 14:49"",110307.0";;;;;;;;;;;;;;;;;
"335,1,,,2024,,""R$ 171.136,00"",Mitsubishi,L200 Triton Sport GLS 2.4 CD Diesel Aut.,2024,022164-3,Diesel,1,D,julho de 2026 ,jszl6fl2mddvr,""sábado, 1 de agosto de 2026 14:49"",171136.0";;;;;;;;;;;;;;;;;
"335,1,,,2023,,""R$ 102.407,00"",Jeep,Renegade Long. T270 1.3 TB 4x2 Flex Aut.,2023,017088-7,Flex,1,F,julho de 2026 ,f6djdgmpj9dr5,""sábado, 1 de agosto de 2026 14:49"",102407.0";;;;;;;;;;;;;;;;;
"335,1,,,2023,,""R$ 156.266,00"",Jeep,Commander Limited T270 1.3 TB Flex Aut.,2023,017081-0,Flex,1,F,julho de 2026 ,h7j4br62t7dr5,""sábado, 1 de agosto de 2026 14:49"",156266.0";;;;;;;;;;;;;;;;;
"335,1,,,2023,,""R$ 129.061,00"",Jeep,COMPASS LONG. T270 1.3 TB 4x2 Flex Aut.,2023,017071-2,Flex,1,F,julho de 2026 ,g6m9ykk725dr5,""sábado, 1 de agosto de 2026 14:49"",129061.0";;;;;;;;;;;;;;;;;
"335,1,,,2022,,""R$ 146.177,00"",Nissan,Frontier ATTAC.CD 4x4 2.3 Bi-TB Die. Aut,2022,023160-6,Diesel,1,D,julho de 2026 ,hvqfhqpwmndm9,""sábado, 1 de agosto de 2026 14:49"",146177.0";;;;;;;;;;;;;;;;;
"335,1,,,2025,,""R$ 205.732,00"",Mitsubishi,L200 Triton Sport GLS 2.4 CD Diesel Aut.,2025,022164-3,Diesel,1,D,julho de 2026 ,k3j2f2rnmddyz,""sábado, 1 de agosto de 2026 14:49"",205732.0";;;;;;;;;;;;;;;;;
"335,1,,,2026,,""R$ 112.301,00"",Nissan,VERSA Advance 1.6 16V Flex Aut.,2026,023175-4,Flex,1,F,julho de 2026 ,gkz4h8klbtd2v,""sábado, 1 de agosto de 2026 14:49"",112301.0";;;;;;;;;;;;;;;;;
"335,1,,,2024,,""R$ 96.858,00"",Nissan,VERSA Advance 1.6 16V Flex Aut.,2024,023175-4,Flex,1,F,julho de 2026 ,chyzdbg4kvfsw,""sábado, 1 de agosto de 2026 14:49"",96858.0";;;;;;;;;;;;;;;;;
"335,1,,,2022,,""R$ 119.327,00"",Nissan,Frontier S CD 4x4 2.3 TB Diesel Mec.,2022,023161-4,Diesel,1,D,julho de 2026 ,gt7h3ghflsdm9,""sábado, 1 de agosto de 2026 14:49"",119327.0";;;;;;;;;;;;;;;;;
"335,1,,,2024,,""R$ 105.229,00"",Nissan,KICKS Sense 1.6 16V Flex Aut.,2024,023178-9,Flex,1,F,julho de 2026 ,f9p2296lspdwd,""sábado, 1 de agosto de 2026 14:49"",105229.0";;;;;;;;;;;;;;;;;
"335,1,,,2026,,""R$ 110.201,00"",Nissan,VERSA Sense 1.6 16V Flex Aut.,2026,023176-2,Flex,1,F,julho de 2026 ,ghjtbghn8dd2v,""sábado, 1 de agosto de 2026 14:49"",110201.0";;;;;;;;;;;;;;;;;
"335,1,,,2024,,""R$ 121.561,00"",Nissan,Sentra Advance 2.0 16V Aut.,2024,023187-8,Gasolina,1,G,julho de 2026 ,gxvp8slnjvdt3,""sábado, 1 de agosto de 2026 14:49"",121561.0";;;;;;;;;;;;;;;;;
"335,1,,,2026,,""R$ 166.813,00"",Nissan,Sentra Exclu. Int. Premium 2.0 16V Aut.,2026,023189-4,Gasolina,1,G,julho de 2026 ,jmxg7gsl81d1k,""sábado, 1 de agosto de 2026 14:49"",166813.0";;;;;;;;;;;;;;;;;
"335,1,,,2025,,""R$ 131.906,00"",Nissan,Sentra Advance 2.0 16V Aut.,2025,023187-8,Gasolina,1,G,julho de 2026 ,g9zqkrzlc6dyb,""sábado, 1 de agosto de 2026 14:49"",131906.0";;;;;;;;;;;;;;;;;
"335,1,,,2025,,""R$ 113.430,00"",Nissan,KICKS Play Sense 1.6 16V Flex Aut.,2025,023192-4,Flex,1,F,julho de 2026 ,gl95mkwyt6dzm,""sábado, 1 de agosto de 2026 14:49"",113430.0";;;;;;;;;;;;;;;;;
"335,1,,,2025,,""R$ 108.829,00"",Nissan,KICKS Play Active Plus 1.6 16V Flex Aut.,2025,023191-6,Flex,1,F,julho de 2026 ,gfxyd7z1zvdzm,""sábado, 1 de agosto de 2026 14:50"",108829.0";;;;;;;;;;;;;;;;;
"335,1,,,2024,,""R$ 67.925,00"",Peugeot,208 Like 1.0 Flex 6V 5p Mec.,2024,024264-0,Flex,1,F,julho de 2026 ,40q31r39x2sw,""sábado, 1 de agosto de 2026 14:50"",67925.0";;;;;;;;;;;;;;;;;
"335,1,,,2023,,""R$ 57.852,00"",Peugeot,208 Like 1.0 Flex 6V 5p Mec.,2023,024264-0,Flex,1,F,julho de 2026 ,06mwx01f1dpn,""sábado, 1 de agosto de 2026 14:50"",57852.0";;;;;;;;;;;;;;;;;
"335,1,,,2024,,""R$ 82.860,00"",Peugeot,208 Active 1.6 Flex 16V 5p Aut.,2024,024249-7,Flex,1,F,julho de 2026 ,cbnvj1hxdcpsw,""sábado, 1 de agosto de 2026 14:50"",82860.0";;;;;;;;;;;;;;;;;
"335,1,,,2023,,""R$ 250.637,00"",Renault,Master 2.3 dCi Executive Longo 16L Dies,2023,025205-0,Diesel,1,D,julho de 2026 ,ms57d7vpzvdrj,""sábado, 1 de agosto de 2026 14:50"",250637.0";;;;;;;;;;;;;;;;;
"335,1,,,2017,,""R$ 60.178,00"",Renault,DUSTER Expression 1.6 Hi-Flex 16V Mec.,2017,025182-8,Flex,1,F,julho de 2026 ,12w98g5vxv3k,""sábado, 1 de agosto de 2026 14:50"",60178.0";;;;;;;;;;;;;;;;;
"335,1,,,2022,,""R$ 44.728,00"",Renault,KWID Zen 1.0 Flex 12V 5p Mec.,2022,025266-2,Flex,1,F,julho de 2026 ,v7rqg7bcpmlf,""sábado, 1 de agosto de 2026 14:50"",44728.0";;;;;;;;;;;;;;;;;
"335,1,,,2024,,""R$ 52.328,00"",Renault,KWID Zen 1.0 Flex 12V 5p Mec.,2024,025266-2,Flex,1,F,julho de 2026 ,y3v2x3h3jfsw,""sábado, 1 de agosto de 2026 14:50"",52328.0";;;;;;;;;;;;;;;;;
"335,1,,,2024,,""R$ 258.652,00"",Renault,Master 2.3 dCi Executive Longo 16L Dies,2024,025205-0,Diesel,1,D,julho de 2026 ,m3lkcm97hmdvr,""sábado, 1 de agosto de 2026 14:50"",258652.0";;;;;;;;;;;;;;;;;
"335,1,,,2025,,""R$ 56.855,00"",Renault,KWID Zen 1.0 Flex 12V 5p Mec.,2025,025266-2,Flex,1,F,julho de 2026 ,0tyh5jbdblw3,""sábado, 1 de agosto de 2026 14:50"",56855.0";;;;;;;;;;;;;;;;;
"335,1,,,2025,,""R$ 60.176,00"",Renault,KWID Intense 1.0 Flex 12V 5p Mec.,2025,025267-0,Flex,1,F,julho de 2026 ,12wlqzgwkqw3,""sábado, 1 de agosto de 2026 14:50"",60176.0";;;;;;;;;;;;;;;;;
"335,1,,,2026,,""R$ 63.070,00"",Renault,KWID Zen 1.0 Flex 12V 5p Mec.,2026,025266-2,Flex,1,F,julho de 2026 ,25tg1rmrj00b,""sábado, 1 de agosto de 2026 14:50"",63070.0";;;;;;;;;;;;;;;;;
"335,1,,,2024,,""R$ 72.744,00"",Renault,STEPWAY Zen Flex 1.6 16V Mec.,2024,025281-6,Flex,1,F,julho de 2026 ,6t7pd2z65rsw,""sábado, 1 de agosto de 2026 14:50"",72744.0";;;;;;;;;;;;;;;;;
"335,1,,,2026,,""R$ 66.312,00"",Renault,KWID Intense 1.0 Flex 12V 5p Mec.,2026,025267-0,Flex,1,F,julho de 2026 ,4dtvgyy9zd0b,""sábado, 1 de agosto de 2026 14:50"",66312.0";;;;;;;;;;;;;;;;;
"335,1,,,2023,,""R$ 57.175,00"",Renault,LOGAN Zen Flex 1.0 12V 4p Mec.,2023,025290-5,Flex,1,F,julho de 2026 ,0yptsqv7p4pn,""sábado, 1 de agosto de 2026 14:50"",57175.0";;;;;;;;;;;;;;;;;
"335,1,,,2025,,""R$ 76.071,00"",Renault,LOGAN Zen Flex 1.0 12V 4p Mec.,2025,025290-5,Flex,1,F,julho de 2026 ,727yk9xzdww3,""sábado, 1 de agosto de 2026 14:50"",76071.0";;;;;;;;;;;;;;;;;
"335,1,,,2024,,""R$ 62.522,00"",Renault,LOGAN Zen Flex 1.0 12V 4p Mec.,2024,025290-5,Flex,1,F,julho de 2026 ,2zc9fhf7dksw,""sábado, 1 de agosto de 2026 14:50"",62522.0";;;;;;;;;;;;;;;;;
"335,1,,,2024,,""R$ 92.250,00"",Renault,DUSTER Intense 1.6 16V Flex Mec.,2024,025319-7,Flex,1,F,julho de 2026 ,cf6yjdycpwsdwd,""sábado, 1 de agosto de 2026 14:50"",92250.0";;;;;;;;;;;;;;;;;
"335,1,,,2024,,""R$ 93.073,00"",Renault,DUSTER Intense 1.6 16V Flex Aut.,2024,025301-4,Flex,1,F,julho de 2026 ,cgjlnmf67jbsw,""sábado, 1 de agosto de 2026 14:50"",93073.0";;;;;;;;;;;;;;;;;
"335,1,,,2026,,""R$ 120.698,00"",Renault,DUSTER Intense Plus 1.6 16V Flex Aut.,2026,025322-7,Flex,1,F,julho de 2026 ,gwvbwphcb0d2v,""sábado, 1 de agosto de 2026 14:50"",120698.0";;;;;;;;;;;;;;;;;
"335,1,,,2024,,""R$ 107.716,00"",Nissan,KICKS Advance 1.6 16V Flex Aut.,2024,023180-0,Flex,1,F,julho de 2026 ,gdmhbtnzyvdwd,""sábado, 1 de agosto de 2026 14:50"",107716.0";;;;;;;;;;;;;;;;;
"335,1,,,2024,,""R$ 94.453,00"",Nissan,KICKS Active 1.6 16V Flex Aut.,2024,023186-0,Flex,1,F,julho de 2026 ,cg1r7vbr6xxdwd,""sábado, 1 de agosto de 2026 14:50"",94453.0";;;;;;;;;;;;;;;;;
"335,1,,,2024,,""R$ 100.613,00"",Renault,DUSTER Iconic Plus 1.6 16V Flex Aut.,2024,025324-3,Flex,1,F,julho de 2026 ,f389z06717dwd,""sábado, 1 de agosto de 2026 14:50"",100613.0";;;;;;;;;;;;;;;;;
"335,1,,,2025,,""R$ 110.276,00"",Renault,DUSTER Iconic Plus 1.6 16V Flex Aut.,2025,025324-3,Flex,1,F,julho de 2026 ,ghmjt4j6kldzm,""sábado, 1 de agosto de 2026 14:50"",110276.0";;;;;;;;;;;;;;;;;
"335,1,,,2025,,""R$ 106.496,00"",Renault,DUSTER Intense Plus 1.6 16V Flex Aut.,2025,025322-7,Flex,1,F,julho de 2026 ,gb54pwmy1ydzm,""sábado, 1 de agosto de 2026 14:50"",106496.0";;;;;;;;;;;;;;;;;
"335,1,,,2025,,""R$ 96.173,00"",Renault,Kardian Evolut. Flex 1.0 TB 12V 5p Aut.,2025,025327-8,Flex,1,F,julho de 2026 ,chpyd1k979hdzm,""sábado, 1 de agosto de 2026 14:50"",96173.0";;;;;;;;;;;;;;;;;
"335,1,,,2025,,""R$ 98.265,00"",Renault,Kardian Techno Flex 1.0 TB 12V 5p Aut.,2025,025328-6,Flex,1,F,julho de 2026 ,cjhgsr9yl8cdzm,""sábado, 1 de agosto de 2026 14:50"",98265.0";;;;;;;;;;;;;;;;;
"335,1,,,2025,,""R$ 104.573,00"",Renault,Kardian Prem. Ed Flex 1.0 TB 12V 5p Aut.,2025,025329-4,Flex,1,F,julho de 2026 ,f8x7ylcr2ndzm,""sábado, 1 de agosto de 2026 14:50"",104573.0";;;;;;;;;;;;;;;;;
"335,1,,,2025,,""R$ 106.835,00"",Renault,DUSTER Intense Plus 1.6 16V Flex Mec.,2025,025325-1,Flex,1,F,julho de 2026 ,gclgny1k87dzm,""sábado, 1 de agosto de 2026 14:50"",106835.0";;;;;;;;;;;;;;;;;
"335,1,,,2022,,""R$ 126.332,00"",Caoa Chery/Chery,Tiggo 8 TXS 1.6 16V TGDi Aut.,2022,073029-7,Gasolina,1,G,julho de 2026 ,g3f304g471dmn,""sábado, 1 de agosto de 2026 14:50"",126332.0";;;;;;;;;;;;;;;;;
"335,1,,,2025,,""R$ 92.068,00"",Renault,Kangoo Advanced 1.6 16V Flex ,2025,025331-6,Flex,1,F,julho de 2026 ,cf4tcqcwsm1dzm,""sábado, 1 de agosto de 2026 14:50"",92068.0";;;;;;;;;;;;;;;;;
"335,1,,,2026,,""R$ 102.928,00"",Renault,Kangoo Advanced 1.6 16V Flex ,2026,025331-6,Flex,1,F,julho de 2026 ,f60gfnyx5cd2v,""sábado, 1 de agosto de 2026 14:50"",102928.0";;;;;;;;;;;;;;;;;
"335,1,,,2025,5,""R$ 80.299,00"",Hyundai,HB20S Comfort Plus 1.0 Flex 12V Mec.,2025,015239-0,Flex,1,F,julho de 2026 ,9ptptf86hsdzm,""quarta-feira, 1 de julho de 2026 02:04"",80299.0";;;;;;;;;;;;;;;;;
"335,1,,,2022,5,""R$ 120.082,00"",Jeep,COMPASS LONG. T270 1.3 TB 4x2 Flex Aut.,2022,017071-2,Flex,1,F,julho de 2026 ,gv3ys5yndvdny,""quarta-feira, 1 de julho de 2026 02:04"",120082.0";;;;;;;;;;;;;;;;;
"335,1,,,2023,,""R$ 49.489,00"",Renault,KWID Zen 1.0 Flex 12V 5p Mec.,2023,025266-2,Flex,1,F,julho de 2026 ,x1k6bh5w3jpn,""sábado, 1 de agosto de 2026 14:51"",49489.0";;;;;;;;;;;;;;;;;
"335,1,,,2025,5,""R$ 105.774,00"",Nissan,VERSA Advance 1.6 16V Flex Aut.,2025,023175-4,Flex,1,F,julho de 2026 ,gbbw5vyxl1dzm,""sábado, 1 de agosto de 2026 14:51"",105774.0";;;;;;;;;;;;;;;;;
"334,1,,,2022,,""R$ 120.093,00"",Fiat,Toro Volcano 2.0 16V 4x4 TB Diesel Aut.,2022,001453-2,Diesel,1,D,junho de 2026 ,gv4b6clgztdm9,""sábado, 1 de agosto de 2026 14:51"",120093.0";;;;;;;;;;;;;;;;;
"334,1,,,2023,,""R$ 131.377,00"",Fiat,Toro Volcano 2.0 16V 4x4 TB Diesel Aut.,2023,001453-2,Diesel,1,D,junho de 2026 ,g9chh2tvvtdrj,""sábado, 1 de agosto de 2026 14:51"",131377.0";;;;;;;;;;;;;;;;;
"334,1,,,2024,,""R$ 146.528,00"",Fiat,Toro Volcano 2.0 16V 4x4 TB Diesel Aut.,2024,001453-2,Diesel,1,D,junho de 2026 ,hv35zxnkfpdvr,""sábado, 1 de agosto de 2026 14:51"",146528.0";;;;;;;;;;;;;;;;;
"334,1,,,2025,,""R$ 157.566,00"",Fiat,Toro Volcano 2.0 16V 4x4 TB Diesel Aut.,2025,001453-2,Diesel,1,D,junho de 2026 ,h82c3z1hmqdyz,""sábado, 1 de agosto de 2026 14:51"",157566.0";;;;;;;;;;;;;;;;;
"334,1,,,2023,,""R$ 53.853,00"",Fiat,MOBI LIKE 1.0 Fire Flex 5p.,2023,001461-3,Flex,1,F,junho de 2026 ,zprcyld6k3pn,""sábado, 1 de agosto de 2026 14:51"",53853.0";;;;;;;;;;;;;;;;;
"334,1,,,2024,,""R$ 56.244,00"",Fiat,MOBI LIKE 1.0 Fire Flex 5p.,2024,001461-3,Flex,1,F,junho de 2026 ,0lsfn94v1rsw,""sábado, 1 de agosto de 2026 14:51"",56244.0";;;;;;;;;;;;;;;;;
"334,1,,,2025,,""R$ 60.737,00"",Fiat,MOBI LIKE 1.0 Fire Flex 5p.,2025,001461-3,Flex,1,F,junho de 2026 ,19ghtqrbxfw3,""sábado, 1 de agosto de 2026 14:51"",60737.0";;;;;;;;;;;;;;;;;
"334,1,,,2026,,""R$ 66.934,00"",Fiat,MOBI LIKE 1.0 Fire Flex 5p.,2026,001461-3,Flex,1,F,junho de 2026 ,4m3xwntgcy0b,""sábado, 1 de agosto de 2026 14:51"",66934.0";;;;;;;;;;;;;;;;;
"334,1,,,2022,,""R$ 60.281,00"",Fiat,ARGO DRIVE 1.0 6V Flex,2022,001494-0,Flex,1,F,junho de 2026 ,133rtjl83klf,""sábado, 1 de agosto de 2026 14:51"",60281.0";;;;;;;;;;;;;;;;;
"334,1,,,2023,,""R$ 65.328,00"",Fiat,ARGO DRIVE 1.0 6V Flex,2023,001494-0,Flex,1,F,junho de 2026 ,30855zy3tlpn,""sábado, 1 de agosto de 2026 14:51"",65328.0";;;;;;;;;;;;;;;;;
"334,1,,,2024,,""R$ 69.044,00"",Fiat,ARGO DRIVE 1.0 6V Flex,2024,001494-0,Flex,1,F,junho de 2026 ,5fvvfp393ysw,""sábado, 1 de agosto de 2026 14:51"",69044.0";;;;;;;;;;;;;;;;;
"334,1,,,2025,,""R$ 71.590,00"",Fiat,ARGO DRIVE 1.0 6V Flex,2025,001494-0,Flex,1,F,junho de 2026 ,6dp7m129dlw3,""sábado, 1 de agosto de 2026 14:51"",71590.0";;;;;;;;;;;;;;;;;
"334,1,,,2026,,""R$ 80.848,00"",Fiat,ARGO DRIVE 1.0 6V Flex,2026,001494-0,Flex,1,F,junho de 2026 ,9w77px1pqt0b,""sábado, 1 de agosto de 2026 14:51"",80848.0";;;;;;;;;;;;;;;;;
"334,1,,,2023,,""R$ 74.119,00"",Fiat,CRONOS DRIVE 1.3 8V Flex,2023,001505-9,Flex,1,F,junho de 2026 ,7ccf9d6rq4pn,""sábado, 1 de agosto de 2026 14:51"",74119.0";;;;;;;;;;;;;;;;;
"334,1,,,2024,,""R$ 81.333,00"",Fiat,CRONOS DRIVE 1.3 8V Flex,2024,001505-9,Flex,1,F,junho de 2026 ,92yjgphgypsw,""sábado, 1 de agosto de 2026 14:51"",81333.0";;;;;;;;;;;;;;;;;
"334,1,,,2025,,""R$ 86.474,00"",Fiat,CRONOS DRIVE 1.3 8V Flex,2025,001505-9,Flex,1,F,junho de 2026 ,cc063zthydww3,""sábado, 1 de agosto de 2026 14:51"",86474.0";;;;;;;;;;;;;;;;;
"334,1,,,2022,,""R$ 58.729,00"",Fiat,ARGO 1.0 6V Flex,2022,001509-1,Flex,1,F,junho de 2026 ,1jxnkhmbf9dny,""sábado, 1 de agosto de 2026 14:51"",58729.0";;;;;;;;;;;;;;;;;
"334,1,,,2023,,""R$ 62.999,00"",Fiat,ARGO 1.0 6V Flex,2023,001509-1,Flex,1,F,junho de 2026 ,24zn08jwl0dr5,""sábado, 1 de agosto de 2026 14:51"",62999.0";;;;;;;;;;;;;;;;;
"334,1,,,2024,,""R$ 65.906,00"",Fiat,ARGO 1.0 6V Flex,2024,001509-1,Flex,1,F,junho de 2026 ,3718tv9pxwdwd,""sábado, 1 de agosto de 2026 14:51"",65906.0";;;;;;;;;;;;;;;;;
"334,1,,,2025,,""R$ 71.120,00"",Fiat,ARGO 1.0 6V Flex,2025,001509-1,Flex,1,F,junho de 2026 ,566dwhc0lvdzm,""sábado, 1 de agosto de 2026 14:51"",71120.0";;;;;;;;;;;;;;;;;
"334,1,,,2024,,""R$ 83.627,00"",Fiat,ARGO TREKKING 1.3 8V Flex,2024,001519-9,Flex,1,F,junho de 2026 ,cbyt97wqdr4sw,""sábado, 1 de agosto de 2026 14:51"",83627.0";;;;;;;;;;;;;;;;;
"334,1,,,2022,,""R$ 70.085,00"",Fiat,Strada Endurance 1.4 Flex 8V CS Plus,2022,001526-1,Flex,1,F,junho de 2026 ,5t16y4knl2lf,""sábado, 1 de agosto de 2026 14:51"",70085.0";;;;;;;;;;;;;;;;;
"334,1,,,2024,,""R$ 100.394,00"",Fiat,Strada Freedom 1.3 Flex 8V CD,2024,001530-0,Flex,1,F,junho de 2026 ,f31b7g24w3dwd,""sábado, 1 de agosto de 2026 14:51"",100394.0";;;;;;;;;;;;;;;;;
"334,1,,,2025,,""R$ 108.497,00"",Fiat,Strada Freedom 1.3 Flex 8V CD,2025,001530-0,Flex,1,F,junho de 2026 ,gfjwbn1x99dzm,""sábado, 1 de agosto de 2026 14:51"",108497.0";;;;;;;;;;;;;;;;;
"334,1,,,2024,,""R$ 89.667,00"",Fiat,Fiorino Endurance EVO 1.4 Flex 8V 2p,2024,001531-8,Flex,1,F,junho de 2026 ,cd7nn9mvfcdsw,""sábado, 1 de agosto de 2026 14:51"",89667.0";;;;;;;;;;;;;;;;;
"334,1,,,2023,,""R$ 84.274,00"",Fiat,Fiorino Endurance EVO 1.4 Flex 8V 2p,2023,001531-8,Flex,1,F,junho de 2026 ,cb6fhcbkgkkpn,""sábado, 1 de agosto de 2026 14:51"",84274.0";;;;;;;;;;;;;;;;;
"334,1,,,2025,,""R$ 98.269,00"",Fiat,Fiorino Endurance EVO 1.4 Flex 8V 2p,2025,001531-8,Flex,1,F,junho de 2026 ,cjhh7vfc1ztw3,""sábado, 1 de agosto de 2026 14:51"",98269.0";;;;;;;;;;;;;;;;;
"334,1,,,2025,,""R$ 66.890,00"",Fiat,MOBI TREKKING 1.0 Flex 5p.,2025,001536-9,Flex,1,F,junho de 2026 ,4mlx3r5t9gw3,""sábado, 1 de agosto de 2026 14:51"",66890.0";;;;;;;;;;;;;;;;;
"334,1,,,2023,,""R$ 114.604,00"",Fiat,Toro Freedom 1.3 T270 4x2 Flex Aut.,2023,001538-5,Flex,1,F,junho de 2026 ,gnpvfqg9vsdr5,""sábado, 1 de agosto de 2026 14:51"",114604.0";;;;;;;;;;;;;;;;;
"334,1,,,2025,,""R$ 123.799,00"",Fiat,Toro Endurance 1.3 T270 4x2 Flex Aut.,2025,001537-7,Flex,1,F,junho de 2026 ,g0g1yvltbcdzm,""sábado, 1 de agosto de 2026 14:51"",123799.0";;;;;;;;;;;;;;;;;
"334,1,,,2024,,""R$ 61.478,00"",Fiat,MOBI TREKKING 1.0 Flex 5p.,2024,001536-9,Flex,1,F,junho de 2026 ,2k4t2wjshksw,""sábado, 1 de agosto de 2026 14:51"",61478.0";;;;;;;;;;;;;;;;;
"334,1,,,2023,,""R$ 75.666,00"",Fiat,Strada Endurance 1.4 Flex 8V CS Plus,2023,001526-1,Flex,1,F,junho de 2026 ,7yhq6r5ww7pn,""sábado, 1 de agosto de 2026 14:51"",75666.0";;;;;;;;;;;;;;;;;
"334,1,,,2022,,""R$ 105.488,00"",Fiat,Toro Freedom 1.3 T270 4x2 Flex Aut.,2022,001538-5,Flex,1,F,junho de 2026 ,f90hx0kdnrdny,""sábado, 1 de agosto de 2026 14:51"",105488.0";;;;;;;;;;;;;;;;;
"334,1,,,2024,,""R$ 124.647,00"",Fiat,Toro Freedom 1.3 T270 4x2 Flex Aut.,2024,001538-5,Flex,1,F,junho de 2026 ,g1gwf0jgb8dwd,""sábado, 1 de agosto de 2026 14:51"",124647.0";;;;;;;;;;;;;;;;;
"334,1,,,2024,,""R$ 92.670,00"",Fiat,PULSE DRIVE 1.3 8V Flex Aut.,2024,001544-0,Flex,1,F,junho de 2026 ,cgcv5sh0sbnsw,""sábado, 1 de agosto de 2026 14:51"",92670.0";;;;;;;;;;;;;;;;;
"334,1,,,2026,,""R$ 106.575,00"",Fiat,PULSE DRIVE 1.3 8V Flex Aut.,2026,001544-0,Flex,1,F,junho de 2026 ,gb80p9np3bd2v,""sábado, 1 de agosto de 2026 14:51"",106575.0";;;;;;;;;;;;;;;;;
"334,1,,,2025,,""R$ 97.832,00"",Fiat,PULSE DRIVE 1.3 8V Flex Aut.,2025,001544-0,Flex,1,F,junho de 2026 ,cjbddxtm097w3,""sábado, 1 de agosto de 2026 14:51"",97832.0";;;;;;;;;;;;;;;;;
"334,1,,,2026,,""R$ 91.054,00"",Fiat,CRONOS DRIVE 1.0 6V Flex,2026,001553-9,Flex,1,F,junho de 2026 ,cfrxtdwt5r80b,""sábado, 1 de agosto de 2026 14:51"",91054.0";;;;;;;;;;;;;;;;;
"334,1,,,2023,,""R$ 94.186,00"",Fiat,PULSE AUDACE 1.0 Turbo 200 Flex Aut.,2023,001542-3,Flex,1,F,junho de 2026 ,cgym6dp42cnpn,""sábado, 1 de agosto de 2026 14:51"",94186.0";;;;;;;;;;;;;;;;;
"334,1,,,2025,,""R$ 79.187,00"",Fiat,CRONOS DRIVE 1.0 6V Flex,2025,001553-9,Flex,1,F,junho de 2026 ,88sh833fk7w3,""sábado, 1 de agosto de 2026 14:51"",79187.0";;;;;;;;;;;;;;;;;
"334,1,,,2023,,""R$ 88.092,00"",Fiat,PULSE DRIVE 1.3 8V Flex Aut.,2023,001544-0,Flex,1,F,junho de 2026 ,cdm56w2v828pn,""sábado, 1 de agosto de 2026 14:51"",88092.0";;;;;;;;;;;;;;;;;
"334,1,,,2024,,""R$ 110.324,00"",Fiat,Fastback Audace 1.0 200 T. Flex Aut,2024,001558-0,Flex,1,F,junho de 2026 ,ghn8xqf7brdwd,""sábado, 1 de agosto de 2026 14:51"",110324.0";;;;;;;;;;;;;;;;;
"334,1,,,2024,,""R$ 82.784,00"",Fiat,CRONOS DRIVE 1.3 8V Flex Aut.,2024,001554-7,Flex,1,F,junho de 2026 ,cbmyxpthvlnsw,""sábado, 1 de agosto de 2026 14:51"",82784.0";;;;;;;;;;;;;;;;;
"334,1,,,2024,,""R$ 116.773,00"",Fiat,Fastback Impetus 1.0 200 T. Flex Aut,2024,001557-1,Flex,1,F,junho de 2026 ,gq7pcmphfldwd,""sábado, 1 de agosto de 2026 14:51"",116773.0";;;;;;;;;;;;;;;;;
"334,1,,,2025,,""R$ 114.918,00"",Fiat,Fastback Audace 1.0 200 T. Flex Aut,2025,001558-0,Flex,1,F,junho de 2026 ,gn177jnt2vdzm,""sábado, 1 de agosto de 2026 14:51"",114918.0";;;;;;;;;;;;;;;;;
"334,1,,,2025,,""R$ 86.660,00"",Fiat,Strada Endurance 1.3 Flex 8V CS Plus,2025,001569-5,Flex,1,F,junho de 2026 ,cc3dqq9xkdcdzm,""sábado, 1 de agosto de 2026 14:51"",86660.0";;;;;;;;;;;;;;;;;
"334,1,,,2024,,""R$ 121.059,00"",Fiat,Fastback Limited Ed.1.3 270 T.Flex Aut.,2024,001556-3,Flex,1,F,junho de 2026 ,gw8gm5n6g1dwd,""sábado, 1 de agosto de 2026 14:52"",121059.0";;;;;;;;;;;;;;;;;
"334,1,,,2024,,""R$ 78.305,00"",Fiat,Strada Endurance 1.3 Flex 8V CS Plus,2024,001569-5,Flex,1,F,junho de 2026 ,8yfx8605ssdwd,""sábado, 1 de agosto de 2026 14:52"",78305.0";;;;;;;;;;;;;;;;;
"334,1,,,2025,,""R$ 120.101,00"",Fiat,Fastback Audace 200 TB Aut (Hibrído),2025,001578-4,Híbrido,1,H,junho de 2026 ,gv4m6sdmqgdzy,""sábado, 1 de agosto de 2026 14:52"",120101.0";;;;;;;;;;;;;;;;;
"334,1,,,2026,,""R$ 94.879,00"",Fiat,Strada Endurance 1.3 Flex 8V CS Plus,2026,001569-5,Flex,1,F,junho de 2026 ,cg6r2tcxp50d2v,""sábado, 1 de agosto de 2026 14:52"",94879.0";;;;;;;;;;;;;;;;;
"334,1,,,2025,,""R$ 137.551,00"",Fiat,Fastback ABARTH Turbo Flex 1.3 Aut.,2025,001572-5,Flex,1,F,junho de 2026 ,hjlw3cyv40dzm,""sábado, 1 de agosto de 2026 14:52"",137551.0";;;;;;;;;;;;;;;;;
"334,1,,,2024,,""R$ 187.985,00"",Toyota,Hilux CD 4x4 2.8 Diesel Mec.,2024,002015-0,Diesel,1,D,junho de 2026 ,kfq0xc5xp2dvr,""sábado, 1 de agosto de 2026 14:52"",187985.0";;;;;;;;;;;;;;;;;
"334,1,,,2024,,""R$ 142.891,00"",Toyota,Corolla XEi 2.0 Flex 16V Aut.,2024,002111-3,Flex,1,F,junho de 2026 ,hqvzzkn10kdwd,""sábado, 1 de agosto de 2026 14:52"",142891.0";;;;;;;;;;;;;;;;;
"334,1,,,2025,,""R$ 93.997,00"",Fiat,CRONOS DRIVE 1.3 8V Flex Aut.,2025,001554-7,Flex,1,F,junho de 2026 ,cgwfht22jl6w3,""sábado, 1 de agosto de 2026 14:52"",93997.0";;;;;;;;;;;;;;;;;
"334,1,,,2025,,""R$ 111.392,00"",Fiat,PULSE AUDACE Turbo 200  Aut. (Hibrído),2025,001579-2,Híbrido,1,H,junho de 2026 ,gjx29b3w6rdzy,""sábado, 1 de agosto de 2026 14:52"",111392.0";;;;;;;;;;;;;;;;;
"334,1,,,2025,,""R$ 158.528,00"",Toyota,Corolla XEi 2.0 Flex 16V Aut.,2025,002111-3,Flex,1,F,junho de 2026 ,h96b13bjk8dzm,""sábado, 1 de agosto de 2026 14:52"",158528.0";;;;;;;;;;;;;;;;;
"334,1,,,2024,,""R$ 99.166,00"",Fiat,PULSE AUDACE 1.0 Turbo 200 Flex Aut.,2024,001542-3,Flex,1,F,junho de 2026 ,cjt08vf54fwsw,""sábado, 1 de agosto de 2026 14:52"",99166.0";;;;;;;;;;;;;;;;;
"334,1,,,2025,,""R$ 132.199,00"",Fiat,Toro Freedom 1.3 T270 4x2 Flex Aut.,2025,001538-5,Flex,1,F,junho de 2026 ,hbbcp2vgk2dzm,""sábado, 1 de agosto de 2026 14:52"",132199.0";;;;;;;;;;;;;;;;;
"334,1,,,2025,,""R$ 97.018,00"",Toyota,YARIS XL Sedan 1.5 Flex 16V 4p Aut.,2025,002168-7,Flex,1,F,junho de 2026 ,ch0vj3568wbw3,""sábado, 1 de agosto de 2026 14:52"",97018.0";;;;;;;;;;;;;;;;;
"334,1,,,2024,,""R$ 142.727,00"",Toyota,Corolla Cross XR 2.0 16V Flex Aut.,2024,002201-2,Flex,1,F,junho de 2026 ,hqn054wmrqdwd,""sábado, 1 de agosto de 2026 14:52"",142727.0";;;;;;;;;;;;;;;;;
"334,1,,,2024,,""R$ 90.114,00"",Toyota,YARIS XL Sedan 1.5 Flex 16V 4p Aut.,2024,002168-7,Flex,1,F,junho de 2026 ,cfdw4w5d58ssw,""sábado, 1 de agosto de 2026 14:52"",90114.0";;;;;;;;;;;;;;;;;
"334,1,,,2023,,""R$ 142.326,00"",Toyota,Corolla Altis 1.8 16V Aut. (Híbrido),2023,002182-2,Híbrido,1,H,junho de 2026 ,hp6gcf5r2kdsh,""sábado, 1 de agosto de 2026 14:52"",142326.0";;;;;;;;;;;;;;;;;
"334,1,,,2024,,""R$ 217.432,00"",Toyota,Hilux CD SR 4x4 2.8 TDI Diesel Aut.,2024,002142-3,Diesel,1,D,junho de 2026 ,lj8bhdsp6ldvr,""sábado, 1 de agosto de 2026 14:52"",217432.0";;;;;;;;;;;;;;;;;
"334,1,,,2025,,""R$ 190.617,00"",Toyota,Corolla Cross XRX 1.8 16V Aut. (Híbrido),2025,002204-7,Híbrido,1,H,junho de 2026 ,kjtpjn83fmdzy,""sábado, 1 de agosto de 2026 14:52"",190617.0";;;;;;;;;;;;;;;;;
"334,1,,,2024,,""R$ 149.537,00"",Toyota,Corolla Cross XRE 2.0 16V Flex Aut.,2024,002203-9,Flex,1,F,junho de 2026 ,hznkdldk4sdwd,""sábado, 1 de agosto de 2026 14:52"",149537.0";;;;;;;;;;;;;;;;;
"334,1,,,2026,,""R$ 176.079,00"",Toyota,Corolla Cross XRE 2.0 16V Flex Aut.,2026,002203-9,Flex,1,F,junho de 2026 ,jzr8rldd9wd2v,""sábado, 1 de agosto de 2026 14:52"",176079.0";;;;;;;;;;;;;;;;;
"334,1,,,2024,,""R$ 89.872,00"",Toyota,YARIS XL 1.5 Flex 16V 5p Aut.,2024,002207-1,Flex,1,F,junho de 2026 ,cd9154zvyxrsw,""sábado, 1 de agosto de 2026 14:52"",89872.0";;;;;;;;;;;;;;;;;
"334,1,,,2025,,""R$ 165.314,00"",Toyota,Corolla Cross XRE 2.0 16V Flex Aut.,2025,002203-9,Flex,1,F,junho de 2026 ,jk4z67sxdrdzm,""sábado, 1 de agosto de 2026 14:52"",165314.0";;;;;;;;;;;;;;;;;
"334,1,,,2023,,""R$ 150.353,00"",Ford,Ranger XL 2.2 4x4 CS Diesel Mec.,2023,003433-9,Diesel,1,D,junho de 2026 ,h0l6tz5gkwdrj,""sábado, 1 de agosto de 2026 14:52"",150353.0";;;;;;;;;;;;;;;;;
"334,1,,,2023,,""R$ 142.635,00"",GM - Chevrolet,S10 Pick-Up LS 2.8 TDI 4x4 CD Dies. Mec.,2023,004413-0,Diesel,1,D,junho de 2026 ,hqkpjmstf7drj,""sábado, 1 de agosto de 2026 14:52"",142635.0";;;;;;;;;;;;;;;;;
"334,1,,,2026,,""R$ 314.300,00"",Ford,TRANSIT Minibus 18 Lug. 2.0 16V Diesel,2026,003484-3,Diesel,1,D,junho de 2026 ,p6t52plqq4d16,""sábado, 1 de agosto de 2026 14:52"",314300.0";;;;;;;;;;;;;;;;;
"334,1,,,2026,,""R$ 217.540,00"",Ford,Ranger XL 2.0 4x4 CD Diesel Mec. ,2026,003502-5,Diesel,1,D,junho de 2026 ,lkc75rvfrkd16,""sábado, 1 de agosto de 2026 14:52"",217540.0";;;;;;;;;;;;;;;;;
"334,1,,,2023,,""R$ 92.247,00"",GM - Chevrolet,SPIN PREMIER 1.8 8V Econo.Flex 5p Aut.,2023,004494-6,Flex,1,F,junho de 2026 ,cf6xflzg95qpn,""sábado, 1 de agosto de 2026 14:52"",92247.0";;;;;;;;;;;;;;;;;
"334,1,,,2025,,""R$ 114.028,00"",GM - Chevrolet,SPIN LTZ 1.8 8V Econo.Flex 5p Aut.,2025,004417-2,Flex,1,F,junho de 2026 ,gm0xfb5jt7dzm,""sábado, 1 de agosto de 2026 14:52"",114028.0";;;;;;;;;;;;;;;;;
"334,1,,,2024,,""R$ 168.913,00"",GM - Chevrolet,S10 Pick-Up LS 2.8 TDI 4x4 CD Dies. Mec.,2024,004413-0,Diesel,1,D,junho de 2026 ,jqctd79wv2dvr,""sábado, 1 de agosto de 2026 14:52"",168913.0";;;;;;;;;;;;;;;;;
"334,1,,,2022,,""R$ 80.632,00"",GM - Chevrolet,SPIN PREMIER 1.8 8V Econo.Flex 5p Aut.,2022,004494-6,Flex,1,F,junho de 2026 ,9tqqxc02bblf,""sábado, 1 de agosto de 2026 14:52"",80632.0";;;;;;;;;;;;;;;;;
"334,1,,,2024,,""R$ 100.033,00"",GM - Chevrolet,SPIN PREMIER 1.8 8V Econo.Flex 5p Aut.,2024,004494-6,Flex,1,F,junho de 2026 ,f3l7gyr1zydwd,""sábado, 1 de agosto de 2026 14:52"",100033.0";;;;;;;;;;;;;;;;;
"334,1,,,2025,,""R$ 124.030,00"",GM - Chevrolet,SPIN PREMIER 1.8 8V Econo.Flex 5p Aut.,2025,004494-6,Flex,1,F,junho de 2026 ,g0rf7j5snhdzm,""sábado, 1 de agosto de 2026 14:52"",124030.0";;;;;;;;;;;;;;;;;
"334,1,,,2025,,""R$ 92.634,00"",GM - Chevrolet,ONIX SEDAN Plus LT 1.0 12V TB Flex Aut.,2025,004501-2,Flex,1,F,junho de 2026 ,cgcf24wnphqw3,""sábado, 1 de agosto de 2026 14:52"",92634.0";;;;;;;;;;;;;;;;;
"334,1,,,2024,,""R$ 231.164,00"",GM - Chevrolet,TRAILBLAZER PREMIER 2.8 TB Diesel Aut.,2024,004498-9,Diesel,1,D,junho de 2026 ,l2cf3cysr3dvr,""sábado, 1 de agosto de 2026 14:52"",231164.0";;;;;;;;;;;;;;;;;
"334,1,,,2024,,""R$ 77.352,00"",GM - Chevrolet,ONIX SEDAN Plus LT 1.0 12V TB Flex Mec.,2024,004500-4,Flex,1,F,junho de 2026 ,8k8j9z3r84sw,""sábado, 1 de agosto de 2026 14:52"",77352.0";;;;;;;;;;;;;;;;;
"334,1,,,2024,,""R$ 83.021,00"",GM - Chevrolet,ONIX SEDAN Plus LTZ 1.0 12V TB Flex Aut.,2024,004502-0,Flex,1,F,junho de 2026 ,cbqq13jnlsrsw,""sábado, 1 de agosto de 2026 14:52"",83021.0";;;;;;;;;;;;;;;;;
"334,1,,,2023,,""R$ 76.771,00"",GM - Chevrolet,ONIX SEDAN Plus LTZ 1.0 12V TB Flex Aut.,2023,004502-0,Flex,1,F,junho de 2026 ,8cgcvz0lcppn,""sábado, 1 de agosto de 2026 14:52"",76771.0";;;;;;;;;;;;;;;;;
"334,1,,,2025,,""R$ 84.548,00"",GM - Chevrolet,ONIX SEDAN Plus LT 1.0 12V TB Flex Mec.,2025,004500-4,Flex,1,F,junho de 2026 ,cb9m2ny47rsw3,""sábado, 1 de agosto de 2026 14:52"",84548.0";;;;;;;;;;;;;;;;;
"334,1,,,2024,,""R$ 75.612,00"",Fiat,CRONOS DRIVE 1.0 6V Flex,2024,001553-9,Flex,1,F,junho de 2026 ,7xv3rxfpdmsw,""sábado, 1 de agosto de 2026 14:52"",75612.0";;;;;;;;;;;;;;;;;
"334,1,,,2023,,""R$ 71.512,00"",GM - Chevrolet,ONIX HATCH LT 1.0 12V TB Flex 5p Mec.,2023,004512-8,Flex,1,F,junho de 2026 ,6cswr4d9fzpn,""sábado, 1 de agosto de 2026 14:52"",71512.0";;;;;;;;;;;;;;;;;
"334,1,,,2024,,""R$ 77.208,00"",GM - Chevrolet,ONIX HATCH LT 1.0 12V TB Flex 5p Mec.,2024,004512-8,Flex,1,F,junho de 2026 ,8jk6sl9y0psw,""sábado, 1 de agosto de 2026 14:52"",77208.0";;;;;;;;;;;;;;;;;
"334,1,,,2023,,""R$ 74.930,00"",GM - Chevrolet,ONIX SEDAN Plus LTZ 1.0 12V TB Flex Mec.,2023,004503-9,Flex,1,F,junho de 2026 ,7nv684jxq0pn,""sábado, 1 de agosto de 2026 14:52"",74930.0";;;;;;;;;;;;;;;;;
"334,1,,,2025,,""R$ 84.146,00"",GM - Chevrolet,ONIX HATCH LT 1.0 12V TB Flex 5p Mec.,2025,004512-8,Flex,1,F,junho de 2026 ,cb4xy3nbvkqw3,""sábado, 1 de agosto de 2026 14:52"",84146.0";;;;;;;;;;;;;;;;;
"334,1,,,2025,,""R$ 94.494,00"",GM - Chevrolet,ONIX HATCH LT 1.0 12V TB Flex 5p Aut.,2025,004514-4,Flex,1,F,junho de 2026 ,cg174tbknthw3,""sábado, 1 de agosto de 2026 14:52"",94494.0";;;;;;;;;;;;;;;;;
"334,1,,,2025,,""R$ 96.297,00"",GM - Chevrolet,ONIX HATCH LTZ 1.0 12V TB Flex 5p Aut.,2025,004515-2,Flex,1,F,junho de 2026 ,chrdg6z97ktw3,""sábado, 1 de agosto de 2026 14:52"",96297.0";;;;;;;;;;;;;;;;;
"334,1,,,2025,,""R$ 95.837,00"",Toyota,YARIS XL 1.5 Flex 16V 5p Aut.,2025,002207-1,Flex,1,F,junho de 2026 ,chkz84m4h9vw3,""sábado, 1 de agosto de 2026 14:52"",95837.0";;;;;;;;;;;;;;;;;
"334,1,,,2025,,""R$ 73.476,00"",GM - Chevrolet,ONIX HATCH LT 1.0 12V Flex 5p Mec.,2025,004517-9,Flex,1,F,junho de 2026 ,63tq7564vqw3,""sábado, 1 de agosto de 2026 14:52"",73476.0";;;;;;;;;;;;;;;;;
"334,1,,,2023,,""R$ 69.235,00"",GM - Chevrolet,ONIX SEDAN Plus LT 1.0 12V Flex 4p Mec.,2023,004518-7,Flex,1,F,junho de 2026 ,5h28jyw6cypn,""sábado, 1 de agosto de 2026 14:52"",69235.0";;;;;;;;;;;;;;;;;
"334,1,,,2024,,""R$ 69.344,00"",GM - Chevrolet,ONIX HATCH 1.0 12V Flex 5p Mec.,2024,004519-5,Flex,1,F,junho de 2026 ,5kcwp1gtmbsw,""sábado, 1 de agosto de 2026 14:52"",69344.0";;;;;;;;;;;;;;;;;
"336,1,,,2021,nan,""R$ 44.617,00"",Fiat,UNO ATTRACTIVE 1.0 Fire Flex 8V 5p,2021,001424-9,Flex,1,F,agosto de 2026 ,v6gcsv6608g6,""sábado, 1 de agosto de 2026 14:55"",44617.0";;;;;;;;;;;;;;;;;
"336,1,,,2026,nan,""R$ 67.145,00"",Fiat,MOBI LIKE 1.0 Fire Flex 5p.,2026,001461-3,Flex,1,F,agosto de 2026 ,4qlmcgnkk80b,""sábado, 1 de agosto de 2026 14:55"",67145.0";;;;;;;;;;;;;;;;;
"336,1,,,2026,nan,""R$ 78.112,00"",Fiat,ARGO 1.0 6V Flex,2026,001509-1,Flex,1,F,agosto de 2026 ,8v5sn3rz0wd2v,""sábado, 1 de agosto de 2026 14:55"",78112.0";;;;;;;;;;;;;;;;;
"336,1,,,2022,nan,""R$ 75.845,00"",Fiat,Strada Endurance 1.4 Flex 8V CD,2022,001529-6,Flex,1,F,agosto de 2026 ,70ls341vm4lf,""sábado, 1 de agosto de 2026 14:55"",75845.0";;;;;;;;;;;;;;;;;
"336,1,,,2022,nan,""R$ 79.294,00"",Fiat,Fiorino Endurance EVO 1.4 Flex 8V 2p,2022,001531-8,Flex,1,F,agosto de 2026 ,891dx85q4mlf,""sábado, 1 de agosto de 2026 14:55"",79294.0";;;;;;;;;;;;;;;;;
"336,1,,,2024,nan,""R$ 115.878,00"",Fiat,Toro Endurance 1.3 T270 4x2 Flex Aut.,2024,001537-7,Flex,1,F,agosto de 2026 ,gp54xwnr77dwd,""sábado, 1 de agosto de 2026 14:55"",115878.0";;;;;;;;;;;;;;;;;
"336,1,,,2025,nan,""R$ 122.422,00"",Fiat,Toro Endurance 1.3 T270 4x2 Flex Aut.,2025,001537-7,Flex,1,F,agosto de 2026 ,gyv0d22lbsdzm,""sábado, 1 de agosto de 2026 14:55"",122422.0";;;;;;;;;;;;;;;;;
"336,1,,,2022,nan,""R$ 117.133,00"",Fiat,Toro Volcano 1.3 T270 4x2 Flex Aut.,2022,001539-3,Flex,1,F,agosto de 2026 ,grnrz97l0fdny,""sábado, 1 de agosto de 2026 14:55"",117133.0";;;;;;;;;;;;;;;;;
"336,1,,,2023,nan,""R$ 87.576,00"",Fiat,PULSE DRIVE 1.3 8V Flex Aut.,2023,001544-0,Flex,1,F,agosto de 2026 ,cdf4nvxhgxbpn,""sábado, 1 de agosto de 2026 14:55"",87576.0";;;;;;;;;;;;;;;;;
"336,1,,,2026,nan,""R$ 104.189,00"",Fiat,PULSE DRIVE 1.3 8V Flex Aut.,2026,001544-0,Flex,1,F,agosto de 2026 ,f8g88rd27zd2v,""sábado, 1 de agosto de 2026 14:55"",104189.0";;;;;;;;;;;;;;;;;
"336,1,,,2024,nan,""R$ 114.067,00"",Fiat,Strada Volcano 1.3 Flex 8V CD Aut.,2024,001549-0,Flex,1,F,agosto de 2026 ,gm2bcpd0xpdwd,""sábado, 1 de agosto de 2026 14:55"",114067.0";;;;;;;;;;;;;;;;;
"336,1,,,2023,nan,""R$ 147.714,00"",Fiat,Scudo Cargo 1.5 16V Turbo Diesel,2023,001550-4,Diesel,1,D,agosto de 2026 ,hxh899lyxxdrj,""sábado, 1 de agosto de 2026 14:55"",147714.0";;;;;;;;;;;;;;;;;
"336,1,,,2025,nan,""R$ 163.634,00"",Fiat,Scudo Cargo 1.5 16V Turbo Diesel,2025,001550-4,Diesel,1,D,agosto de 2026 ,jh5x8v5p1pdyz,""sábado, 1 de agosto de 2026 14:55"",163634.0";;;;;;;;;;;;;;;;;
"336,1,,,2026,nan,""R$ 98.082,00"",Fiat,CRONOS DRIVE 1.3 8V Flex Aut.,2026,001554-7,Flex,1,F,agosto de 2026 ,cjd98t3ppqc0b,""sábado, 1 de agosto de 2026 14:55"",98082.0";;;;;;;;;;;;;;;;;
"336,1,,,2023,nan,""R$ 191.998,00"",Fiat,E-Scudo (Elétrico),2023,001560-1,Elétrico,1,E,agosto de 2026 ,klfwk8d89ndrv,""sábado, 1 de agosto de 2026 14:55"",191998.0";;;;;;;;;;;;;;;;;
"336,1,,,2024,nan,""R$ 240.215,00"",Fiat,Ducato Minibus 2.2 Comf.19L Diesel (E6),2024,001567-9,Diesel,1,D,agosto de 2026 ,mdzfcqd1m1dvr,""sábado, 1 de agosto de 2026 14:55"",240215.0";;;;;;;;;;;;;;;;;
"336,1,,,2026,nan,""R$ 93.082,00"",Fiat,Strada Endurance 1.3 Flex 8V CS Plus,2026,001569-5,Flex,1,F,agosto de 2026 ,cgjpx05kmrgd2v,""sábado, 1 de agosto de 2026 14:55"",93082.0";;;;;;;;;;;;;;;;;
"336,1,,,2026,nan,""R$ 112.102,00"",Fiat,PULSE AUDACE Turbo 200  Aut. (Hibrído),2026,001579-2,Híbrido,1,H,agosto de 2026 ,gkrw89252bd25,""sábado, 1 de agosto de 2026 14:55"",112102.0";;;;;;;;;;;;;;;;;
"336,1,,,2025,nan,""R$ 97.728,00"",Fiat,Fiorino Endurance 1.3 Flex 8V 2p,2025,001589-0,Flex,1,F,agosto de 2026 ,ch85l3l5mn3dzm,""sábado, 1 de agosto de 2026 14:56"",97728.0";;;;;;;;;;;;;;;;;
"336,1,,,2026,nan,""R$ 188.392,00"",Fiat,Scudo Multi 2.2 16 V Turbo Diesel,2026,001591-1,Diesel,1,D,agosto de 2026 ,kf6thqwk16d16,""sábado, 1 de agosto de 2026 14:56"",188392.0";;;;;;;;;;;;;;;;;
"336,1,,,2023,nan,""R$ 83.753,00"",Toyota,YARIS XL Sedan 1.5 Flex 16V 4p Aut.,2023,002168-7,Flex,1,F,agosto de 2026 ,cbz93znng83pn,""sábado, 1 de agosto de 2026 14:56"",83753.0";;;;;;;;;;;;;;;;;
"336,1,,,2022,nan,""R$ 113.393,00"",Toyota,Corolla GLi 2.0 16V Flex Aut.,2022,002181-4,Flex,1,F,agosto de 2026 ,gl8tx7rj8zdny,""sábado, 1 de agosto de 2026 14:56"",113393.0";;;;;;;;;;;;;;;;;
"336,1,,,2025,nan,""R$ 141.075,00"",Toyota,Corolla GLi 2.0 16V Flex Aut.,2025,002181-4,Flex,1,F,agosto de 2026 ,hnqzsswzggdzm,""sábado, 1 de agosto de 2026 14:56"",141075.0";;;;;;;;;;;;;;;;;
"336,1,,,2024,nan,""R$ 163.008,00"",Toyota,Corolla Altis Prem. 1.8 Aut. (Híbrido),2024,002183-0,Híbrido,1,H,agosto de 2026 ,jhf5x1l87hdwq,""sábado, 1 de agosto de 2026 14:56"",163008.0";;;;;;;;;;;;;;;;;
"336,1,,,2025,nan,""R$ 293.374,00"",Toyota,RAV4 2.5 SX Connect 4x4  Aut. (Híbrido),2025,002196-2,Híbrido,1,H,agosto de 2026 ,pd9llfbc5rdzy,""sábado, 1 de agosto de 2026 14:56"",293374.0";;;;;;;;;;;;;;;;;
"336,1,,,2024,nan,""R$ 159.451,00"",Toyota,Corolla Cross XRV 1.8 16V Aut. (Híbrido),2024,002200-4,Híbrido,1,H,agosto de 2026 ,jb8w11v7svdwq,""sábado, 1 de agosto de 2026 14:56"",159451.0";;;;;;;;;;;;;;;;;
"336,1,,,2023,nan,""R$ 131.472,00"",Toyota,Corolla Cross XR 2.0 16V Flex Aut.,2023,002201-2,Flex,1,F,agosto de 2026 ,g9gykgcq3tdr5,""sábado, 1 de agosto de 2026 14:56"",131472.0";;;;;;;;;;;;;;;;;
"336,1,,,2026,nan,""R$ 173.735,00"",Toyota,Corolla Cross XRE 2.0 16V Flex Aut.,2026,002203-9,Flex,1,F,agosto de 2026 ,jw02m18ky6d2v,""sábado, 1 de agosto de 2026 14:56"",173735.0";;;;;;;;;;;;;;;;;
"336,1,,,2025,nan,""R$ 187.095,00"",Toyota,Corolla Cross XRX 1.8 16V Aut. (Híbrido),2025,002204-7,Híbrido,1,H,agosto de 2026 ,kdpn284ngydzy,""sábado, 1 de agosto de 2026 14:56"",187095.0";;;;;;;;;;;;;;;;;
"336,1,,,2023,nan,""R$ 343.113,00"",Toyota,Hilux SW4 Diamond 2.8 TB 4x4 Die. Aut.,2023,002205-5,Diesel,1,D,agosto de 2026 ,q9mf9hq7pzdrj,""sábado, 1 de agosto de 2026 14:56"",343113.0";;;;;;;;;;;;;;;;;
"336,1,,,2023,nan,""R$ 350.278,00"",Toyota,Hilux SW4 GRS 2.8 TB 4x4 Diesel Aut.,2023,002206-3,Diesel,1,D,agosto de 2026 ,rk0whwnrx8drj,""sábado, 1 de agosto de 2026 14:56"",350278.0";;;;;;;;;;;;;;;;;
"336,1,,,2024,nan,""R$ 340.846,00"",Toyota,Hilux SW4 SRX Plat. 4x4 2.8 TB Die. Aut.,2024,002214-4,Diesel,1,D,agosto de 2026 ,q6y1yf2qdfdvr,""sábado, 1 de agosto de 2026 14:56"",340846.0";;;;;;;;;;;;;;;;;
"336,1,,,2023,nan,""R$ 149.239,00"",Ford,Ranger XL 2.2 4x4 CS Diesel Mec.,2023,003433-9,Diesel,1,D,agosto de 2026 ,hy9qmn9tl1drj,""sábado, 1 de agosto de 2026 14:56"",149239.0";;;;;;;;;;;;;;;;;
"336,1,,,2021,nan,""R$ 59.058,00"",Ford,Ka 1.5 Sedan SE Plus 12V Flex 4p Aut.,2021,003465-7,Flex,1,F,agosto de 2026 ,1nr7l80m9qg6,""sábado, 1 de agosto de 2026 14:56"",59058.0";;;;;;;;;;;;;;;;;
"336,1,,,2022,nan,""R$ 158.471,00"",Ford,Bronco Sport Wildtrak 2.0 Tb 16V AWD Aut,2022,003481-9,Gasolina,1,G,agosto de 2026 ,h938t6nffgdmn,""sábado, 1 de agosto de 2026 14:56"",158471.0";;;;;;;;;;;;;;;;;
"336,1,,,2026,nan,""R$ 309.527,00"",Ford,TRANSIT Minibus 18 Lug. 2.0 16V Diesel,2026,003484-3,Diesel,1,D,agosto de 2026 ,p07p2k354sd16,""sábado, 1 de agosto de 2026 14:56"",309527.0";;;;;;;;;;;;;;;;;
"336,1,,,2026,nan,""R$ 207.811,00"",Ford,Ranger XL 2.0 4x4 CD Diesel Mec. ,2026,003502-5,Diesel,1,D,agosto de 2026 ,k5zmzc2fg8d16,""sábado, 1 de agosto de 2026 14:56"",207811.0";;;;;;;;;;;;;;;;;
"336,1,,,2026,nan,""R$ 259.251,00"",GM - Chevrolet,S10 Pick-Up LTZ 2.8 TDI 4x4 CD Dies.Aut,2026,004397-4,Diesel,1,D,agosto de 2026 ,m3899dzllzd16,""sábado, 1 de agosto de 2026 14:56"",259251.0";;;;;;;;;;;;;;;;;
"336,1,,,2024,nan,""R$ 80.165,00"",GM - Chevrolet,SPIN LS 1.8 8V Econo.Flex 5p Mec.,2024,004435-0,Flex,1,F,agosto de 2026 ,9m7zzkbwp9sw,""sábado, 1 de agosto de 2026 14:56"",80165.0";;;;;;;;;;;;;;;;;
"336,1,,,2022,nan,""R$ 96.836,00"",GM - Chevrolet,CRUZE LT 1.4 16V Turbo Flex 4p Aut.,2022,004470-9,Flex,1,F,agosto de 2026 ,chyqdf9hgd8lf,""sábado, 1 de agosto de 2026 14:56"",96836.0";;;;;;;;;;;;;;;;;
"336,1,,,2022,nan,""R$ 133.201,00"",GM - Chevrolet,S10 Pick-Up Advantage 2.5 Flex 4x2 CD,2022,004474-1,Flex,1,F,agosto de 2026 ,hchsqfvy9tdny,""sábado, 1 de agosto de 2026 14:56"",133201.0";;;;;;;;;;;;;;;;;
"336,1,,,2021,nan,""R$ 59.439,00"",GM - Chevrolet,ONIX HATCH LT 1.0 12V Flex 5p Mec.,2021,004517-9,Flex,1,F,agosto de 2026 ,1s7qkft90zg6,""sábado, 1 de agosto de 2026 14:56"",59439.0";;;;;;;;;;;;;;;;;
"336,1,,,2025,nan,""R$ 96.366,00"",GM - Chevrolet,ONIX HATCH RS 1.0 TB 12V Flex 5p Aut.,2025,004530-6,Flex,1,F,agosto de 2026 ,chr6kp0wrbkw3,""sábado, 1 de agosto de 2026 14:56"",96366.0";;;;;;;;;;;;;;;;;
"336,1,,,2026,nan,""R$ 140.286,00"",GM - Chevrolet,TRACKER LTZ 1.0 Turbo 12V Flex Aut.,2026,004532-2,Flex,1,F,agosto de 2026 ,hms9sgyg9pd2v,""sábado, 1 de agosto de 2026 14:56"",140286.0";;;;;;;;;;;;;;;;;
"336,1,,,2026,nan,""R$ 136.186,00"",GM - Chevrolet,SPIN PREMIER 1.8 8V Econo.Flex 5p Aut.,2026,004494-6,Flex,1,F,agosto de 2026 ,hgz82s0c1pd2v,""sábado, 1 de agosto de 2026 14:56"",136186.0";;;;;;;;;;;;;;;;;
"336,1,,,2022,nan,""R$ 63.751,00"",GM - Chevrolet,ONIX SEDAN Plus LT 1.0 12V Flex 4p Mec.,2022,004518-7,Flex,1,F,agosto de 2026 ,3fsz8kzg8qlf,""sábado, 1 de agosto de 2026 14:56"",63751.0";;;;;;;;;;;;;;;;;
"336,1,,,2023,nan,""R$ 105.424,00"",GM - Chevrolet,MONTANA LTZ 1.2 Turbo Flex 12V 4p Aut.,2023,004541-1,Flex,1,F,agosto de 2026 ,f9x5tktbm8dr5,""sábado, 1 de agosto de 2026 14:56"",105424.0";;;;;;;;;;;;;;;;;
"336,1,,,2022,nan,""R$ 61.748,00"",VW - VolksWagen,Saveiro Robust 1.6 Total Flex 8V,2022,005459-3,Flex,1,F,agosto de 2026 ,2n9zbzw2shlf,""sábado, 1 de agosto de 2026 14:56"",61748.0";;;;;;;;;;;;;;;;;
"336,1,,,2023,nan,""R$ 99.600,00"",VW - VolksWagen,VIRTUS Comfort. 200 TSI 1.0 Flex 12V Aut,2023,005485-2,Flex,1,F,agosto de 2026 ,cjz30zt343dpn,""sábado, 1 de agosto de 2026 14:56"",99600.0";;;;;;;;;;;;;;;;;
"336,1,,,2026,nan,""R$ 117.292,00"",VW - VolksWagen,VIRTUS Comfort. 200 TSI 1.0 Flex 12V Aut,2026,005485-2,Flex,1,F,agosto de 2026 ,grvj428k5pd2v,""sábado, 1 de agosto de 2026 14:56"",117292.0";;;;;;;;;;;;;;;;;
"336,1,,,2026,nan,""R$ 128.611,00"",VW - VolksWagen,VIRTUS Highline 200 TSI 1.0 Flex 12V Aut,2026,005484-4,Flex,1,F,agosto de 2026 ,g53yxbyfkzd2v,""sábado, 1 de agosto de 2026 14:56"",128611.0";;;;;;;;;;;;;;;;;
"336,1,,,2026,nan,""R$ 136.407,00"",GM - Chevrolet,MONTANA LTZ 1.2 Turbo Flex 12V 4p Aut.,2026,004541-1,Flex,1,F,agosto de 2026 ,hg7925qjfhd2v,""sábado, 1 de agosto de 2026 14:56"",136407.0";;;;;;;;;;;;;;;;;
"336,1,,,2022,nan,""R$ 64.094,00"",VW - VolksWagen,VOYAGE 1.6 MSI Flex 16V 4p Aut.,2022,005501-8,Flex,1,F,agosto de 2026 ,3ktn1h0rvmlf,""sábado, 1 de agosto de 2026 14:56"",64094.0";;;;;;;;;;;;;;;;;
"336,1,,,2019,nan,""R$ 142.384,00"",VW - VolksWagen,TIGUAN Allspac R-Line 350 TSI 2.0 4x4,2019,005489-5,Gasolina,1,G,agosto de 2026 ,hp8kqd8zbtc9z,""sábado, 1 de agosto de 2026 14:56"",142384.0";;;;;;;;;;;;;;;;;
"336,1,,,2026,nan,""R$ 144.968,00"",VW - VolksWagen,T-Cross Comfor. 200 TSI 1.0 Flex 5p Aut.,2026,005509-3,Flex,1,F,agosto de 2026 ,hs9g71rw6qd2v,""sábado, 1 de agosto de 2026 14:56"",144968.0";;;;;;;;;;;;;;;;;
"336,1,,,2026,nan,""R$ 96.542,00"",VW - VolksWagen,Polo Sense TSI 1.0 Flex 12V Aut,2026,005513-1,Flex,1,F,agosto de 2026 ,cht8jsjykpkd2v,""sábado, 1 de agosto de 2026 14:56"",96542.0";;;;;;;;;;;;;;;;;
"336,1,,,2026,nan,""R$ 160.357,00"",VW - VolksWagen,T-Cross Hig. 250 TSI 1.4 Flex 16V 5p Aut,2026,005508-5,Flex,1,F,agosto de 2026 ,jdbtw2yknrd2v,""sábado, 1 de agosto de 2026 14:56"",160357.0";;;;;;;;;;;;;;;;;
"336,1,,,2026,nan,""R$ 137.378,00"",VW - VolksWagen,Nivus Highline 1.0 200 TSI Flex Aut.,2026,005526-3,Flex,1,F,agosto de 2026 ,hjdl5pf3psd2v,""sábado, 1 de agosto de 2026 14:56"",137378.0";;;;;;;;;;;;;;;;;
"336,1,,,2023,nan,""R$ 80.014,00"",VW - VolksWagen,VIRTUS TSI 1.0 Flex 12V 4p Mec.,2023,005542-5,Flex,1,F,agosto de 2026 ,9lg3kxp1ykdr5,""sábado, 1 de agosto de 2026 14:56"",80014.0";;;;;;;;;;;;;;;;;
"336,1,,,2026,nan,""R$ 112.576,00"",VW - VolksWagen,VIRTUS TSI 1.0 Flex 12V 4p Aut.,2026,005543-3,Flex,1,F,agosto de 2026 ,gk94cv5gfjd2v,""sábado, 1 de agosto de 2026 14:56"",112576.0";;;;;;;;;;;;;;;;;
"336,1,,,2026,nan,""R$ 101.337,00"",VW - VolksWagen,VIRTUS TSI 1.0 Flex 12V 4p Mec.,2026,005542-5,Flex,1,F,agosto de 2026 ,f44mrzhc72d2v,""sábado, 1 de agosto de 2026 14:56"",101337.0";;;;;;;;;;;;;;;;;
"336,1,,,2022,nan,""R$ 311.354,00"",Audi,E-TRON Performace Aut. (Elétrico),2022,008257-0,Elétrico,1,E,agosto de 2026 ,p3c3nnbrjcdnm,""sábado, 1 de agosto de 2026 14:56"",311354.0";;;;;;;;;;;;;;;;;
"336,1,,,2023,nan,""R$ 461.931,00"",Audi,Q8 Perf.Black 3.0 TFSI Quat. S-tr/(Híb.),2023,008250-3,Híbrido,1,H,agosto de 2026 ,wsx35sslc5dsh,""sábado, 1 de agosto de 2026 14:56"",461931.0";;;;;;;;;;;;;;;;;
"336,1,,,2023,nan,""R$ 235.563,00"",Audi,Q3 SPB Perf. Black 2.0 TFSI Tipt. Quat.,2023,008283-0,Gasolina,1,G,agosto de 2026 ,l7jbp0048cdqw,""sábado, 1 de agosto de 2026 14:56"",235563.0";;;;;;;;;;;;;;;;;
"336,1,,,2023,nan,""R$ 187.044,00"",Audi,A4 S Line 2.0  TFSI 204cv S Tonic,2023,008281-3,Gasolina,1,G,agosto de 2026 ,kdmtmwppgtdqw,""sábado, 1 de agosto de 2026 14:56"",187044.0";;;;;;;;;;;;;;;;;
"336,1,,,2024,nan,""R$ 267.471,00"",Audi,Q3 SPB Perf. Black 2.0 TFSI Tipt. Quat.,2024,008283-0,Gasolina,1,G,agosto de 2026 ,nfx27cd6w0dt3,""sábado, 1 de agosto de 2026 14:56"",267471.0";;;;;;;;;;;;;;;;;
"336,1,,,2024,nan,""R$ 339.381,00"",Audi,Q5 Perf. Black 2.0 TFSIe S.Tr. Qt (Hib.),2024,008285-6,Híbrido,1,H,agosto de 2026 ,q47s7tws4sdwq,""sábado, 1 de agosto de 2026 14:56"",339381.0";;;;;;;;;;;;;;;;;
"336,1,,,2024,nan,""R$ 252.300,00"",Audi,Q3 Performance 2.0 TFSI Tiptr. Quattro,2024,008284-8,Gasolina,1,G,agosto de 2026 ,mv4n6ybyjydt3,""sábado, 1 de agosto de 2026 14:56"",252300.0";;;;;;;;;;;;;;;;;
"336,1,,,2024,nan,""R$ 340.201,00"",Audi,Q5 SB P Black. 2.0 TFSIe S.Tr. Qt (Hib.),2024,008287-2,Híbrido,1,H,agosto de 2026 ,q56l5y18rndwq,""sábado, 1 de agosto de 2026 14:56"",340201.0";;;;;;;;;;;;;;;;;
"336,1,,,2025,nan,""R$ 295.971,00"",BMW,320iA 2.0 Turbo/ActiveFlex 16V/GP  4p,2025,009164-2,Gasolina,1,G,agosto de 2026 ,pjbzr5p5h1dyb,""sábado, 1 de agosto de 2026 14:56"",295971.0";;;;;;;;;;;;;;;;;
"336,1,,,2025,nan,""R$ 253.815,00"",Audi,Q3 Prestige 2.0 TFSI Tiptr.Quatro ,2025,008289-9,Gasolina,1,G,agosto de 2026 ,mxxq7z51yzdyb,""sábado, 1 de agosto de 2026 14:56"",253815.0";;;;;;;;;;;;;;;;;
"336,1,,,2025,nan,""R$ 319.804,00"",BMW,320iA 2.0 TB M Sport A.Flex/M.Sport 4p,2025,009213-4,Flex,1,F,agosto de 2026 ,qd87rb0jc7dzm,""sábado, 1 de agosto de 2026 14:56"",319804.0";;;;;;;;;;;;;;;;;
"336,1,,,2023,nan,""R$ 273.814,00"",BMW,X3 XDRIVE 30e X-Line Turbo Aut. (Híb.),2023,009272-0,Híbrido,1,H,agosto de 2026 ,npcm7qk8fddsh,""sábado, 1 de agosto de 2026 14:56"",273814.0";;;;;;;;;;;;;;;;;
"336,1,,,2025,nan,""R$ 296.582,00"",BMW,X1 SDRIVE 20i X-Line 2.0 TB Aut.,2025,009303-3,Gasolina,1,G,agosto de 2026 ,pj1561j2yndyb,""sábado, 1 de agosto de 2026 14:56"",296582.0";;;;;;;;;;;;;;;;;
"336,1,,,2023,nan,""R$ 265.728,00"",BMW,320iA 2.0 TB M Sport A.Flex/M.Sport 4p,2023,009213-4,Flex,1,F,agosto de 2026 ,ncwq9b3lj1dr5,""sábado, 1 de agosto de 2026 14:56"",265728.0";;;;;;;;;;;;;;;;;
"336,1,,,2025,nan,""R$ 314.591,00"",BMW,X1 SDRIVE 20i M Sport 2.0 TB Aut.,2025,009305-0,Gasolina,1,G,agosto de 2026 ,p65ry57qb9dyb,""sábado, 1 de agosto de 2026 14:56"",314591.0";;;;;;;;;;;;;;;;;
"336,1,,,2025,nan,""R$ 658.434,00"",BMW,X5 XDRIVE 50e 3.0 M Sport Aut. (Hibrido),2025,009307-6,Híbrido,1,H,agosto de 2026 ,37bd22vlckdzy,""sábado, 1 de agosto de 2026 14:56"",658434.0";;;;;;;;;;;;;;;;;
"336,1,,,2024,nan,""R$ 287.285,00"",BMW,X1 SDRIVE 20i M Sport 2.0 TB Aut.,2024,009305-0,Gasolina,1,G,agosto de 2026 ,n548r3kq8wdt3,""sábado, 1 de agosto de 2026 14:56"",287285.0";;;;;;;;;;;;;;;;;
"336,1,,,2025,nan,""R$ 76.899,00"",VW - VolksWagen,Polo Robust 1.0 Flex 12V 5p,2025,005550-6,Flex,1,F,agosto de 2026 ,8dyw328lxcdzm,""sábado, 1 de agosto de 2026 14:56"",76899.0";;;;;;;;;;;;;;;;;
"336,1,,,2025,nan,""R$ 99.041,00"",Citroën,AIRCROSS F. Pack 1.0 Flex TB 200 Aut.,2025,011231-3,Flex,1,F,agosto de 2026 ,cjskvd15cs0dzm,""sábado, 1 de agosto de 2026 14:57"",99041.0";;;;;;;;;;;;;;;;;
"336,1,,,2023,nan,""R$ 137.274,00"",Citroën,Jumpy Cargo 1.5 Turbo Diesel,2023,011216-0,Diesel,1,D,agosto de 2026 ,hh8tz00wkbdrj,""sábado, 1 de agosto de 2026 14:57"",137274.0";;;;;;;;;;;;;;;;;
"336,1,,,2023,nan,""R$ 77.939,00"",Citroën,C4 CACTUS FEEL Pack 1.6 16V Flex Aut.,2023,011197-0,Flex,1,F,agosto de 2026 ,8s4xdf7fzzpn,""sábado, 1 de agosto de 2026 14:57"",77939.0";;;;;;;;;;;;;;;;;
"336,1,,,2025,nan,""R$ 146.819,00"",Honda,HR-V EXL 1.5 Flex Sensing 16V 5p Aut.,2025,014110-0,Flex,1,F,agosto de 2026 ,hwgrwfj8p6dzm,""sábado, 1 de agosto de 2026 14:57"",146819.0";;;;;;;;;;;;;;;;;
"336,1,,,2024,nan,""R$ 118.990,00"",Honda,CITY Hatchback EXL 1.5 Flex 16V Aut.,2024,014108-9,Flex,1,F,agosto de 2026 ,gtt8c8xfgddwd,""sábado, 1 de agosto de 2026 14:57"",118990.0";;;;;;;;;;;;;;;;;
"336,1,,,2023,nan,""R$ 107.981,00"",Hyundai,Creta Comfort 1.0 TB 12V Flex Aut.,2023,015200-5,Flex,1,F,agosto de 2026 ,gdx3x42dprdr5,""sábado, 1 de agosto de 2026 14:57"",107981.0";;;;;;;;;;;;;;;;;
"336,1,,,2021,nan,""R$ 149.480,00"",Honda,Civic Sedan TOURING 1.5 Turbo 16V Aut.4p,2021,014089-9,Gasolina,1,G,agosto de 2026 ,hzlg5n2p9fdjf,""sábado, 1 de agosto de 2026 14:57"",149480.0";;;;;;;;;;;;;;;;;
"336,1,,,2023,nan,""R$ 111.799,00"",Hyundai,Creta Limited 1.0 TB 12V Flex Aut.,2023,015203-0,Flex,1,F,agosto de 2026 ,gkdwwqvnxkdr5,""sábado, 1 de agosto de 2026 14:57"",111799.0";;;;;;;;;;;;;;;;;
"336,1,,,2026,nan,""R$ 159.383,00"",Hyundai,Creta Platinum 1.0 TB 12V Flex Aut.,2026,015202-1,Flex,1,F,agosto de 2026 ,jb6ffvldj8d2v,""sábado, 1 de agosto de 2026 14:57"",159383.0";;;;;;;;;;;;;;;;;
"336,1,,,2024,nan,""R$ 116.906,00"",Hyundai,Creta Limited 1.0 TB 12V Flex Aut.,2024,015203-0,Flex,1,F,agosto de 2026 ,grdh7bt08fdwd,""sábado, 1 de agosto de 2026 14:57"",116906.0";;;;;;;;;;;;;;;;;
"336,1,,,2026,nan,""R$ 131.453,00"",Hyundai,Creta Comfort 1.0 TB 12V Flex Aut.,2026,015200-5,Flex,1,F,agosto de 2026 ,g9f74sy41bd2v,""sábado, 1 de agosto de 2026 14:57"",131453.0";;;;;;;;;;;;;;;;;
"336,1,,,2026,nan,""R$ 81.372,00"",Hyundai,HB20 Comfort 1.0 Flex 12V Mec.,2026,015215-3,Flex,1,F,agosto de 2026 ,93dpxxt33j0b,""sábado, 1 de agosto de 2026 14:57"",81372.0";;;;;;;;;;;;;;;;;
"336,1,,,2026,nan,""R$ 82.322,00"",Hyundai,HB20 Limited 1.0 Flex 12V Mec.,2026,015213-7,Flex,1,F,agosto de 2026 ,cbgjz3jq2bj0b,""sábado, 1 de agosto de 2026 14:57"",82322.0";;;;;;;;;;;;;;;;;
"336,1,,,2026,nan,""R$ 86.857,00"",Hyundai,HB20S Comfort 1.0  Flex 12V Mec.,2026,015218-8,Flex,1,F,agosto de 2026 ,cc5qbgzw3rqd2v,""sábado, 1 de agosto de 2026 14:57"",86857.0";;;;;;;;;;;;;;;;;
"336,1,,,2026,nan,""R$ 173.070,00"",Hyundai,Creta Ultimate 1.6 TB 16V Aut.,2026,015249-8,Gasolina,1,G,agosto de 2026 ,jv7xby357kd1k,""sábado, 1 de agosto de 2026 14:57"",173070.0";;;;;;;;;;;;;;;;;
"336,1,,,2026,nan,""R$ 161.024,00"",Jeep,COMPASS LONG. T270 1.3 TB 4x2 Flex Aut.,2026,017071-2,Flex,1,F,agosto de 2026 ,jd32f1q078d2v,""sábado, 1 de agosto de 2026 14:57"",161024.0";;;;;;;;;;;;;;;;;
"336,1,,,2022,nan,""R$ 388.717,00"",Audi,Q8 Perf.Black 3.0 TFSI Quat. S-tr/(Híb.),2022,008250-3,Híbrido,1,H,agosto de 2026 ,s020v9zg29dn8,""sábado, 1 de agosto de 2026 14:57"",388717.0";;;;;;;;;;;;;;;;;
"336,1,,,2023,nan,""R$ 67.066,00"",Hyundai,HB20 Limited 1.0 Flex 12V Mec.,2023,015213-7,Flex,1,F,agosto de 2026 ,4pnw69d4xwpn,""sábado, 1 de agosto de 2026 14:57"",67066.0";;;;;;;;;;;;;;;;;
"336,1,,,2024,nan,""R$ 168.100,00"",Jeep,COMPASS LIMITED TD 350 2.0 4x4 Die. Aut.,2024,017077-1,Diesel,1,D,agosto de 2026 ,jpd8cqb3m5dvr,""sábado, 1 de agosto de 2026 14:57"",168100.0";;;;;;;;;;;;;;;;;
"336,1,,,2026,nan,""R$ 137.443,00"",Jeep,Renegade Long. T270 1.3 TB 4x2 Flex Aut.,2026,017088-7,Flex,1,F,agosto de 2026 ,hjgzd293qgd2v,""sábado, 1 de agosto de 2026 14:57"",137443.0";;;;;;;;;;;;;;;;;
"336,1,,,2025,nan,""R$ 195.027,00"",Jeep,COMPASS Black Hurricane 2.0 4x4 TB Aut.,2025,017096-8,Gasolina,1,G,agosto de 2026 ,kpzzjh6012dyb,""sábado, 1 de agosto de 2026 14:57"",195027.0";;;;;;;;;;;;;;;;;
"336,1,,,2025,nan,""R$ 187.835,00"",Jeep,COMPASS Over. Hurric 2.0 4x4 TB 16V Aut.,2025,017097-6,Gasolina,1,G,agosto de 2026 ,kfkkw1cjbqdyb,""sábado, 1 de agosto de 2026 14:57"",187835.0";;;;;;;;;;;;;;;;;
"336,1,,,2025,nan,""R$ 230.888,00"",Jeep,Commander Overl. 2.2 TD 4x4 Diesel Aut.,2025,017104-2,Diesel,1,D,agosto de 2026 ,l11d3w2dj5dyz,""sábado, 1 de agosto de 2026 14:57"",230888.0";;;;;;;;;;;;;;;;;
"336,1,,,2022,nan,""R$ 155.030,00"",Nissan,Frontier XE CD 4x4 2.3 Bi-TB Diesel Aut.,2022,023159-2,Diesel,1,D,agosto de 2026 ,h526n01sg7dm9,""sábado, 1 de agosto de 2026 14:57"",155030.0";;;;;;;;;;;;;;;;;
"336,1,,,2023,nan,""R$ 138.112,00"",Nissan,Frontier S CD 4x4 2.3 TB Diesel Mec.,2023,023161-4,Diesel,1,D,agosto de 2026 ,hj786wpy7bdrj,""sábado, 1 de agosto de 2026 14:57"",138112.0";;;;;;;;;;;;;;;;;
"336,1,,,2021,nan,""R$ 115.838,00"",Nissan,Frontier S CD 4x4 2.3 TB Diesel Mec.,2021,023161-4,Diesel,1,D,agosto de 2026 ,gp4pvp2h02dj2,""sábado, 1 de agosto de 2026 14:57"",115838.0";;;;;;;;;;;;;;;;;
"336,1,,,2022,nan,""R$ 145.280,00"",Nissan,Frontier ATTAC.CD 4x4 2.3 Bi-TB Die. Aut,2022,023160-6,Diesel,1,D,agosto de 2026 ,htnts11rprdm9,""sábado, 1 de agosto de 2026 14:57"",145280.0";;;;;;;;;;;;;;;;;
"336,1,,,2025,nan,""R$ 105.401,00"",Nissan,VERSA Advance 1.6 16V Flex Aut.,2025,023175-4,Flex,1,F,agosto de 2026 ,f9xbw60k8ldzm,""sábado, 1 de agosto de 2026 14:57"",105401.0";;;;;;;;;;;;;;;;;
"336,1,,,2024,nan,""R$ 149.498,00"",Mitsubishi,L200 Tri. Outd. GLX 2.4 CD 4x4 Die. Mec.,2024,022189-9,Diesel,1,D,agosto de 2026 ,hzl4gdvwygdvr,""sábado, 1 de agosto de 2026 14:57"",149498.0";;;;;;;;;;;;;;;;;
"336,1,,,2026,nan,""R$ 143.726,00"",Nissan,Sentra Advance 2.0 16V Aut.,2026,023187-8,Gasolina,1,G,agosto de 2026 ,hrvbtprj4xd1k,""sábado, 1 de agosto de 2026 14:57"",143726.0";;;;;;;;;;;;;;;;;
"336,1,,,2026,nan,""R$ 164.877,00"",Nissan,Sentra Exclu. Int. Premium 2.0 16V Aut.,2026,023189-4,Gasolina,1,G,agosto de 2026 ,jkm3t31kpwd1k,""sábado, 1 de agosto de 2026 14:57"",164877.0";;;;;;;;;;;;;;;;;
"336,1,,,2022,nan,""R$ 181.335,00"",Renault,Master 2.3 dCi Extra Furgão 16V Diesel,2022,025198-4,Diesel,1,D,agosto de 2026 ,j5x9zq8msjdm9,""sábado, 1 de agosto de 2026 14:57"",181335.0";;;;;;;;;;;;;;;;;
"336,1,,,2023,nan,""R$ 83.408,00"",Nissan,VERSA Sense 1.6 16V Flex Aut.,2023,023176-2,Flex,1,F,agosto de 2026 ,cbv8qn4sfs7pn,""sábado, 1 de agosto de 2026 14:57"",83408.0";;;;;;;;;;;;;;;;;
"336,1,,,2022,nan,""R$ 69.058,00"",Peugeot,208 Allure 1.6 Flex 16V 5p Aut.,2022,024215-2,Flex,1,F,agosto de 2026 ,5f0x6hr24clf,""sábado, 1 de agosto de 2026 14:57"",69058.0";;;;;;;;;;;;;;;;;
"336,1,,,2025,nan,""R$ 97.464,00"",Renault,OROCH Pro 1.6 Flex 16V Mec.,2025,025313-8,Flex,1,F,agosto de 2026 ,ch52ng6v24qw3,""sábado, 1 de agosto de 2026 14:57"",97464.0";;;;;;;;;;;;;;;;;
"336,1,,,2024,nan,""R$ 100.109,00"",Renault,DUSTER Iconic Plus 1.6 16V Flex Aut.,2024,025324-3,Flex,1,F,agosto de 2026 ,f3pz3mvqk5dwd,""sábado, 1 de agosto de 2026 14:57"",100109.0";;;;;;;;;;;;;;;;;
"336,1,,,2024,nan,""R$ 416.305,00"",Volvo,XC 90 T-8 Ultim. Dark 2.0 AWD (Híbrido),2024,029153-6,Híbrido,1,H,agosto de 2026 ,t2frtjp7r2dwq,""sábado, 1 de agosto de 2026 14:57"",416305.0";;;;;;;;;;;;;;;;;
"336,1,,,2024,nan,""R$ 390.335,00"",Volvo,XC 90 T-8 Ultimate 2.0 AWD (Híbrido),2024,029154-4,Híbrido,1,H,agosto de 2026 ,s2zty5d15fdwq,""sábado, 1 de agosto de 2026 14:57"",390335.0";;;;;;;;;;;;;;;;;
"336,1,,,2026,nan,""R$ 102.055,00"",Renault,Kangoo Advanced 1.6 16V Flex ,2026,025331-6,Flex,1,F,agosto de 2026 ,f5zqr9s7nvd2v,""sábado, 1 de agosto de 2026 14:57"",102055.0";;;;;;;;;;;;;;;;;
"336,1,,,2025,nan,""R$ 198.393,00"",RAM,RAMPAGE REBEL HURR.4 2.0 TB CD 4X4 Aut.,2025,083016-0,Gasolina,1,G,agosto de 2026 ,ktx95zsp0zdyb,""sábado, 1 de agosto de 2026 14:57"",198393.0";;;;;;;;;;;;;;;;;
"336,1,,,2022,nan,""R$ 221.791,00"",Land Rover,Discovery Sp. SE R-Dyn 2.0 TB Die.(Híb.),2022,033171-6,Híbrido,1,H,agosto de 2026 ,lqcr0vkjxndn8,""sábado, 1 de agosto de 2026 14:57"",221791.0";;;;;;;;;;;;;;;;;
"336,1,,,2025,nan,""R$ 161.274,00"",Caoa Chery,Tiggo 8 Max Drive 1.6 Turbo Aut.,2025,093013-0,Gasolina,1,G,agosto de 2026 ,jfd44cxwpsdyb,""sábado, 1 de agosto de 2026 14:57"",161274.0";;;;;;;;;;;;;;;;;
"336,1,,,2021,nan,""R$ 162.227,00"",Renault,Master 2.3 dCi Grand Furgão16V Diesel,2021,025197-6,Diesel,1,D,agosto de 2026 ,jgjsx4q0f0dj2,""sábado, 1 de agosto de 2026 14:57"",162227.0";;;;;;;;;;;;;;;;;
"336,1,,,2025,nan,""R$ 184.381,00"",GWM,Haval H6 2 1.5 (Hibrido),2025,096001-2,Híbrido,1,H,agosto de 2026 ,j9h02r9qyrdzy,""sábado, 1 de agosto de 2026 14:57"",184381.0";;;;;;;;;;;;;;;;;
"336,1,,,2025,nan,""R$ 181.507,00"",GWM,Haval H6 ONE 1.5 (Hibrido),2025,096010-1,Híbrido,1,H,agosto de 2026 ,j54kslfvjcdzy,""sábado, 1 de agosto de 2026 14:57"",181507.0";;;;;;;;;;;;;;;;;
"336,1,,,2025,nan,""R$ 199.277,00"",GWM,Haval H6 19 1.5 (Hibrido),2025,096008-0,Híbrido,1,H,agosto de 2026 ,kvzf7ly99pdzy,""sábado, 1 de agosto de 2026 14:57"",199277.0";;;;;;;;;;;;;;;;;
"335,1,,,2021,nan,""R$ 44.369,00"",Fiat,UNO ATTRACTIVE 1.0 Fire Flex 8V 5p,2021,001424-9,Flex,1,F,julho de 2026 ,v3j7fjmfxmg6,""quarta-feira, 1 de julho de 2026 03:45"",44369.0";;;;;;;;;;;;;;;;;
"335,1,,,2026,nan,""R$ 66.577,00"",Fiat,MOBI LIKE 1.0 Fire Flex 5p.,2026,001461-3,Flex,1,F,julho de 2026 ,4hx5cybn600b,""quarta-feira, 1 de julho de 2026 03:45"",66577.0";;;;;;;;;;;;;;;;;
"335,1,,,2026,nan,""R$ 78.505,00"",Fiat,ARGO 1.0 6V Flex,2026,001509-1,Flex,1,F,julho de 2026 ,80smtfp8nmd2v,""quarta-feira, 1 de julho de 2026 03:45"",78505.0";;;;;;;;;;;;;;;;;
"335,1,,,2022,nan,""R$ 75.706,00"",Fiat,Strada Endurance 1.4 Flex 8V CD,2022,001529-6,Flex,1,F,julho de 2026 ,7yy8xwzd62lf,""quarta-feira, 1 de julho de 2026 03:45"",75706.0";;;;;;;;;;;;;;;;;
"335,1,,,2022,nan,""R$ 79.606,00"",Fiat,Fiorino Endurance EVO 1.4 Flex 8V 2p,2022,001531-8,Flex,1,F,julho de 2026 ,9fptdr2df9lf,""quarta-feira, 1 de julho de 2026 03:45"",79606.0";;;;;;;;;;;;;;;;;
"335,1,,,2024,nan,""R$ 115.752,00"",Fiat,Toro Endurance 1.3 T270 4x2 Flex Aut.,2024,001537-7,Flex,1,F,julho de 2026 ,gp1kyq6x44dwd,""quarta-feira, 1 de julho de 2026 03:45"",115752.0";;;;;;;;;;;;;;;;;
"335,1,,,2025,nan,""R$ 122.911,00"",Fiat,Toro Endurance 1.3 T270 4x2 Flex Aut.,2025,001537-7,Flex,1,F,julho de 2026 ,gzfsdj8bx3dzm,""quarta-feira, 1 de julho de 2026 03:45"",122911.0";;;;;;;;;;;;;;;;;
"335,1,,,2022,nan,""R$ 117.362,00"",Fiat,Toro Volcano 1.3 T270 4x2 Flex Aut.,2022,001539-3,Flex,1,F,julho de 2026 ,grx2036brkdny,""quarta-feira, 1 de julho de 2026 03:45"",117362.0";;;;;;;;;;;;;;;;;
"335,1,,,2023,nan,""R$ 88.059,00"",Fiat,PULSE DRIVE 1.3 8V Flex Aut.,2023,001544-0,Flex,1,F,julho de 2026 ,cdms62qlz7lpn,""quarta-feira, 1 de julho de 2026 03:45"",88059.0";;;;;;;;;;;;;;;;;
"335,1,,,2026,nan,""R$ 105.779,00"",Fiat,PULSE DRIVE 1.3 8V Flex Aut.,2026,001544-0,Flex,1,F,julho de 2026 ,gbb2th17jkd2v,""quarta-feira, 1 de julho de 2026 03:45"",105779.0";;;;;;;;;;;;;;;;;
"335,1,,,2024,nan,""R$ 114.502,00"",Fiat,Strada Volcano 1.3 Flex 8V CD Aut.,2024,001549-0,Flex,1,F,julho de 2026 ,gnk4hyqs84dwd,""quarta-feira, 1 de julho de 2026 03:45"",114502.0";;;;;;;;;;;;;;;;;
"335,1,,,2023,nan,""R$ 146.349,00"",Fiat,Scudo Cargo 1.5 16V Turbo Diesel,2023,001550-4,Diesel,1,D,julho de 2026 ,hvxn9lk7xbdrj,""quarta-feira, 1 de julho de 2026 03:46"",146349.0";;;;;;;;;;;;;;;;;
"335,1,,,2025,nan,""R$ 161.291,00"",Fiat,Scudo Cargo 1.5 16V Turbo Diesel,2025,001550-4,Diesel,1,D,julho de 2026 ,jffr85mbpbdyz,""quarta-feira, 1 de julho de 2026 03:46"",161291.0";;;;;;;;;;;;;;;;;
"335,1,,,2026,nan,""R$ 96.179,00"",Fiat,CRONOS DRIVE 1.3 8V Flex Aut.,2026,001554-7,Flex,1,F,julho de 2026 ,chp0lnnpsws0b,""quarta-feira, 1 de julho de 2026 03:46"",96179.0";;;;;;;;;;;;;;;;;
"335,1,,,2023,nan,""R$ 195.120,00"",Fiat,E-Scudo (Elétrico),2023,001560-1,Elétrico,1,E,julho de 2026 ,kp3b9xpd9ydrv,""quarta-feira, 1 de julho de 2026 03:46"",195120.0";;;;;;;;;;;;;;;;;
"335,1,,,2024,nan,""R$ 246.100,00"",Fiat,Ducato Minibus 2.2 Comf.19L Diesel (E6),2024,001567-9,Diesel,1,D,julho de 2026 ,mmwbbdckhddvr,""quarta-feira, 1 de julho de 2026 03:46"",246100.0";;;;;;;;;;;;;;;;;
"335,1,,,2026,nan,""R$ 94.768,00"",Fiat,Strada Endurance 1.3 Flex 8V CS Plus,2026,001569-5,Flex,1,F,julho de 2026 ,cg5gq31zbsrd2v,""quarta-feira, 1 de julho de 2026 03:46"",94768.0";;;;;;;;;;;;;;;;;
"335,1,,,2026,nan,""R$ 115.707,00"",Fiat,PULSE AUDACE Turbo 200  Aut. (Hibrído),2026,001579-2,Híbrido,1,H,julho de 2026 ,gpzx7wrjwxd25,""quarta-feira, 1 de julho de 2026 03:46"",115707.0";;;;;;;;;;;;;;;;;
"335,1,,,2025,nan,""R$ 98.214,00"",Fiat,Fiorino Endurance 1.3 Flex 8V 2p,2025,001589-0,Flex,1,F,julho de 2026 ,cjgv739npsvdzm,""quarta-feira, 1 de julho de 2026 03:46"",98214.0";;;;;;;;;;;;;;;;;
"335,1,,,2026,nan,""R$ 195.225,00"",Fiat,Scudo Multi 2.2 16 V Turbo Diesel,2026,001591-1,Diesel,1,D,julho de 2026 ,kp65mhz6gvd16,""quarta-feira, 1 de julho de 2026 03:46"",195225.0";;;;;;;;;;;;;;;;;
"335,1,,,2023,nan,""R$ 84.174,00"",Toyota,YARIS XL Sedan 1.5 Flex 16V 4p Aut.,2023,002168-7,Flex,1,F,julho de 2026 ,cb474l62g9cpn,""quarta-feira, 1 de julho de 2026 03:46"",84174.0";;;;;;;;;;;;;;;;;
"335,1,,,2022,nan,""R$ 113.760,00"",Toyota,Corolla GLi 2.0 16V Flex Aut.,2022,002181-4,Flex,1,F,julho de 2026 ,gmp5f9tr8bdny,""quarta-feira, 1 de julho de 2026 03:46"",113760.0";;;;;;;;;;;;;;;;;
"335,1,,,2025,nan,""R$ 143.092,00"",Toyota,Corolla GLi 2.0 16V Flex Aut.,2025,002181-4,Flex,1,F,julho de 2026 ,hq29gffzwfdzm,""quarta-feira, 1 de julho de 2026 03:46"",143092.0";;;;;;;;;;;;;;;;;
"335,1,,,2024,nan,""R$ 164.124,00"",Toyota,Corolla Altis Prem. 1.8 Aut. (Híbrido),2024,002183-0,Híbrido,1,H,julho de 2026 ,jjrrc75v7fdwq,""quarta-feira, 1 de julho de 2026 03:46"",164124.0";;;;;;;;;;;;;;;;;
"335,1,,,2025,nan,""R$ 294.713,00"",Toyota,RAV4 2.5 SX Connect 4x4  Aut. (Híbrido),2025,002196-2,Híbrido,1,H,julho de 2026 ,pgv79w144sdzy,""quarta-feira, 1 de julho de 2026 03:46"",294713.0";;;;;;;;;;;;;;;;;
"335,1,,,2024,nan,""R$ 159.193,00"",Toyota,Corolla Cross XRV 1.8 16V Aut. (Híbrido),2024,002200-4,Híbrido,1,H,julho de 2026 ,jbzjb650tmdwq,""quarta-feira, 1 de julho de 2026 03:46"",159193.0";;;;;;;;;;;;;;;;;
"335,1,,,2023,nan,""R$ 131.564,00"",Toyota,Corolla Cross XR 2.0 16V Flex Aut.,2023,002201-2,Flex,1,F,julho de 2026 ,g9k86x05b7dr5,""quarta-feira, 1 de julho de 2026 03:46"",131564.0";;;;;;;;;;;;;;;;;
"335,1,,,2026,nan,""R$ 174.855,00"",Toyota,Corolla Cross XRE 2.0 16V Flex Aut.,2026,002203-9,Flex,1,F,julho de 2026 ,jybslz2wv6d2v,""quarta-feira, 1 de julho de 2026 03:46"",174855.0";;;;;;;;;;;;;;;;;
"335,1,,,2025,nan,""R$ 188.072,00"",Toyota,Corolla Cross XRX 1.8 16V Aut. (Híbrido),2025,002204-7,Híbrido,1,H,julho de 2026 ,kft5x9skh4dzy,""quarta-feira, 1 de julho de 2026 03:46"",188072.0";;;;;;;;;;;;;;;;;
"335,1,,,2023,nan,""R$ 343.461,00"",Toyota,Hilux SW4 Diamond 2.8 TB 4x4 Die. Aut.,2023,002205-5,Diesel,1,D,julho de 2026 ,q903dxcywjdrj,""quarta-feira, 1 de julho de 2026 03:46"",343461.0";;;;;;;;;;;;;;;;;
"335,1,,,2023,nan,""R$ 350.634,00"",Toyota,Hilux SW4 GRS 2.8 TB 4x4 Diesel Aut.,2023,002206-3,Diesel,1,D,julho de 2026 ,rlftmqsyxydrj,""quarta-feira, 1 de julho de 2026 03:46"",350634.0";;;;;;;;;;;;;;;;;
"335,1,,,2024,nan,""R$ 343.476,00"",Toyota,Hilux SW4 SRX Plat. 4x4 2.8 TB Die. Aut.,2024,002214-4,Diesel,1,D,julho de 2026 ,q91m9tmy1sdvr,""quarta-feira, 1 de julho de 2026 03:46"",343476.0";;;;;;;;;;;;;;;;;
"335,1,,,2023,nan,""R$ 149.989,00"",Ford,Ranger XL 2.2 4x4 CS Diesel Mec.,2023,003433-9,Diesel,1,D,julho de 2026 ,hz5zpqjsr2drj,""quarta-feira, 1 de julho de 2026 03:46"",149989.0";;;;;;;;;;;;;;;;;
"335,1,,,2021,nan,""R$ 59.055,00"",Ford,Ka 1.5 Sedan SE Plus 12V Flex 4p Aut.,2021,003465-7,Flex,1,F,julho de 2026 ,1nq4s1tfplg6,""quarta-feira, 1 de julho de 2026 03:46"",59055.0";;;;;;;;;;;;;;;;;
"335,1,,,2022,nan,""R$ 160.013,00"",Ford,Bronco Sport Wildtrak 2.0 Tb 16V AWD Aut,2022,003481-9,Gasolina,1,G,julho de 2026 ,jcx99b9pt8dmn,""quarta-feira, 1 de julho de 2026 03:46"",160013.0";;;;;;;;;;;;;;;;;
"335,1,,,2026,nan,""R$ 309.333,00"",Ford,TRANSIT Minibus 18 Lug. 2.0 16V Diesel,2026,003484-3,Diesel,1,D,julho de 2026 ,p00ng7fsnld16,""quarta-feira, 1 de julho de 2026 03:46"",309333.0";;;;;;;;;;;;;;;;;
"335,1,,,2026,nan,""R$ 213.899,00"",Ford,Ranger XL 2.0 4x4 CD Diesel Mec. ,2026,003502-5,Diesel,1,D,julho de 2026 ,ld3xnqyfsdd16,""quarta-feira, 1 de julho de 2026 03:46"",213899.0";;;;;;;;;;;;;;;;;
"335,1,,,2026,nan,""R$ 261.586,00"",GM - Chevrolet,S10 Pick-Up LTZ 2.8 TDI 4x4 CD Dies.Aut,2026,004397-4,Diesel,1,D,julho de 2026 ,m6058lwbz2d16,""quarta-feira, 1 de julho de 2026 03:46"",261586.0";;;;;;;;;;;;;;;;;
"335,1,,,2024,nan,""R$ 79.954,00"",GM - Chevrolet,SPIN LS 1.8 8V Econo.Flex 5p Mec.,2024,004435-0,Flex,1,F,julho de 2026 ,9kr9h3bgbmsw,""quarta-feira, 1 de julho de 2026 03:46"",79954.0";;;;;;;;;;;;;;;;;
"335,1,,,2022,nan,""R$ 98.562,00"",GM - Chevrolet,CRUZE LT 1.4 16V Turbo Flex 4p Aut.,2022,004470-9,Flex,1,F,julho de 2026 ,cjlyq7yv1z0lf,""quarta-feira, 1 de julho de 2026 03:46"",98562.0";;;;;;;;;;;;;;;;;
"335,1,,,2022,nan,""R$ 133.937,00"",GM - Chevrolet,S10 Pick-Up Advantage 2.5 Flex 4x2 CD,2022,004474-1,Flex,1,F,julho de 2026 ,hdcj0gqb9mdny,""quarta-feira, 1 de julho de 2026 03:46"",133937.0";;;;;;;;;;;;;;;;;
"335,1,,,2026,nan,""R$ 139.489,00"",GM - Chevrolet,SPIN PREMIER 1.8 8V Econo.Flex 5p Aut.,2026,004494-6,Flex,1,F,julho de 2026 ,hlwbrn9yjdd2v,""quarta-feira, 1 de julho de 2026 03:46"",139489.0";;;;;;;;;;;;;;;;;
"335,1,,,2021,nan,""R$ 59.738,00"",GM - Chevrolet,ONIX HATCH LT 1.0 12V Flex 5p Mec.,2021,004517-9,Flex,1,F,julho de 2026 ,1xrdj23yxkg6,""quarta-feira, 1 de julho de 2026 03:46"",59738.0";;;;;;;;;;;;;;;;;
"335,1,,,2022,nan,""R$ 63.476,00"",GM - Chevrolet,ONIX SEDAN Plus LT 1.0 12V Flex 4p Mec.,2022,004518-7,Flex,1,F,julho de 2026 ,3bk1n80t1qlf,""quarta-feira, 1 de julho de 2026 03:46"",63476.0";;;;;;;;;;;;;;;;;
"335,1,,,2025,nan,""R$ 97.802,00"",GM - Chevrolet,ONIX HATCH RS 1.0 TB 12V Flex 5p Aut.,2025,004530-6,Flex,1,F,julho de 2026 ,ch91hw98nkjw3,""quarta-feira, 1 de julho de 2026 03:46"",97802.0";;;;;;;;;;;;;;;;;
"335,1,,,2026,nan,""R$ 141.728,00"",GM - Chevrolet,TRACKER LTZ 1.0 Turbo 12V Flex Aut.,2026,004532-2,Flex,1,F,julho de 2026 ,hphqkpb82wd2v,""quarta-feira, 1 de julho de 2026 03:46"",141728.0";;;;;;;;;;;;;;;;;
"335,1,,,2023,nan,""R$ 106.027,00"",GM - Chevrolet,MONTANA LTZ 1.2 Turbo Flex 12V 4p Aut.,2023,004541-1,Flex,1,F,julho de 2026 ,gbm27zl41fdr5,""quarta-feira, 1 de julho de 2026 03:46"",106027.0";;;;;;;;;;;;;;;;;
"335,1,,,2026,nan,""R$ 136.437,00"",GM - Chevrolet,MONTANA LTZ 1.2 Turbo Flex 12V 4p Aut.,2026,004541-1,Flex,1,F,julho de 2026 ,hg9dw00hmxd2v,""quarta-feira, 1 de julho de 2026 03:46"",136437.0";;;;;;;;;;;;;;;;;
"335,1,,,2022,nan,""R$ 62.286,00"",VW - VolksWagen,Saveiro Robust 1.6 Total Flex 8V,2022,005459-3,Flex,1,F,julho de 2026 ,2wmh8zt6lmlf,""quarta-feira, 1 de julho de 2026 03:46"",62286.0";;;;;;;;;;;;;;;;;
"335,1,,,2026,nan,""R$ 129.406,00"",VW - VolksWagen,VIRTUS Highline 200 TSI 1.0 Flex 12V Aut,2026,005484-4,Flex,1,F,julho de 2026 ,g61vn6qqd7d2v,""quarta-feira, 1 de julho de 2026 03:46"",129406.0";;;;;;;;;;;;;;;;;
"335,1,,,2023,nan,""R$ 101.237,00"",VW - VolksWagen,VIRTUS Comfort. 200 TSI 1.0 Flex 12V Aut,2023,005485-2,Flex,1,F,julho de 2026 ,f40z20ybd5dr5,""quarta-feira, 1 de julho de 2026 03:46"",101237.0";;;;;;;;;;;;;;;;;
"335,1,,,2026,nan,""R$ 118.378,00"",VW - VolksWagen,VIRTUS Comfort. 200 TSI 1.0 Flex 12V Aut,2026,005485-2,Flex,1,F,julho de 2026 ,gs30tfgmc4d2v,""quarta-feira, 1 de julho de 2026 03:46"",118378.0";;;;;;;;;;;;;;;;;
"335,1,,,2019,nan,""R$ 143.332,00"",VW - VolksWagen,TIGUAN Allspac R-Line 350 TSI 2.0 4x4,2019,005489-5,Gasolina,1,G,julho de 2026 ,hrc0whch91c9z,""quarta-feira, 1 de julho de 2026 03:46"",143332.0";;;;;;;;;;;;;;;;;
"335,1,,,2022,nan,""R$ 64.575,00"",VW - VolksWagen,VOYAGE 1.6 MSI Flex 16V 4p Aut.,2022,005501-8,Flex,1,F,julho de 2026 ,3rghqqwlnklf,""quarta-feira, 1 de julho de 2026 03:46"",64575.0";;;;;;;;;;;;;;;;;
"335,1,,,2026,nan,""R$ 159.706,00"",VW - VolksWagen,T-Cross Hig. 250 TSI 1.4 Flex 16V 5p Aut,2026,005508-5,Flex,1,F,julho de 2026 ,jck5czzq7pd2v,""quarta-feira, 1 de julho de 2026 03:46"",159706.0";;;;;;;;;;;;;;;;;
"335,1,,,2026,nan,""R$ 146.519,00"",VW - VolksWagen,T-Cross Comfor. 200 TSI 1.0 Flex 5p Aut.,2026,005509-3,Flex,1,F,julho de 2026 ,hv3vvkqt45d2v,""quarta-feira, 1 de julho de 2026 03:46"",146519.0";;;;;;;;;;;;;;;;;
"335,1,,,2026,nan,""R$ 97.337,00"",VW - VolksWagen,Polo Sense TSI 1.0 Flex 12V Aut,2026,005513-1,Flex,1,F,julho de 2026 ,ch4lhg5sd44d2v,""quarta-feira, 1 de julho de 2026 03:46"",97337.0";;;;;;;;;;;;;;;;;
"335,1,,,2026,nan,""R$ 137.884,00"",VW - VolksWagen,Nivus Highline 1.0 200 TSI Flex Aut.,2026,005526-3,Flex,1,F,julho de 2026 ,hjzz9yf0mwd2v,""quarta-feira, 1 de julho de 2026 03:46"",137884.0";;;;;;;;;;;;;;;;;
"335,1,,,2023,nan,""R$ 79.878,00"",VW - VolksWagen,VIRTUS TSI 1.0 Flex 12V 4p Mec.,2023,005542-5,Flex,1,F,julho de 2026 ,9jwn5jz49zdr5,""quarta-feira, 1 de julho de 2026 03:46"",79878.0";;;;;;;;;;;;;;;;;
"335,1,,,2026,nan,""R$ 103.907,00"",VW - VolksWagen,VIRTUS TSI 1.0 Flex 12V 4p Mec.,2026,005542-5,Flex,1,F,julho de 2026 ,f741jk9kbgd2v,""quarta-feira, 1 de julho de 2026 03:46"",103907.0";;;;;;;;;;;;;;;;;
"335,1,,,2026,nan,""R$ 113.471,00"",VW - VolksWagen,VIRTUS TSI 1.0 Flex 12V 4p Aut.,2026,005543-3,Flex,1,F,julho de 2026 ,gmcntn56xdd2v,""quarta-feira, 1 de julho de 2026 03:47"",113471.0";;;;;;;;;;;;;;;;;
"335,1,,,2025,nan,""R$ 77.286,00"",VW - VolksWagen,Polo Robust 1.0 Flex 12V 5p,2025,005550-6,Flex,1,F,julho de 2026 ,8khknngsy4dzm,""quarta-feira, 1 de julho de 2026 03:46"",77286.0";;;;;;;;;;;;;;;;;
"335,1,,,2022,nan,""R$ 395.369,00"",Audi,Q8 Perf.Black 3.0 TFSI Quat. S-tr/(Híb.),2022,008250-3,Híbrido,1,H,julho de 2026 ,s8ws1v1n1jdn8,""quarta-feira, 1 de julho de 2026 03:47"",395369.0";;;;;;;;;;;;;;;;;
"335,1,,,2023,nan,""R$ 462.952,00"",Audi,Q8 Perf.Black 3.0 TFSI Quat. S-tr/(Híb.),2023,008250-3,Híbrido,1,H,julho de 2026 ,wt37lp5mc2dsh,""quarta-feira, 1 de julho de 2026 03:47"",462952.0";;;;;;;;;;;;;;;;;
"335,1,,,2022,nan,""R$ 300.826,00"",Audi,E-TRON Performace Aut. (Elétrico),2022,008257-0,Elétrico,1,E,julho de 2026 ,pp1f5j6f5hdnm,""quarta-feira, 1 de julho de 2026 03:47"",300826.0";;;;;;;;;;;;;;;;;
"335,1,,,2023,nan,""R$ 191.265,00"",Audi,A4 S Line 2.0  TFSI 204cv S Tonic,2023,008281-3,Gasolina,1,G,julho de 2026 ,kkk7nzstqbdqw,""quarta-feira, 1 de julho de 2026 03:47"",191265.0";;;;;;;;;;;;;;;;;
"335,1,,,2023,nan,""R$ 237.659,00"",Audi,Q3 SPB Perf. Black 2.0 TFSI Tipt. Quat.,2023,008283-0,Gasolina,1,G,julho de 2026 ,l9zjc2rr13dqw,""quarta-feira, 1 de julho de 2026 03:47"",237659.0";;;;;;;;;;;;;;;;;
"335,1,,,2024,nan,""R$ 267.958,00"",Audi,Q3 SPB Perf. Black 2.0 TFSI Tipt. Quat.,2024,008283-0,Gasolina,1,G,julho de 2026 ,nghsyyzl09dt3,""quarta-feira, 1 de julho de 2026 03:47"",267958.0";;;;;;;;;;;;;;;;;
"335,1,,,2024,nan,""R$ 255.754,00"",Audi,Q3 Performance 2.0 TFSI Tiptr. Quattro,2024,008284-8,Gasolina,1,G,julho de 2026 ,mz5605bdpldt3,""quarta-feira, 1 de julho de 2026 03:47"",255754.0";;;;;;;;;;;;;;;;;
"335,1,,,2024,nan,""R$ 341.215,00"",Audi,Q5 Perf. Black 2.0 TFSIe S.Tr. Qt (Hib.),2024,008285-6,Híbrido,1,H,julho de 2026 ,q7dgqcr0m9dwq,""quarta-feira, 1 de julho de 2026 03:47"",341215.0";;;;;;;;;;;;;;;;;
"335,1,,,2024,nan,""R$ 333.949,00"",Audi,Q5 SB P Black. 2.0 TFSIe S.Tr. Qt (Hib.),2024,008287-2,Híbrido,1,H,julho de 2026 ,qywcp3st5rdwq,""quarta-feira, 1 de julho de 2026 03:47"",333949.0";;;;;;;;;;;;;;;;;
"335,1,,,2025,nan,""R$ 257.436,00"",Audi,Q3 Prestige 2.0 TFSI Tiptr.Quatro ,2025,008289-9,Gasolina,1,G,julho de 2026 ,m15b7fvcdtdyb,""quarta-feira, 1 de julho de 2026 03:47"",257436.0";;;;;;;;;;;;;;;;;
"335,1,,,2025,nan,""R$ 297.057,00"",BMW,320iA 2.0 Turbo/ActiveFlex 16V/GP  4p,2025,009164-2,Gasolina,1,G,julho de 2026 ,pkmgfhw6qhdyb,""quarta-feira, 1 de julho de 2026 03:47"",297057.0";;;;;;;;;;;;;;;;;
"335,1,,,2023,nan,""R$ 266.424,00"",BMW,320iA 2.0 TB M Sport A.Flex/M.Sport 4p,2023,009213-4,Flex,1,F,julho de 2026 ,ndp1h6glg6dr5,""quarta-feira, 1 de julho de 2026 03:47"",266424.0";;;;;;;;;;;;;;;;;
"335,1,,,2025,nan,""R$ 321.588,00"",BMW,320iA 2.0 TB M Sport A.Flex/M.Sport 4p,2025,009213-4,Flex,1,F,julho de 2026 ,qhc2wd8hkydzm,""quarta-feira, 1 de julho de 2026 03:47"",321588.0";;;;;;;;;;;;;;;;;
"335,1,,,2023,nan,""R$ 272.765,00"",BMW,X3 XDRIVE 30e X-Line Turbo Aut. (Híb.),2023,009272-0,Híbrido,1,H,julho de 2026 ,nm4h8p8xxxdsh,""quarta-feira, 1 de julho de 2026 03:47"",272765.0";;;;;;;;;;;;;;;;;
"335,1,,,2025,nan,""R$ 296.898,00"",BMW,X1 SDRIVE 20i X-Line 2.0 TB Aut.,2025,009303-3,Gasolina,1,G,julho de 2026 ,pkfn8p5wwpdyb,""quarta-feira, 1 de julho de 2026 03:47"",296898.0";;;;;;;;;;;;;;;;;
"335,1,,,2024,nan,""R$ 289.385,00"",BMW,X1 SDRIVE 20i M Sport 2.0 TB Aut.,2024,009305-0,Gasolina,1,G,julho de 2026 ,n8mlywj2zpdt3,""quarta-feira, 1 de julho de 2026 03:47"",289385.0";;;;;;;;;;;;;;;;;
"335,1,,,2025,nan,""R$ 316.341,00"",BMW,X1 SDRIVE 20i M Sport 2.0 TB Aut.,2025,009305-0,Gasolina,1,G,julho de 2026 ,p87csnwdvgdyb,""quarta-feira, 1 de julho de 2026 03:47"",316341.0";;;;;;;;;;;;;;;;;
"335,1,,,2025,nan,""R$ 661.906,00"",BMW,X5 XDRIVE 50e 3.0 M Sport Aut. (Hibrido),2025,009307-6,Híbrido,1,H,julho de 2026 ,4cdl51gclhdzy,""quarta-feira, 1 de julho de 2026 03:47"",661906.0";;;;;;;;;;;;;;;;;
"335,1,,,2023,nan,""R$ 78.201,00"",Citroën,C4 CACTUS FEEL Pack 1.6 16V Flex Aut.,2023,011197-0,Flex,1,F,julho de 2026 ,8w64g6xq4lpn,""quarta-feira, 1 de julho de 2026 03:47"",78201.0";;;;;;;;;;;;;;;;;
"335,1,,,2023,nan,""R$ 139.406,00"",Citroën,Jumpy Cargo 1.5 Turbo Diesel,2023,011216-0,Diesel,1,D,julho de 2026 ,hlr97jz4hndrj,""quarta-feira, 1 de julho de 2026 03:47"",139406.0";;;;;;;;;;;;;;;;;
"335,1,,,2025,nan,""R$ 99.523,00"",Citroën,AIRCROSS F. Pack 1.0 Flex TB 200 Aut.,2025,011231-3,Flex,1,F,julho de 2026 ,cjy61ck41v3dzm,""quarta-feira, 1 de julho de 2026 03:47"",99523.0";;;;;;;;;;;;;;;;;
"335,1,,,2021,nan,""R$ 149.228,00"",Honda,Civic Sedan TOURING 1.5 Turbo 16V Aut.4p,2021,014089-9,Gasolina,1,G,julho de 2026 ,hy897d8ln9djf,""quarta-feira, 1 de julho de 2026 03:47"",149228.0";;;;;;;;;;;;;;;;;
"335,1,,,2024,nan,""R$ 119.641,00"",Honda,CITY Hatchback EXL 1.5 Flex 16V Aut.,2024,014108-9,Flex,1,F,julho de 2026 ,gvlxw9p3qbdwd,""quarta-feira, 1 de julho de 2026 03:47"",119641.0";;;;;;;;;;;;;;;;;
"335,1,,,2025,nan,""R$ 147.585,00"",Honda,HR-V EXL 1.5 Flex Sensing 16V 5p Aut.,2025,014110-0,Flex,1,F,julho de 2026 ,hxclzbr6hhdzm,""quarta-feira, 1 de julho de 2026 03:47"",147585.0";;;;;;;;;;;;;;;;;
"335,1,,,2023,nan,""R$ 108.471,00"",Hyundai,Creta Comfort 1.0 TB 12V Flex Aut.,2023,015200-5,Flex,1,F,julho de 2026 ,gfhx1j2b0ldr5,""quarta-feira, 1 de julho de 2026 03:47"",108471.0";;;;;;;;;;;;;;;;;
"335,1,,,2026,nan,""R$ 132.114,00"",Hyundai,Creta Comfort 1.0 TB 12V Flex Aut.,2026,015200-5,Flex,1,F,julho de 2026 ,g968x3wpkfd2v,""quarta-feira, 1 de julho de 2026 03:47"",132114.0";;;;;;;;;;;;;;;;;
"335,1,,,2026,nan,""R$ 160.980,00"",Hyundai,Creta Platinum 1.0 TB 12V Flex Aut.,2026,015202-1,Flex,1,F,julho de 2026 ,jd2gv3xtxgd2v,""quarta-feira, 1 de julho de 2026 03:47"",160980.0";;;;;;;;;;;;;;;;;
"335,1,,,2023,nan,""R$ 112.453,00"",Hyundai,Creta Limited 1.0 TB 12V Flex Aut.,2023,015203-0,Flex,1,F,julho de 2026 ,gk5nsj2xb1dr5,""quarta-feira, 1 de julho de 2026 03:47"",112453.0";;;;;;;;;;;;;;;;;
"335,1,,,2024,nan,""R$ 117.720,00"",Hyundai,Creta Limited 1.0 TB 12V Flex Aut.,2024,015203-0,Flex,1,F,julho de 2026 ,gsb3dv1txhdwd,""quarta-feira, 1 de julho de 2026 03:47"",117720.0";;;;;;;;;;;;;;;;;
"335,1,,,2023,nan,""R$ 67.439,00"",Hyundai,HB20 Limited 1.0 Flex 12V Mec.,2023,015213-7,Flex,1,F,julho de 2026 ,4t1g0qwg9dpn,""quarta-feira, 1 de julho de 2026 03:47"",67439.0";;;;;;;;;;;;;;;;;
"335,1,,,2026,nan,""R$ 83.447,00"",Hyundai,HB20 Limited 1.0 Flex 12V Mec.,2026,015213-7,Flex,1,F,julho de 2026 ,cbwqw29jhpb0b,""quarta-feira, 1 de julho de 2026 03:47"",83447.0";;;;;;;;;;;;;;;;;
"335,1,,,2026,nan,""R$ 80.983,00"",Hyundai,HB20 Comfort 1.0 Flex 12V Mec.,2026,015215-3,Flex,1,F,julho de 2026 ,9yt9t2qwv40b,""quarta-feira, 1 de julho de 2026 03:47"",80983.0";;;;;;;;;;;;;;;;;
"335,1,,,2026,nan,""R$ 87.058,00"",Hyundai,HB20S Comfort 1.0  Flex 12V Mec.,2026,015218-8,Flex,1,F,julho de 2026 ,cc72c7s0qvhd2v,""quarta-feira, 1 de julho de 2026 03:47"",87058.0";;;;;;;;;;;;;;;;;
"335,1,,,2026,nan,""R$ 175.071,00"",Hyundai,Creta Ultimate 1.6 TB 16V Aut.,2026,015249-8,Gasolina,1,G,julho de 2026 ,jylmzqn708d1k,""quarta-feira, 1 de julho de 2026 03:47"",175071.0";;;;;;;;;;;;;;;;;
"335,1,,,2026,nan,""R$ 163.127,00"",Jeep,COMPASS LONG. T270 1.3 TB 4x2 Flex Aut.,2026,017071-2,Flex,1,F,julho de 2026 ,jhlh0l4x4md2v,""quarta-feira, 1 de julho de 2026 03:47"",163127.0";;;;;;;;;;;;;;;;;
"335,1,,,2024,nan,""R$ 166.869,00"",Jeep,COMPASS LIMITED TD 350 2.0 4x4 Die. Aut.,2024,017077-1,Diesel,1,D,julho de 2026 ,jmzjbj54yrdvr,""quarta-feira, 1 de julho de 2026 03:47"",166869.0";;;;;;;;;;;;;;;;;
"335,1,,,2026,nan,""R$ 135.459,00"",Jeep,Renegade Long. T270 1.3 TB 4x2 Flex Aut.,2026,017088-7,Flex,1,F,julho de 2026 ,hf4vx2d13dd2v,""quarta-feira, 1 de julho de 2026 03:47"",135459.0";;;;;;;;;;;;;;;;;
"335,1,,,2025,nan,""R$ 198.368,00"",Jeep,COMPASS Black Hurricane 2.0 4x4 TB Aut.,2025,017096-8,Gasolina,1,G,julho de 2026 ,ktxd0qdl4ddyb,""quarta-feira, 1 de julho de 2026 03:47"",198368.0";;;;;;;;;;;;;;;;;
"335,1,,,2025,nan,""R$ 189.766,00"",Jeep,COMPASS Over. Hurric 2.0 4x4 TB 16V Aut.,2025,017097-6,Gasolina,1,G,julho de 2026 ,khtrnq1m89dyb,""quarta-feira, 1 de julho de 2026 03:47"",189766.0";;;;;;;;;;;;;;;;;
"335,1,,,2025,nan,""R$ 235.706,00"",Jeep,Commander Overl. 2.2 TD 4x4 Diesel Aut.,2025,017104-2,Diesel,1,D,julho de 2026 ,l7pjtv5tdtdyz,""quarta-feira, 1 de julho de 2026 03:47"",235706.0";;;;;;;;;;;;;;;;;
"335,1,,,2024,nan,""R$ 149.090,00"",Mitsubishi,L200 Tri. Outd. GLX 2.4 CD 4x4 Die. Mec.,2024,022189-9,Diesel,1,D,julho de 2026 ,hy39q49y0tdvr,""quarta-feira, 1 de julho de 2026 03:47"",149090.0";;;;;;;;;;;;;;;;;
"335,1,,,2022,nan,""R$ 154.946,00"",Nissan,Frontier XE CD 4x4 2.3 Bi-TB Diesel Aut.,2022,023159-2,Diesel,1,D,julho de 2026 ,h5z40xqpwtdm9,""quarta-feira, 1 de julho de 2026 03:47"",154946.0";;;;;;;;;;;;;;;;;
"335,1,,,2022,nan,""R$ 146.177,00"",Nissan,Frontier ATTAC.CD 4x4 2.3 Bi-TB Die. Aut,2022,023160-6,Diesel,1,D,julho de 2026 ,hvqfhqpwmndm9,""quarta-feira, 1 de julho de 2026 03:47"",146177.0";;;;;;;;;;;;;;;;;
"335,1,,,2021,nan,""R$ 116.416,00"",Nissan,Frontier S CD 4x4 2.3 TB Diesel Mec.,2021,023161-4,Diesel,1,D,julho de 2026 ,gqtp3wkp8bdj2,""quarta-feira, 1 de julho de 2026 03:47"",116416.0";;;;;;;;;;;;;;;;;
"335,1,,,2023,nan,""R$ 137.640,00"",Nissan,Frontier S CD 4x4 2.3 TB Diesel Mec.,2023,023161-4,Diesel,1,D,julho de 2026 ,hjp4c446tndrj,""quarta-feira, 1 de julho de 2026 03:47"",137640.0";;;;;;;;;;;;;;;;;
"335,1,,,2025,nan,""R$ 105.774,00"",Nissan,VERSA Advance 1.6 16V Flex Aut.,2025,023175-4,Flex,1,F,julho de 2026 ,gbbw5vyxl1dzm,""quarta-feira, 1 de julho de 2026 03:47"",105774.0";;;;;;;;;;;;;;;;;
"335,1,,,2023,nan,""R$ 83.515,00"",Nissan,VERSA Sense 1.6 16V Flex Aut.,2023,023176-2,Flex,1,F,julho de 2026 ,cbxjl887d4vpn,""quarta-feira, 1 de julho de 2026 03:47"",83515.0";;;;;;;;;;;;;;;;;
"335,1,,,2026,nan,""R$ 145.360,00"",Nissan,Sentra Advance 2.0 16V Aut.,2026,023187-8,Gasolina,1,G,julho de 2026 ,htrqyb4tc6d1k,""quarta-feira, 1 de julho de 2026 03:48"",145360.0";;;;;;;;;;;;;;;;;
"335,1,,,2026,nan,""R$ 166.813,00"",Nissan,Sentra Exclu. Int. Premium 2.0 16V Aut.,2026,023189-4,Gasolina,1,G,julho de 2026 ,jmxg7gsl81d1k,""quarta-feira, 1 de julho de 2026 03:48"",166813.0";;;;;;;;;;;;;;;;;
"335,1,,,2022,nan,""R$ 69.995,00"",Peugeot,208 Allure 1.6 Flex 16V 5p Aut.,2022,024215-2,Flex,1,F,julho de 2026 ,5s0hwx67zvlf,""quarta-feira, 1 de julho de 2026 03:48"",69995.0";;;;;;;;;;;;;;;;;
"335,1,,,2021,nan,""R$ 161.950,00"",Renault,Master 2.3 dCi Grand Furgão16V Diesel,2021,025197-6,Diesel,1,D,julho de 2026 ,jf6qtnl8nzdj2,""quarta-feira, 1 de julho de 2026 03:48"",161950.0";;;;;;;;;;;;;;;;;
"335,1,,,2022,nan,""R$ 185.219,00"",Renault,Master 2.3 dCi Extra Furgão 16V Diesel,2022,025198-4,Diesel,1,D,julho de 2026 ,kbhg9mlh73dm9,""quarta-feira, 1 de julho de 2026 03:48"",185219.0";;;;;;;;;;;;;;;;;
"335,1,,,2025,nan,""R$ 97.438,00"",Renault,OROCH Pro 1.6 Flex 16V Mec.,2025,025313-8,Flex,1,F,julho de 2026 ,ch5r6h6tdgww3,""quarta-feira, 1 de julho de 2026 03:48"",97438.0";;;;;;;;;;;;;;;;;
"335,1,,,2024,nan,""R$ 100.613,00"",Renault,DUSTER Iconic Plus 1.6 16V Flex Aut.,2024,025324-3,Flex,1,F,julho de 2026 ,f389z06717dwd,""quarta-feira, 1 de julho de 2026 03:48"",100613.0";;;;;;;;;;;;;;;;;
"335,1,,,2026,nan,""R$ 102.928,00"",Renault,Kangoo Advanced 1.6 16V Flex ,2026,025331-6,Flex,1,F,julho de 2026 ,f60gfnyx5cd2v,""quarta-feira, 1 de julho de 2026 03:48"",102928.0";;;;;;;;;;;;;;;;;
"335,1,,,2024,nan,""R$ 421.370,00"",Volvo,XC 90 T-8 Ultim. Dark 2.0 AWD (Híbrido),2024,029153-6,Híbrido,1,H,julho de 2026 ,t8cvt2g806dwq,""quarta-feira, 1 de julho de 2026 03:48"",421370.0";;;;;;;;;;;;;;;;;
"335,1,,,2024,nan,""R$ 395.925,00"",Volvo,XC 90 T-8 Ultimate 2.0 AWD (Híbrido),2024,029154-4,Híbrido,1,H,julho de 2026 ,s9j0jnp2rjdwq,""quarta-feira, 1 de julho de 2026 03:48"",395925.0";;;;;;;;;;;;;;;;;
"335,1,,,2022,nan,""R$ 223.843,00"",Land Rover,Discovery Sp. SE R-Dyn 2.0 TB Die.(Híb.),2022,033171-6,Híbrido,1,H,julho de 2026 ,lssb30j0rpdn8,""quarta-feira, 1 de julho de 2026 03:48"",223843.0";;;;;;;;;;;;;;;;;
"335,1,,,2025,nan,""R$ 200.277,00"",RAM,RAMPAGE REBEL HURR.4 2.0 TB CD 4X4 Aut.,2025,083016-0,Gasolina,1,G,julho de 2026 ,kw4szz84t9dyb,""quarta-feira, 1 de julho de 2026 03:48"",200277.0";;;;;;;;;;;;;;;;;
"335,1,,,2025,nan,""R$ 161.584,00"",Caoa Chery,Tiggo 8 Max Drive 1.6 Turbo Aut.,2025,093013-0,Gasolina,1,G,julho de 2026 ,jfsffgpk8qdyb,""quarta-feira, 1 de julho de 2026 03:48"",161584.0";;;;;;;;;;;;;;;;;
"335,1,,,2025,nan,""R$ 183.894,00"",GWM,Haval H6 2 1.5 (Hibrido),2025,096001-2,Híbrido,1,H,julho de 2026 ,j8ybb3k6nbdzy,""quarta-feira, 1 de julho de 2026 03:48"",183894.0";;;;;;;;;;;;;;;;;
"335,1,,,2025,nan,""R$ 201.250,00"",GWM,Haval H6 19 1.5 (Hibrido),2025,096008-0,Híbrido,1,H,julho de 2026 ,kx85bbr6rydzy,""quarta-feira, 1 de julho de 2026 03:48"",201250.0";;;;;;;;;;;;;;;;;
"335,1,,,2025,nan,""R$ 182.698,00"",GWM,Haval H6 ONE 1.5 (Hibrido),2025,096010-1,Híbrido,1,H,julho de 2026 ,j7jvrhx8z0dzy,""quarta-feira, 1 de julho de 2026 03:48"",182698.0";;;;;;;;;;;;;;;;;
336,1,,,2022,,"R$ 118.106,00",Fiat,Toro Volcano 2.0 16V 4x4 TB Diesel Aut.,2022,001453-2,Diesel,1,D,agosto de 2026 ,gss4bnhkyddm9,"sábado, 1 de agosto de 2026 14:39",118106.0
336,1,,,2023,,"R$ 130.094,00",Fiat,Toro Volcano 2.0 16V 4x4 TB Diesel Aut.,2023,001453-2,Diesel,1,D,agosto de 2026 ,g7vvwpnz4rdrj,"sábado, 1 de agosto de 2026 14:39",130094.0
336,1,,,2024,,"R$ 143.626,00",Fiat,Toro Volcano 2.0 16V 4x4 TB Diesel Aut.,2024,001453-2,Diesel,1,D,agosto de 2026 ,hrqp4r6ms0dvr,"sábado, 1 de agosto de 2026 14:39",143626.0
336,1,,,2025,,"R$ 154.538,00",Fiat,Toro Volcano 2.0 16V 4x4 TB Diesel Aut.,2025,001453-2,Diesel,1,D,agosto de 2026 ,h5h99q69g0dyz,"sábado, 1 de agosto de 2026 14:39",154538.0
336,1,,,2023,,"R$ 53.531,00",Fiat,MOBI LIKE 1.0 Fire Flex 5p.,2023,001461-3,Flex,1,F,agosto de 2026 ,zkzbth3rggpn,"sábado, 1 de agosto de 2026 14:39",53531.0
336,1,,,2024,,"R$ 56.138,00",Fiat,MOBI LIKE 1.0 Fire Flex 5p.,2024,001461-3,Flex,1,F,agosto de 2026 ,0kjxbtndsysw,"sábado, 1 de agosto de 2026 14:39",56138.0
336,1,,,2025,,"R$ 61.530,00",Fiat,MOBI LIKE 1.0 Fire Flex 5p.,2025,001461-3,Flex,1,F,agosto de 2026 ,2lrq0ttjbmw3,"sábado, 1 de agosto de 2026 14:39",61530.0
336,1,,,2026,,"R$ 67.145,00",Fiat,MOBI LIKE 1.0 Fire Flex 5p.,2026,001461-3,Flex,1,F,agosto de 2026 ,4qlmcgnkk80b,"sábado, 1 de agosto de 2026 14:39",67145.0
336,1,,,2022,,"R$ 59.750,00",Fiat,ARGO DRIVE 1.0 6V Flex,2022,001494-0,Flex,1,F,agosto de 2026 ,1xwrrycry6lf,"sábado, 1 de agosto de 2026 14:39",59750.0
336,1,,,2023,,"R$ 65.529,00",Fiat,ARGO DRIVE 1.0 6V Flex,2023,001494-0,Flex,1,F,agosto de 2026 ,33m7zvkrc9pn,"sábado, 1 de agosto de 2026 14:39",65529.0
336,1,,,2024,,"R$ 68.652,00",Fiat,ARGO DRIVE 1.0 6V Flex,2024,001494-0,Flex,1,F,agosto de 2026 ,488ck04kk0sw,"sábado, 1 de agosto de 2026 14:39",68652.0
336,1,,,2025,,"R$ 70.875,00",Fiat,ARGO DRIVE 1.0 6V Flex,2025,001494-0,Flex,1,F,agosto de 2026 ,54bcb90wtkw3,"sábado, 1 de agosto de 2026 14:39",70875.0
336,1,,,2026,,"R$ 78.229,00",Fiat,ARGO DRIVE 1.0 6V Flex,2026,001494-0,Flex,1,F,agosto de 2026 ,8xj9zsn6wp0b,"sábado, 1 de agosto de 2026 14:39",78229.0
336,1,,,2023,,"R$ 73.748,00",Fiat,CRONOS DRIVE 1.3 8V Flex,2023,001505-9,Flex,1,F,agosto de 2026 ,660l1xtsqlpn,"sábado, 1 de agosto de 2026 14:39",73748.0
336,1,,,2024,,"R$ 80.521,00",Fiat,CRONOS DRIVE 1.3 8V Flex,2024,001505-9,Flex,1,F,agosto de 2026 ,9sfc7dcwt0sw,"sábado, 1 de agosto de 2026 14:39",80521.0
336,1,,,2025,,"R$ 86.762,00",Fiat,CRONOS DRIVE 1.3 8V Flex,2025,001505-9,Flex,1,F,agosto de 2026 ,cc4ls18w8wmw3,"sábado, 1 de agosto de 2026 14:39",86762.0
336,1,,,2022,,"R$ 57.741,00",Fiat,ARGO 1.0 6V Flex,2022,001509-1,Flex,1,F,agosto de 2026 ,05bj7dnmz7dny,"sábado, 1 de agosto de 2026 14:39",57741.0
336,1,,,2023,,"R$ 63.036,00",Fiat,ARGO 1.0 6V Flex,2023,001509-1,Flex,1,F,agosto de 2026 ,25d3yvskz8dr5,"sábado, 1 de agosto de 2026 14:39",63036.0
336,1,,,2024,,"R$ 66.063,00",Fiat,ARGO 1.0 6V Flex,2024,001509-1,Flex,1,F,agosto de 2026 ,39xbvsf1xhdwd,"sábado, 1 de agosto de 2026 14:39",66063.0
336,1,,,2025,,"R$ 70.410,00",Fiat,ARGO 1.0 6V Flex,2025,001509-1,Flex,1,F,agosto de 2026 ,5ywbx6xvbmdzm,"sábado, 1 de agosto de 2026 14:39",70410.0
336,1,,,2024,,"R$ 81.655,00",Fiat,ARGO TREKKING 1.3 8V Flex,2024,001519-9,Flex,1,F,agosto de 2026 ,96qkm5m18csw,"sábado, 1 de agosto de 2026 14:39",81655.0
336,1,,,2022,,"R$ 69.433,00",Fiat,Strada Endurance 1.4 Flex 8V CS Plus,2022,001526-1,Flex,1,F,agosto de 2026 ,5ld7jx9ml6lf,"sábado, 1 de agosto de 2026 14:39",69433.0
336,1,,,2023,,"R$ 74.680,00",Fiat,Strada Endurance 1.4 Flex 8V CS Plus,2023,001526-1,Flex,1,F,agosto de 2026 ,7kycd8gwzhpn,"sábado, 1 de agosto de 2026 14:39",74680.0
336,1,,,2024,,"R$ 99.429,00",Fiat,Strada Freedom 1.3 Flex 8V CD,2024,001530-0,Flex,1,F,agosto de 2026 ,cjx3v7jxcnssw,"sábado, 1 de agosto de 2026 14:39",99429.0
336,1,,,2025,,"R$ 108.027,00",Fiat,Strada Freedom 1.3 Flex 8V CD,2025,001530-0,Flex,1,F,agosto de 2026 ,gdzsrxc73vdzm,"sábado, 1 de agosto de 2026 14:39",108027.0
336,1,,,2023,,"R$ 83.793,00",Fiat,Fiorino Endurance EVO 1.4 Flex 8V 2p,2023,001531-8,Flex,1,F,agosto de 2026 ,cb0snpgh9k8pn,"sábado, 1 de agosto de 2026 14:39",83793.0
336,1,,,2024,,"R$ 89.931,00",Fiat,Fiorino Endurance EVO 1.4 Flex 8V 2p,2024,001531-8,Flex,1,F,agosto de 2026 ,cfbrmy08fh8sw,"sábado, 1 de agosto de 2026 14:39",89931.0
336,1,,,2025,,"R$ 98.080,00",Fiat,Fiorino Endurance EVO 1.4 Flex 8V 2p,2025,001531-8,Flex,1,F,agosto de 2026 ,cjd9j9hk8wmw3,"sábado, 1 de agosto de 2026 14:39",98080.0
336,1,,,2024,,"R$ 61.174,00",Fiat,MOBI TREKKING 1.0 Flex 5p.,2024,001536-9,Flex,1,F,agosto de 2026 ,2glbr3gk3tsw,"sábado, 1 de agosto de 2026 14:39",61174.0
336,1,,,2025,,"R$ 66.998,00",Fiat,MOBI TREKKING 1.0 Flex 5p.,2025,001536-9,Flex,1,F,agosto de 2026 ,4nv5077pc5w3,"sábado, 1 de agosto de 2026 14:39",66998.0
336,1,,,2025,,"R$ 122.422,00",Fiat,Toro Endurance 1.3 T270 4x2 Flex Aut.,2025,001537-7,Flex,1,F,agosto de 2026 ,gyv0d22lbsdzm,"sábado, 1 de agosto de 2026 14:39",122422.0
336,1,,,2022,,"R$ 105.409,00",Fiat,Toro Freedom 1.3 T270 4x2 Flex Aut.,2022,001538-5,Flex,1,F,agosto de 2026 ,f9xmxnjyf3dny,"sábado, 1 de agosto de 2026 14:39",105409.0
336,1,,,2023,,"R$ 114.905,00",Fiat,Toro Freedom 1.3 T270 4x2 Flex Aut.,2023,001538-5,Flex,1,F,agosto de 2026 ,gn1slj51m8dr5,"sábado, 1 de agosto de 2026 14:39",114905.0
336,1,,,2024,,"R$ 123.375,00",Fiat,Toro Freedom 1.3 T270 4x2 Flex Aut.,2024,001538-5,Flex,1,F,agosto de 2026 ,gzzm6t9mmwdwd,"sábado, 1 de agosto de 2026 14:39",123375.0
336,1,,,2025,,"R$ 130.768,00",Fiat,Toro Freedom 1.3 T270 4x2 Flex Aut.,2025,001538-5,Flex,1,F,agosto de 2026 ,g8nb94f8cmdzm,"sábado, 1 de agosto de 2026 14:39",130768.0
336,1,,,2023,,"R$ 93.595,00",Fiat,PULSE AUDACE 1.0 Turbo 200 Flex Aut.,2023,001542-3,Flex,1,F,agosto de 2026 ,cgqqc9ggqfmpn,"sábado, 1 de agosto de 2026 14:39",93595.0
336,1,,,2024,,"R$ 98.719,00",Fiat,PULSE AUDACE 1.0 Turbo 200 Flex Aut.,2024,001542-3,Flex,1,F,agosto de 2026 ,cjnss8lcsd2sw,"sábado, 1 de agosto de 2026 14:39",98719.0
336,1,,,2023,,"R$ 87.576,00",Fiat,PULSE DRIVE 1.3 8V Flex Aut.,2023,001544-0,Flex,1,F,agosto de 2026 ,cdf4nvxhgxbpn,"sábado, 1 de agosto de 2026 14:39",87576.0
336,1,,,2024,,"R$ 91.702,00",Fiat,PULSE DRIVE 1.3 8V Flex Aut.,2024,001544-0,Flex,1,F,agosto de 2026 ,cf0jbs9j04tsw,"sábado, 1 de agosto de 2026 14:39",91702.0
336,1,,,2025,,"R$ 97.134,00",Fiat,PULSE DRIVE 1.3 8V Flex Aut.,2025,001544-0,Flex,1,F,agosto de 2026 ,ch16p52n06yw3,"sábado, 1 de agosto de 2026 14:39",97134.0
336,1,,,2026,,"R$ 104.189,00",Fiat,PULSE DRIVE 1.3 8V Flex Aut.,2026,001544-0,Flex,1,F,agosto de 2026 ,f8g88rd27zd2v,"sábado, 1 de agosto de 2026 14:39",104189.0
336,1,,,2024,,"R$ 75.032,00",Fiat,CRONOS DRIVE 1.0 6V Flex,2024,001553-9,Flex,1,F,agosto de 2026 ,7p19lw3nccsw,"sábado, 1 de agosto de 2026 14:39",75032.0
336,1,,,2025,,"R$ 78.820,00",Fiat,CRONOS DRIVE 1.0 6V Flex,2025,001553-9,Flex,1,F,agosto de 2026 ,84g33s6vmbw3,"sábado, 1 de agosto de 2026 14:39",78820.0
336,1,,,2026,,"R$ 86.606,00",Fiat,CRONOS DRIVE 1.0 6V Flex,2026,001553-9,Flex,1,F,agosto de 2026 ,cc2r3bfg5d40b,"sábado, 1 de agosto de 2026 14:39",86606.0
336,1,,,2024,,"R$ 81.958,00",Fiat,CRONOS DRIVE 1.3 8V Flex Aut.,2024,001554-7,Flex,1,F,agosto de 2026 ,998pqdndsqsw,"sábado, 1 de agosto de 2026 14:39",81958.0
336,1,,,2025,,"R$ 92.176,00",Fiat,CRONOS DRIVE 1.3 8V Flex Aut.,2025,001554-7,Flex,1,F,agosto de 2026 ,cf52mmtq3vsw3,"sábado, 1 de agosto de 2026 14:39",92176.0
336,1,,,2024,,"R$ 119.400,00",Fiat,Fastback Limited Ed.1.3 270 T.Flex Aut.,2024,001556-3,Flex,1,F,agosto de 2026 ,gt95b91wnxdwd,"sábado, 1 de agosto de 2026 14:39",119400.0
336,1,,,2024,,"R$ 115.529,00",Fiat,Fastback Impetus 1.0 200 T. Flex Aut,2024,001557-1,Flex,1,F,agosto de 2026 ,gpsgpg6t1ndwd,"sábado, 1 de agosto de 2026 14:39",115529.0
336,1,,,2024,,"R$ 108.679,00",Fiat,Fastback Audace 1.0 200 T. Flex Aut,2024,001558-0,Flex,1,F,agosto de 2026 ,gfrhdv6hpvdwd,"sábado, 1 de agosto de 2026 14:39",108679.0
336,1,,,2025,,"R$ 113.798,00",Fiat,Fastback Audace 1.0 200 T. Flex Aut,2025,001558-0,Flex,1,F,agosto de 2026 ,gmrj8mx2rxdzm,"sábado, 1 de agosto de 2026 14:40",113798.0
336,1,,,2024,,"R$ 77.747,00",Fiat,Strada Endurance 1.3 Flex 8V CS Plus,2024,001569-5,Flex,1,F,agosto de 2026 ,8qw30pfsj2dwd,"sábado, 1 de agosto de 2026 14:55",77747.0
336,1,,,2025,,"R$ 85.601,00",Fiat,Strada Endurance 1.3 Flex 8V CS Plus,2025,001569-5,Flex,1,F,agosto de 2026 ,ccpztd94p7vdzm,"sábado, 1 de agosto de 2026 14:40",85601.0
336,1,,,2026,,"R$ 93.082,00",Fiat,Strada Endurance 1.3 Flex 8V CS Plus,2026,001569-5,Flex,1,F,agosto de 2026 ,cgjpx05kmrgd2v,"sábado, 1 de agosto de 2026 14:40",93082.0
336,1,,,2025,,"R$ 135.724,00",Fiat,Fastback ABARTH Turbo Flex 1.3 Aut.,2025,001572-5,Flex,1,F,agosto de 2026 ,hgghjcvh95dzm,"sábado, 1 de agosto de 2026 14:40",135724.0
336,1,,,2025,,"R$ 116.836,00",Fiat,Fastback Audace 200 TB Aut (Hibrído),2025,001578-4,Híbrido,1,H,agosto de 2026 ,gq9zb71nffdzy,"sábado, 1 de agosto de 2026 14:40",116836.0
336,1,,,2025,,"R$ 106.633,00",Fiat,PULSE AUDACE Turbo 200  Aut. (Hibrído),2025,001579-2,Híbrido,1,H,agosto de 2026 ,gcb3170ysmdzy,"sábado, 1 de agosto de 2026 14:40",106633.0
336,1,,,2024,,"R$ 184.526,00",Toyota,Hilux CD 4x4 2.8 Diesel Mec.,2024,002015-0,Diesel,1,D,agosto de 2026 ,j9n9gj63hxdvr,"sábado, 1 de agosto de 2026 14:40",184526.0
336,1,,,2024,,"R$ 140.761,00",Toyota,Corolla XEi 2.0 Flex 16V Aut.,2024,002111-3,Flex,1,F,agosto de 2026 ,hnckzydq3bdwd,"sábado, 1 de agosto de 2026 14:40",140761.0
336,1,,,2025,,"R$ 156.298,00",Toyota,Corolla XEi 2.0 Flex 16V Aut.,2025,002111-3,Flex,1,F,agosto de 2026 ,h7k9djtq1fdzm,"sábado, 1 de agosto de 2026 14:40",156298.0
336,1,,,2024,,"R$ 215.661,00",Toyota,Hilux CD SR 4x4 2.8 TDI Diesel Aut.,2024,002142-3,Diesel,1,D,agosto de 2026 ,lg5y0f5p1ndvr,"sábado, 1 de agosto de 2026 14:40",215661.0
336,1,,,2024,,"R$ 89.214,00",Toyota,YARIS XL Sedan 1.5 Flex 16V 4p Aut.,2024,002168-7,Flex,1,F,agosto de 2026 ,cd2b03zc1zxsw,"sábado, 1 de agosto de 2026 14:40",89214.0
336,1,,,2025,,"R$ 96.446,00",Toyota,YARIS XL Sedan 1.5 Flex 16V 4p Aut.,2025,002168-7,Flex,1,F,agosto de 2026 ,chs4m3jw0ycw3,"sábado, 1 de agosto de 2026 14:40",96446.0
336,1,,,2024,,"R$ 124.188,00",Toyota,Corolla GLi 2.0 16V Flex Aut.,2024,002181-4,Flex,1,F,agosto de 2026 ,g0x58gqlzldwd,"sábado, 1 de agosto de 2026 14:40",124188.0
336,1,,,2025,,"R$ 141.075,00",Toyota,Corolla GLi 2.0 16V Flex Aut.,2025,002181-4,Flex,1,F,agosto de 2026 ,hnqzsswzggdzm,"sábado, 1 de agosto de 2026 14:40",141075.0
336,1,,,2023,,"R$ 141.242,00",Toyota,Corolla Altis 1.8 16V Aut. (Híbrido),2023,002182-2,Híbrido,1,H,agosto de 2026 ,hnx1y0pnw6dsh,"sábado, 1 de agosto de 2026 14:40",141242.0
336,1,,,2024,,"R$ 141.678,00",Toyota,Corolla Cross XR 2.0 16V Flex Aut.,2024,002201-2,Flex,1,F,agosto de 2026 ,hpfw67tz0fdwd,"sábado, 1 de agosto de 2026 14:40",141678.0
336,1,,,2024,,"R$ 147.079,00",Toyota,Corolla Cross XRE 2.0 16V Flex Aut.,2024,002203-9,Flex,1,F,agosto de 2026 ,hwr6t3nnz8dwd,"sábado, 1 de agosto de 2026 14:40",147079.0
336,1,,,2025,,"R$ 162.684,00",Toyota,Corolla Cross XRE 2.0 16V Flex Aut.,2025,002203-9,Flex,1,F,agosto de 2026 ,jg2dvw97bgdzm,"sábado, 1 de agosto de 2026 14:41",162684.0
336,1,,,2026,,"R$ 173.735,00",Toyota,Corolla Cross XRE 2.0 16V Flex Aut.,2026,002203-9,Flex,1,F,agosto de 2026 ,jw02m18ky6d2v,"sábado, 1 de agosto de 2026 14:40",173735.0
336,1,,,2025,,"R$ 187.095,00",Toyota,Corolla Cross XRX 1.8 16V Aut. (Híbrido),2025,002204-7,Híbrido,1,H,agosto de 2026 ,kdpn284ngydzy,"sábado, 1 de agosto de 2026 14:40",187095.0
336,1,,,2024,,"R$ 88.974,00",Toyota,YARIS XL 1.5 Flex 16V 5p Aut.,2024,002207-1,Flex,1,F,agosto de 2026 ,cdzjsxc2h46sw,"sábado, 1 de agosto de 2026 14:40",88974.0
336,1,,,2025,,"R$ 95.273,00",Toyota,YARIS XL 1.5 Flex 16V 5p Aut.,2025,002207-1,Flex,1,F,agosto de 2026 ,chcc88bs1g5w3,"sábado, 1 de agosto de 2026 14:40",95273.0
336,1,,,2023,,"R$ 149.239,00",Ford,Ranger XL 2.2 4x4 CS Diesel Mec.,2023,003433-9,Diesel,1,D,agosto de 2026 ,hy9qmn9tl1drj,"sábado, 1 de agosto de 2026 14:40",149239.0
336,1,,,2026,,"R$ 309.527,00",Ford,TRANSIT Minibus 18 Lug. 2.0 16V Diesel,2026,003484-3,Diesel,1,D,agosto de 2026 ,p07p2k354sd16,"sábado, 1 de agosto de 2026 14:40",309527.0
336,1,,,2026,,"R$ 207.811,00",Ford,Ranger XL 2.0 4x4 CD Diesel Mec. ,2026,003502-5,Diesel,1,D,agosto de 2026 ,k5zmzc2fg8d16,"sábado, 1 de agosto de 2026 14:40",207811.0
336,1,,,2023,,"R$ 141.211,00",GM - Chevrolet,S10 Pick-Up LS 2.8 TDI 4x4 CD Dies. Mec.,2023,004413-0,Diesel,1,D,agosto de 2026 ,hnwx052xbddrj,"sábado, 1 de agosto de 2026 14:40",141211.0
336,1,,,2024,,"R$ 168.011,00",GM - Chevrolet,S10 Pick-Up LS 2.8 TDI 4x4 CD Dies. Mec.,2024,004413-0,Diesel,1,D,agosto de 2026 ,jn902zpdwndvr,"sábado, 1 de agosto de 2026 14:40",168011.0
336,1,,,2025,,"R$ 111.866,00",GM - Chevrolet,SPIN LTZ 1.8 8V Econo.Flex 5p Aut.,2025,004417-2,Flex,1,F,agosto de 2026 ,gkhbczw9phdzm,"sábado, 1 de agosto de 2026 14:40",111866.0
336,1,,,2022,,"R$ 78.807,00",GM - Chevrolet,SPIN PREMIER 1.8 8V Econo.Flex 5p Aut.,2022,004494-6,Flex,1,F,agosto de 2026 ,84bdmx58h8lf,"sábado, 1 de agosto de 2026 14:40",78807.0
336,1,,,2023,,"R$ 90.720,00",GM - Chevrolet,SPIN PREMIER 1.8 8V Econo.Flex 5p Aut.,2023,004494-6,Flex,1,F,agosto de 2026 ,cfm0d17mztqpn,"sábado, 1 de agosto de 2026 14:55",90720.0
336,1,,,2024,,"R$ 99.286,00",GM - Chevrolet,SPIN PREMIER 1.8 8V Econo.Flex 5p Aut.,2024,004494-6,Flex,1,F,agosto de 2026 ,cjwfwzfp3zbsw,"sábado, 1 de agosto de 2026 14:40",99286.0
336,1,,,2025,,"R$ 122.781,00",GM - Chevrolet,SPIN PREMIER 1.8 8V Econo.Flex 5p Aut.,2025,004494-6,Flex,1,F,agosto de 2026 ,gy81xrm6mzdzm,"sábado, 1 de agosto de 2026 14:40",122781.0
336,1,,,2024,,"R$ 218.244,00",GM - Chevrolet,TRAILBLAZER PREMIER 2.8 TB Diesel Aut.,2024,004498-9,Diesel,1,D,agosto de 2026 ,lk6vd5sbsvdvr,"sábado, 1 de agosto de 2026 14:40",218244.0
336,1,,,2024,,"R$ 76.562,00",GM - Chevrolet,ONIX SEDAN Plus LT 1.0 12V TB Flex Mec.,2024,004500-4,Flex,1,F,agosto de 2026 ,780dy5qty0sw,"sábado, 1 de agosto de 2026 14:40",76562.0
336,1,,,2025,,"R$ 83.967,00",GM - Chevrolet,ONIX SEDAN Plus LT 1.0 12V TB Flex Mec.,2025,004500-4,Flex,1,F,agosto de 2026 ,cb2tw7nqcgcw3,"sábado, 1 de agosto de 2026 14:40",83967.0
336,1,,,2025,,"R$ 91.709,00",GM - Chevrolet,ONIX SEDAN Plus LT 1.0 12V TB Flex Aut.,2025,004501-2,Flex,1,F,agosto de 2026 ,cf0lwpbjcmtw3,"sábado, 1 de agosto de 2026 14:40",91709.0
336,1,,,2023,,"R$ 74.781,00",GM - Chevrolet,ONIX SEDAN Plus LTZ 1.0 12V TB Flex Aut.,2023,004502-0,Flex,1,F,agosto de 2026 ,7l32fzpz30pn,"sábado, 1 de agosto de 2026 14:40",74781.0
336,1,,,2024,,"R$ 82.160,00",GM - Chevrolet,ONIX SEDAN Plus LTZ 1.0 12V TB Flex Aut.,2024,004502-0,Flex,1,F,agosto de 2026 ,cbdm3rtghr5sw,"sábado, 1 de agosto de 2026 14:40",82160.0
336,1,,,2025,,"R$ 92.099,00",GM - Chevrolet,ONIX SEDAN Plus LTZ 1.0 12V TB Flex Aut.,2025,004502-0,Flex,1,F,agosto de 2026 ,cf45m03xvc7w3,"sábado, 1 de agosto de 2026 14:40",92099.0
336,1,,,2023,,"R$ 74.347,00",GM - Chevrolet,ONIX SEDAN Plus LTZ 1.0 12V TB Flex Mec.,2023,004503-9,Flex,1,F,agosto de 2026 ,7f0997vbw8pn,"sábado, 1 de agosto de 2026 14:40",74347.0
336,1,,,2023,,"R$ 70.798,00",GM - Chevrolet,ONIX HATCH LT 1.0 12V TB Flex 5p Mec.,2023,004512-8,Flex,1,F,agosto de 2026 ,53fcrpgq33pn,"sábado, 1 de agosto de 2026 14:40",70798.0
336,1,,,2024,,"R$ 76.436,00",GM - Chevrolet,ONIX HATCH LT 1.0 12V TB Flex 5p Mec.,2024,004512-8,Flex,1,F,agosto de 2026 ,77jl7248fgsw,"sábado, 1 de agosto de 2026 14:40",76436.0
336,1,,,2025,,"R$ 83.306,00",GM - Chevrolet,ONIX HATCH LT 1.0 12V TB Flex 5p Mec.,2025,004512-8,Flex,1,F,agosto de 2026 ,cbt2nc3rj2jw3,"sábado, 1 de agosto de 2026 14:40",83306.0
336,1,,,2025,,"R$ 93.940,00",GM - Chevrolet,ONIX HATCH LT 1.0 12V TB Flex 5p Aut.,2025,004514-4,Flex,1,F,agosto de 2026 ,cgvrslzgnmfw3,"sábado, 1 de agosto de 2026 14:40",93940.0
336,1,,,2024,,"R$ 86.598,00",GM - Chevrolet,ONIX HATCH LTZ 1.0 12V TB Flex 5p Aut.,2024,004515-2,Flex,1,F,agosto de 2026 ,cc2n5509ksrsw,"sábado, 1 de agosto de 2026 14:40",86598.0
336,1,,,2025,,"R$ 96.122,00",GM - Chevrolet,ONIX HATCH LTZ 1.0 12V TB Flex 5p Aut.,2025,004515-2,Flex,1,F,agosto de 2026 ,chpbwd5794ww3,"sábado, 1 de agosto de 2026 14:40",96122.0
336,1,,,2025,,"R$ 73.022,00",GM - Chevrolet,ONIX HATCH LT 1.0 12V Flex 5p Mec.,2025,004517-9,Flex,1,F,agosto de 2026 ,6yhqs8jvzsw3,"sábado, 1 de agosto de 2026 14:40",73022.0
336,1,,,2023,,"R$ 68.091,00",GM - Chevrolet,ONIX SEDAN Plus LT 1.0 12V Flex 4p Mec.,2023,004518-7,Flex,1,F,agosto de 2026 ,42pggylbvqpn,"sábado, 1 de agosto de 2026 14:40",68091.0
336,1,,,2025,,"R$ 77.979,00",GM - Chevrolet,ONIX SEDAN Plus LT 1.0 12V Flex 4p Mec.,2025,004518-7,Flex,1,F,agosto de 2026 ,8tmf27qg1kw3,"sábado, 1 de agosto de 2026 14:40",77979.0
336,1,,,2024,,"R$ 69.024,00",GM - Chevrolet,ONIX HATCH 1.0 12V Flex 5p Mec.,2024,004519-5,Flex,1,F,agosto de 2026 ,5fmk3kd100sw,"sábado, 1 de agosto de 2026 14:41",69024.0
336,1,,,2025,,"R$ 70.956,00",GM - Chevrolet,ONIX HATCH 1.0 12V Flex 5p Mec.,2025,004519-5,Flex,1,F,agosto de 2026 ,548s055vnmw3,"sábado, 1 de agosto de 2026 14:40",70956.0
336,1,,,2024,,"R$ 101.070,00",GM - Chevrolet,TRACKER LT 1.0 Turbo 12V Flex Aut.,2024,004522-5,Flex,1,F,agosto de 2026 ,f4txxvfx9gdwd,"sábado, 1 de agosto de 2026 14:40",101070.0
336,1,,,2025,,"R$ 105.704,00",GM - Chevrolet,TRACKER LT 1.0 Turbo 12V Flex Aut.,2025,004522-5,Flex,1,F,agosto de 2026 ,f98b9t4x26dzm,"sábado, 1 de agosto de 2026 14:40",105704.0
336,1,,,2023,,"R$ 107.449,00",GM - Chevrolet,TRACKER Premier 1.2 Turbo 12V Flex Aut.,2023,004525-0,Flex,1,F,agosto de 2026 ,gc9shps8q9dr5,"sábado, 1 de agosto de 2026 14:40",107449.0
336,1,,,2024,,"R$ 117.645,00",GM - Chevrolet,TRACKER Premier 1.2 Turbo 12V Flex Aut.,2024,004525-0,Flex,1,F,agosto de 2026 ,gr8cw54pcrdwd,"sábado, 1 de agosto de 2026 14:41",117645.0
336,1,,,2025,,"R$ 127.496,00",GM - Chevrolet,TRACKER Premier 1.2 Turbo 12V Flex Aut.,2025,004525-0,Flex,1,F,agosto de 2026 ,g4tfk06cd4dzm,"sábado, 1 de agosto de 2026 14:41",127496.0
336,1,,,2025,,"R$ 104.461,00",GM - Chevrolet,TRACKER 1.0 Turbo 12V Flex Aut. ,2025,004526-8,Flex,1,F,agosto de 2026 ,f8s5rkc5l2dzm,"sábado, 1 de agosto de 2026 14:41",104461.0
336,1,,,2025,,"R$ 116.248,00",GM - Chevrolet,TRACKER LTZ 1.0 Turbo 12V Flex Aut.,2025,004532-2,Flex,1,F,agosto de 2026 ,gqmltr65vzdzm,"sábado, 1 de agosto de 2026 14:41",116248.0
336,1,,,2026,,"R$ 140.286,00",GM - Chevrolet,TRACKER LTZ 1.0 Turbo 12V Flex Aut.,2026,004532-2,Flex,1,F,agosto de 2026 ,hms9sgyg9pd2v,"sábado, 1 de agosto de 2026 14:41",140286.0
336,1,,,2026,,"R$ 136.407,00",GM - Chevrolet,MONTANA LTZ 1.2 Turbo Flex 12V 4p Aut.,2026,004541-1,Flex,1,F,agosto de 2026 ,hg7925qjfhd2v,"sábado, 1 de agosto de 2026 14:41",136407.0
336,1,,,2025,,"R$ 210.342,00",GM - Chevrolet,S10 Pick-Up WT 2.8 TDI 4x4 CD Diesel Aut,2025,004550-0,Diesel,1,D,agosto de 2026 ,k8ymsr81gvdyz,"sábado, 1 de agosto de 2026 14:41",210342.0
336,1,,,2025,,"R$ 196.466,00",GM - Chevrolet,S10 Pick-Up WT 2.8 TDI 4x4 CD Diesel Mec,2025,004552-7,Diesel,1,D,agosto de 2026 ,krn8xy8w4hdyz,"sábado, 1 de agosto de 2026 14:41",196466.0
336,1,,,2024,,"R$ 110.721,00",VW - VolksWagen,VIRTUS Highline 200 TSI 1.0 Flex 12V Aut,2024,005484-4,Flex,1,F,agosto de 2026 ,gh4p7sxslfdwd,"sábado, 1 de agosto de 2026 14:41",110721.0
336,1,,,2023,,"R$ 54.975,00",VW - VolksWagen,Gol 1.0 Flex 12V 5p,2023,005490-9,Flex,1,F,agosto de 2026 ,z3w55j5ddfpn,"sábado, 1 de agosto de 2026 14:41",54975.0
336,1,,,2022,,"R$ 57.975,00",VW - VolksWagen,Gol 1.6 MSI Flex 8V 5p,2022,005491-7,Flex,1,F,agosto de 2026 ,072lvjg07klf,"sábado, 1 de agosto de 2026 14:41",57975.0
336,1,,,2023,,"R$ 123.424,00",VW - VolksWagen,T-Cross Hig. 250 TSI 1.4 Flex 16V 5p Aut,2023,005508-5,Flex,1,F,agosto de 2026 ,gz1ffb587kdr5,"sábado, 1 de agosto de 2026 14:41",123424.0
336,1,,,2024,,"R$ 130.955,00",VW - VolksWagen,T-Cross Hig. 250 TSI 1.4 Flex 16V 5p Aut,2024,005508-5,Flex,1,F,agosto de 2026 ,g8v40xgd6jdwd,"sábado, 1 de agosto de 2026 14:41",130955.0
336,1,,,2025,,"R$ 140.879,00",VW - VolksWagen,T-Cross Hig. 250 TSI 1.4 Flex 16V 5p Aut,2025,005508-5,Flex,1,F,agosto de 2026 ,hnhvyltk8ldzm,"sábado, 1 de agosto de 2026 14:42",140879.0
336,1,,,2026,,"R$ 160.357,00",VW - VolksWagen,T-Cross Hig. 250 TSI 1.4 Flex 16V 5p Aut,2026,005508-5,Flex,1,F,agosto de 2026 ,jdbtw2yknrd2v,"sábado, 1 de agosto de 2026 14:41",160357.0
336,1,,,2024,,"R$ 118.013,00",VW - VolksWagen,T-Cross Comfor. 200 TSI 1.0 Flex 5p Aut.,2024,005509-3,Flex,1,F,agosto de 2026 ,gsprj57r2gdwd,"sábado, 1 de agosto de 2026 14:41",118013.0
336,1,,,2025,,"R$ 131.307,00",VW - VolksWagen,T-Cross Comfor. 200 TSI 1.0 Flex 5p Aut.,2025,005509-3,Flex,1,F,agosto de 2026 ,g88ym2ffvwdzm,"sábado, 1 de agosto de 2026 14:55",131307.0
336,1,,,2026,,"R$ 144.968,00",VW - VolksWagen,T-Cross Comfor. 200 TSI 1.0 Flex 5p Aut.,2026,005509-3,Flex,1,F,agosto de 2026 ,hs9g71rw6qd2v,"sábado, 1 de agosto de 2026 14:41",144968.0
336,1,,,2024,,"R$ 106.425,00",VW - VolksWagen,T-Cross 200 TSI 1.0  Flex 12V 5p Aut.,2024,005510-7,Flex,1,F,agosto de 2026 ,gb3kpx07c7dwd,"sábado, 1 de agosto de 2026 14:41",106425.0
336,1,,,2025,,"R$ 118.906,00",VW - VolksWagen,T-Cross 200 TSI 1.0  Flex 12V 5p Aut.,2025,005510-7,Flex,1,F,agosto de 2026 ,gtq6q5qqn1dzm,"sábado, 1 de agosto de 2026 14:41",118906.0
336,1,,,2026,,"R$ 128.459,00",VW - VolksWagen,T-Cross 200 TSI 1.0  Flex 12V 5p Aut.,2026,005510-7,Flex,1,F,agosto de 2026 ,g5yfm1pb8md2v,"sábado, 1 de agosto de 2026 14:41",128459.0
336,1,,,2026,,"R$ 96.542,00",VW - VolksWagen,Polo Sense TSI 1.0 Flex 12V Aut,2026,005513-1,Flex,1,F,agosto de 2026 ,cht8jsjykpkd2v,"sábado, 1 de agosto de 2026 14:41",96542.0
336,1,,,2023,,"R$ 100.335,00",VW - VolksWagen,Nivus Comfortline 1.0 200 TSI Flex Aut.,2023,005525-5,Flex,1,F,agosto de 2026 ,f3y6rqbh8ldr5,"sábado, 1 de agosto de 2026 14:41",100335.0
336,1,,,2024,,"R$ 105.360,00",VW - VolksWagen,Nivus Comfortline 1.0 200 TSI Flex Aut.,2024,005525-5,Flex,1,F,agosto de 2026 ,f9vvp3pq14dwd,"sábado, 1 de agosto de 2026 14:41",105360.0
336,1,,,2025,,"R$ 120.855,00",VW - VolksWagen,Nivus Comfortline 1.0 200 TSI Flex Aut.,2025,005525-5,Flex,1,F,agosto de 2026 ,gw01snzzhkdzm,"sábado, 1 de agosto de 2026 14:41",120855.0
336,1,,,2026,,"R$ 125.909,00",VW - VolksWagen,Nivus Comfortline 1.0 200 TSI Flex Aut.,2026,005525-5,Flex,1,F,agosto de 2026 ,g2yrd0xkb2d2v,"sábado, 1 de agosto de 2026 14:41",125909.0
336,1,,,2023,,"R$ 112.123,00",VW - VolksWagen,Nivus Highline 1.0 200 TSI Flex Aut.,2023,005526-3,Flex,1,F,agosto de 2026 ,gksnyv0z9ydr5,"sábado, 1 de agosto de 2026 14:41",112123.0
336,1,,,2024,,"R$ 117.018,00",VW - VolksWagen,Nivus Highline 1.0 200 TSI Flex Aut.,2024,005526-3,Flex,1,F,agosto de 2026 ,grjlffr6pddwd,"sábado, 1 de agosto de 2026 14:41",117018.0
336,1,,,2025,,"R$ 129.246,00",VW - VolksWagen,Nivus Highline 1.0 200 TSI Flex Aut.,2025,005526-3,Flex,1,F,agosto de 2026 ,g6v1djxy6mdzm,"sábado, 1 de agosto de 2026 14:42",129246.0
336,1,,,2024,,"R$ 141.024,00",VW - VolksWagen,TAOS Comfortline 1.4 250 TSI Flex Aut.,2024,005527-1,Flex,1,F,agosto de 2026 ,hnn4bdjv6ydwd,"sábado, 1 de agosto de 2026 14:41",141024.0
336,1,,,2025,,"R$ 154.235,00",VW - VolksWagen,TAOS Comfortline 1.4 250 TSI Flex Aut.,2025,005527-1,Flex,1,F,agosto de 2026 ,h449w386qjdzm,"sábado, 1 de agosto de 2026 14:41",154235.0
336,1,,,2024,,"R$ 158.441,00",VW - VolksWagen,TAOS Highline 1.4 250 TSI Flex Aut.,2024,005528-0,Flex,1,F,agosto de 2026 ,h9250984rldwd,"sábado, 1 de agosto de 2026 14:41",158441.0
336,1,,,2024,,"R$ 74.248,00",VW - VolksWagen,Polo 1.0 MPI Flex 12V 5p,2024,005533-6,Flex,1,F,agosto de 2026 ,7dwbtt213gdwd,"sábado, 1 de agosto de 2026 14:41",74248.0
336,1,,,2025,,"R$ 76.521,00",VW - VolksWagen,Polo 1.0 MPI Flex 12V 5p,2025,005533-6,Flex,1,F,agosto de 2026 ,78jhzt5rh2dzm,"sábado, 1 de agosto de 2026 14:41",76521.0
336,1,,,2024,,"R$ 78.671,00",VW - VolksWagen,Polo 1.0 TSI Flex 12V 5p,2024,005534-4,Flex,1,F,agosto de 2026 ,82qy7mz7m2dwd,"sábado, 1 de agosto de 2026 14:41",78671.0
336,1,,,2024,,"R$ 88.716,00",VW - VolksWagen,Polo Comfortline TSI 1.0 Flex 12V Aut.,2024,005535-2,Flex,1,F,agosto de 2026 ,cdwh0v4mc8gdwd,"sábado, 1 de agosto de 2026 14:41",88716.0
336,1,,,2025,,"R$ 97.683,00",VW - VolksWagen,Polo Comfortline TSI 1.0 Flex 12V Aut.,2025,005535-2,Flex,1,F,agosto de 2026 ,ch8m72cf7zrdzm,"sábado, 1 de agosto de 2026 14:41",97683.0
336,1,,,2024,,"R$ 96.876,00",VW - VolksWagen,Polo Highline TSI 1.0 Flex 12V Aut.,2024,005536-0,Flex,1,F,agosto de 2026 ,chy5x4t9kmtdwd,"sábado, 1 de agosto de 2026 14:41",96876.0
336,1,,,2025,,"R$ 105.706,00",VW - VolksWagen,Polo Highline TSI 1.0 Flex 12V Aut.,2025,005536-0,Flex,1,F,agosto de 2026 ,f98fknxbd9dzm,"sábado, 1 de agosto de 2026 14:41",105706.0
336,1,,,2024,,"R$ 85.210,00",VW - VolksWagen,Saveiro Robust 1.6 Total Flex 16V CD,2024,005537-9,Flex,1,F,agosto de 2026 ,cckdps7h6pfdwd,"sábado, 1 de agosto de 2026 14:41",85210.0
336,1,,,2023,,"R$ 66.681,00",VW - VolksWagen,Saveiro Robust 1.6 Total Flex 16V ,2023,005538-7,Flex,1,F,agosto de 2026 ,4j4y6n0dhndr5,"sábado, 1 de agosto de 2026 14:55",66681.0
336,1,,,2024,,"R$ 74.795,00",VW - VolksWagen,Saveiro Robust 1.6 Total Flex 16V ,2024,005538-7,Flex,1,F,agosto de 2026 ,7l845tzlncdwd,"sábado, 1 de agosto de 2026 14:41",74795.0
336,1,,,2025,,"R$ 82.810,00",VW - VolksWagen,Saveiro Robust 1.6 Total Flex 16V ,2025,005538-7,Flex,1,F,agosto de 2026 ,cbm8cnvnxq3dzm,"sábado, 1 de agosto de 2026 14:41",82810.0
336,1,,,2026,,"R$ 87.355,00",VW - VolksWagen,Saveiro Robust 1.6 Total Flex 16V ,2026,005538-7,Flex,1,F,agosto de 2026 ,cdckbqkqf85d2v,"sábado, 1 de agosto de 2026 14:41",87355.0
336,1,,,2024,,"R$ 69.394,00",VW - VolksWagen,Polo Track 1.0 Flex 12V 5p,2024,005540-9,Flex,1,F,agosto de 2026 ,5ky125pzc4dwd,"sábado, 1 de agosto de 2026 14:41",69394.0
336,1,,,2025,,"R$ 75.643,00",VW - VolksWagen,Polo Track 1.0 Flex 12V 5p,2025,005540-9,Flex,1,F,agosto de 2026 ,7x7c2d64j1dzm,"sábado, 1 de agosto de 2026 14:41",75643.0
336,1,,,2026,,"R$ 81.531,00",VW - VolksWagen,Polo Track 1.0 Flex 12V 5p,2026,005540-9,Flex,1,F,agosto de 2026 ,948hgdygnqd2v,"sábado, 1 de agosto de 2026 14:41",81531.0
336,1,,,2023,,"R$ 80.014,00",VW - VolksWagen,VIRTUS TSI 1.0 Flex 12V 4p Mec.,2023,005542-5,Flex,1,F,agosto de 2026 ,9lg3kxp1ykdr5,"sábado, 1 de agosto de 2026 14:42",80014.0
336,1,,,2024,,"R$ 89.582,00",VW - VolksWagen,VIRTUS TSI 1.0 Flex 12V 4p Mec.,2024,005542-5,Flex,1,F,agosto de 2026 ,cd6nsk032wsdwd,"sábado, 1 de agosto de 2026 14:42",89582.0
336,1,,,2025,,"R$ 96.323,00",VW - VolksWagen,VIRTUS TSI 1.0 Flex 12V 4p Mec.,2025,005542-5,Flex,1,F,agosto de 2026 ,chrpx52p2k1dzm,"sábado, 1 de agosto de 2026 14:42",96323.0
336,1,,,2026,,"R$ 101.337,00",VW - VolksWagen,VIRTUS TSI 1.0 Flex 12V 4p Mec.,2026,005542-5,Flex,1,F,agosto de 2026 ,f44mrzhc72d2v,"sábado, 1 de agosto de 2026 14:42",101337.0
336,1,,,2024,,"R$ 96.365,00",VW - VolksWagen,VIRTUS TSI 1.0 Flex 12V 4p Aut.,2024,005543-3,Flex,1,F,agosto de 2026 ,chr56ffxnjldwd,"sábado, 1 de agosto de 2026 14:42",96365.0
336,1,,,2025,,"R$ 102.883,00",VW - VolksWagen,VIRTUS TSI 1.0 Flex 12V 4p Aut.,2025,005543-3,Flex,1,F,agosto de 2026 ,f6ytqwgy4pdzm,"sábado, 1 de agosto de 2026 14:42",102883.0
336,1,,,2026,,"R$ 112.576,00",VW - VolksWagen,VIRTUS TSI 1.0 Flex 12V 4p Aut.,2026,005543-3,Flex,1,F,agosto de 2026 ,gk94cv5gfjd2v,"sábado, 1 de agosto de 2026 14:55",112576.0
336,1,,,2024,,"R$ 252.300,00",Audi,Q3 Performance 2.0 TFSI Tiptr. Quattro,2024,008284-8,Gasolina,1,G,agosto de 2026 ,mv4n6ybyjydt3,"sábado, 1 de agosto de 2026 14:42",252300.0
336,1,,,2024,,"R$ 339.381,00",Audi,Q5 Perf. Black 2.0 TFSIe S.Tr. Qt (Hib.),2024,008285-6,Híbrido,1,H,agosto de 2026 ,q47s7tws4sdwq,"sábado, 1 de agosto de 2026 14:42",339381.0
336,1,,,2023,,"R$ 291.521,00",Audi,Q5 SB P Black. 2.0 TFSIe S.Tr. Qt (Hib.),2023,008287-2,Híbrido,1,H,agosto de 2026 ,pb37p5x25hdsh,"sábado, 1 de agosto de 2026 14:42",291521.0
336,1,,,2020,,"R$ 287.863,00",BMW,540i M Sport 3.0 Turbo 340cv Aut.,2020,009225-8,Gasolina,1,G,agosto de 2026 ,n6t81bwlr8dd6,"sábado, 1 de agosto de 2026 14:42",287863.0
336,1,,,2023,,"R$ 60.754,00",Citroën,C3 Live Pack 1.0 Flex 6V 5p Mec.,2023,011223-2,Flex,1,F,agosto de 2026 ,19npc6fwjrdr5,"sábado, 1 de agosto de 2026 14:42",60754.0
336,1,,,2024,,"R$ 65.501,00",Citroën,C3 Live Pack 1.0 Flex 6V 5p Mec.,2024,011223-2,Flex,1,F,agosto de 2026 ,3292hckj8ddwd,"sábado, 1 de agosto de 2026 14:42",65501.0
336,1,,,2025,,"R$ 70.165,00",Citroën,C3 Live Pack 1.0 Flex 6V 5p Mec.,2025,011223-2,Flex,1,F,agosto de 2026 ,5vz9c3cw4ndzm,"sábado, 1 de agosto de 2026 14:42",70165.0
336,1,,,2025,,"R$ 72.793,00",Citroën,C3 Feel 1.0 Flex 6V 5p Mec.,2025,011224-0,Flex,1,F,agosto de 2026 ,6vthjljbc5dzm,"sábado, 1 de agosto de 2026 14:42",72793.0
336,1,,,2024,,"R$ 66.644,00",Hyundai,HB20 Sense 1.0 Flex 12V Mec.,2024,015165-3,Flex,1,F,agosto de 2026 ,4jqh91w60ksw,"sábado, 1 de agosto de 2026 14:42",66644.0
336,1,,,2022,,"R$ 61.723,00",Hyundai,HB20 Vision 1.0 Flex 12V Mec.,2022,015168-8,Flex,1,F,agosto de 2026 ,2n0wnn55h3lf,"sábado, 1 de agosto de 2026 14:42",61723.0
336,1,,,2025,,"R$ 105.301,00",Hyundai,Creta Action 1.6 16V Flex Aut.,2025,015190-4,Flex,1,F,agosto de 2026 ,f9sp68rqcbdzm,"sábado, 1 de agosto de 2026 14:42",105301.0
336,1,,,2022,,"R$ 66.054,00",Hyundai,HB20 Evolution Bluelink 1.0 Flex 12V Mec,2022,015191-2,Flex,1,F,agosto de 2026 ,39s2gfb4s4lf,"sábado, 1 de agosto de 2026 14:42",66054.0
336,1,,,2025,,"R$ 120.510,00",Hyundai,Creta Comfort 1.0 TB 12V Flex Aut.,2025,015200-5,Flex,1,F,agosto de 2026 ,gwmh10rrvbdzm,"sábado, 1 de agosto de 2026 14:42",120510.0
336,1,,,2026,,"R$ 131.453,00",Hyundai,Creta Comfort 1.0 TB 12V Flex Aut.,2026,015200-5,Flex,1,F,agosto de 2026 ,g9f74sy41bd2v,"sábado, 1 de agosto de 2026 14:42",131453.0
336,1,,,2026,,"R$ 159.383,00",Hyundai,Creta Platinum 1.0 TB 12V Flex Aut.,2026,015202-1,Flex,1,F,agosto de 2026 ,jb6ffvldj8d2v,"sábado, 1 de agosto de 2026 14:42",159383.0
336,1,,,2023,,"R$ 89.995,00",Hyundai,HB20S Platinum 1.0 TB Flex 12V Aut.,2023,015206-4,Flex,1,F,agosto de 2026 ,cfchw2wnzpspn,"sábado, 1 de agosto de 2026 14:42",89995.0
336,1,,,2024,,"R$ 92.920,00",Hyundai,HB20 Platinum 1.0 TB Flex 12V Aut.,2024,015209-9,Flex,1,F,agosto de 2026 ,cggs1psnxljsw,"sábado, 1 de agosto de 2026 14:42",92920.0
336,1,,,2026,,"R$ 82.322,00",Hyundai,HB20 Limited 1.0 Flex 12V Mec.,2026,015213-7,Flex,1,F,agosto de 2026 ,cbgjz3jq2bj0b,"sábado, 1 de agosto de 2026 14:43",82322.0
336,1,,,2026,,"R$ 81.372,00",Hyundai,HB20 Comfort 1.0 Flex 12V Mec.,2026,015215-3,Flex,1,F,agosto de 2026 ,93dpxxt33j0b,"sábado, 1 de agosto de 2026 14:42",81372.0
336,1,,,2024,,"R$ 72.604,00",Hyundai,HB20 Comfort 1.0 TB Flex 12V Mec,2024,015216-1,Flex,1,F,agosto de 2026 ,6slsy8pxvvsw,"sábado, 1 de agosto de 2026 14:42",72604.0
336,1,,,2023,,"R$ 70.804,00",Hyundai,HB20S Comfort 1.0  Flex 12V Mec.,2023,015218-8,Flex,1,F,agosto de 2026 ,53hkb5nzjjdr5,"sábado, 1 de agosto de 2026 14:42",70804.0
336,1,,,2026,,"R$ 86.857,00",Hyundai,HB20S Comfort 1.0  Flex 12V Mec.,2026,015218-8,Flex,1,F,agosto de 2026 ,cc5qbgzw3rqd2v,"sábado, 1 de agosto de 2026 14:42",86857.0
336,1,,,2024,,"R$ 66.670,00",Hyundai,HB20 Sense Plus 1.0 Flex 12V Mec.,2024,015234-0,Flex,1,F,agosto de 2026 ,4j0y8fq02cdwd,"sábado, 1 de agosto de 2026 14:42",66670.0
336,1,,,2025,,"R$ 68.349,00",Hyundai,HB20 Sense Plus 1.0 Flex 12V Mec.,2025,015234-0,Flex,1,F,agosto de 2026 ,45p7hl3g25dzm,"sábado, 1 de agosto de 2026 14:42",68349.0
336,1,,,2025,,"R$ 91.714,00",Hyundai,HB20 Comfort Plus 1.0 TB Flex 12V Aut.,2025,015236-6,Flex,1,F,agosto de 2026 ,cf0np0jrj42dzm,"sábado, 1 de agosto de 2026 14:42",91714.0
336,1,,,2025,,"R$ 143.069,00",Hyundai,Creta Plat. Safety 1.0 TB 12V Flex Aut.,2025,015237-4,Flex,1,F,agosto de 2026 ,hq2gj1z8gwdzm,"sábado, 1 de agosto de 2026 14:42",143069.0
336,1,,,2024,,"R$ 75.057,00",Hyundai,HB20S Comfort Plus 1.0 Flex 12V Mec.,2024,015239-0,Flex,1,F,agosto de 2026 ,7qcc8ykt8ydwd,"sábado, 1 de agosto de 2026 14:42",75057.0
336,1,,,2025,,"R$ 80.027,00",Hyundai,HB20S Comfort Plus 1.0 Flex 12V Mec.,2025,015239-0,Flex,1,F,agosto de 2026 ,9lmt1rcfqkdzm,"sábado, 1 de agosto de 2026 14:42",80027.0
336,1,,,2025,,"R$ 82.359,00",Hyundai,HB20S Limited Plus 1.0  Flex 12V Mec.,2025,015242-0,Flex,1,F,agosto de 2026 ,cbgzfz3r3v4dzm,"sábado, 1 de agosto de 2026 14:42",82359.0
336,1,,,2025,,"R$ 128.615,00",Hyundai,Creta Limit. Safety 1.0 TB 12V Flex Aut.,2025,015243-9,Flex,1,F,agosto de 2026 ,g533d1fbmldzm,"sábado, 1 de agosto de 2026 14:42",128615.0
336,1,,,2024,,"R$ 112.361,00",Hyundai,Creta Comfort Plus 1.0 TB 12V Flex Aut.,2024,015244-7,Flex,1,F,agosto de 2026 ,gk1931hww3dwd,"sábado, 1 de agosto de 2026 14:42",112361.0
336,1,,,2025,,"R$ 120.695,00",Hyundai,Creta Comfort Plus 1.0 TB 12V Flex Aut.,2025,015244-7,Flex,1,F,agosto de 2026 ,gwt7hx4b3jdzm,"sábado, 1 de agosto de 2026 14:55",120695.0
336,1,,,2025,,"R$ 73.895,00",Hyundai,HB20 Comfort Plus 1.0 Flex 12V Mec.,2025,015245-5,Flex,1,F,agosto de 2026 ,68q1cycjmsdzm,"sábado, 1 de agosto de 2026 14:42",73895.0
336,1,,,2025,,"R$ 91.344,00",Hyundai,HB20 Comf. Plus Tech 1.0 TB Flex 12V Aut,2025,015246-3,Flex,1,F,agosto de 2026 ,cfv960mv8cwdzm,"sábado, 1 de agosto de 2026 14:42",91344.0
336,1,,,2025,,"R$ 91.488,00",Hyundai,HB20S Com. Plus Tech 1.0 TB Flex 12V Aut,2025,015247-1,Flex,1,F,agosto de 2026 ,cfx0kj0q8dbdzm,"sábado, 1 de agosto de 2026 14:42",91488.0
336,1,,,2026,,"R$ 100.221,00",Hyundai,HB20 Limited 1.0 TB Flex 12V Aut.,2026,015251-0,Flex,1,F,agosto de 2026 ,f3t19qvlj5d2v,"sábado, 1 de agosto de 2026 14:42",100221.0
336,1,,,2026,,"R$ 105.218,00",Hyundai,HB20S Limited 1.0  TB Flex 12V Aut.,2026,015252-8,Flex,1,F,agosto de 2026 ,f9ppp3gm0ld2v,"sábado, 1 de agosto de 2026 14:43",105218.0
336,1,,,2024,,"R$ 147.948,00",Jeep,COMPASS LIMITED T270 1.3 TB 4x2 Flex Aut,2024,017070-4,Flex,1,F,agosto de 2026 ,hxsszsnmlxdwd,"sábado, 1 de agosto de 2026 14:43",147948.0
336,1,,,2022,,"R$ 119.510,00",Jeep,COMPASS LONG. T270 1.3 TB 4x2 Flex Aut.,2022,017071-2,Flex,1,F,agosto de 2026 ,gvf49lbkjpdny,"sábado, 1 de agosto de 2026 14:43",119510.0
336,1,,,2023,,"R$ 129.200,00",Jeep,COMPASS LONG. T270 1.3 TB 4x2 Flex Aut.,2023,017071-2,Flex,1,F,agosto de 2026 ,g6tckslhmzdr5,"sábado, 1 de agosto de 2026 14:43",129200.0
336,1,,,2024,,"R$ 135.932,00",Jeep,COMPASS LONG. T270 1.3 TB 4x2 Flex Aut.,2024,017071-2,Flex,1,F,agosto de 2026 ,hgp1wqq08kdwd,"sábado, 1 de agosto de 2026 14:43",135932.0
336,1,,,2025,,"R$ 146.255,00",Jeep,COMPASS LONG. T270 1.3 TB 4x2 Flex Aut.,2025,017071-2,Flex,1,F,agosto de 2026 ,hvs8c77w4kdzm,"sábado, 1 de agosto de 2026 14:43",146255.0
336,1,,,2026,,"R$ 161.024,00",Jeep,COMPASS LONG. T270 1.3 TB 4x2 Flex Aut.,2026,017071-2,Flex,1,F,agosto de 2026 ,jd32f1q078d2v,"sábado, 1 de agosto de 2026 14:43",161024.0
336,1,,,2023,,"R$ 144.999,00",Jeep,COMPASS LONG. TD 350 2.0 4x4 Diesel Aut.,2023,017075-5,Diesel,1,D,agosto de 2026 ,htbl5wvwzjdrj,"sábado, 1 de agosto de 2026 14:43",144999.0
336,1,,,2024,,"R$ 165.049,00",Jeep,COMPASS LONG. TD 350 2.0 4x4 Diesel Aut.,2024,017075-5,Diesel,1,D,agosto de 2026 ,jkvcm0pjtxdvr,"sábado, 1 de agosto de 2026 14:43",165049.0
336,1,,,2024,,"R$ 192.907,00",Jeep,Commander Limited TD380 2.0 4x4 Die.Aut.,2024,017080-1,Diesel,1,D,agosto de 2026 ,kmhxs4tzv0dvr,"sábado, 1 de agosto de 2026 14:43",192907.0
336,1,,,2023,,"R$ 156.012,00",Jeep,Commander Limited T270 1.3 TB Flex Aut.,2023,017081-0,Flex,1,F,agosto de 2026 ,h67w4qyqx6dr5,"sábado, 1 de agosto de 2026 14:43",156012.0
336,1,,,2024,,"R$ 166.417,00",Jeep,Commander Limited T270 1.3 TB Flex Aut.,2024,017081-0,Flex,1,F,agosto de 2026 ,jmf21g2rcjdwd,"sábado, 1 de agosto de 2026 14:43",166417.0
336,1,,,2025,,"R$ 175.274,00",Jeep,Commander Limited T270 1.3 TB Flex Aut.,2025,017081-0,Flex,1,F,agosto de 2026 ,jyt0qgltfwdzm,"sábado, 1 de agosto de 2026 14:43",175274.0
336,1,,,2023,,"R$ 178.541,00",Jeep,Commander Overl. TD380 2.0 4x4 Die. Aut.,2023,017083-6,Diesel,1,D,agosto de 2026 ,j2nrtxq9kjdrj,"sábado, 1 de agosto de 2026 14:43",178541.0
336,1,,,2024,,"R$ 102.233,00",Jeep,Renegade Sport T270 1.3 TB 4x2 Flex Aut.,2024,017085-2,Flex,1,F,agosto de 2026 ,f556bsb3y0dwd,"sábado, 1 de agosto de 2026 14:43",102233.0
336,1,,,2024,,"R$ 122.869,00",Jeep,Renegade S T270 1.3 TB 4x4 Flex Aut.,2024,017087-9,Flex,1,F,agosto de 2026 ,gzc72j70bmdwd,"sábado, 1 de agosto de 2026 14:43",122869.0
336,1,,,2023,,"R$ 102.074,00",Jeep,Renegade Long. T270 1.3 TB 4x2 Flex Aut.,2023,017088-7,Flex,1,F,agosto de 2026 ,f50d5z5q8hdr5,"sábado, 1 de agosto de 2026 14:43",102074.0
336,1,,,2024,,"R$ 110.520,00",Jeep,Renegade Long. T270 1.3 TB 4x2 Flex Aut.,2024,017088-7,Flex,1,F,agosto de 2026 ,ghxdrzswtqdwd,"sábado, 1 de agosto de 2026 14:43",110520.0
336,1,,,2025,,"R$ 119.317,00",Jeep,Renegade Long. T270 1.3 TB 4x2 Flex Aut.,2025,017088-7,Flex,1,F,agosto de 2026 ,gt64t6kv93dzm,"sábado, 1 de agosto de 2026 14:43",119317.0
336,1,,,2025,,"R$ 187.835,00",Jeep,COMPASS Over. Hurric 2.0 4x4 TB 16V Aut.,2025,017097-6,Gasolina,1,G,agosto de 2026 ,kfkkw1cjbqdyb,"sábado, 1 de agosto de 2026 14:43",187835.0
336,1,,,2024,,"R$ 169.625,00",Mitsubishi,L200 Triton Sport GLS 2.4 CD Diesel Aut.,2024,022164-3,Diesel,1,D,agosto de 2026 ,jq6pn24jqldvr,"sábado, 1 de agosto de 2026 14:43",169625.0
336,1,,,2025,,"R$ 205.114,00",Mitsubishi,L200 Triton Sport GLS 2.4 CD Diesel Aut.,2025,022164-3,Diesel,1,D,agosto de 2026 ,k2tl3qr2bhdyz,"sábado, 1 de agosto de 2026 14:43",205114.0
336,1,,,2022,,"R$ 145.280,00",Nissan,Frontier ATTAC.CD 4x4 2.3 Bi-TB Die. Aut,2022,023160-6,Diesel,1,D,agosto de 2026 ,htnts11rprdm9,"sábado, 1 de agosto de 2026 14:43",145280.0
336,1,,,2022,,"R$ 118.734,00",Nissan,Frontier S CD 4x4 2.3 TB Diesel Mec.,2022,023161-4,Diesel,1,D,agosto de 2026 ,gtjyybtggsdm9,"sábado, 1 de agosto de 2026 14:43",118734.0
336,1,,,2024,,"R$ 96.444,00",Nissan,VERSA Advance 1.6 16V Flex Aut.,2024,023175-4,Flex,1,F,agosto de 2026 ,chs3xkzlhn9sw,"sábado, 1 de agosto de 2026 14:43",96444.0
336,1,,,2025,,"R$ 105.401,00",Nissan,VERSA Advance 1.6 16V Flex Aut.,2025,023175-4,Flex,1,F,agosto de 2026 ,f9xbw60k8ldzm,"sábado, 1 de agosto de 2026 14:43",105401.0
336,1,,,2026,,"R$ 112.026,00",Nissan,VERSA Advance 1.6 16V Flex Aut.,2026,023175-4,Flex,1,F,agosto de 2026 ,gkn4np7b5yd2v,"sábado, 1 de agosto de 2026 14:43",112026.0
336,1,,,2026,,"R$ 108.736,00",Nissan,VERSA Sense 1.6 16V Flex Aut.,2026,023176-2,Flex,1,F,agosto de 2026 ,gftkmwdmsbd2v,"sábado, 1 de agosto de 2026 14:43",108736.0
336,1,,,2024,,"R$ 105.525,00",Nissan,KICKS Sense 1.6 16V Flex Aut.,2024,023178-9,Flex,1,F,agosto de 2026 ,f91vmgrvcjdwd,"sábado, 1 de agosto de 2026 14:43",105525.0
336,1,,,2024,,"R$ 107.060,00",Nissan,KICKS Advance 1.6 16V Flex Aut.,2024,023180-0,Flex,1,F,agosto de 2026 ,gcvm54tc2bdwd,"sábado, 1 de agosto de 2026 14:43",107060.0
336,1,,,2024,,"R$ 96.525,00",Nissan,KICKS Active 1.6 16V Flex Aut.,2024,023186-0,Flex,1,F,agosto de 2026 ,cht2b7jq87rdwd,"sábado, 1 de agosto de 2026 14:55",96525.0
336,1,,,2024,,"R$ 121.053,00",Nissan,Sentra Advance 2.0 16V Aut.,2024,023187-8,Gasolina,1,G,agosto de 2026 ,gw77wnzc4qdt3,"sábado, 1 de agosto de 2026 14:43",121053.0
336,1,,,2025,,"R$ 132.054,00",Nissan,Sentra Advance 2.0 16V Aut.,2025,023187-8,Gasolina,1,G,agosto de 2026 ,g943bb9hgndyb,"sábado, 1 de agosto de 2026 14:43",132054.0
336,1,,,2026,,"R$ 164.877,00",Nissan,Sentra Exclu. Int. Premium 2.0 16V Aut.,2026,023189-4,Gasolina,1,G,agosto de 2026 ,jkm3t31kpwd1k,"sábado, 1 de agosto de 2026 14:43",164877.0
336,1,,,2025,,"R$ 108.045,00",Nissan,KICKS Play Active Plus 1.6 16V Flex Aut.,2025,023191-6,Flex,1,F,agosto de 2026 ,gd0f1l4s38dzm,"sábado, 1 de agosto de 2026 14:43",108045.0
336,1,,,2025,,"R$ 112.773,00",Nissan,KICKS Play Sense 1.6 16V Flex Aut.,2025,023192-4,Flex,1,F,agosto de 2026 ,glj9by6465dzm,"sábado, 1 de agosto de 2026 14:43",112773.0
336,1,,,2024,,"R$ 83.156,00",Peugeot,208 Active 1.6 Flex 16V 5p Aut.,2024,024249-7,Flex,1,F,agosto de 2026 ,cbr937zgt32sw,"sábado, 1 de agosto de 2026 14:43",83156.0
336,1,,,2023,,"R$ 57.953,00",Peugeot,208 Like 1.0 Flex 6V 5p Mec.,2023,024264-0,Flex,1,F,agosto de 2026 ,07tly3dpgbpn,"sábado, 1 de agosto de 2026 14:43",57953.0
336,1,,,2024,,"R$ 67.887,00",Peugeot,208 Like 1.0 Flex 6V 5p Mec.,2024,024264-0,Flex,1,F,agosto de 2026 ,4z89wx7srlsw,"sábado, 1 de agosto de 2026 14:43",67887.0
336,1,,,2017,,"R$ 59.904,00",Renault,DUSTER Expression 1.6 Hi-Flex 16V Mec.,2017,025182-8,Flex,1,F,agosto de 2026 ,1zpqy50dl93k,"sábado, 1 de agosto de 2026 14:43",59904.0
336,1,,,2023,,"R$ 250.467,00",Renault,Master 2.3 dCi Executive Longo 16L Dies,2023,025205-0,Diesel,1,D,agosto de 2026 ,msz1v8tv25drj,"sábado, 1 de agosto de 2026 14:44",250467.0
336,1,,,2024,,"R$ 257.825,00",Renault,Master 2.3 dCi Executive Longo 16L Dies,2024,025205-0,Diesel,1,D,agosto de 2026 ,m2mhj1j1dvdvr,"sábado, 1 de agosto de 2026 14:44",257825.0
336,1,,,2022,,"R$ 44.504,00",Renault,KWID Zen 1.0 Flex 12V 5p Mec.,2022,025266-2,Flex,1,F,agosto de 2026 ,v439knb8j4lf,"sábado, 1 de agosto de 2026 14:43",44504.0
336,1,,,2023,,"R$ 49.243,00",Renault,KWID Zen 1.0 Flex 12V 5p Mec.,2023,025266-2,Flex,1,F,agosto de 2026 ,xypsjgg45hpn,"sábado, 1 de agosto de 2026 14:43",49243.0
336,1,,,2024,,"R$ 52.177,00",Renault,KWID Zen 1.0 Flex 12V 5p Mec.,2024,025266-2,Flex,1,F,agosto de 2026 ,y126j0lvlqsw,"sábado, 1 de agosto de 2026 14:43",52177.0
336,1,,,2025,,"R$ 56.783,00",Renault,KWID Zen 1.0 Flex 12V 5p Mec.,2025,025266-2,Flex,1,F,agosto de 2026 ,0s3bxn616mw3,"sábado, 1 de agosto de 2026 14:43",56783.0
336,1,,,2026,,"R$ 63.397,00",Renault,KWID Zen 1.0 Flex 12V 5p Mec.,2026,025266-2,Flex,1,F,agosto de 2026 ,29nbkb1ggd0b,"sábado, 1 de agosto de 2026 14:44",63397.0
336,1,,,2025,,"R$ 60.089,00",Renault,KWID Intense 1.0 Flex 12V 5p Mec.,2025,025267-0,Flex,1,F,agosto de 2026 ,11vzgqhvhbw3,"sábado, 1 de agosto de 2026 14:44",60089.0
336,1,,,2026,,"R$ 66.864,00",Renault,KWID Intense 1.0 Flex 12V 5p Mec.,2026,025267-0,Flex,1,F,agosto de 2026 ,4l9g5r9m320b,"sábado, 1 de agosto de 2026 14:44",66864.0
336,1,,,2024,,"R$ 72.626,00",Renault,STEPWAY Zen Flex 1.6 16V Mec.,2024,025281-6,Flex,1,F,agosto de 2026 ,6svsvp5xycsw,"sábado, 1 de agosto de 2026 14:44",72626.0
336,1,,,2023,,"R$ 57.464,00",Renault,LOGAN Zen Flex 1.0 12V 4p Mec.,2023,025290-5,Flex,1,F,agosto de 2026 ,012v34krmdpn,"sábado, 1 de agosto de 2026 14:44",57464.0
336,1,,,2024,,"R$ 62.209,00",Renault,LOGAN Zen Flex 1.0 12V 4p Mec.,2024,025290-5,Flex,1,F,agosto de 2026 ,2vqjpqfqtqsw,"sábado, 1 de agosto de 2026 14:44",62209.0
336,1,,,2025,,"R$ 75.827,00",Renault,LOGAN Zen Flex 1.0 12V 4p Mec.,2025,025290-5,Flex,1,F,agosto de 2026 ,70c79vgxz5w3,"sábado, 1 de agosto de 2026 14:44",75827.0
336,1,,,2024,,"R$ 92.607,00",Renault,DUSTER Intense 1.6 16V Flex Aut.,2024,025301-4,Flex,1,F,agosto de 2026 ,cgb38ym63ntsw,"sábado, 1 de agosto de 2026 14:44",92607.0
336,1,,,2024,,"R$ 92.102,00",Renault,DUSTER Intense 1.6 16V Flex Mec.,2024,025319-7,Flex,1,F,agosto de 2026 ,cf46qtqtzrkdwd,"sábado, 1 de agosto de 2026 14:44",92102.0
336,1,,,2025,,"R$ 105.914,00",Renault,DUSTER Intense Plus 1.6 16V Flex Aut.,2025,025322-7,Flex,1,F,agosto de 2026 ,gbhzxzw0xmdzm,"sábado, 1 de agosto de 2026 14:44",105914.0
336,1,,,2026,,"R$ 118.105,00",Renault,DUSTER Intense Plus 1.6 16V Flex Aut.,2026,025322-7,Flex,1,F,agosto de 2026 ,gss26pzykrd2v,"sábado, 1 de agosto de 2026 14:44",118105.0
336,1,,,2024,,"R$ 100.109,00",Renault,DUSTER Iconic Plus 1.6 16V Flex Aut.,2024,025324-3,Flex,1,F,agosto de 2026 ,f3pz3mvqk5dwd,"sábado, 1 de agosto de 2026 14:44",100109.0
336,1,,,2025,,"R$ 109.173,00",Renault,DUSTER Iconic Plus 1.6 16V Flex Aut.,2025,025324-3,Flex,1,F,agosto de 2026 ,ggbf00j00cdzm,"sábado, 1 de agosto de 2026 14:44",109173.0
336,1,,,2025,,"R$ 104.201,00",Renault,DUSTER Intense Plus 1.6 16V Flex Mec.,2025,025325-1,Flex,1,F,agosto de 2026 ,f8hqsv7lqtdzm,"sábado, 1 de agosto de 2026 14:44",104201.0
336,1,,,2025,,"R$ 95.733,00",Renault,Kardian Evolut. Flex 1.0 TB 12V 5p Aut.,2025,025327-8,Flex,1,F,agosto de 2026 ,chjshbfj485dzm,"sábado, 1 de agosto de 2026 14:44",95733.0
336,1,,,2025,,"R$ 97.745,00",Renault,Kardian Techno Flex 1.0 TB 12V 5p Aut.,2025,025328-6,Flex,1,F,agosto de 2026 ,ch9csnl7q54dzm,"sábado, 1 de agosto de 2026 14:44",97745.0
336,1,,,2025,,"R$ 103.899,00",Renault,Kardian Prem. Ed Flex 1.0 TB 12V 5p Aut.,2025,025329-4,Flex,1,F,agosto de 2026 ,f74rh5wt3vdzm,"sábado, 1 de agosto de 2026 14:44",103899.0
336,1,,,2025,,"R$ 92.204,00",Renault,Kangoo Advanced 1.6 16V Flex ,2025,025331-6,Flex,1,F,agosto de 2026 ,cf6ds3rln8mdzm,"sábado, 1 de agosto de 2026 14:44",92204.0
336,1,,,2026,,"R$ 102.055,00",Renault,Kangoo Advanced 1.6 16V Flex ,2026,025331-6,Flex,1,F,agosto de 2026 ,f5zqr9s7nvd2v,"sábado, 1 de agosto de 2026 14:44",102055.0
336,1,,,2022,,"R$ 125.921,00",Caoa Chery/Chery,Tiggo 8 TXS 1.6 16V TGDi Aut.,2022,073029-7,Gasolina,1,G,agosto de 2026 ,g2y5x5ns9zdmn,"sábado, 1 de agosto de 2026 14:44",125921.0
335,1,,,2022,,"R$ 118.154,00",Fiat,Toro Volcano 2.0 16V 4x4 TB Diesel Aut.,2022,001453-2,Diesel,1,D,julho de 2026 ,gsvwd7dv63dm9,"sábado, 1 de agosto de 2026 14:45",118154.0
335,1,,,2023,,"R$ 130.826,00",Fiat,Toro Volcano 2.0 16V 4x4 TB Diesel Aut.,2023,001453-2,Diesel,1,D,julho de 2026 ,g8qgnz8m7hdrj,"sábado, 1 de agosto de 2026 14:45",130826.0
335,1,,,2024,,"R$ 144.041,00",Fiat,Toro Volcano 2.0 16V 4x4 TB Diesel Aut.,2024,001453-2,Diesel,1,D,julho de 2026 ,hr6srf8qm4dvr,"sábado, 1 de agosto de 2026 14:45",144041.0
335,1,,,2025,,"R$ 155.740,00",Fiat,Toro Volcano 2.0 16V 4x4 TB Diesel Aut.,2025,001453-2,Diesel,1,D,julho de 2026 ,h6x0nwnrybdyz,"sábado, 1 de agosto de 2026 14:45",155740.0
335,1,,,2023,,"R$ 53.768,00",Fiat,MOBI LIKE 1.0 Fire Flex 5p.,2023,001461-3,Flex,1,F,julho de 2026 ,znrg6xpv01pn,"sábado, 1 de agosto de 2026 14:45",53768.0
335,1,,,2024,,"R$ 56.214,00",Fiat,MOBI LIKE 1.0 Fire Flex 5p.,2024,001461-3,Flex,1,F,julho de 2026 ,0lfjnt73zksw,"sábado, 1 de agosto de 2026 14:45",56214.0
335,1,,,2025,,"R$ 61.105,00",Fiat,MOBI LIKE 1.0 Fire Flex 5p.,2025,001461-3,Flex,1,F,julho de 2026 ,2fr79c7smfw3,"sábado, 1 de agosto de 2026 14:45",61105.0
335,1,,,2026,,"R$ 66.577,00",Fiat,MOBI LIKE 1.0 Fire Flex 5p.,2026,001461-3,Flex,1,F,julho de 2026 ,4hx5cybn600b,"sábado, 1 de agosto de 2026 14:45",66577.0
335,1,,,2022,,"R$ 59.656,00",Fiat,ARGO DRIVE 1.0 6V Flex,2022,001494-0,Flex,1,F,julho de 2026 ,1wsllxwgddlf,"sábado, 1 de agosto de 2026 14:45",59656.0
335,1,,,2023,,"R$ 64.774,00",Fiat,ARGO DRIVE 1.0 6V Flex,2023,001494-0,Flex,1,F,julho de 2026 ,3tsty81fswpn,"sábado, 1 de agosto de 2026 14:45",64774.0
335,1,,,2024,,"R$ 68.492,00",Fiat,ARGO DRIVE 1.0 6V Flex,2024,001494-0,Flex,1,F,julho de 2026 ,47c6rlgbmksw,"sábado, 1 de agosto de 2026 14:45",68492.0
335,1,,,2025,,"R$ 71.232,00",Fiat,ARGO DRIVE 1.0 6V Flex,2025,001494-0,Flex,1,F,julho de 2026 ,58h3v1hnzhw3,"sábado, 1 de agosto de 2026 14:45",71232.0
335,1,,,2026,,"R$ 78.623,00",Fiat,ARGO DRIVE 1.0 6V Flex,2026,001494-0,Flex,1,F,julho de 2026 ,815jddrbsl0b,"sábado, 1 de agosto de 2026 14:45",78623.0
335,1,,,2023,,"R$ 73.514,00",Fiat,CRONOS DRIVE 1.3 8V Flex,2023,001505-9,Flex,1,F,julho de 2026 ,638kfpyv86pn,"sábado, 1 de agosto de 2026 14:45",73514.0
335,1,,,2024,,"R$ 80.926,00",Fiat,CRONOS DRIVE 1.3 8V Flex,2024,001505-9,Flex,1,F,julho de 2026 ,9x5lk7tbmpsw,"sábado, 1 de agosto de 2026 14:45",80926.0
335,1,,,2025,,"R$ 86.267,00",Fiat,CRONOS DRIVE 1.3 8V Flex,2025,001505-9,Flex,1,F,julho de 2026 ,ccyswl7m7q4w3,"sábado, 1 de agosto de 2026 14:45",86267.0
335,1,,,2022,,"R$ 57.936,00",Fiat,ARGO 1.0 6V Flex,2022,001509-1,Flex,1,F,julho de 2026 ,07mfdf05h1dny,"sábado, 1 de agosto de 2026 14:45",57936.0
335,1,,,2023,,"R$ 62.294,00",Fiat,ARGO 1.0 6V Flex,2023,001509-1,Flex,1,F,julho de 2026 ,2wqfd3v8tydr5,"sábado, 1 de agosto de 2026 14:45",62294.0
335,1,,,2024,,"R$ 65.763,00",Fiat,ARGO 1.0 6V Flex,2024,001509-1,Flex,1,F,julho de 2026 ,36c9k4c63gdwd,"sábado, 1 de agosto de 2026 14:45",65763.0
335,1,,,2025,,"R$ 70.764,00",Fiat,ARGO 1.0 6V Flex,2025,001509-1,Flex,1,F,julho de 2026 ,5200m102p2dzm,"sábado, 1 de agosto de 2026 14:45",70764.0
335,1,,,2024,,"R$ 82.568,00",Fiat,ARGO TREKKING 1.3 8V Flex,2024,001519-9,Flex,1,F,julho de 2026 ,cbkfdxj3wszsw,"sábado, 1 de agosto de 2026 14:45",82568.0
335,1,,,2022,,"R$ 69.009,00",Fiat,Strada Endurance 1.4 Flex 8V CS Plus,2022,001526-1,Flex,1,F,julho de 2026 ,5ff32svq45lf,"sábado, 1 de agosto de 2026 14:45",69009.0
335,1,,,2023,,"R$ 74.801,00",Fiat,Strada Endurance 1.4 Flex 8V CS Plus,2023,001526-1,Flex,1,F,julho de 2026 ,7mcbsjnq0cpn,"sábado, 1 de agosto de 2026 14:45",74801.0
335,1,,,2024,,"R$ 100.131,00",Fiat,Strada Freedom 1.3 Flex 8V CD,2024,001530-0,Flex,1,F,julho de 2026 ,f3qsw2h4gfdwd,"sábado, 1 de agosto de 2026 14:45",100131.0
335,1,,,2025,,"R$ 108.219,00",Fiat,Strada Freedom 1.3 Flex 8V CD,2025,001530-0,Flex,1,F,julho de 2026 ,gd6r2984zwdzm,"sábado, 1 de agosto de 2026 14:45",108219.0
335,1,,,2023,,"R$ 83.566,00",Fiat,Fiorino Endurance EVO 1.4 Flex 8V 2p,2023,001531-8,Flex,1,F,julho de 2026 ,cbx34x9h9z0pn,"sábado, 1 de agosto de 2026 14:45",83566.0
335,1,,,2024,,"R$ 89.564,00",Fiat,Fiorino Endurance EVO 1.4 Flex 8V 2p,2024,001531-8,Flex,1,F,julho de 2026 ,cd6f7rnwt2fsw,"sábado, 1 de agosto de 2026 14:45",89564.0
335,1,,,2025,,"R$ 97.961,00",Fiat,Fiorino Endurance EVO 1.4 Flex 8V 2p,2025,001531-8,Flex,1,F,julho de 2026 ,cjcw9f3zsqsw3,"sábado, 1 de agosto de 2026 14:45",97961.0
335,1,,,2024,,"R$ 61.172,00",Fiat,MOBI TREKKING 1.0 Flex 5p.,2024,001536-9,Flex,1,F,julho de 2026 ,2gkl65c6rvsw,"sábado, 1 de agosto de 2026 14:45",61172.0
335,1,,,2025,,"R$ 66.772,00",Fiat,MOBI TREKKING 1.0 Flex 5p.,2025,001536-9,Flex,1,F,julho de 2026 ,4k61kdcj12w3,"sábado, 1 de agosto de 2026 14:45",66772.0
335,1,,,2025,,"R$ 122.911,00",Fiat,Toro Endurance 1.3 T270 4x2 Flex Aut.,2025,001537-7,Flex,1,F,julho de 2026 ,gzfsdj8bx3dzm,"sábado, 1 de agosto de 2026 14:45",122911.0
335,1,,,2022,,"R$ 105.125,00",Fiat,Toro Freedom 1.3 T270 4x2 Flex Aut.,2022,001538-5,Flex,1,F,julho de 2026 ,f9k9xnqxlgdny,"sábado, 1 de agosto de 2026 14:45",105125.0
335,1,,,2023,,"R$ 113.867,00",Fiat,Toro Freedom 1.3 T270 4x2 Flex Aut.,2023,001538-5,Flex,1,F,julho de 2026 ,gmt10rtq4gdr5,"sábado, 1 de agosto de 2026 14:45",113867.0
335,1,,,2024,,"R$ 123.834,00",Fiat,Toro Freedom 1.3 T270 4x2 Flex Aut.,2024,001538-5,Flex,1,F,julho de 2026 ,g0jbdd3vfqdwd,"sábado, 1 de agosto de 2026 14:45",123834.0
335,1,,,2025,,"R$ 130.945,00",Fiat,Toro Freedom 1.3 T270 4x2 Flex Aut.,2025,001538-5,Flex,1,F,julho de 2026 ,g8vsrl5dbxdzm,"sábado, 1 de agosto de 2026 14:45",130945.0
335,1,,,2023,,"R$ 94.056,00",Fiat,PULSE AUDACE 1.0 Turbo 200 Flex Aut.,2023,001542-3,Flex,1,F,julho de 2026 ,cgw3ymsvlzbpn,"sábado, 1 de agosto de 2026 14:46",94056.0
335,1,,,2024,,"R$ 99.095,00",Fiat,PULSE AUDACE 1.0 Turbo 200 Flex Aut.,2024,001542-3,Flex,1,F,julho de 2026 ,cjs6gvw6nk2sw,"sábado, 1 de agosto de 2026 14:45",99095.0
335,1,,,2023,,"R$ 88.059,00",Fiat,PULSE DRIVE 1.3 8V Flex Aut.,2023,001544-0,Flex,1,F,julho de 2026 ,cdms62qlz7lpn,"sábado, 1 de agosto de 2026 14:45",88059.0
335,1,,,2024,,"R$ 92.054,00",Fiat,PULSE DRIVE 1.3 8V Flex Aut.,2024,001544-0,Flex,1,F,julho de 2026 ,cf4m8zkdkzysw,"sábado, 1 de agosto de 2026 14:45",92054.0
335,1,,,2025,,"R$ 97.265,00",Fiat,PULSE DRIVE 1.3 8V Flex Aut.,2025,001544-0,Flex,1,F,julho de 2026 ,ch3q9683bwfw3,"sábado, 1 de agosto de 2026 14:45",97265.0
335,1,,,2026,,"R$ 105.779,00",Fiat,PULSE DRIVE 1.3 8V Flex Aut.,2026,001544-0,Flex,1,F,julho de 2026 ,gbb2th17jkd2v,"sábado, 1 de agosto de 2026 14:55",105779.0
335,1,,,2024,,"R$ 75.003,00",Fiat,CRONOS DRIVE 1.0 6V Flex,2024,001553-9,Flex,1,F,julho de 2026 ,7pqrt0pdw1sw,"sábado, 1 de agosto de 2026 14:55",75003.0
335,1,,,2025,,"R$ 79.034,00",Fiat,CRONOS DRIVE 1.0 6V Flex,2025,001553-9,Flex,1,F,julho de 2026 ,86zxcfyg36w3,"sábado, 1 de agosto de 2026 14:46",79034.0
335,1,,,2026,,"R$ 88.039,00",Fiat,CRONOS DRIVE 1.0 6V Flex,2026,001553-9,Flex,1,F,julho de 2026 ,cdmkyqvhjvm0b,"sábado, 1 de agosto de 2026 14:46",88039.0
335,1,,,2024,,"R$ 82.370,00",Fiat,CRONOS DRIVE 1.3 8V Flex Aut.,2024,001554-7,Flex,1,F,julho de 2026 ,cbg3fx9ysfjsw,"sábado, 1 de agosto de 2026 14:46",82370.0
335,1,,,2025,,"R$ 92.746,00",Fiat,CRONOS DRIVE 1.3 8V Flex Aut.,2025,001554-7,Flex,1,F,julho de 2026 ,cgdrs37nb22w3,"sábado, 1 de agosto de 2026 14:46",92746.0
335,1,,,2024,,"R$ 119.987,00",Fiat,Fastback Limited Ed.1.3 270 T.Flex Aut.,2024,001556-3,Flex,1,F,julho de 2026 ,gv0hrvvrftdwd,"sábado, 1 de agosto de 2026 14:55",119987.0
335,1,,,2024,,"R$ 115.348,00",Fiat,Fastback Impetus 1.0 200 T. Flex Aut,2024,001557-1,Flex,1,F,julho de 2026 ,gpkwq62tz5dwd,"sábado, 1 de agosto de 2026 14:46",115348.0
335,1,,,2024,,"R$ 109.531,00",Fiat,Fastback Audace 1.0 200 T. Flex Aut,2024,001558-0,Flex,1,F,julho de 2026 ,ggrgdp89yjdwd,"sábado, 1 de agosto de 2026 14:46",109531.0
335,1,,,2025,,"R$ 114.364,00",Fiat,Fastback Audace 1.0 200 T. Flex Aut,2025,001558-0,Flex,1,F,julho de 2026 ,gnd30nn18zdzm,"sábado, 1 de agosto de 2026 14:47",114364.0
335,1,,,2024,,"R$ 77.891,00",Fiat,Strada Endurance 1.3 Flex 8V CS Plus,2024,001569-5,Flex,1,F,julho de 2026 ,8slgjqg3mndwd,"sábado, 1 de agosto de 2026 14:46",77891.0
335,1,,,2025,,"R$ 86.012,00",Fiat,Strada Endurance 1.3 Flex 8V CS Plus,2025,001569-5,Flex,1,F,julho de 2026 ,ccvs6cx97mhdzm,"sábado, 1 de agosto de 2026 14:46",86012.0
335,1,,,2026,,"R$ 94.768,00",Fiat,Strada Endurance 1.3 Flex 8V CS Plus,2026,001569-5,Flex,1,F,julho de 2026 ,cg5gq31zbsrd2v,"sábado, 1 de agosto de 2026 14:46",94768.0
335,1,,,2025,,"R$ 136.583,00",Fiat,Fastback ABARTH Turbo Flex 1.3 Aut.,2025,001572-5,Flex,1,F,julho de 2026 ,hhgqdqmmngdzm,"sábado, 1 de agosto de 2026 14:46",136583.0
335,1,,,2025,,"R$ 117.746,00",Fiat,Fastback Audace 200 TB Aut (Hibrído),2025,001578-4,Híbrido,1,H,julho de 2026 ,gsc1pz75s1dzy,"sábado, 1 de agosto de 2026 14:46",117746.0
335,1,,,2025,,"R$ 107.493,00",Fiat,PULSE AUDACE Turbo 200  Aut. (Hibrído),2025,001579-2,Híbrido,1,H,julho de 2026 ,gdcc2jl7vfdzy,"sábado, 1 de agosto de 2026 14:46",107493.0
335,1,,,2024,,"R$ 184.979,00",Toyota,Hilux CD 4x4 2.8 Diesel Mec.,2024,002015-0,Diesel,1,D,julho de 2026 ,j96rwj46yndvr,"sábado, 1 de agosto de 2026 14:46",184979.0
335,1,,,2024,,"R$ 141.188,00",Toyota,Corolla XEi 2.0 Flex 16V Aut.,2024,002111-3,Flex,1,F,julho de 2026 ,hnv23r61nndwd,"sábado, 1 de agosto de 2026 14:46",141188.0
335,1,,,2025,,"R$ 157.635,00",Toyota,Corolla XEi 2.0 Flex 16V Aut.,2025,002111-3,Flex,1,F,julho de 2026 ,h84wv4x4kfdzm,"sábado, 1 de agosto de 2026 14:46",157635.0
335,1,,,2024,,"R$ 216.847,00",Toyota,Hilux CD SR 4x4 2.8 TDI Diesel Aut.,2024,002142-3,Diesel,1,D,julho de 2026 ,ljk2bql6wqdvr,"sábado, 1 de agosto de 2026 14:46",216847.0
335,1,,,2024,,"R$ 89.663,00",Toyota,YARIS XL Sedan 1.5 Flex 16V 4p Aut.,2024,002168-7,Flex,1,F,julho de 2026 ,cd7l67r8scpsw,"sábado, 1 de agosto de 2026 14:46",89663.0
335,1,,,2025,,"R$ 96.685,00",Toyota,YARIS XL Sedan 1.5 Flex 16V 4p Aut.,2025,002168-7,Flex,1,F,julho de 2026 ,chwyh1jqt08w3,"sábado, 1 de agosto de 2026 14:46",96685.0
335,1,,,2024,,"R$ 124.276,00",Toyota,Corolla GLi 2.0 16V Flex Aut.,2024,002181-4,Flex,1,F,julho de 2026 ,g01dd6389ydwd,"sábado, 1 de agosto de 2026 14:46",124276.0
335,1,,,2025,,"R$ 143.092,00",Toyota,Corolla GLi 2.0 16V Flex Aut.,2025,002181-4,Flex,1,F,julho de 2026 ,hq29gffzwfdzm,"sábado, 1 de agosto de 2026 14:46",143092.0
335,1,,,2023,,"R$ 141.176,00",Toyota,Corolla Altis 1.8 16V Aut. (Híbrido),2023,002182-2,Híbrido,1,H,julho de 2026 ,hnvnlmzxc2dsh,"sábado, 1 de agosto de 2026 14:46",141176.0
335,1,,,2024,,"R$ 142.236,00",Toyota,Corolla Cross XR 2.0 16V Flex Aut.,2024,002201-2,Flex,1,F,julho de 2026 ,hp25yt2hqcdwd,"sábado, 1 de agosto de 2026 14:46",142236.0
335,1,,,2024,,"R$ 148.376,00",Toyota,Corolla Cross XRE 2.0 16V Flex Aut.,2024,002203-9,Flex,1,F,julho de 2026 ,hx9b7j8pgmdwd,"sábado, 1 de agosto de 2026 14:46",148376.0
335,1,,,2025,,"R$ 163.887,00",Toyota,Corolla Cross XRE 2.0 16V Flex Aut.,2025,002203-9,Flex,1,F,julho de 2026 ,jjg4bzkwh9dzm,"sábado, 1 de agosto de 2026 14:46",163887.0
335,1,,,2026,,"R$ 174.855,00",Toyota,Corolla Cross XRE 2.0 16V Flex Aut.,2026,002203-9,Flex,1,F,julho de 2026 ,jybslz2wv6d2v,"sábado, 1 de agosto de 2026 14:46",174855.0
335,1,,,2025,,"R$ 188.072,00",Toyota,Corolla Cross XRX 1.8 16V Aut. (Híbrido),2025,002204-7,Híbrido,1,H,julho de 2026 ,kft5x9skh4dzy,"sábado, 1 de agosto de 2026 14:46",188072.0
335,1,,,2024,,"R$ 89.422,00",Toyota,YARIS XL 1.5 Flex 16V 5p Aut.,2024,002207-1,Flex,1,F,julho de 2026 ,cd4smrwvc8tsw,"sábado, 1 de agosto de 2026 14:46",89422.0
335,1,,,2025,,"R$ 95.509,00",Toyota,YARIS XL 1.5 Flex 16V 5p Aut.,2025,002207-1,Flex,1,F,julho de 2026 ,chf42df79slw3,"sábado, 1 de agosto de 2026 14:46",95509.0
335,1,,,2023,,"R$ 149.989,00",Ford,Ranger XL 2.2 4x4 CS Diesel Mec.,2023,003433-9,Diesel,1,D,julho de 2026 ,hz5zpqjsr2drj,"sábado, 1 de agosto de 2026 14:46",149989.0
335,1,,,2026,,"R$ 309.333,00",Ford,TRANSIT Minibus 18 Lug. 2.0 16V Diesel,2026,003484-3,Diesel,1,D,julho de 2026 ,p00ng7fsnld16,"sábado, 1 de agosto de 2026 14:46",309333.0
335,1,,,2026,,"R$ 213.899,00",Ford,Ranger XL 2.0 4x4 CD Diesel Mec. ,2026,003502-5,Diesel,1,D,julho de 2026 ,ld3xnqyfsdd16,"sábado, 1 de agosto de 2026 14:46",213899.0
335,1,,,2023,,"R$ 141.921,00",GM - Chevrolet,S10 Pick-Up LS 2.8 TDI 4x4 CD Dies. Mec.,2023,004413-0,Diesel,1,D,julho de 2026 ,hpqq01thfsdrj,"sábado, 1 de agosto de 2026 14:46",141921.0
335,1,,,2024,,"R$ 167.583,00",GM - Chevrolet,S10 Pick-Up LS 2.8 TDI 4x4 CD Dies. Mec.,2024,004413-0,Diesel,1,D,julho de 2026 ,jntgt4wsfpdvr,"sábado, 1 de agosto de 2026 14:46",167583.0
335,1,,,2025,,"R$ 111.701,00",GM - Chevrolet,SPIN LTZ 1.8 8V Econo.Flex 5p Aut.,2025,004417-2,Flex,1,F,julho de 2026 ,gj9bglr778dzm,"sábado, 1 de agosto de 2026 14:46",111701.0
335,1,,,2022,,"R$ 79.387,00",GM - Chevrolet,SPIN PREMIER 1.8 8V Econo.Flex 5p Aut.,2022,004494-6,Flex,1,F,julho de 2026 ,9b36s9bzc5lf,"sábado, 1 de agosto de 2026 14:46",79387.0
335,1,,,2023,,"R$ 90.902,00",GM - Chevrolet,SPIN PREMIER 1.8 8V Econo.Flex 5p Aut.,2023,004494-6,Flex,1,F,julho de 2026 ,cfp4krgdhxfpn,"sábado, 1 de agosto de 2026 14:46",90902.0
335,1,,,2024,,"R$ 99.098,00",GM - Chevrolet,SPIN PREMIER 1.8 8V Econo.Flex 5p Aut.,2024,004494-6,Flex,1,F,julho de 2026 ,cjs7knrj5ncsw,"sábado, 1 de agosto de 2026 14:46",99098.0
335,1,,,2025,,"R$ 123.314,00",GM - Chevrolet,SPIN PREMIER 1.8 8V Econo.Flex 5p Aut.,2025,004494-6,Flex,1,F,julho de 2026 ,gzxfg3k250dzm,"sábado, 1 de agosto de 2026 14:46",123314.0
335,1,,,2024,,"R$ 223.073,00",GM - Chevrolet,TRAILBLAZER PREMIER 2.8 TB Diesel Aut.,2024,004498-9,Diesel,1,D,julho de 2026 ,lrwcjctsm5dvr,"sábado, 1 de agosto de 2026 14:46",223073.0
335,1,,,2024,,"R$ 77.021,00",GM - Chevrolet,ONIX SEDAN Plus LT 1.0 12V TB Flex Mec.,2024,004500-4,Flex,1,F,julho de 2026 ,8gc7rxv0zdsw,"sábado, 1 de agosto de 2026 14:47",77021.0
335,1,,,2025,,"R$ 84.020,00",GM - Chevrolet,ONIX SEDAN Plus LT 1.0 12V TB Flex Mec.,2025,004500-4,Flex,1,F,julho de 2026 ,cb3f5dxglk8w3,"sábado, 1 de agosto de 2026 14:46",84020.0
335,1,,,2025,,"R$ 92.170,00",GM - Chevrolet,ONIX SEDAN Plus LT 1.0 12V TB Flex Aut.,2025,004501-2,Flex,1,F,julho de 2026 ,cf50f0nw75jw3,"sábado, 1 de agosto de 2026 14:46",92170.0
335,1,,,2023,,"R$ 76.196,00",GM - Chevrolet,ONIX SEDAN Plus LTZ 1.0 12V TB Flex Aut.,2023,004502-0,Flex,1,F,julho de 2026 ,74qc03g3tlpn,"sábado, 1 de agosto de 2026 14:46",76196.0
335,1,,,2024,,"R$ 82.658,00",GM - Chevrolet,ONIX SEDAN Plus LTZ 1.0 12V TB Flex Aut.,2024,004502-0,Flex,1,F,julho de 2026 ,cblg3z1fq1vsw,"sábado, 1 de agosto de 2026 14:46",82658.0
335,1,,,2025,,"R$ 92.751,00",GM - Chevrolet,ONIX SEDAN Plus LTZ 1.0 12V TB Flex Aut.,2025,004502-0,Flex,1,F,julho de 2026 ,cgdtmgn0j6rw3,"sábado, 1 de agosto de 2026 14:46",92751.0
335,1,,,2023,,"R$ 74.455,00",GM - Chevrolet,ONIX SEDAN Plus LTZ 1.0 12V TB Flex Mec.,2023,004503-9,Flex,1,F,julho de 2026 ,7g9k6pd5h1pn,"sábado, 1 de agosto de 2026 14:46",74455.0
335,1,,,2023,,"R$ 71.154,00",GM - Chevrolet,ONIX HATCH LT 1.0 12V TB Flex 5p Mec.,2023,004512-8,Flex,1,F,julho de 2026 ,57lrz3tn0wpn,"sábado, 1 de agosto de 2026 14:46",71154.0
335,1,,,2024,,"R$ 76.821,00",GM - Chevrolet,ONIX HATCH LT 1.0 12V TB Flex 5p Mec.,2024,004512-8,Flex,1,F,julho de 2026 ,8c1j713ryxsw,"sábado, 1 de agosto de 2026 14:46",76821.0
335,1,,,2025,,"R$ 83.725,00",GM - Chevrolet,ONIX HATCH LT 1.0 12V TB Flex 5p Mec.,2025,004512-8,Flex,1,F,julho de 2026 ,cbzzyg2xvkgw3,"sábado, 1 de agosto de 2026 14:47",83725.0
335,1,,,2025,,"R$ 94.002,00",GM - Chevrolet,ONIX HATCH LT 1.0 12V TB Flex 5p Aut.,2025,004514-4,Flex,1,F,julho de 2026 ,cgwg95wbh3sw3,"sábado, 1 de agosto de 2026 14:48",94002.0
335,1,,,2024,,"R$ 86.467,00",GM - Chevrolet,ONIX HATCH LTZ 1.0 12V TB Flex 5p Aut.,2024,004515-2,Flex,1,F,julho de 2026 ,cc04k336xgzsw,"sábado, 1 de agosto de 2026 14:47",86467.0
335,1,,,2025,,"R$ 96.104,00",GM - Chevrolet,ONIX HATCH LTZ 1.0 12V TB Flex 5p Aut.,2025,004515-2,Flex,1,F,julho de 2026 ,chn4blj6dlbw3,"sábado, 1 de agosto de 2026 14:47",96104.0
335,1,,,2025,,"R$ 73.211,00",GM - Chevrolet,ONIX HATCH LT 1.0 12V Flex 5p Mec.,2025,004517-9,Flex,1,F,julho de 2026 ,60qfcj49xmw3,"sábado, 1 de agosto de 2026 14:47",73211.0
335,1,,,2023,,"R$ 67.661,00",GM - Chevrolet,ONIX SEDAN Plus LT 1.0 12V Flex 4p Mec.,2023,004518-7,Flex,1,F,julho de 2026 ,4xm5d1dctqpn,"sábado, 1 de agosto de 2026 14:47",67661.0
335,1,,,2025,,"R$ 78.372,00",GM - Chevrolet,ONIX SEDAN Plus LT 1.0 12V Flex 4p Mec.,2025,004518-7,Flex,1,F,julho de 2026 ,8y687knrn9w3,"sábado, 1 de agosto de 2026 14:47",78372.0
335,1,,,2024,,"R$ 69.049,00",GM - Chevrolet,ONIX HATCH 1.0 12V Flex 5p Mec.,2024,004519-5,Flex,1,F,julho de 2026 ,5fxnskpksdsw,"sábado, 1 de agosto de 2026 14:47",69049.0
335,1,,,2025,,"R$ 70.842,00",GM - Chevrolet,ONIX HATCH 1.0 12V Flex 5p Mec.,2025,004519-5,Flex,1,F,julho de 2026 ,53ych86ltlw3,"sábado, 1 de agosto de 2026 14:47",70842.0
335,1,,,2024,,"R$ 101.499,00",GM - Chevrolet,TRACKER LT 1.0 Turbo 12V Flex Aut.,2024,004522-5,Flex,1,F,julho de 2026 ,f5bh9jwl9tdwd,"sábado, 1 de agosto de 2026 14:47",101499.0
335,1,,,2025,,"R$ 106.236,00",GM - Chevrolet,TRACKER LT 1.0 Turbo 12V Flex Aut.,2025,004522-5,Flex,1,F,julho de 2026 ,gbwpq78mxqdzm,"sábado, 1 de agosto de 2026 14:47",106236.0
335,1,,,2023,,"R$ 107.589,00",GM - Chevrolet,TRACKER Premier 1.2 Turbo 12V Flex Aut.,2023,004525-0,Flex,1,F,julho de 2026 ,gdgv7sgkvhdr5,"sábado, 1 de agosto de 2026 14:47",107589.0
335,1,,,2024,,"R$ 117.502,00",GM - Chevrolet,TRACKER Premier 1.2 Turbo 12V Flex Aut.,2024,004525-0,Flex,1,F,julho de 2026 ,gr25r7wpxwdwd,"sábado, 1 de agosto de 2026 14:47",117502.0
335,1,,,2025,,"R$ 128.076,00",GM - Chevrolet,TRACKER Premier 1.2 Turbo 12V Flex Aut.,2025,004525-0,Flex,1,F,julho de 2026 ,g5hh219x3fdzm,"sábado, 1 de agosto de 2026 14:47",128076.0
335,1,,,2025,,"R$ 104.986,00",GM - Chevrolet,TRACKER 1.0 Turbo 12V Flex Aut. ,2025,004526-8,Flex,1,F,julho de 2026 ,f9d79gtlbzdzm,"sábado, 1 de agosto de 2026 14:47",104986.0
335,1,,,2025,,"R$ 117.193,00",GM - Chevrolet,TRACKER LTZ 1.0 Turbo 12V Flex Aut.,2025,004532-2,Flex,1,F,julho de 2026 ,grqyl1v5nndzm,"sábado, 1 de agosto de 2026 14:47",117193.0
335,1,,,2026,,"R$ 141.728,00",GM - Chevrolet,TRACKER LTZ 1.0 Turbo 12V Flex Aut.,2026,004532-2,Flex,1,F,julho de 2026 ,hphqkpb82wd2v,"sábado, 1 de agosto de 2026 14:47",141728.0
335,1,,,2026,,"R$ 136.437,00",GM - Chevrolet,MONTANA LTZ 1.2 Turbo Flex 12V 4p Aut.,2026,004541-1,Flex,1,F,julho de 2026 ,hg9dw00hmxd2v,"sábado, 1 de agosto de 2026 14:48",136437.0
335,1,,,2025,,"R$ 210.478,00",GM - Chevrolet,S10 Pick-Up WT 2.8 TDI 4x4 CD Diesel Aut,2025,004550-0,Diesel,1,D,julho de 2026 ,k83k04plnzdyz,"sábado, 1 de agosto de 2026 14:47",210478.0
335,1,,,2025,,"R$ 195.185,00",GM - Chevrolet,S10 Pick-Up WT 2.8 TDI 4x4 CD Diesel Mec,2025,004552-7,Diesel,1,D,julho de 2026 ,kp5qkbhp38dyz,"sábado, 1 de agosto de 2026 14:47",195185.0
335,1,,,2024,,"R$ 110.402,00",VW - VolksWagen,VIRTUS Highline 200 TSI 1.0 Flex 12V Aut,2024,005484-4,Flex,1,F,julho de 2026 ,ghr3s8n89qdwd,"sábado, 1 de agosto de 2026 14:47",110402.0
335,1,,,2023,,"R$ 54.935,00",VW - VolksWagen,Gol 1.0 Flex 12V 5p,2023,005490-9,Flex,1,F,julho de 2026 ,z3fngfct1bpn,"sábado, 1 de agosto de 2026 14:47",54935.0
335,1,,,2022,,"R$ 58.060,00",VW - VolksWagen,Gol 1.6 MSI Flex 8V 5p,2022,005491-7,Flex,1,F,julho de 2026 ,082hk56csmlf,"sábado, 1 de agosto de 2026 14:47",58060.0
335,1,,,2023,,"R$ 123.679,00",VW - VolksWagen,T-Cross Hig. 250 TSI 1.4 Flex 16V 5p Aut,2023,005508-5,Flex,1,F,julho de 2026 ,g0bpq98tv3dr5,"sábado, 1 de agosto de 2026 14:47",123679.0
335,1,,,2024,,"R$ 131.148,00",VW - VolksWagen,T-Cross Hig. 250 TSI 1.4 Flex 16V 5p Aut,2024,005508-5,Flex,1,F,julho de 2026 ,g825g75hs2dwd,"sábado, 1 de agosto de 2026 14:47",131148.0
335,1,,,2025,,"R$ 141.206,00",VW - VolksWagen,T-Cross Hig. 250 TSI 1.4 Flex 16V 5p Aut,2025,005508-5,Flex,1,F,julho de 2026 ,hnwrdhdd59dzm,"sábado, 1 de agosto de 2026 14:47",141206.0
335,1,,,2026,,"R$ 159.706,00",VW - VolksWagen,T-Cross Hig. 250 TSI 1.4 Flex 16V 5p Aut,2026,005508-5,Flex,1,F,julho de 2026 ,jck5czzq7pd2v,"sábado, 1 de agosto de 2026 14:47",159706.0
335,1,,,2024,,"R$ 118.043,00",VW - VolksWagen,T-Cross Comfor. 200 TSI 1.0 Flex 5p Aut.,2024,005509-3,Flex,1,F,julho de 2026 ,gsqvb1jq8wdwd,"sábado, 1 de agosto de 2026 14:47",118043.0
335,1,,,2025,,"R$ 132.321,00",VW - VolksWagen,T-Cross Comfor. 200 TSI 1.0 Flex 5p Aut.,2025,005509-3,Flex,1,F,julho de 2026 ,hbgs5g35r5dzm,"sábado, 1 de agosto de 2026 14:47",132321.0
335,1,,,2026,,"R$ 146.519,00",VW - VolksWagen,T-Cross Comfor. 200 TSI 1.0 Flex 5p Aut.,2026,005509-3,Flex,1,F,julho de 2026 ,hv3vvkqt45d2v,"sábado, 1 de agosto de 2026 14:47",146519.0
335,1,,,2024,,"R$ 106.812,00",VW - VolksWagen,T-Cross 200 TSI 1.0  Flex 12V 5p Aut.,2024,005510-7,Flex,1,F,julho de 2026 ,gckmrlb4wxdwd,"sábado, 1 de agosto de 2026 14:47",106812.0
335,1,,,2025,,"R$ 119.193,00",VW - VolksWagen,T-Cross 200 TSI 1.0  Flex 12V 5p Aut.,2025,005510-7,Flex,1,F,julho de 2026 ,gt2m3ws5j3dzm,"sábado, 1 de agosto de 2026 14:47",119193.0
335,1,,,2026,,"R$ 128.433,00",VW - VolksWagen,T-Cross 200 TSI 1.0  Flex 12V 5p Aut.,2026,005510-7,Flex,1,F,julho de 2026 ,g5xhbvgzs4d2v,"sábado, 1 de agosto de 2026 14:47",128433.0
335,1,,,2026,,"R$ 97.337,00",VW - VolksWagen,Polo Sense TSI 1.0 Flex 12V Aut,2026,005513-1,Flex,1,F,julho de 2026 ,ch4lhg5sd44d2v,"sábado, 1 de agosto de 2026 14:47",97337.0
335,1,,,2023,,"R$ 100.895,00",VW - VolksWagen,Nivus Comfortline 1.0 200 TSI Flex Aut.,2023,005525-5,Flex,1,F,julho de 2026 ,f4mkq46dfkdr5,"sábado, 1 de agosto de 2026 14:47",100895.0
335,1,,,2024,,"R$ 105.439,00",VW - VolksWagen,Nivus Comfortline 1.0 200 TSI Flex Aut.,2024,005525-5,Flex,1,F,julho de 2026 ,f9yqqhsrvvdwd,"sábado, 1 de agosto de 2026 14:55",105439.0
335,1,,,2025,,"R$ 121.682,00",VW - VolksWagen,Nivus Comfortline 1.0 200 TSI Flex Aut.,2025,005525-5,Flex,1,F,julho de 2026 ,gxz3l8r5lbdzm,"sábado, 1 de agosto de 2026 14:47",121682.0
335,1,,,2026,,"R$ 128.102,00",VW - VolksWagen,Nivus Comfortline 1.0 200 TSI Flex Aut.,2026,005525-5,Flex,1,F,julho de 2026 ,g5jgc7f2lwd2v,"sábado, 1 de agosto de 2026 14:47",128102.0
335,1,,,2023,,"R$ 112.353,00",VW - VolksWagen,Nivus Highline 1.0 200 TSI Flex Aut.,2023,005526-3,Flex,1,F,julho de 2026 ,gk103lsxsldr5,"sábado, 1 de agosto de 2026 14:48",112353.0
335,1,,,2024,,"R$ 116.893,00",VW - VolksWagen,Nivus Highline 1.0 200 TSI Flex Aut.,2024,005526-3,Flex,1,F,julho de 2026 ,grc1k64j9tdwd,"sábado, 1 de agosto de 2026 14:47",116893.0
335,1,,,2025,,"R$ 129.831,00",VW - VolksWagen,Nivus Highline 1.0 200 TSI Flex Aut.,2025,005526-3,Flex,1,F,julho de 2026 ,g7j9j63gjhdzm,"sábado, 1 de agosto de 2026 14:47",129831.0
335,1,,,2024,,"R$ 141.613,00",VW - VolksWagen,TAOS Comfortline 1.4 250 TSI Flex Aut.,2024,005527-1,Flex,1,F,julho de 2026 ,hpcjzsy3fwdwd,"sábado, 1 de agosto de 2026 14:47",141613.0
335,1,,,2025,,"R$ 155.911,00",VW - VolksWagen,TAOS Comfortline 1.4 250 TSI Flex Aut.,2025,005527-1,Flex,1,F,julho de 2026 ,h637bts7ghdzm,"sábado, 1 de agosto de 2026 14:47",155911.0
335,1,,,2024,,"R$ 159.570,00",VW - VolksWagen,TAOS Highline 1.4 250 TSI Flex Aut.,2024,005528-0,Flex,1,F,julho de 2026 ,jcd64md357dwd,"sábado, 1 de agosto de 2026 14:48",159570.0
335,1,,,2024,,"R$ 73.521,00",VW - VolksWagen,Polo 1.0 MPI Flex 12V 5p,2024,005533-6,Flex,1,F,julho de 2026 ,64b29h1gwkdwd,"sábado, 1 de agosto de 2026 14:47",73521.0
335,1,,,2025,,"R$ 75.611,00",VW - VolksWagen,Polo 1.0 MPI Flex 12V 5p,2025,005533-6,Flex,1,F,julho de 2026 ,7xvrhnd33ndzm,"sábado, 1 de agosto de 2026 14:48",75611.0
335,1,,,2024,,"R$ 81.525,00",VW - VolksWagen,Polo 1.0 TSI Flex 12V 5p,2024,005534-4,Flex,1,F,julho de 2026 ,9459t9cg5rdwd,"sábado, 1 de agosto de 2026 14:48",81525.0
335,1,,,2024,,"R$ 89.158,00",VW - VolksWagen,Polo Comfortline TSI 1.0 Flex 12V Aut.,2024,005535-2,Flex,1,F,julho de 2026 ,cd1pn3wm5s3dwd,"sábado, 1 de agosto de 2026 14:48",89158.0
335,1,,,2025,,"R$ 97.856,00",VW - VolksWagen,Polo Comfortline TSI 1.0 Flex 12V Aut.,2025,005535-2,Flex,1,F,julho de 2026 ,cjbn4bx24p0dzm,"sábado, 1 de agosto de 2026 14:48",97856.0
335,1,,,2024,,"R$ 96.922,00",VW - VolksWagen,Polo Highline TSI 1.0 Flex 12V Aut.,2024,005536-0,Flex,1,F,julho de 2026 ,chzqnf05vxldwd,"sábado, 1 de agosto de 2026 14:48",96922.0
335,1,,,2025,,"R$ 105.571,00",VW - VolksWagen,Polo Highline TSI 1.0 Flex 12V Aut.,2025,005536-0,Flex,1,F,julho de 2026 ,f93jf44tskdzm,"sábado, 1 de agosto de 2026 14:48",105571.0
335,1,,,2024,,"R$ 76.175,00",VW - VolksWagen,Saveiro Robust 1.6 Total Flex 16V CD,2024,005537-9,Flex,1,F,julho de 2026 ,74grdnd17jdwd,"sábado, 1 de agosto de 2026 14:48",76175.0
335,1,,,2023,,"R$ 69.100,00",VW - VolksWagen,Saveiro Robust 1.6 Total Flex 16V ,2023,005538-7,Flex,1,F,julho de 2026 ,5gh6d9c3h5dr5,"sábado, 1 de agosto de 2026 14:48",69100.0
335,1,,,2024,,"R$ 74.947,00",VW - VolksWagen,Saveiro Robust 1.6 Total Flex 16V ,2024,005538-7,Flex,1,F,julho de 2026 ,7n2dt60pt7dwd,"sábado, 1 de agosto de 2026 14:48",74947.0
335,1,,,2025,,"R$ 83.159,00",VW - VolksWagen,Saveiro Robust 1.6 Total Flex 16V ,2025,005538-7,Flex,1,F,julho de 2026 ,cbsb6064xsrdzm,"sábado, 1 de agosto de 2026 14:48",83159.0
335,1,,,2026,,"R$ 88.131,00",VW - VolksWagen,Saveiro Robust 1.6 Total Flex 16V ,2026,005538-7,Flex,1,F,julho de 2026 ,cdnndbl56rpd2v,"sábado, 1 de agosto de 2026 14:48",88131.0
335,1,,,2024,,"R$ 69.770,00",VW - VolksWagen,Polo Track 1.0 Flex 12V 5p,2024,005540-9,Flex,1,F,julho de 2026 ,5qcqphjvj4dwd,"sábado, 1 de agosto de 2026 14:48",69770.0
335,1,,,2025,,"R$ 75.779,00",VW - VolksWagen,Polo Track 1.0 Flex 12V 5p,2025,005540-9,Flex,1,F,julho de 2026 ,7zttf28pjbdzm,"sábado, 1 de agosto de 2026 14:48",75779.0
335,1,,,2026,,"R$ 81.778,00",VW - VolksWagen,Polo Track 1.0 Flex 12V 5p,2026,005540-9,Flex,1,F,julho de 2026 ,9748jrr1vxd2v,"sábado, 1 de agosto de 2026 14:48",81778.0
335,1,,,2023,,"R$ 79.878,00",VW - VolksWagen,VIRTUS TSI 1.0 Flex 12V 4p Mec.,2023,005542-5,Flex,1,F,julho de 2026 ,9jwn5jz49zdr5,"sábado, 1 de agosto de 2026 14:48",79878.0
335,1,,,2024,,"R$ 89.506,00",VW - VolksWagen,VIRTUS TSI 1.0 Flex 12V 4p Mec.,2024,005542-5,Flex,1,F,julho de 2026 ,cd5r469v01wdwd,"sábado, 1 de agosto de 2026 14:48",89506.0
335,1,,,2025,,"R$ 96.459,00",VW - VolksWagen,VIRTUS TSI 1.0 Flex 12V 4p Mec.,2025,005542-5,Flex,1,F,julho de 2026 ,chs9ckrrmkbdzm,"sábado, 1 de agosto de 2026 14:48",96459.0
335,1,,,2026,,"R$ 103.907,00",VW - VolksWagen,VIRTUS TSI 1.0 Flex 12V 4p Mec.,2026,005542-5,Flex,1,F,julho de 2026 ,f741jk9kbgd2v,"sábado, 1 de agosto de 2026 14:48",103907.0
335,1,,,2024,,"R$ 95.933,00",VW - VolksWagen,VIRTUS TSI 1.0 Flex 12V 4p Aut.,2024,005543-3,Flex,1,F,julho de 2026 ,chl35tygzy8dwd,"sábado, 1 de agosto de 2026 14:48",95933.0
335,1,,,2025,,"R$ 102.482,00",VW - VolksWagen,VIRTUS TSI 1.0 Flex 12V 4p Aut.,2025,005543-3,Flex,1,F,julho de 2026 ,f6g7w4l99ndzm,"sábado, 1 de agosto de 2026 14:49",102482.0
335,1,,,2026,,"R$ 113.471,00",VW - VolksWagen,VIRTUS TSI 1.0 Flex 12V 4p Aut.,2026,005543-3,Flex,1,F,julho de 2026 ,gmcntn56xdd2v,"sábado, 1 de agosto de 2026 14:48",113471.0
335,1,,,2024,,"R$ 255.754,00",Audi,Q3 Performance 2.0 TFSI Tiptr. Quattro,2024,008284-8,Gasolina,1,G,julho de 2026 ,mz5605bdpldt3,"sábado, 1 de agosto de 2026 14:48",255754.0
335,1,,,2024,,"R$ 341.215,00",Audi,Q5 Perf. Black 2.0 TFSIe S.Tr. Qt (Hib.),2024,008285-6,Híbrido,1,H,julho de 2026 ,q7dgqcr0m9dwq,"sábado, 1 de agosto de 2026 14:48",341215.0
335,1,,,2023,,"R$ 291.887,00",Audi,Q5 SB P Black. 2.0 TFSIe S.Tr. Qt (Hib.),2023,008287-2,Híbrido,1,H,julho de 2026 ,pckj2954fbdsh,"sábado, 1 de agosto de 2026 14:48",291887.0
335,1,,,2020,,"R$ 294.427,00",BMW,540i M Sport 3.0 Turbo 340cv Aut.,2020,009225-8,Gasolina,1,G,julho de 2026 ,pgjv13gjs2dd6,"sábado, 1 de agosto de 2026 14:48",294427.0
335,1,,,2023,,"R$ 60.854,00",Citroën,C3 Live Pack 1.0 Flex 6V 5p Mec.,2023,011223-2,Flex,1,F,julho de 2026 ,2bt0380x07dr5,"sábado, 1 de agosto de 2026 14:48",60854.0
335,1,,,2024,,"R$ 65.467,00",Citroën,C3 Live Pack 1.0 Flex 6V 5p Mec.,2024,011223-2,Flex,1,F,julho de 2026 ,32xqc0h2g8dwd,"sábado, 1 de agosto de 2026 14:48",65467.0
335,1,,,2025,,"R$ 70.263,00",Citroën,C3 Live Pack 1.0 Flex 6V 5p Mec.,2025,011223-2,Flex,1,F,julho de 2026 ,5w4xllp73tdzm,"sábado, 1 de agosto de 2026 14:48",70263.0
335,1,,,2025,,"R$ 73.114,00",Citroën,C3 Feel 1.0 Flex 6V 5p Mec.,2025,011224-0,Flex,1,F,julho de 2026 ,6zk5dqjl19dzm,"sábado, 1 de agosto de 2026 14:48",73114.0
335,1,,,2024,,"R$ 67.076,00",Hyundai,HB20 Sense 1.0 Flex 12V Mec.,2024,015165-3,Flex,1,F,julho de 2026 ,4psjwvpjxlsw,"sábado, 1 de agosto de 2026 14:48",67076.0
335,1,,,2022,,"R$ 61.623,00",Hyundai,HB20 Vision 1.0 Flex 12V Mec.,2022,015168-8,Flex,1,F,julho de 2026 ,2mvjwwyscblf,"sábado, 1 de agosto de 2026 14:48",61623.0
335,1,,,2025,,"R$ 105.741,00",Hyundai,Creta Action 1.6 16V Flex Aut.,2025,015190-4,Flex,1,F,julho de 2026 ,f99pz54fccdzm,"sábado, 1 de agosto de 2026 14:48",105741.0
335,1,,,2022,,"R$ 66.205,00",Hyundai,HB20 Evolution Bluelink 1.0 Flex 12V Mec,2022,015191-2,Flex,1,F,julho de 2026 ,4ckyvh8dqvlf,"sábado, 1 de agosto de 2026 14:48",66205.0
335,1,,,2025,,"R$ 122.050,00",Hyundai,Creta Comfort 1.0 TB 12V Flex Aut.,2025,015200-5,Flex,1,F,julho de 2026 ,gyfg79sns3dzm,"sábado, 1 de agosto de 2026 14:48",122050.0
335,1,,,2026,,"R$ 132.114,00",Hyundai,Creta Comfort 1.0 TB 12V Flex Aut.,2026,015200-5,Flex,1,F,julho de 2026 ,g968x3wpkfd2v,"sábado, 1 de agosto de 2026 14:48",132114.0
335,1,,,2026,,"R$ 160.980,00",Hyundai,Creta Platinum 1.0 TB 12V Flex Aut.,2026,015202-1,Flex,1,F,julho de 2026 ,jd2gv3xtxgd2v,"sábado, 1 de agosto de 2026 14:48",160980.0
335,1,,,2023,,"R$ 89.639,00",Hyundai,HB20S Platinum 1.0 TB Flex 12V Aut.,2023,015206-4,Flex,1,F,julho de 2026 ,cd7bhtrnp4qpn,"sábado, 1 de agosto de 2026 14:48",89639.0
335,1,,,2024,,"R$ 92.064,00",Hyundai,HB20 Platinum 1.0 TB Flex 12V Aut.,2024,015209-9,Flex,1,F,julho de 2026 ,cf4rxnhl1dtsw,"sábado, 1 de agosto de 2026 14:48",92064.0
335,1,,,2026,,"R$ 83.447,00",Hyundai,HB20 Limited 1.0 Flex 12V Mec.,2026,015213-7,Flex,1,F,julho de 2026 ,cbwqw29jhpb0b,"sábado, 1 de agosto de 2026 14:48",83447.0
335,1,,,2026,,"R$ 80.983,00",Hyundai,HB20 Comfort 1.0 Flex 12V Mec.,2026,015215-3,Flex,1,F,julho de 2026 ,9yt9t2qwv40b,"sábado, 1 de agosto de 2026 14:48",80983.0
335,1,,,2024,,"R$ 74.611,00",Hyundai,HB20 Comfort 1.0 TB Flex 12V Mec,2024,015216-1,Flex,1,F,julho de 2026 ,7j38ymyldxsw,"sábado, 1 de agosto de 2026 14:48",74611.0
335,1,,,2023,,"R$ 71.326,00",Hyundai,HB20S Comfort 1.0  Flex 12V Mec.,2023,015218-8,Flex,1,F,julho de 2026 ,59l80gmj32dr5,"sábado, 1 de agosto de 2026 14:48",71326.0
335,1,,,2026,,"R$ 87.058,00",Hyundai,HB20S Comfort 1.0  Flex 12V Mec.,2026,015218-8,Flex,1,F,julho de 2026 ,cc72c7s0qvhd2v,"sábado, 1 de agosto de 2026 14:48",87058.0
335,1,,,2024,,"R$ 66.596,00",Hyundai,HB20 Sense Plus 1.0 Flex 12V Mec.,2024,015234-0,Flex,1,F,julho de 2026 ,4h42f9qnrsdwd,"sábado, 1 de agosto de 2026 14:48",66596.0
335,1,,,2025,,"R$ 68.537,00",Hyundai,HB20 Sense Plus 1.0 Flex 12V Mec.,2025,015234-0,Flex,1,F,julho de 2026 ,47xksll2rvdzm,"sábado, 1 de agosto de 2026 14:49",68537.0
335,1,,,2025,,"R$ 91.624,00",Hyundai,HB20 Comfort Plus 1.0 TB Flex 12V Aut.,2025,015236-6,Flex,1,F,julho de 2026 ,cfzlzxprmmxdzm,"sábado, 1 de agosto de 2026 14:48",91624.0
335,1,,,2025,,"R$ 143.788,00",Hyundai,Creta Plat. Safety 1.0 TB 12V Flex Aut.,2025,015237-4,Flex,1,F,julho de 2026 ,hrxln81h3xdzm,"sábado, 1 de agosto de 2026 14:48",143788.0
335,1,,,2024,,"R$ 75.435,00",Hyundai,HB20S Comfort Plus 1.0 Flex 12V Mec.,2024,015239-0,Flex,1,F,julho de 2026 ,7vssdvndy8dwd,"sábado, 1 de agosto de 2026 14:48",75435.0
335,1,,,2025,,"R$ 80.299,00",Hyundai,HB20S Comfort Plus 1.0 Flex 12V Mec.,2025,015239-0,Flex,1,F,julho de 2026 ,9ptptf86hsdzm,"sábado, 1 de agosto de 2026 14:55",80299.0
335,1,,,2025,,"R$ 82.485,00",Hyundai,HB20S Limited Plus 1.0  Flex 12V Mec.,2025,015242-0,Flex,1,F,julho de 2026 ,cbjf7pvk56tdzm,"sábado, 1 de agosto de 2026 14:49",82485.0
335,1,,,2025,,"R$ 129.589,00",Hyundai,Creta Limit. Safety 1.0 TB 12V Flex Aut.,2025,015243-9,Flex,1,F,julho de 2026 ,g68hv8mpg7dzm,"sábado, 1 de agosto de 2026 14:49",129589.0
335,1,,,2024,,"R$ 112.700,00",Hyundai,Creta Comfort Plus 1.0 TB 12V Flex Aut.,2024,015244-7,Flex,1,F,julho de 2026 ,glgm22tyj0dwd,"sábado, 1 de agosto de 2026 14:49",112700.0
335,1,,,2025,,"R$ 120.172,00",Hyundai,Creta Comfort Plus 1.0 TB 12V Flex Aut.,2025,015244-7,Flex,1,F,julho de 2026 ,gv666s45njdzm,"sábado, 1 de agosto de 2026 14:49",120172.0
335,1,,,2025,,"R$ 74.085,00",Hyundai,HB20 Comfort Plus 1.0 Flex 12V Mec.,2025,015245-5,Flex,1,F,julho de 2026 ,7by26h3ttsdzm,"sábado, 1 de agosto de 2026 14:49",74085.0
335,1,,,2025,,"R$ 91.804,00",Hyundai,HB20 Comf. Plus Tech 1.0 TB Flex 12V Aut,2025,015246-3,Flex,1,F,julho de 2026 ,cf1qd2n39nfdzm,"sábado, 1 de agosto de 2026 14:49",91804.0
335,1,,,2025,,"R$ 91.948,00",Hyundai,HB20S Com. Plus Tech 1.0 TB Flex 12V Aut,2025,015247-1,Flex,1,F,julho de 2026 ,cf3drl1z9nwdzm,"sábado, 1 de agosto de 2026 14:49",91948.0
335,1,,,2026,,"R$ 102.471,00",Hyundai,HB20 Limited 1.0 TB Flex 12V Aut.,2026,015251-0,Flex,1,F,julho de 2026 ,f6gvhxpm6dd2v,"sábado, 1 de agosto de 2026 14:49",102471.0
335,1,,,2026,,"R$ 105.646,00",Hyundai,HB20S Limited 1.0  TB Flex 12V Aut.,2026,015252-8,Flex,1,F,julho de 2026 ,f957yv239fd2v,"sábado, 1 de agosto de 2026 14:49",105646.0
335,1,,,2024,,"R$ 149.230,00",Jeep,COMPASS LIMITED T270 1.3 TB 4x2 Flex Aut,2024,017070-4,Flex,1,F,julho de 2026 ,hy9dg82v5jdwd,"sábado, 1 de agosto de 2026 14:49",149230.0
335,1,,,2022,,"R$ 120.082,00",Jeep,COMPASS LONG. T270 1.3 TB 4x2 Flex Aut.,2022,017071-2,Flex,1,F,julho de 2026 ,gv3ys5yndvdny,"sábado, 1 de agosto de 2026 14:55",120082.0
335,1,,,2023,,"R$ 129.061,00",Jeep,COMPASS LONG. T270 1.3 TB 4x2 Flex Aut.,2023,017071-2,Flex,1,F,julho de 2026 ,g6m9ykk725dr5,"sábado, 1 de agosto de 2026 14:49",129061.0
335,1,,,2024,,"R$ 136.445,00",Jeep,COMPASS LONG. T270 1.3 TB 4x2 Flex Aut.,2024,017071-2,Flex,1,F,julho de 2026 ,hg9pxhd688dwd,"sábado, 1 de agosto de 2026 14:49",136445.0
335,1,,,2025,,"R$ 146.567,00",Jeep,COMPASS LONG. T270 1.3 TB 4x2 Flex Aut.,2025,017071-2,Flex,1,F,julho de 2026 ,hv5lx6my5jdzm,"sábado, 1 de agosto de 2026 14:49",146567.0
335,1,,,2026,,"R$ 163.127,00",Jeep,COMPASS LONG. T270 1.3 TB 4x2 Flex Aut.,2026,017071-2,Flex,1,F,julho de 2026 ,jhlh0l4x4md2v,"sábado, 1 de agosto de 2026 14:49",163127.0
335,1,,,2023,,"R$ 145.324,00",Jeep,COMPASS LONG. TD 350 2.0 4x4 Diesel Aut.,2023,017075-5,Diesel,1,D,julho de 2026 ,htqfcxtcf6drj,"sábado, 1 de agosto de 2026 14:49",145324.0
335,1,,,2024,,"R$ 165.856,00",Jeep,COMPASS LONG. TD 350 2.0 4x4 Diesel Aut.,2024,017075-5,Diesel,1,D,julho de 2026 ,jlspx061dcdvr,"sábado, 1 de agosto de 2026 14:49",165856.0
335,1,,,2024,,"R$ 194.981,00",Jeep,Commander Limited TD380 2.0 4x4 Die.Aut.,2024,017080-1,Diesel,1,D,julho de 2026 ,kpx9prpjpddvr,"sábado, 1 de agosto de 2026 14:49",194981.0
335,1,,,2023,,"R$ 156.266,00",Jeep,Commander Limited T270 1.3 TB Flex Aut.,2023,017081-0,Flex,1,F,julho de 2026 ,h7j4br62t7dr5,"sábado, 1 de agosto de 2026 14:49",156266.0
335,1,,,2024,,"R$ 167.452,00",Jeep,Commander Limited T270 1.3 TB Flex Aut.,2024,017081-0,Flex,1,F,julho de 2026 ,jnnp7dvcjndwd,"sábado, 1 de agosto de 2026 14:49",167452.0
335,1,,,2025,,"R$ 177.595,00",Jeep,Commander Limited T270 1.3 TB Flex Aut.,2025,017081-0,Flex,1,F,julho de 2026 ,j1kcxm3znrdzm,"sábado, 1 de agosto de 2026 14:49",177595.0
335,1,,,2023,,"R$ 177.765,00",Jeep,Commander Overl. TD380 2.0 4x4 Die. Aut.,2023,017083-6,Diesel,1,D,julho de 2026 ,j1rkgm7dbydrj,"sábado, 1 de agosto de 2026 14:49",177765.0
335,1,,,2024,,"R$ 102.982,00",Jeep,Renegade Sport T270 1.3 TB 4x2 Flex Aut.,2024,017085-2,Flex,1,F,julho de 2026 ,f62d8wrxdjdwd,"sábado, 1 de agosto de 2026 14:49",102982.0
335,1,,,2024,,"R$ 123.701,00",Jeep,Renegade S T270 1.3 TB 4x4 Flex Aut.,2024,017087-9,Flex,1,F,julho de 2026 ,g0chjs231zdwd,"sábado, 1 de agosto de 2026 14:49",123701.0
335,1,,,2023,,"R$ 102.407,00",Jeep,Renegade Long. T270 1.3 TB 4x2 Flex Aut.,2023,017088-7,Flex,1,F,julho de 2026 ,f6djdgmpj9dr5,"sábado, 1 de agosto de 2026 14:49",102407.0
335,1,,,2024,,"R$ 110.307,00",Jeep,Renegade Long. T270 1.3 TB 4x2 Flex Aut.,2024,017088-7,Flex,1,F,julho de 2026 ,ghnnrznzjqdwd,"sábado, 1 de agosto de 2026 14:49",110307.0
335,1,,,2025,,"R$ 118.638,00",Jeep,Renegade Long. T270 1.3 TB 4x2 Flex Aut.,2025,017088-7,Flex,1,F,julho de 2026 ,gtfgr2vwkldzm,"sábado, 1 de agosto de 2026 14:49",118638.0
335,1,,,2025,,"R$ 189.766,00",Jeep,COMPASS Over. Hurric 2.0 4x4 TB 16V Aut.,2025,017097-6,Gasolina,1,G,julho de 2026 ,khtrnq1m89dyb,"sábado, 1 de agosto de 2026 14:49",189766.0
335,1,,,2024,,"R$ 171.136,00",Mitsubishi,L200 Triton Sport GLS 2.4 CD Diesel Aut.,2024,022164-3,Diesel,1,D,julho de 2026 ,jszl6fl2mddvr,"sábado, 1 de agosto de 2026 14:49",171136.0
335,1,,,2025,,"R$ 205.732,00",Mitsubishi,L200 Triton Sport GLS 2.4 CD Diesel Aut.,2025,022164-3,Diesel,1,D,julho de 2026 ,k3j2f2rnmddyz,"sábado, 1 de agosto de 2026 14:49",205732.0
335,1,,,2022,,"R$ 146.177,00",Nissan,Frontier ATTAC.CD 4x4 2.3 Bi-TB Die. Aut,2022,023160-6,Diesel,1,D,julho de 2026 ,hvqfhqpwmndm9,"sábado, 1 de agosto de 2026 14:49",146177.0
335,1,,,2022,,"R$ 119.327,00",Nissan,Frontier S CD 4x4 2.3 TB Diesel Mec.,2022,023161-4,Diesel,1,D,julho de 2026 ,gt7h3ghflsdm9,"sábado, 1 de agosto de 2026 14:49",119327.0
335,1,,,2024,,"R$ 96.858,00",Nissan,VERSA Advance 1.6 16V Flex Aut.,2024,023175-4,Flex,1,F,julho de 2026 ,chyzdbg4kvfsw,"sábado, 1 de agosto de 2026 14:49",96858.0
335,1,,,2025,,"R$ 105.774,00",Nissan,VERSA Advance 1.6 16V Flex Aut.,2025,023175-4,Flex,1,F,julho de 2026 ,gbbw5vyxl1dzm,"sábado, 1 de agosto de 2026 14:55",105774.0
335,1,,,2026,,"R$ 112.301,00",Nissan,VERSA Advance 1.6 16V Flex Aut.,2026,023175-4,Flex,1,F,julho de 2026 ,gkz4h8klbtd2v,"sábado, 1 de agosto de 2026 14:49",112301.0
335,1,,,2026,,"R$ 110.201,00",Nissan,VERSA Sense 1.6 16V Flex Aut.,2026,023176-2,Flex,1,F,julho de 2026 ,ghjtbghn8dd2v,"sábado, 1 de agosto de 2026 14:49",110201.0
335,1,,,2024,,"R$ 105.229,00",Nissan,KICKS Sense 1.6 16V Flex Aut.,2024,023178-9,Flex,1,F,julho de 2026 ,f9p2296lspdwd,"sábado, 1 de agosto de 2026 14:49",105229.0
335,1,,,2024,,"R$ 107.716,00",Nissan,KICKS Advance 1.6 16V Flex Aut.,2024,023180-0,Flex,1,F,julho de 2026 ,gdmhbtnzyvdwd,"sábado, 1 de agosto de 2026 14:50",107716.0
335,1,,,2024,,"R$ 94.453,00",Nissan,KICKS Active 1.6 16V Flex Aut.,2024,023186-0,Flex,1,F,julho de 2026 ,cg1r7vbr6xxdwd,"sábado, 1 de agosto de 2026 14:50",94453.0
335,1,,,2024,,"R$ 121.561,00",Nissan,Sentra Advance 2.0 16V Aut.,2024,023187-8,Gasolina,1,G,julho de 2026 ,gxvp8slnjvdt3,"sábado, 1 de agosto de 2026 14:49",121561.0
335,1,,,2025,,"R$ 131.906,00",Nissan,Sentra Advance 2.0 16V Aut.,2025,023187-8,Gasolina,1,G,julho de 2026 ,g9zqkrzlc6dyb,"sábado, 1 de agosto de 2026 14:49",131906.0
335,1,,,2026,,"R$ 166.813,00",Nissan,Sentra Exclu. Int. Premium 2.0 16V Aut.,2026,023189-4,Gasolina,1,G,julho de 2026 ,jmxg7gsl81d1k,"sábado, 1 de agosto de 2026 14:49",166813.0
335,1,,,2025,,"R$ 108.829,00",Nissan,KICKS Play Active Plus 1.6 16V Flex Aut.,2025,023191-6,Flex,1,F,julho de 2026 ,gfxyd7z1zvdzm,"sábado, 1 de agosto de 2026 14:50",108829.0
335,1,,,2025,,"R$ 113.430,00",Nissan,KICKS Play Sense 1.6 16V Flex Aut.,2025,023192-4,Flex,1,F,julho de 2026 ,gl95mkwyt6dzm,"sábado, 1 de agosto de 2026 14:49",113430.0
335,1,,,2024,,"R$ 82.860,00",Peugeot,208 Active 1.6 Flex 16V 5p Aut.,2024,024249-7,Flex,1,F,julho de 2026 ,cbnvj1hxdcpsw,"sábado, 1 de agosto de 2026 14:50",82860.0
335,1,,,2023,,"R$ 57.852,00",Peugeot,208 Like 1.0 Flex 6V 5p Mec.,2023,024264-0,Flex,1,F,julho de 2026 ,06mwx01f1dpn,"sábado, 1 de agosto de 2026 14:50",57852.0
335,1,,,2024,,"R$ 67.925,00",Peugeot,208 Like 1.0 Flex 6V 5p Mec.,2024,024264-0,Flex,1,F,julho de 2026 ,40q31r39x2sw,"sábado, 1 de agosto de 2026 14:50",67925.0
335,1,,,2017,,"R$ 60.178,00",Renault,DUSTER Expression 1.6 Hi-Flex 16V Mec.,2017,025182-8,Flex,1,F,julho de 2026 ,12w98g5vxv3k,"sábado, 1 de agosto de 2026 14:50",60178.0
335,1,,,2023,,"R$ 250.637,00",Renault,Master 2.3 dCi Executive Longo 16L Dies,2023,025205-0,Diesel,1,D,julho de 2026 ,ms57d7vpzvdrj,"sábado, 1 de agosto de 2026 14:50",250637.0
335,1,,,2024,,"R$ 258.652,00",Renault,Master 2.3 dCi Executive Longo 16L Dies,2024,025205-0,Diesel,1,D,julho de 2026 ,m3lkcm97hmdvr,"sábado, 1 de agosto de 2026 14:50",258652.0
335,1,,,2022,,"R$ 44.728,00",Renault,KWID Zen 1.0 Flex 12V 5p Mec.,2022,025266-2,Flex,1,F,julho de 2026 ,v7rqg7bcpmlf,"sábado, 1 de agosto de 2026 14:50",44728.0
335,1,,,2023,,"R$ 49.489,00",Renault,KWID Zen 1.0 Flex 12V 5p Mec.,2023,025266-2,Flex,1,F,julho de 2026 ,x1k6bh5w3jpn,"sábado, 1 de agosto de 2026 14:51",49489.0
335,1,,,2024,,"R$ 52.328,00",Renault,KWID Zen 1.0 Flex 12V 5p Mec.,2024,025266-2,Flex,1,F,julho de 2026 ,y3v2x3h3jfsw,"sábado, 1 de agosto de 2026 14:50",52328.0
335,1,,,2025,,"R$ 56.855,00",Renault,KWID Zen 1.0 Flex 12V 5p Mec.,2025,025266-2,Flex,1,F,julho de 2026 ,0tyh5jbdblw3,"sábado, 1 de agosto de 2026 14:50",56855.0
335,1,,,2026,,"R$ 63.070,00",Renault,KWID Zen 1.0 Flex 12V 5p Mec.,2026,025266-2,Flex,1,F,julho de 2026 ,25tg1rmrj00b,"sábado, 1 de agosto de 2026 14:50",63070.0
335,1,,,2025,,"R$ 60.176,00",Renault,KWID Intense 1.0 Flex 12V 5p Mec.,2025,025267-0,Flex,1,F,julho de 2026 ,12wlqzgwkqw3,"sábado, 1 de agosto de 2026 14:50",60176.0
335,1,,,2026,,"R$ 66.312,00",Renault,KWID Intense 1.0 Flex 12V 5p Mec.,2026,025267-0,Flex,1,F,julho de 2026 ,4dtvgyy9zd0b,"sábado, 1 de agosto de 2026 14:50",66312.0
335,1,,,2024,,"R$ 72.744,00",Renault,STEPWAY Zen Flex 1.6 16V Mec.,2024,025281-6,Flex,1,F,julho de 2026 ,6t7pd2z65rsw,"sábado, 1 de agosto de 2026 14:50",72744.0
335,1,,,2023,,"R$ 57.175,00",Renault,LOGAN Zen Flex 1.0 12V 4p Mec.,2023,025290-5,Flex,1,F,julho de 2026 ,0yptsqv7p4pn,"sábado, 1 de agosto de 2026 14:50",57175.0
335,1,,,2024,,"R$ 62.522,00",Renault,LOGAN Zen Flex 1.0 12V 4p Mec.,2024,025290-5,Flex,1,F,julho de 2026 ,2zc9fhf7dksw,"sábado, 1 de agosto de 2026 14:50",62522.0
335,1,,,2025,,"R$ 76.071,00",Renault,LOGAN Zen Flex 1.0 12V 4p Mec.,2025,025290-5,Flex,1,F,julho de 2026 ,727yk9xzdww3,"sábado, 1 de agosto de 2026 14:50",76071.0
335,1,,,2024,,"R$ 93.073,00",Renault,DUSTER Intense 1.6 16V Flex Aut.,2024,025301-4,Flex,1,F,julho de 2026 ,cgjlnmf67jbsw,"sábado, 1 de agosto de 2026 14:50",93073.0
335,1,,,2024,,"R$ 92.250,00",Renault,DUSTER Intense 1.6 16V Flex Mec.,2024,025319-7,Flex,1,F,julho de 2026 ,cf6yjdycpwsdwd,"sábado, 1 de agosto de 2026 14:50",92250.0
335,1,,,2025,,"R$ 106.496,00",Renault,DUSTER Intense Plus 1.6 16V Flex Aut.,2025,025322-7,Flex,1,F,julho de 2026 ,gb54pwmy1ydzm,"sábado, 1 de agosto de 2026 14:50",106496.0
335,1,,,2026,,"R$ 120.698,00",Renault,DUSTER Intense Plus 1.6 16V Flex Aut.,2026,025322-7,Flex,1,F,julho de 2026 ,gwvbwphcb0d2v,"sábado, 1 de agosto de 2026 14:50",120698.0
335,1,,,2024,,"R$ 100.613,00",Renault,DUSTER Iconic Plus 1.6 16V Flex Aut.,2024,025324-3,Flex,1,F,julho de 2026 ,f389z06717dwd,"sábado, 1 de agosto de 2026 14:50",100613.0
335,1,,,2025,,"R$ 110.276,00",Renault,DUSTER Iconic Plus 1.6 16V Flex Aut.,2025,025324-3,Flex,1,F,julho de 2026 ,ghmjt4j6kldzm,"sábado, 1 de agosto de 2026 14:50",110276.0
335,1,,,2025,,"R$ 106.835,00",Renault,DUSTER Intense Plus 1.6 16V Flex Mec.,2025,025325-1,Flex,1,F,julho de 2026 ,gclgny1k87dzm,"sábado, 1 de agosto de 2026 14:50",106835.0
335,1,,,2025,,"R$ 96.173,00",Renault,Kardian Evolut. Flex 1.0 TB 12V 5p Aut.,2025,025327-8,Flex,1,F,julho de 2026 ,chpyd1k979hdzm,"sábado, 1 de agosto de 2026 14:50",96173.0
335,1,,,2025,,"R$ 98.265,00",Renault,Kardian Techno Flex 1.0 TB 12V 5p Aut.,2025,025328-6,Flex,1,F,julho de 2026 ,cjhgsr9yl8cdzm,"sábado, 1 de agosto de 2026 14:50",98265.0
335,1,,,2025,,"R$ 104.573,00",Renault,Kardian Prem. Ed Flex 1.0 TB 12V 5p Aut.,2025,025329-4,Flex,1,F,julho de 2026 ,f8x7ylcr2ndzm,"sábado, 1 de agosto de 2026 14:50",104573.0
335,1,,,2025,,"R$ 92.068,00",Renault,Kangoo Advanced 1.6 16V Flex ,2025,025331-6,Flex,1,F,julho de 2026 ,cf4tcqcwsm1dzm,"sábado, 1 de agosto de 2026 14:50",92068.0
335,1,,,2026,,"R$ 102.928,00",Renault,Kangoo Advanced 1.6 16V Flex ,2026,025331-6,Flex,1,F,julho de 2026 ,f60gfnyx5cd2v,"sábado, 1 de agosto de 2026 14:50",102928.0
335,1,,,2022,,"R$ 126.332,00",Caoa Chery/Chery,Tiggo 8 TXS 1.6 16V TGDi Aut.,2022,073029-7,Gasolina,1,G,julho de 2026 ,g3f304g471dmn,"sábado, 1 de agosto de 2026 14:50",126332.0
