TabelaReferenciaCodigo,CodigoTipoVeiculo,CodigoMarca,CodigoModelo,AnoModeloParam,CodigoTipoCombustivelParam,Valor,Marca,Modelo,AnoModelo,CodigoFipe,Combustivel,TipoVeiculo,SiglaCombustivel,MesReferencia,Autenticacao,DataConsulta,ValorNum
336,1,,,2022,,"R$ 118.106,00",Fiat,Toro Volcano 2.0 16V 4x4 TB Diesel Aut.,2022,001453-2,Diesel,1,D,agosto de 2026 ,gss4bnhkyddm9,"sábado, 1 de agosto de 2026 14:39",118106.0
336,1,,,2023,,"R$ 130.094,00",Fiat,Toro Volcano 2.0 16V 4x4 TB Diesel Aut.,2023,001453-2,Diesel,1,D,agosto de 2026 ,g7vvwpnz4rdrj,"sábado, 1 de agosto de 2026 14:39",130094.0
336,1,,,2024,,"R$ 143.626,00",Fiat,Toro Volcano 2.0 16V 4x4 TB Diesel Aut.,2024,001453-2,Diesel,1,D,agosto de 2026 ,hrqp4r6ms0dvr,"sábado, 1 de agosto de 2026 14:39",143626.0
336,1,,,2025,,"R$ 154.538,00",Fiat,Toro Volcano 2.0 16V 4x4 TB Diesel Aut.,2025,001453-2,Diesel,1,D,agosto de 2026 ,h5h99q69g0dyz,"sábado, 1 de agosto de 2026 14:39",154538.0
336,1,,,2023,,"R$ 53.531,00",Fiat,MOBI LIKE 1.0 Fire Flex 5p.,2023,001461-3,Flex,1,F,agosto de 2026 ,zkzbth3rggpn,"sábado, 1 de agosto de 2026 14:39",53531.0
336,1,,,2024,,"R$ 56.138,00",Fiat,MOBI LIKE 1.0 Fire Flex 5p.,2024,001461-3,Flex,1,F,agosto de 2026 ,0kjxbtndsysw,"sábado, 1 de agosto de 2026 14:39",56138.0
336,1,,,2025,,"R$ 61.530,00",Fiat,MOBI LIKE 1.0 Fire Flex 5p.,2025,001461-3,Flex,1,F,agosto de 2026 ,2lrq0ttjbmw3,"sábado, 1 de agosto de 2026 14:39",61530.0
336,1,,,2026,,"R$ 67.145,00",Fiat,MOBI LIKE 1.0 Fire Flex 5p.,2026,001461-3,Flex,1,F,agosto de 2026 ,4qlmcgnkk80b,"sábado, 1 de agosto de 2026 14:39",67145.0
336,1,,,2022,,"R$ 59.750,00",Fiat,ARGO DRIVE 1.0 6V Flex,2022,001494-0,Flex,1,F,agosto de 2026 ,1xwrrycry6lf,"sábado, 1 de agosto de 2026 14:39",59750.0
336,1,,,2023,,"R$ 65.529,00",Fiat,ARGO DRIVE 1.0 6V Flex,2023,001494-0,Flex,1,F,agosto de 2026 ,33m7zvkrc9pn,"sábado, 1 de agosto de 2026 14:39",65529.0
336,1,,,2024,,"R$ 68.652,00",Fiat,ARGO DRIVE 1.0 6V Flex,2024,001494-0,Flex,1,F,agosto de 2026 ,488ck04kk0sw,"sábado, 1 de agosto de 2026 14:39",68652.0
336,1,,,2025,,"R$ 70.875,00",Fiat,ARGO DRIVE 1.0 6V Flex,2025,001494-0,Flex,1,F,agosto de 2026 ,54bcb90wtkw3,"sábado, 1 de agosto de 2026 14:39",70875.0
336,1,,,2026,,"R$ 78.229,00",Fiat,ARGO DRIVE 1.0 6V Flex,2026,001494-0,Flex,1,F,agosto de 2026 ,8xj9zsn6wp0b,"sábado, 1 de agosto de 2026 14:39",78229.0
336,1,,,2023,,"R$ 73.748,00",Fiat,CRONOS DRIVE 1.3 8V Flex,2023,001505-9,Flex,1,F,agosto de 2026 ,660l1xtsqlpn,"sábado, 1 de agosto de 2026 14:39",73748.0
336,1,,,2024,,"R$ 80.521,00",Fiat,CRONOS DRIVE 1.3 8V Flex,2024,001505-9,Flex,1,F,agosto de 2026 ,9sfc7dcwt0sw,"sábado, 1 de agosto de 2026 14:39",80521.0
336,1,,,2025,,"R$ 86.762,00",Fiat,CRONOS DRIVE 1.3 8V Flex,2025,001505-9,Flex,1,F,agosto de 2026 ,cc4ls18w8wmw3,"sábado, 1 de agosto de 2026 14:39",86762.0
336,1,,,2022,,"R$ 57.741,00",Fiat,ARGO 1.0 6V Flex,2022,001509-1,Flex,1,F,agosto de 2026 ,05bj7dnmz7dny,"sábado, 1 de agosto de 2026 14:39",57741.0
336,1,,,2023,,"R$ 63.036,00",Fiat,ARGO 1.0 6V Flex,2023,001509-1,Flex,1,F,agosto de 2026 ,25d3yvskz8dr5,"sábado, 1 de agosto de 2026 14:39",63036.0
336,1,,,2024,,"R$ 66.063,00",Fiat,ARGO 1.0 6V Flex,2024,001509-1,Flex,1,F,agosto de 2026 ,39xbvsf1xhdwd,"sábado, 1 de agosto de 2026 14:39",66063.0
336,1,,,2025,,"R$ 70.410,00",Fiat,ARGO 1.0 6V Flex,2025,001509-1,Flex,1,F,agosto de 2026 ,5ywbx6xvbmdzm,"sábado, 1 de agosto de 2026 14:39",70410.0
336,1,,,2024,,"R$ 81.655,00",Fiat,ARGO TREKKING 1.3 8V Flex,2024,001519-9,Flex,1,F,agosto de 2026 ,96qkm5m18csw,"sábado, 1 de agosto de 2026 14:39",81655.0
336,1,,,2022,,"R$ 69.433,00",Fiat,Strada Endurance 1.4 Flex 8V CS Plus,2022,001526-1,Flex,1,F,agosto de 2026 ,5ld7jx9ml6lf,"sábado, 1 de agosto de 2026 14:39",69433.0
336,1,,,2023,,"R$ 74.680,00",Fiat,Strada Endurance 1.4 Flex 8V CS Plus,2023,001526-1,Flex,1,F,agosto de 2026 ,7kycd8gwzhpn,"sábado, 1 de agosto de 2026 14:39",74680.0
336,1,,,2024,,"R$ 99.429,00",Fiat,Strada Freedom 1.3 Flex 8V CD,2024,001530-0,Flex,1,F,agosto de 2026 ,cjx3v7jxcnssw,"sábado, 1 de agosto de 2026 14:39",99429.0
336,1,,,2025,,"R$ 108.027,00",Fiat,Strada Freedom 1.3 Flex 8V CD,2025,001530-0,Flex,1,F,agosto de 2026 ,gdzsrxc73vdzm,"sábado, 1 de agosto de 2026 14:39",108027.0
336,1,,,2023,,"R$ 83.793,00",Fiat,Fiorino Endurance EVO 1.4 Flex 8V 2p,2023,001531-8,Flex,1,F,agosto de 2026 ,cb0snpgh9k8pn,"sábado, 1 de agosto de 2026 14:39",83793.0
336,1,,,2024,,"R$ 89.931,00",Fiat,Fiorino Endurance EVO 1.4 Flex 8V 2p,2024,001531-8,Flex,1,F,agosto de 2026 ,cfbrmy08fh8sw,"sábado, 1 de agosto de 2026 14:39",89931.0
336,1,,,2025,,"R$ 98.080,00",Fiat,Fiorino Endurance EVO 1.4 Flex 8V 2p,2025,001531-8,Flex,1,F,agosto de 2026 ,cjd9j9hk8wmw3,"sábado, 1 de agosto de 2026 14:39",98080.0
336,1,,,2024,,"R$ 61.174,00",Fiat,MOBI TREKKING 1.0 Flex 5p.,2024,001536-9,Flex,1,F,agosto de 2026 ,2glbr3gk3tsw,"sábado, 1 de agosto de 2026 14:39",61174.0
336,1,,,2025,,"R$ 66.998,00",Fiat,MOBI TREKKING 1.0 Flex 5p.,2025,001536-9,Flex,1,F,agosto de 2026 ,4nv5077pc5w3,"sábado, 1 de agosto de 2026 14:39",66998.0
336,1,,,2025,,"R$ 122.422,00",Fiat,Toro Endurance 1.3 T270 4x2 Flex Aut.,2025,001537-7,Flex,1,F,agosto de 2026 ,gyv0d22lbsdzm,"sábado, 1 de agosto de 2026 14:39",122422.0
336,1,,,2022,,"R$ 105.409,00",Fiat,Toro Freedom 1.3 T270 4x2 Flex Aut.,2022,001538-5,Flex,1,F,agosto de 2026 ,f9xmxnjyf3dny,"sábado, 1 de agosto de 2026 14:39",105409.0
336,1,,,2023,,"R$ 114.905,00",Fiat,Toro Freedom 1.3 T270 4x2 Flex Aut.,2023,001538-5,Flex,1,F,agosto de 2026 ,gn1slj51m8dr5,"sábado, 1 de agosto de 2026 14:39",114905.0
336,1,,,2024,,"R$ 123.375,00",Fiat,Toro Freedom 1.3 T270 4x2 Flex Aut.,2024,001538-5,Flex,1,F,agosto de 2026 ,gzzm6t9mmwdwd,"sábado, 1 de agosto de 2026 14:39",123375.0
336,1,,,2025,,"R$ 130.768,00",Fiat,Toro Freedom 1.3 T270 4x2 Flex Aut.,2025,001538-5,Flex,1,F,agosto de 2026 ,g8nb94f8cmdzm,"sábado, 1 de agosto de 2026 14:39",130768.0
336,1,,,2023,,"R$ 93.595,00",Fiat,PULSE AUDACE 1.0 Turbo 200 Flex Aut.,2023,001542-3,Flex,1,F,agosto de 2026 ,cgqqc9ggqfmpn,"sábado, 1 de agosto de 2026 14:39",93595.0
336,1,,,2024,,"R$ 98.719,00",Fiat,PULSE AUDACE 1.0 Turbo 200 Flex Aut.,2024,001542-3,Flex,1,F,agosto de 2026 ,cjnss8lcsd2sw,"sábado, 1 de agosto de 2026 14:39",98719.0
336,1,,,2023,,"R$ 87.576,00",Fiat,PULSE DRIVE 1.3 8V Flex Aut.,2023,001544-0,Flex,1,F,agosto de 2026 ,cdf4nvxhgxbpn,"sábado, 1 de agosto de 2026 14:39",87576.0
336,1,,,2024,,"R$ 91.702,00",Fiat,PULSE DRIVE 1.3 8V Flex Aut.,2024,001544-0,Flex,1,F,agosto de 2026 ,cf0jbs9j04tsw,"sábado, 1 de agosto de 2026 14:39",91702.0
336,1,,,2025,,"R$ 97.134,00",Fiat,PULSE DRIVE 1.3 8V Flex Aut.,2025,001544-0,Flex,1,F,agosto de 2026 ,ch16p52n06yw3,"sábado, 1 de agosto de 2026 14:39",97134.0
336,1,,,2026,,"R$ 104.189,00",Fiat,PULSE DRIVE 1.3 8V Flex Aut.,2026,001544-0,Flex,1,F,agosto de 2026 ,f8g88rd27zd2v,"sábado, 1 de agosto de 2026 14:39",104189.0
336,1,,,2024,,"R$ 75.032,00",Fiat,CRONOS DRIVE 1.0 6V Flex,2024,001553-9,Flex,1,F,agosto de 2026 ,7p19lw3nccsw,"sábado, 1 de agosto de 2026 14:39",75032.0
336,1,,,2025,,"R$ 78.820,00",Fiat,CRONOS DRIVE 1.0 6V Flex,2025,001553-9,Flex,1,F,agosto de 2026 ,84g33s6vmbw3,"sábado, 1 de agosto de 2026 14:39",78820.0
336,1,,,2026,,"R$ 86.606,00",Fiat,CRONOS DRIVE 1.0 6V Flex,2026,001553-9,Flex,1,F,agosto de 2026 ,cc2r3bfg5d40b,"sábado, 1 de agosto de 2026 14:39",86606.0
336,1,,,2024,,"R$ 81.958,00",Fiat,CRONOS DRIVE 1.3 8V Flex Aut.,2024,001554-7,Flex,1,F,agosto de 2026 ,998pqdndsqsw,"sábado, 1 de agosto de 2026 14:39",81958.0
336,1,,,2025,,"R$ 92.176,00",Fiat,CRONOS DRIVE 1.3 8V Flex Aut.,2025,001554-7,Flex,1,F,agosto de 2026 ,cf52mmtq3vsw3,"sábado, 1 de agosto de 2026 14:39",92176.0
336,1,,,2024,,"R$ 119.400,00",Fiat,Fastback Limited Ed.1.3 270 T.Flex Aut.,2024,001556-3,Flex,1,F,agosto de 2026 ,gt95b91wnxdwd,"sábado, 1 de agosto de 2026 14:39",119400.0
336,1,,,2024,,"R$ 115.529,00",Fiat,Fastback Impetus 1.0 200 T. Flex Aut,2024,001557-1,Flex,1,F,agosto de 2026 ,gpsgpg6t1ndwd,"sábado, 1 de agosto de 2026 14:39",115529.0
336,1,,,2024,,"R$ 108.679,00",Fiat,Fastback Audace 1.0 200 T. Flex Aut,2024,001558-0,Flex,1,F,agosto de 2026 ,gfrhdv6hpvdwd,"sábado, 1 de agosto de 2026 14:39",108679.0
336,1,,,2025,,"R$ 113.798,00",Fiat,Fastback Audace 1.0 200 T. Flex Aut,2025,001558-0,Flex,1,F,agosto de 2026 ,gmrj8mx2rxdzm,"sábado, 1 de agosto de 2026 14:40",113798.0
336,1,,,2024,,"R$ 77.747,00",Fiat,Strada Endurance 1.3 Flex 8V CS Plus,2024,001569-5,Flex,1,F,agosto de 2026 ,8qw30pfsj2dwd,"sábado, 1 de agosto de 2026 14:55",77747.0
336,1,,,2025,,"R$ 85.601,00",Fiat,Strada Endurance 1.3 Flex 8V CS Plus,2025,001569-5,Flex,1,F,agosto de 2026 ,ccpztd94p7vdzm,"sábado, 1 de agosto de 2026 14:40",85601.0
336,1,,,2026,,"R$ 93.082,00",Fiat,Strada Endurance 1.3 Flex 8V CS Plus,2026,001569-5,Flex,1,F,agosto de 2026 ,cgjpx05kmrgd2v,"sábado, 1 de agosto de 2026 14:40",93082.0
336,1,,,2025,,"R$ 135.724,00",Fiat,Fastback ABARTH Turbo Flex 1.3 Aut.,2025,001572-5,Flex,1,F,agosto de 2026 ,hgghjcvh95dzm,"sábado, 1 de agosto de 2026 14:40",135724.0
336,1,,,2025,,"R$ 116.836,00",Fiat,Fastback Audace 200 TB Aut (Hibrído),2025,001578-4,Híbrido,1,H,agosto de 2026 ,gq9zb71nffdzy,"sábado, 1 de agosto de 2026 14:40",116836.0
336,1,,,2025,,"R$ 106.633,00",Fiat,PULSE AUDACE Turbo 200  Aut. (Hibrído),2025,001579-2,Híbrido,1,H,agosto de 2026 ,gcb3170ysmdzy,"sábado, 1 de agosto de 2026 14:40",106633.0
336,1,,,2024,,"R$ 184.526,00",Toyota,Hilux CD 4x4 2.8 Diesel Mec.,2024,002015-0,Diesel,1,D,agosto de 2026 ,j9n9gj63hxdvr,"sábado, 1 de agosto de 2026 14:40",184526.0
336,1,,,2024,,"R$ 140.761,00",Toyota,Corolla XEi 2.0 Flex 16V Aut.,2024,002111-3,Flex,1,F,agosto de 2026 ,hnckzydq3bdwd,"sábado, 1 de agosto de 2026 14:40",140761.0
336,1,,,2025,,"R$ 156.298,00",Toyota,Corolla XEi 2.0 Flex 16V Aut.,2025,002111-3,Flex,1,F,agosto de 2026 ,h7k9djtq1fdzm,"sábado, 1 de agosto de 2026 14:40",156298.0
336,1,,,2024,,"R$ 215.661,00",Toyota,Hilux CD SR 4x4 2.8 TDI Diesel Aut.,2024,002142-3,Diesel,1,D,agosto de 2026 ,lg5y0f5p1ndvr,"sábado, 1 de agosto de 2026 14:40",215661.0
336,1,,,2024,,"R$ 89.214,00",Toyota,YARIS XL Sedan 1.5 Flex 16V 4p Aut.,2024,002168-7,Flex,1,F,agosto de 2026 ,cd2b03zc1zxsw,"sábado, 1 de agosto de 2026 14:40",89214.0
336,1,,,2025,,"R$ 96.446,00",Toyota,YARIS XL Sedan 1.5 Flex 16V 4p Aut.,2025,002168-7,Flex,1,F,agosto de 2026 ,chs4m3jw0ycw3,"sábado, 1 de agosto de 2026 14:40",96446.0
336,1,,,2024,,"R$ 124.188,00",Toyota,Corolla GLi 2.0 16V Flex Aut.,2024,002181-4,Flex,1,F,agosto de 2026 ,g0x58gqlzldwd,"sábado, 1 de agosto de 2026 14:40",124188.0
336,1,,,2025,,"R$ 141.075,00",Toyota,Corolla GLi 2.0 16V Flex Aut.,2025,002181-4,Flex,1,F,agosto de 2026 ,hnqzsswzggdzm,"sábado, 1 de agosto de 2026 14:40",141075.0
336,1,,,2023,,"R$ 141.242,00",Toyota,Corolla Altis 1.8 16V Aut. (Híbrido),2023,002182-2,Híbrido,1,H,agosto de 2026 ,hnx1y0pnw6dsh,"sábado, 1 de agosto de 2026 14:40",141242.0
336,1,,,2024,,"R$ 141.678,00",Toyota,Corolla Cross XR 2.0 16V Flex Aut.,2024,002201-2,Flex,1,F,agosto de 2026 ,hpfw67tz0fdwd,"sábado, 1 de agosto de 2026 14:40",141678.0
336,1,,,2024,,"R$ 147.079,00",Toyota,Corolla Cross XRE 2.0 16V Flex Aut.,2024,002203-9,Flex,1,F,agosto de 2026 ,hwr6t3nnz8dwd,"sábado, 1 de agosto de 2026 14:40",147079.0
336,1,,,2025,,"R$ 162.684,00",Toyota,Corolla Cross XRE 2.0 16V Flex Aut.,2025,002203-9,Flex,1,F,agosto de 2026 ,jg2dvw97bgdzm,"sábado, 1 de agosto de 2026 14:41",162684.0
336,1,,,2026,,"R$ 173.735,00",Toyota,Corolla Cross XRE 2.0 16V Flex Aut.,2026,002203-9,Flex,1,F,agosto de 2026 ,jw02m18ky6d2v,"sábado, 1 de agosto de 2026 14:40",173735.0
336,1,,,2025,,"R$ 187.095,00",Toyota,Corolla Cross XRX 1.8 16V Aut. (Híbrido),2025,002204-7,Híbrido,1,H,agosto de 2026 ,kdpn284ngydzy,"sábado, 1 de agosto de 2026 14:40",187095.0
336,1,,,2024,,"R$ 88.974,00",Toyota,YARIS XL 1.5 Flex 16V 5p Aut.,2024,002207-1,Flex,1,F,agosto de 2026 ,cdzjsxc2h46sw,"sábado, 1 de agosto de 2026 14:40",88974.0
336,1,,,2025,,"R$ 95.273,00",Toyota,YARIS XL 1.5 Flex 16V 5p Aut.,2025,002207-1,Flex,1,F,agosto de 2026 ,chcc88bs1g5w3,"sábado, 1 de agosto de 2026 14:40",95273.0
336,1,,,2023,,"R$ 149.239,00",Ford,Ranger XL 2.2 4x4 CS Diesel Mec.,2023,003433-9,Diesel,1,D,agosto de 2026 ,hy9qmn9tl1drj,"sábado, 1 de agosto de 2026 14:40",149239.0
336,1,,,2026,,"R$ 309.527,00",Ford,TRANSIT Minibus 18 Lug. 2.0 16V Diesel,2026,003484-3,Diesel,1,D,agosto de 2026 ,p07p2k354sd16,"sábado, 1 de agosto de 2026 14:40",309527.0
336,1,,,2026,,"R$ 207.811,00",Ford,Ranger XL 2.0 4x4 CD Diesel Mec. ,2026,003502-5,Diesel,1,D,agosto de 2026 ,k5zmzc2fg8d16,"sábado, 1 de agosto de 2026 14:40",207811.0
336,1,,,2023,,"R$ 141.211,00",GM - Chevrolet,S10 Pick-Up LS 2.8 TDI 4x4 CD Dies. Mec.,2023,004413-0,Diesel,1,D,agosto de 2026 ,hnwx052xbddrj,"sábado, 1 de agosto de 2026 14:40",141211.0
336,1,,,2024,,"R$ 168.011,00",GM - Chevrolet,S10 Pick-Up LS 2.8 TDI 4x4 CD Dies. Mec.,2024,004413-0,Diesel,1,D,agosto de 2026 ,jn902zpdwndvr,"sábado, 1 de agosto de 2026 14:40",168011.0
336,1,,,2025,,"R$ 111.866,00",GM - Chevrolet,SPIN LTZ 1.8 8V Econo.Flex 5p Aut.,2025,004417-2,Flex,1,F,agosto de 2026 ,gkhbczw9phdzm,"sábado, 1 de agosto de 2026 14:40",111866.0
336,1,,,2022,,"R$ 78.807,00",GM - Chevrolet,SPIN PREMIER 1.8 8V Econo.Flex 5p Aut.,2022,004494-6,Flex,1,F,agosto de 2026 ,84bdmx58h8lf,"sábado, 1 de agosto de 2026 14:40",78807.0
336,1,,,2023,,"R$ 90.720,00",GM - Chevrolet,SPIN PREMIER 1.8 8V Econo.Flex 5p Aut.,2023,004494-6,Flex,1,F,agosto de 2026 ,cfm0d17mztqpn,"sábado, 1 de agosto de 2026 14:55",90720.0
336,1,,,2024,,"R$ 99.286,00",GM - Chevrolet,SPIN PREMIER 1.8 8V Econo.Flex 5p Aut.,2024,004494-6,Flex,1,F,agosto de 2026 ,cjwfwzfp3zbsw,"sábado, 1 de agosto de 2026 14:40",99286.0
336,1,,,2025,,"R$ 122.781,00",GM - Chevrolet,SPIN PREMIER 1.8 8V Econo.Flex 5p Aut.,2025,004494-6,Flex,1,F,agosto de 2026 ,gy81xrm6mzdzm,"sábado, 1 de agosto de 2026 14:40",122781.0
336,1,,,2024,,"R$ 218.244,00",GM - Chevrolet,TRAILBLAZER PREMIER 2.8 TB Diesel Aut.,2024,004498-9,Diesel,1,D,agosto de 2026 ,lk6vd5sbsvdvr,"sábado, 1 de agosto de 2026 14:40",218244.0
336,1,,,2024,,"R$ 76.562,00",GM - Chevrolet,ONIX SEDAN Plus LT 1.0 12V TB Flex Mec.,2024,004500-4,Flex,1,F,agosto de 2026 ,780dy5qty0sw,"sábado, 1 de agosto de 2026 14:40",76562.0
336,1,,,2025,,"R$ 83.967,00",GM - Chevrolet,ONIX SEDAN Plus LT 1.0 12V TB Flex Mec.,2025,004500-4,Flex,1,F,agosto de 2026 ,cb2tw7nqcgcw3,"sábado, 1 de agosto de 2026 14:40",83967.0
336,1,,,2025,,"R$ 91.709,00",GM - Chevrolet,ONIX SEDAN Plus LT 1.0 12V TB Flex Aut.,2025,004501-2,Flex,1,F,agosto de 2026 ,cf0lwpbjcmtw3,"sábado, 1 de agosto de 2026 14:40",91709.0
336,1,,,2023,,"R$ 74.781,00",GM - Chevrolet,ONIX SEDAN Plus LTZ 1.0 12V TB Flex Aut.,2023,004502-0,Flex,1,F,agosto de 2026 ,7l32fzpz30pn,"sábado, 1 de agosto de 2026 14:40",74781.0
336,1,,,2024,,"R$ 82.160,00",GM - Chevrolet,ONIX SEDAN Plus LTZ 1.0 12V TB Flex Aut.,2024,004502-0,Flex,1,F,agosto de 2026 ,cbdm3rtghr5sw,"sábado, 1 de agosto de 2026 14:40",82160.0
336,1,,,2025,,"R$ 92.099,00",GM - Chevrolet,ONIX SEDAN Plus LTZ 1.0 12V TB Flex Aut.,2025,004502-0,Flex,1,F,agosto de 2026 ,cf45m03xvc7w3,"sábado, 1 de agosto de 2026 14:40",92099.0
336,1,,,2023,,"R$ 74.347,00",GM - Chevrolet,ONIX SEDAN Plus LTZ 1.0 12V TB Flex Mec.,2023,004503-9,Flex,1,F,agosto de 2026 ,7f0997vbw8pn,"sábado, 1 de agosto de 2026 14:40",74347.0
336,1,,,2023,,"R$ 70.798,00",GM - Chevrolet,ONIX HATCH LT 1.0 12V TB Flex 5p Mec.,2023,004512-8,Flex,1,F,agosto de 2026 ,53fcrpgq33pn,"sábado, 1 de agosto de 2026 14:40",70798.0
336,1,,,2024,,"R$ 76.436,00",GM - Chevrolet,ONIX HATCH LT 1.0 12V TB Flex 5p Mec.,2024,004512-8,Flex,1,F,agosto de 2026 ,77jl7248fgsw,"sábado, 1 de agosto de 2026 14:40",76436.0
336,1,,,2025,,"R$ 83.306,00",GM - Chevrolet,ONIX HATCH LT 1.0 12V TB Flex 5p Mec.,2025,004512-8,Flex,1,F,agosto de 2026 ,cbt2nc3rj2jw3,"sábado, 1 de agosto de 2026 14:40",83306.0
336,1,,,2025,,"R$ 93.940,00",GM - Chevrolet,ONIX HATCH LT 1.0 12V TB Flex 5p Aut.,2025,004514-4,Flex,1,F,agosto de 2026 ,cgvrslzgnmfw3,"sábado, 1 de agosto de 2026 14:40",93940.0
336,1,,,2024,,"R$ 86.598,00",GM - Chevrolet,ONIX HATCH LTZ 1.0 12V TB Flex 5p Aut.,2024,004515-2,Flex,1,F,agosto de 2026 ,cc2n5509ksrsw,"sábado, 1 de agosto de 2026 14:40",86598.0
336,1,,,2025,,"R$ 96.122,00",GM - Chevrolet,ONIX HATCH LTZ 1.0 12V TB Flex 5p Aut.,2025,004515-2,Flex,1,F,agosto de 2026 ,chpbwd5794ww3,"sábado, 1 de agosto de 2026 14:40",96122.0
336,1,,,2025,,"R$ 73.022,00",GM - Chevrolet,ONIX HATCH LT 1.0 12V Flex 5p Mec.,2025,004517-9,Flex,1,F,agosto de 2026 ,6yhqs8jvzsw3,"sábado, 1 de agosto de 2026 14:40",73022.0
336,1,,,2023,,"R$ 68.091,00",GM - Chevrolet,ONIX SEDAN Plus LT 1.0 12V Flex 4p Mec.,2023,004518-7,Flex,1,F,agosto de 2026 ,42pggylbvqpn,"sábado, 1 de agosto de 2026 14:40",68091.0
336,1,,,2025,,"R$ 77.979,00",GM - Chevrolet,ONIX SEDAN Plus LT 1.0 12V Flex 4p Mec.,2025,004518-7,Flex,1,F,agosto de 2026 ,8tmf27qg1kw3,"sábado, 1 de agosto de 2026 14:40",77979.0
336,1,,,2024,,"R$ 69.024,00",GM - Chevrolet,ONIX HATCH 1.0 12V Flex 5p Mec.,2024,004519-5,Flex,1,F,agosto de 2026 ,5fmk3kd100sw,"sábado, 1 de agosto de 2026 14:41",69024.0
336,1,,,2025,,"R$ 70.956,00",GM - Chevrolet,ONIX HATCH 1.0 12V Flex 5p Mec.,2025,004519-5,Flex,1,F,agosto de 2026 ,548s055vnmw3,"sábado, 1 de agosto de 2026 14:40",70956.0
336,1,,,2024,,"R$ 101.070,00",GM - Chevrolet,TRACKER LT 1.0 Turbo 12V Flex Aut.,2024,004522-5,Flex,1,F,agosto de 2026 ,f4txxvfx9gdwd,"sábado, 1 de agosto de 2026 14:40",101070.0
336,1,,,2025,,"R$ 105.704,00",GM - Chevrolet,TRACKER LT 1.0 Turbo 12V Flex Aut.,2025,004522-5,Flex,1,F,agosto de 2026 ,f98b9t4x26dzm,"sábado, 1 de agosto de 2026 14:40",105704.0
336,1,,,2023,,"R$ 107.449,00",GM - Chevrolet,TRACKER Premier 1.2 Turbo 12V Flex Aut.,2023,004525-0,Flex,1,F,agosto de 2026 ,gc9shps8q9dr5,"sábado, 1 de agosto de 2026 14:40",107449.0
336,1,,,2024,,"R$ 117.645,00",GM - Chevrolet,TRACKER Premier 1.2 Turbo 12V Flex Aut.,2024,004525-0,Flex,1,F,agosto de 2026 ,gr8cw54pcrdwd,"sábado, 1 de agosto de 2026 14:41",117645.0
336,1,,,2025,,"R$ 127.496,00",GM - Chevrolet,TRACKER Premier 1.2 Turbo 12V Flex Aut.,2025,004525-0,Flex,1,F,agosto de 2026 ,g4tfk06cd4dzm,"sábado, 1 de agosto de 2026 14:41",127496.0
336,1,,,2025,,"R$ 104.461,00",GM - Chevrolet,TRACKER 1.0 Turbo 12V Flex Aut. ,2025,004526-8,Flex,1,F,agosto de 2026 ,f8s5rkc5l2dzm,"sábado, 1 de agosto de 2026 14:41",104461.0
336,1,,,2025,,"R$ 116.248,00",GM - Chevrolet,TRACKER LTZ 1.0 Turbo 12V Flex Aut.,2025,004532-2,Flex,1,F,agosto de 2026 ,gqmltr65vzdzm,"sábado, 1 de agosto de 2026 14:41",116248.0
336,1,,,2026,,"R$ 140.286,00",GM - Chevrolet,TRACKER LTZ 1.0 Turbo 12V Flex Aut.,2026,004532-2,Flex,1,F,agosto de 2026 ,hms9sgyg9pd2v,"sábado, 1 de agosto de 2026 14:41",140286.0
336,1,,,2026,,"R$ 136.407,00",GM - Chevrolet,MONTANA LTZ 1.2 Turbo Flex 12V 4p Aut.,2026,004541-1,Flex,1,F,agosto de 2026 ,hg7925qjfhd2v,"sábado, 1 de agosto de 2026 14:41",136407.0
336,1,,,2025,,"R$ 210.342,00",GM - Chevrolet,S10 Pick-Up WT 2.8 TDI 4x4 CD Diesel Aut,2025,004550-0,Diesel,1,D,agosto de 2026 ,k8ymsr81gvdyz,"sábado, 1 de agosto de 2026 14:41",210342.0
336,1,,,2025,,"R$ 196.466,00",GM - Chevrolet,S10 Pick-Up WT 2.8 TDI 4x4 CD Diesel Mec,2025,004552-7,Diesel,1,D,agosto de 2026 ,krn8xy8w4hdyz,"sábado, 1 de agosto de 2026 14:41",196466.0
336,1,,,2024,,"R$ 110.721,00",VW - VolksWagen,VIRTUS Highline 200 TSI 1.0 Flex 12V Aut,2024,005484-4,Flex,1,F,agosto de 2026 ,gh4p7sxslfdwd,"sábado, 1 de agosto de 2026 14:41",110721.0
336,1,,,2023,,"R$ 54.975,00",VW - VolksWagen,Gol 1.0 Flex 12V 5p,2023,005490-9,Flex,1,F,agosto de 2026 ,z3w55j5ddfpn,"sábado, 1 de agosto de 2026 14:41",54975.0
336,1,,,2022,,"R$ 57.975,00",VW - VolksWagen,Gol 1.6 MSI Flex 8V 5p,2022,005491-7,Flex,1,F,agosto de 2026 ,072lvjg07klf,"sábado, 1 de agosto de 2026 14:41",57975.0
336,1,,,2023,,"R$ 123.424,00",VW - VolksWagen,T-Cross Hig. 250 TSI 1.4 Flex 16V 5p Aut,2023,005508-5,Flex,1,F,agosto de 2026 ,gz1ffb587kdr5,"sábado, 1 de agosto de 2026 14:41",123424.0
336,1,,,2024,,"R$ 130.955,00",VW - VolksWagen,T-Cross Hig. 250 TSI 1.4 Flex 16V 5p Aut,2024,005508-5,Flex,1,F,agosto de 2026 ,g8v40xgd6jdwd,"sábado, 1 de agosto de 2026 14:41",130955.0
336,1,,,2025,,"R$ 140.879,00",VW - VolksWagen,T-Cross Hig. 250 TSI 1.4 Flex 16V 5p Aut,2025,005508-5,Flex,1,F,agosto de 2026 ,hnhvyltk8ldzm,"sábado, 1 de agosto de 2026 14:42",140879.0
336,1,,,2026,,"R$ 160.357,00",VW - VolksWagen,T-Cross Hig. 250 TSI 1.4 Flex 16V 5p Aut,2026,005508-5,Flex,1,F,agosto de 2026 ,jdbtw2yknrd2v,"sábado, 1 de agosto de 2026 14:41",160357.0
336,1,,,2024,,"R$ 118.013,00",VW - VolksWagen,T-Cross Comfor. 200 TSI 1.0 Flex 5p Aut.,2024,005509-3,Flex,1,F,agosto de 2026 ,gsprj57r2gdwd,"sábado, 1 de agosto de 2026 14:41",118013.0
336,1,,,2025,,"R$ 131.307,00",VW - VolksWagen,T-Cross Comfor. 200 TSI 1.0 Flex 5p Aut.,2025,005509-3,Flex,1,F,agosto de 2026 ,g88ym2ffvwdzm,"sábado, 1 de agosto de 2026 14:55",131307.0
336,1,,,2026,,"R$ 144.968,00",VW - VolksWagen,T-Cross Comfor. 200 TSI 1.0 Flex 5p Aut.,2026,005509-3,Flex,1,F,agosto de 2026 ,hs9g71rw6qd2v,"sábado, 1 de agosto de 2026 14:41",144968.0
336,1,,,2024,,"R$ 106.425,00",VW - VolksWagen,T-Cross 200 TSI 1.0  Flex 12V 5p Aut.,2024,005510-7,Flex,1,F,agosto de 2026 ,gb3kpx07c7dwd,"sábado, 1 de agosto de 2026 14:41",106425.0
336,1,,,2025,,"R$ 118.906,00",VW - VolksWagen,T-Cross 200 TSI 1.0  Flex 12V 5p Aut.,2025,005510-7,Flex,1,F,agosto de 2026 ,gtq6q5qqn1dzm,"sábado, 1 de agosto de 2026 14:41",118906.0
336,1,,,2026,,"R$ 128.459,00",VW - VolksWagen,T-Cross 200 TSI 1.0  Flex 12V 5p Aut.,2026,005510-7,Flex,1,F,agosto de 2026 ,g5yfm1pb8md2v,"sábado, 1 de agosto de 2026 14:41",128459.0
336,1,,,2026,,"R$ 96.542,00",VW - VolksWagen,Polo Sense TSI 1.0 Flex 12V Aut,2026,005513-1,Flex,1,F,agosto de 2026 ,cht8jsjykpkd2v,"sábado, 1 de agosto de 2026 14:41",96542.0
336,1,,,2023,,"R$ 100.335,00",VW - VolksWagen,Nivus Comfortline 1.0 200 TSI Flex Aut.,2023,005525-5,Flex,1,F,agosto de 2026 ,f3y6rqbh8ldr5,"sábado, 1 de agosto de 2026 14:41",100335.0
336,1,,,2024,,"R$ 105.360,00",VW - VolksWagen,Nivus Comfortline 1.0 200 TSI Flex Aut.,2024,005525-5,Flex,1,F,agosto de 2026 ,f9vvp3pq14dwd,"sábado, 1 de agosto de 2026 14:41",105360.0
336,1,,,2025,,"R$ 120.855,00",VW - VolksWagen,Nivus Comfortline 1.0 200 TSI Flex Aut.,2025,005525-5,Flex,1,F,agosto de 2026 ,gw01snzzhkdzm,"sábado, 1 de agosto de 2026 14:41",120855.0
336,1,,,2026,,"R$ 125.909,00",VW - VolksWagen,Nivus Comfortline 1.0 200 TSI Flex Aut.,2026,005525-5,Flex,1,F,agosto de 2026 ,g2yrd0xkb2d2v,"sábado, 1 de agosto de 2026 14:41",125909.0
336,1,,,2023,,"R$ 112.123,00",VW - VolksWagen,Nivus Highline 1.0 200 TSI Flex Aut.,2023,005526-3,Flex,1,F,agosto de 2026 ,gksnyv0z9ydr5,"sábado, 1 de agosto de 2026 14:41",112123.0
336,1,,,2024,,"R$ 117.018,00",VW - VolksWagen,Nivus Highline 1.0 200 TSI Flex Aut.,2024,005526-3,Flex,1,F,agosto de 2026 ,grjlffr6pddwd,"sábado, 1 de agosto de 2026 14:41",117018.0
336,1,,,2025,,"R$ 129.246,00",VW - VolksWagen,Nivus Highline 1.0 200 TSI Flex Aut.,2025,005526-3,Flex,1,F,agosto de 2026 ,g6v1djxy6mdzm,"sábado, 1 de agosto de 2026 14:42",129246.0
336,1,,,2024,,"R$ 141.024,00",VW - VolksWagen,TAOS Comfortline 1.4 250 TSI Flex Aut.,2024,005527-1,Flex,1,F,agosto de 2026 ,hnn4bdjv6ydwd,"sábado, 1 de agosto de 2026 14:41",141024.0
336,1,,,2025,,"R$ 154.235,00",VW - VolksWagen,TAOS Comfortline 1.4 250 TSI Flex Aut.,2025,005527-1,Flex,1,F,agosto de 2026 ,h449w386qjdzm,"sábado, 1 de agosto de 2026 14:41",154235.0
336,1,,,2024,,"R$ 158.441,00",VW - VolksWagen,TAOS Highline 1.4 250 TSI Flex Aut.,2024,005528-0,Flex,1,F,agosto de 2026 ,h9250984rldwd,"sábado, 1 de agosto de 2026 14:41",158441.0
336,1,,,2024,,"R$ 74.248,00",VW - VolksWagen,Polo 1.0 MPI Flex 12V 5p,2024,005533-6,Flex,1,F,agosto de 2026 ,7dwbtt213gdwd,"sábado, 1 de agosto de 2026 14:41",74248.0
336,1,,,2025,,"R$ 76.521,00",VW - VolksWagen,Polo 1.0 MPI Flex 12V 5p,2025,005533-6,Flex,1,F,agosto de 2026 ,78jhzt5rh2dzm,"sábado, 1 de agosto de 2026 14:41",76521.0
336,1,,,2024,,"R$ 78.671,00",VW - VolksWagen,Polo 1.0 TSI Flex 12V 5p,2024,005534-4,Flex,1,F,agosto de 2026 ,82qy7mz7m2dwd,"sábado, 1 de agosto de 2026 14:41",78671.0
336,1,,,2024,,"R$ 88.716,00",VW - VolksWagen,Polo Comfortline TSI 1.0 Flex 12V Aut.,2024,005535-2,Flex,1,F,agosto de 2026 ,cdwh0v4mc8gdwd,"sábado, 1 de agosto de 2026 14:41",88716.0
336,1,,,2025,,"R$ 97.683,00",VW - VolksWagen,Polo Comfortline TSI 1.0 Flex 12V Aut.,2025,005535-2,Flex,1,F,agosto de 2026 ,ch8m72cf7zrdzm,"sábado, 1 de agosto de 2026 14:41",97683.0
336,1,,,2024,,"R$ 96.876,00",VW - VolksWagen,Polo Highline TSI 1.0 Flex 12V Aut.,2024,005536-0,Flex,1,F,agosto de 2026 ,chy5x4t9kmtdwd,"sábado, 1 de agosto de 2026 14:41",96876.0
336,1,,,2025,,"R$ 105.706,00",VW - VolksWagen,Polo Highline TSI 1.0 Flex 12V Aut.,2025,005536-0,Flex,1,F,agosto de 2026 ,f98fknxbd9dzm,"sábado, 1 de agosto de 2026 14:41",105706.0
336,1,,,2024,,"R$ 85.210,00",VW - VolksWagen,Saveiro Robust 1.6 Total Flex 16V CD,2024,005537-9,Flex,1,F,agosto de 2026 ,cckdps7h6pfdwd,"sábado, 1 de agosto de 2026 14:41",85210.0
336,1,,,2023,,"R$ 66.681,00",VW - VolksWagen,Saveiro Robust 1.6 Total Flex 16V ,2023,005538-7,Flex,1,F,agosto de 2026 ,4j4y6n0dhndr5,"sábado, 1 de agosto de 2026 14:55",66681.0
336,1,,,2024,,"R$ 74.795,00",VW - VolksWagen,Saveiro Robust 1.6 Total Flex 16V ,2024,005538-7,Flex,1,F,agosto de 2026 ,7l845tzlncdwd,"sábado, 1 de agosto de 2026 14:41",74795.0
336,1,,,2025,,"R$ 82.810,00",VW - VolksWagen,Saveiro Robust 1.6 Total Flex 16V ,2025,005538-7,Flex,1,F,agosto de 2026 ,cbm8cnvnxq3dzm,"sábado, 1 de agosto de 2026 14:41",82810.0
336,1,,,2026,,"R$ 87.355,00",VW - VolksWagen,Saveiro Robust 1.6 Total Flex 16V ,2026,005538-7,Flex,1,F,agosto de 2026 ,cdckbqkqf85d2v,"sábado, 1 de agosto de 2026 14:41",87355.0
336,1,,,2024,,"R$ 69.394,00",VW - VolksWagen,Polo Track 1.0 Flex 12V 5p,2024,005540-9,Flex,1,F,agosto de 2026 ,5ky125pzc4dwd,"sábado, 1 de agosto de 2026 14:41",69394.0
336,1,,,2025,,"R$ 75.643,00",VW - VolksWagen,Polo Track 1.0 Flex 12V 5p,2025,005540-9,Flex,1,F,agosto de 2026 ,7x7c2d64j1dzm,"sábado, 1 de agosto de 2026 14:41",75643.0
336,1,,,2026,,"R$ 81.531,00",VW - VolksWagen,Polo Track 1.0 Flex 12V 5p,2026,005540-9,Flex,1,F,agosto de 2026 ,948hgdygnqd2v,"sábado, 1 de agosto de 2026 14:41",81531.0
336,1,,,2023,,"R$ 80.014,00",VW - VolksWagen,VIRTUS TSI 1.0 Flex 12V 4p Mec.,2023,005542-5,Flex,1,F,agosto de 2026 ,9lg3kxp1ykdr5,"sábado, 1 de agosto de 2026 14:42",80014.0
336,1,,,2024,,"R$ 89.582,00",VW - VolksWagen,VIRTUS TSI 1.0 Flex 12V 4p Mec.,2024,005542-5,Flex,1,F,agosto de 2026 ,cd6nsk032wsdwd,"sábado, 1 de agosto de 2026 14:42",89582.0
336,1,,,2025,,"R$ 96.323,00",VW - VolksWagen,VIRTUS TSI 1.0 Flex 12V 4p Mec.,2025,005542-5,Flex,1,F,agosto de 2026 ,chrpx52p2k1dzm,"sábado, 1 de agosto de 2026 14:42",96323.0
336,1,,,2026,,"R$ 101.337,00",VW - VolksWagen,VIRTUS TSI 1.0 Flex 12V 4p Mec.,2026,005542-5,Flex,1,F,agosto de 2026 ,f44mrzhc72d2v,"sábado, 1 de agosto de 2026 14:42",101337.0
336,1,,,2024,,"R$ 96.365,00",VW - VolksWagen,VIRTUS TSI 1.0 Flex 12V 4p Aut.,2024,005543-3,Flex,1,F,agosto de 2026 ,chr56ffxnjldwd,"sábado, 1 de agosto de 2026 14:42",96365.0
336,1,,,2025,,"R$ 102.883,00",VW - VolksWagen,VIRTUS TSI 1.0 Flex 12V 4p Aut.,2025,005543-3,Flex,1,F,agosto de 2026 ,f6ytqwgy4pdzm,"sábado, 1 de agosto de 2026 14:42",102883.0
336,1,,,2026,,"R$ 112.576,00",VW - VolksWagen,VIRTUS TSI 1.0 Flex 12V 4p Aut.,2026,005543-3,Flex,1,F,agosto de 2026 ,gk94cv5gfjd2v,"sábado, 1 de agosto de 2026 14:55",112576.0
336,1,,,2024,,"R$ 252.300,00",Audi,Q3 Performance 2.0 TFSI Tiptr. Quattro,2024,008284-8,Gasolina,1,G,agosto de 2026 ,mv4n6ybyjydt3,"sábado, 1 de agosto de 2026 14:42",252300.0
336,1,,,2024,,"R$ 339.381,00",Audi,Q5 Perf. Black 2.0 TFSIe S.Tr. Qt (Hib.),2024,008285-6,Híbrido,1,H,agosto de 2026 ,q47s7tws4sdwq,"sábado, 1 de agosto de 2026 14:42",339381.0
336,1,,,2023,,"R$ 291.521,00",Audi,Q5 SB P Black. 2.0 TFSIe S.Tr. Qt (Hib.),2023,008287-2,Híbrido,1,H,agosto de 2026 ,pb37p5x25hdsh,"sábado, 1 de agosto de 2026 14:42",291521.0
336,1,,,2020,,"R$ 287.863,00",BMW,540i M Sport 3.0 Turbo 340cv Aut.,2020,009225-8,Gasolina,1,G,agosto de 2026 ,n6t81bwlr8dd6,"sábado, 1 de agosto de 2026 14:42",287863.0
336,1,,,2023,,"R$ 60.754,00",Citroën,C3 Live Pack 1.0 Flex 6V 5p Mec.,2023,011223-2,Flex,1,F,agosto de 2026 ,19npc6fwjrdr5,"sábado, 1 de agosto de 2026 14:42",60754.0
336,1,,,2024,,"R$ 65.501,00",Citroën,C3 Live Pack 1.0 Flex 6V 5p Mec.,2024,011223-2,Flex,1,F,agosto de 2026 ,3292hckj8ddwd,"sábado, 1 de agosto de 2026 14:42",65501.0
336,1,,,2025,,"R$ 70.165,00",Citroën,C3 Live Pack 1.0 Flex 6V 5p Mec.,2025,011223-2,Flex,1,F,agosto de 2026 ,5vz9c3cw4ndzm,"sábado, 1 de agosto de 2026 14:42",70165.0
336,1,,,2025,,"R$ 72.793,00",Citroën,C3 Feel 1.0 Flex 6V 5p Mec.,2025,011224-0,Flex,1,F,agosto de 2026 ,6vthjljbc5dzm,"sábado, 1 de agosto de 2026 14:42",72793.0
336,1,,,2024,,"R$ 66.644,00",Hyundai,HB20 Sense 1.0 Flex 12V Mec.,2024,015165-3,Flex,1,F,agosto de 2026 ,4jqh91w60ksw,"sábado, 1 de agosto de 2026 14:42",66644.0
336,1,,,2022,,"R$ 61.723,00",Hyundai,HB20 Vision 1.0 Flex 12V Mec.,2022,015168-8,Flex,1,F,agosto de 2026 ,2n0wnn55h3lf,"sábado, 1 de agosto de 2026 14:42",61723.0
336,1,,,2025,,"R$ 105.301,00",Hyundai,Creta Action 1.6 16V Flex Aut.,2025,015190-4,Flex,1,F,agosto de 2026 ,f9sp68rqcbdzm,"sábado, 1 de agosto de 2026 14:42",105301.0
336,1,,,2022,,"R$ 66.054,00",Hyundai,HB20 Evolution Bluelink 1.0 Flex 12V Mec,2022,015191-2,Flex,1,F,agosto de 2026 ,39s2gfb4s4lf,"sábado, 1 de agosto de 2026 14:42",66054.0
336,1,,,2025,,"R$ 120.510,00",Hyundai,Creta Comfort 1.0 TB 12V Flex Aut.,2025,015200-5,Flex,1,F,agosto de 2026 ,gwmh10rrvbdzm,"sábado, 1 de agosto de 2026 14:42",120510.0
336,1,,,2026,,"R$ 131.453,00",Hyundai,Creta Comfort 1.0 TB 12V Flex Aut.,2026,015200-5,Flex,1,F,agosto de 2026 ,g9f74sy41bd2v,"sábado, 1 de agosto de 2026 14:42",131453.0
336,1,,,2026,,"R$ 159.383,00",Hyundai,Creta Platinum 1.0 TB 12V Flex Aut.,2026,015202-1,Flex,1,F,agosto de 2026 ,jb6ffvldj8d2v,"sábado, 1 de agosto de 2026 14:42",159383.0
336,1,,,2023,,"R$ 89.995,00",Hyundai,HB20S Platinum 1.0 TB Flex 12V Aut.,2023,015206-4,Flex,1,F,agosto de 2026 ,cfchw2wnzpspn,"sábado, 1 de agosto de 2026 14:42",89995.0
336,1,,,2024,,"R$ 92.920,00",Hyundai,HB20 Platinum 1.0 TB Flex 12V Aut.,2024,015209-9,Flex,1,F,agosto de 2026 ,cggs1psnxljsw,"sábado, 1 de agosto de 2026 14:42",92920.0
336,1,,,2026,,"R$ 82.322,00",Hyundai,HB20 Limited 1.0 Flex 12V Mec.,2026,015213-7,Flex,1,F,agosto de 2026 ,cbgjz3jq2bj0b,"sábado, 1 de agosto de 2026 14:43",82322.0
336,1,,,2026,,"R$ 81.372,00",Hyundai,HB20 Comfort 1.0 Flex 12V Mec.,2026,015215-3,Flex,1,F,agosto de 2026 ,93dpxxt33j0b,"sábado, 1 de agosto de 2026 14:42",81372.0
336,1,,,2024,,"R$ 72.604,00",Hyundai,HB20 Comfort 1.0 TB Flex 12V Mec,2024,015216-1,Flex,1,F,agosto de 2026 ,6slsy8pxvvsw,"sábado, 1 de agosto de 2026 14:42",72604.0
336,1,,,2023,,"R$ 70.804,00",Hyundai,HB20S Comfort 1.0  Flex 12V Mec.,2023,015218-8,Flex,1,F,agosto de 2026 ,53hkb5nzjjdr5,"sábado, 1 de agosto de 2026 14:42",70804.0
336,1,,,2026,,"R$ 86.857,00",Hyundai,HB20S Comfort 1.0  Flex 12V Mec.,2026,015218-8,Flex,1,F,agosto de 2026 ,cc5qbgzw3rqd2v,"sábado, 1 de agosto de 2026 14:42",86857.0
336,1,,,2024,,"R$ 66.670,00",Hyundai,HB20 Sense Plus 1.0 Flex 12V Mec.,2024,015234-0,Flex,1,F,agosto de 2026 ,4j0y8fq02cdwd,"sábado, 1 de agosto de 2026 14:42",66670.0
336,1,,,2025,,"R$ 68.349,00",Hyundai,HB20 Sense Plus 1.0 Flex 12V Mec.,2025,015234-0,Flex,1,F,agosto de 2026 ,45p7hl3g25dzm,"sábado, 1 de agosto de 2026 14:42",68349.0
336,1,,,2025,,"R$ 91.714,00",Hyundai,HB20 Comfort Plus 1.0 TB Flex 12V Aut.,2025,015236-6,Flex,1,F,agosto de 2026 ,cf0np0jrj42dzm,"sábado, 1 de agosto de 2026 14:42",91714.0
336,1,,,2025,,"R$ 143.069,00",Hyundai,Creta Plat. Safety 1.0 TB 12V Flex Aut.,2025,015237-4,Flex,1,F,agosto de 2026 ,hq2gj1z8gwdzm,"sábado, 1 de agosto de 2026 14:42",143069.0
336,1,,,2024,,"R$ 75.057,00",Hyundai,HB20S Comfort Plus 1.0 Flex 12V Mec.,2024,015239-0,Flex,1,F,agosto de 2026 ,7qcc8ykt8ydwd,"sábado, 1 de agosto de 2026 14:42",75057.0
336,1,,,2025,,"R$ 80.027,00",Hyundai,HB20S Comfort Plus 1.0 Flex 12V Mec.,2025,015239-0,Flex,1,F,agosto de 2026 ,9lmt1rcfqkdzm,"sábado, 1 de agosto de 2026 14:42",80027.0
336,1,,,2025,,"R$ 82.359,00",Hyundai,HB20S Limited Plus 1.0  Flex 12V Mec.,2025,015242-0,Flex,1,F,agosto de 2026 ,cbgzfz3r3v4dzm,"sábado, 1 de agosto de 2026 14:42",82359.0
336,1,,,2025,,"R$ 128.615,00",Hyundai,Creta Limit. Safety 1.0 TB 12V Flex Aut.,2025,015243-9,Flex,1,F,agosto de 2026 ,g533d1fbmldzm,"sábado, 1 de agosto de 2026 14:42",128615.0
336,1,,,2024,,"R$ 112.361,00",Hyundai,Creta Comfort Plus 1.0 TB 12V Flex Aut.,2024,015244-7,Flex,1,F,agosto de 2026 ,gk1931hww3dwd,"sábado, 1 de agosto de 2026 14:42",112361.0
336,1,,,2025,,"R$ 120.695,00",Hyundai,Creta Comfort Plus 1.0 TB 12V Flex Aut.,2025,015244-7,Flex,1,F,agosto de 2026 ,gwt7hx4b3jdzm,"sábado, 1 de agosto de 2026 14:55",120695.0
336,1,,,2025,,"R$ 73.895,00",Hyundai,HB20 Comfort Plus 1.0 Flex 12V Mec.,2025,015245-5,Flex,1,F,agosto de 2026 ,68q1cycjmsdzm,"sábado, 1 de agosto de 2026 14:42",73895.0
336,1,,,2025,,"R$ 91.344,00",Hyundai,HB20 Comf. Plus Tech 1.0 TB Flex 12V Aut,2025,015246-3,Flex,1,F,agosto de 2026 ,cfv960mv8cwdzm,"sábado, 1 de agosto de 2026 14:42",91344.0
336,1,,,2025,,"R$ 91.488,00",Hyundai,HB20S Com. Plus Tech 1.0 TB Flex 12V Aut,2025,015247-1,Flex,1,F,agosto de 2026 ,cfx0kj0q8dbdzm,"sábado, 1 de agosto de 2026 14:42",91488.0
336,1,,,2026,,"R$ 100.221,00",Hyundai,HB20 Limited 1.0 TB Flex 12V Aut.,2026,015251-0,Flex,1,F,agosto de 2026 ,f3t19qvlj5d2v,"sábado, 1 de agosto de 2026 14:42",100221.0
336,1,,,2026,,"R$ 105.218,00",Hyundai,HB20S Limited 1.0  TB Flex 12V Aut.,2026,015252-8,Flex,1,F,agosto de 2026 ,f9ppp3gm0ld2v,"sábado, 1 de agosto de 2026 14:43",105218.0
336,1,,,2024,,"R$ 147.948,00",Jeep,COMPASS LIMITED T270 1.3 TB 4x2 Flex Aut,2024,017070-4,Flex,1,F,agosto de 2026 ,hxsszsnmlxdwd,"sábado, 1 de agosto de 2026 14:43",147948.0
336,1,,,2022,,"R$ 119.510,00",Jeep,COMPASS LONG. T270 1.3 TB 4x2 Flex Aut.,2022,017071-2,Flex,1,F,agosto de 2026 ,gvf49lbkjpdny,"sábado, 1 de agosto de 2026 14:43",119510.0
336,1,,,2023,,"R$ 129.200,00",Jeep,COMPASS LONG. T270 1.3 TB 4x2 Flex Aut.,2023,017071-2,Flex,1,F,agosto de 2026 ,g6tckslhmzdr5,"sábado, 1 de agosto de 2026 14:43",129200.0
336,1,,,2024,,"R$ 135.932,00",Jeep,COMPASS LONG. T270 1.3 TB 4x2 Flex Aut.,2024,017071-2,Flex,1,F,agosto de 2026 ,hgp1wqq08kdwd,"sábado, 1 de agosto de 2026 14:43",135932.0
336,1,,,2025,,"R$ 146.255,00",Jeep,COMPASS LONG. T270 1.3 TB 4x2 Flex Aut.,2025,017071-2,Flex,1,F,agosto de 2026 ,hvs8c77w4kdzm,"sábado, 1 de agosto de 2026 14:43",146255.0
336,1,,,2026,,"R$ 161.024,00",Jeep,COMPASS LONG. T270 1.3 TB 4x2 Flex Aut.,2026,017071-2,Flex,1,F,agosto de 2026 ,jd32f1q078d2v,"sábado, 1 de agosto de 2026 14:43",161024.0
336,1,,,2023,,"R$ 144.999,00",Jeep,COMPASS LONG. TD 350 2.0 4x4 Diesel Aut.,2023,017075-5,Diesel,1,D,agosto de 2026 ,htbl5wvwzjdrj,"sábado, 1 de agosto de 2026 14:43",144999.0
336,1,,,2024,,"R$ 165.049,00",Jeep,COMPASS LONG. TD 350 2.0 4x4 Diesel Aut.,2024,017075-5,Diesel,1,D,agosto de 2026 ,jkvcm0pjtxdvr,"sábado, 1 de agosto de 2026 14:43",165049.0
336,1,,,2024,,"R$ 192.907,00",Jeep,Commander Limited TD380 2.0 4x4 Die.Aut.,2024,017080-1,Diesel,1,D,agosto de 2026 ,kmhxs4tzv0dvr,"sábado, 1 de agosto de 2026 14:43",192907.0
336,1,,,2023,,"R$ 156.012,00",Jeep,Commander Limited T270 1.3 TB Flex Aut.,2023,017081-0,Flex,1,F,agosto de 2026 ,h67w4qyqx6dr5,"sábado, 1 de agosto de 2026 14:43",156012.0
336,1,,,2024,,"R$ 166.417,00",Jeep,Commander Limited T270 1.3 TB Flex Aut.,2024,017081-0,Flex,1,F,agosto de 2026 ,jmf21g2rcjdwd,"sábado, 1 de agosto de 2026 14:43",166417.0
336,1,,,2025,,"R$ 175.274,00",Jeep,Commander Limited T270 1.3 TB Flex Aut.,2025,017081-0,Flex,1,F,agosto de 2026 ,jyt0qgltfwdzm,"sábado, 1 de agosto de 2026 14:43",175274.0
336,1,,,2023,,"R$ 178.541,00",Jeep,Commander Overl. TD380 2.0 4x4 Die. Aut.,2023,017083-6,Diesel,1,D,agosto de 2026 ,j2nrtxq9kjdrj,"sábado, 1 de agosto de 2026 14:43",178541.0
336,1,,,2024,,"R$ 102.233,00",Jeep,Renegade Sport T270 1.3 TB 4x2 Flex Aut.,2024,017085-2,Flex,1,F,agosto de 2026 ,f556bsb3y0dwd,"sábado, 1 de agosto de 2026 14:43",102233.0
336,1,,,2024,,"R$ 122.869,00",Jeep,Renegade S T270 1.3 TB 4x4 Flex Aut.,2024,017087-9,Flex,1,F,agosto de 2026 ,gzc72j70bmdwd,"sábado, 1 de agosto de 2026 14:43",122869.0
336,1,,,2023,,"R$ 102.074,00",Jeep,Renegade Long. T270 1.3 TB 4x2 Flex Aut.,2023,017088-7,Flex,1,F,agosto de 2026 ,f50d5z5q8hdr5,"sábado, 1 de agosto de 2026 14:43",102074.0
336,1,,,2024,,"R$ 110.520,00",Jeep,Renegade Long. T270 1.3 TB 4x2 Flex Aut.,2024,017088-7,Flex,1,F,agosto de 2026 ,ghxdrzswtqdwd,"sábado, 1 de agosto de 2026 14:43",110520.0
336,1,,,2025,,"R$ 119.317,00",Jeep,Renegade Long. T270 1.3 TB 4x2 Flex Aut.,2025,017088-7,Flex,1,F,agosto de 2026 ,gt64t6kv93dzm,"sábado, 1 de agosto de 2026 14:43",119317.0
336,1,,,2025,,"R$ 187.835,00",Jeep,COMPASS Over. Hurric 2.0 4x4 TB 16V Aut.,2025,017097-6,Gasolina,1,G,agosto de 2026 ,kfkkw1cjbqdyb,"sábado, 1 de agosto de 2026 14:43",187835.0
336,1,,,2024,,"R$ 169.625,00",Mitsubishi,L200 Triton Sport GLS 2.4 CD Diesel Aut.,2024,022164-3,Diesel,1,D,agosto de 2026 ,jq6pn24jqldvr,"sábado, 1 de agosto de 2026 14:43",169625.0
336,1,,,2025,,"R$ 205.114,00",Mitsubishi,L200 Triton Sport GLS 2.4 CD Diesel Aut.,2025,022164-3,Diesel,1,D,agosto de 2026 ,k2tl3qr2bhdyz,"sábado, 1 de agosto de 2026 14:43",205114.0
336,1,,,2022,,"R$ 145.280,00",Nissan,Frontier ATTAC.CD 4x4 2.3 Bi-TB Die. Aut,2022,023160-6,Diesel,1,D,agosto de 2026 ,htnts11rprdm9,"sábado, 1 de agosto de 2026 14:43",145280.0
336,1,,,2022,,"R$ 118.734,00",Nissan,Frontier S CD 4x4 2.3 TB Diesel Mec.,2022,023161-4,Diesel,1,D,agosto de 2026 ,gtjyybtggsdm9,"sábado, 1 de agosto de 2026 14:43",118734.0
336,1,,,2024,,"R$ 96.444,00",Nissan,VERSA Advance 1.6 16V Flex Aut.,2024,023175-4,Flex,1,F,agosto de 2026 ,chs3xkzlhn9sw,"sábado, 1 de agosto de 2026 14:43",96444.0
336,1,,,2025,,"R$ 105.401,00",Nissan,VERSA Advance 1.6 16V Flex Aut.,2025,023175-4,Flex,1,F,agosto de 2026 ,f9xbw60k8ldzm,"sábado, 1 de agosto de 2026 14:43",105401.0
336,1,,,2026,,"R$ 112.026,00",Nissan,VERSA Advance 1.6 16V Flex Aut.,2026,023175-4,Flex,1,F,agosto de 2026 ,gkn4np7b5yd2v,"sábado, 1 de agosto de 2026 14:43",112026.0
336,1,,,2026,,"R$ 108.736,00",Nissan,VERSA Sense 1.6 16V Flex Aut.,2026,023176-2,Flex,1,F,agosto de 2026 ,gftkmwdmsbd2v,"sábado, 1 de agosto de 2026 14:43",108736.0
336,1,,,2024,,"R$ 105.525,00",Nissan,KICKS Sense 1.6 16V Flex Aut.,2024,023178-9,Flex,1,F,agosto de 2026 ,f91vmgrvcjdwd,"sábado, 1 de agosto de 2026 14:43",105525.0
336,1,,,2024,,"R$ 107.060,00",Nissan,KICKS Advance 1.6 16V Flex Aut.,2024,023180-0,Flex,1,F,agosto de 2026 ,gcvm54tc2bdwd,"sábado, 1 de agosto de 2026 14:43",107060.0
336,1,,,2024,,"R$ 96.525,00",Nissan,KICKS Active 1.6 16V Flex Aut.,2024,023186-0,Flex,1,F,agosto de 2026 ,cht2b7jq87rdwd,"sábado, 1 de agosto de 2026 14:55",96525.0
336,1,,,2024,,"R$ 121.053,00",Nissan,Sentra Advance 2.0 16V Aut.,2024,023187-8,Gasolina,1,G,agosto de 2026 ,gw77wnzc4qdt3,"sábado, 1 de agosto de 2026 14:43",121053.0
336,1,,,2025,,"R$ 132.054,00",Nissan,Sentra Advance 2.0 16V Aut.,2025,023187-8,Gasolina,1,G,agosto de 2026 ,g943bb9hgndyb,"sábado, 1 de agosto de 2026 14:43",132054.0
336,1,,,2026,,"R$ 164.877,00",Nissan,Sentra Exclu. Int. Premium 2.0 16V Aut.,2026,023189-4,Gasolina,1,G,agosto de 2026 ,jkm3t31kpwd1k,"sábado, 1 de agosto de 2026 14:43",164877.0
336,1,,,2025,,"R$ 108.045,00",Nissan,KICKS Play Active Plus 1.6 16V Flex Aut.,2025,023191-6,Flex,1,F,agosto de 2026 ,gd0f1l4s38dzm,"sábado, 1 de agosto de 2026 14:43",108045.0
336,1,,,2025,,"R$ 112.773,00",Nissan,KICKS Play Sense 1.6 16V Flex Aut.,2025,023192-4,Flex,1,F,agosto de 2026 ,glj9by6465dzm,"sábado, 1 de agosto de 2026 14:43",112773.0
336,1,,,2024,,"R$ 83.156,00",Peugeot,208 Active 1.6 Flex 16V 5p Aut.,2024,024249-7,Flex,1,F,agosto de 2026 ,cbr937zgt32sw,"sábado, 1 de agosto de 2026 14:43",83156.0
336,1,,,2023,,"R$ 57.953,00",Peugeot,208 Like 1.0 Flex 6V 5p Mec.,2023,024264-0,Flex,1,F,agosto de 2026 ,07tly3dpgbpn,"sábado, 1 de agosto de 2026 14:43",57953.0
336,1,,,2024,,"R$ 67.887,00",Peugeot,208 Like 1.0 Flex 6V 5p Mec.,2024,024264-0,Flex,1,F,agosto de 2026 ,4z89wx7srlsw,"sábado, 1 de agosto de 2026 14:43",67887.0
336,1,,,2017,,"R$ 59.904,00",Renault,DUSTER Expression 1.6 Hi-Flex 16V Mec.,2017,025182-8,Flex,1,F,agosto de 2026 ,1zpqy50dl93k,"sábado, 1 de agosto de 2026 14:43",59904.0
336,1,,,2023,,"R$ 250.467,00",Renault,Master 2.3 dCi Executive Longo 16L Dies,2023,025205-0,Diesel,1,D,agosto de 2026 ,msz1v8tv25drj,"sábado, 1 de agosto de 2026 14:44",250467.0
336,1,,,2024,,"R$ 257.825,00",Renault,Master 2.3 dCi Executive Longo 16L Dies,2024,025205-0,Diesel,1,D,agosto de 2026 ,m2mhj1j1dvdvr,"sábado, 1 de agosto de 2026 14:44",257825.0
336,1,,,2022,,"R$ 44.504,00",Renault,KWID Zen 1.0 Flex 12V 5p Mec.,2022,025266-2,Flex,1,F,agosto de 2026 ,v439knb8j4lf,"sábado, 1 de agosto de 2026 14:43",44504.0
336,1,,,2023,,"R$ 49.243,00",Renault,KWID Zen 1.0 Flex 12V 5p Mec.,2023,025266-2,Flex,1,F,agosto de 2026 ,xypsjgg45hpn,"sábado, 1 de agosto de 2026 14:43",49243.0
336,1,,,2024,,"R$ 52.177,00",Renault,KWID Zen 1.0 Flex 12V 5p Mec.,2024,025266-2,Flex,1,F,agosto de 2026 ,y126j0lvlqsw,"sábado, 1 de agosto de 2026 14:43",52177.0
336,1,,,2025,,"R$ 56.783,00",Renault,KWID Zen 1.0 Flex 12V 5p Mec.,2025,025266-2,Flex,1,F,agosto de 2026 ,0s3bxn616mw3,"sábado, 1 de agosto de 2026 14:43",56783.0
336,1,,,2026,,"R$ 63.397,00",Renault,KWID Zen 1.0 Flex 12V 5p Mec.,2026,025266-2,Flex,1,F,agosto de 2026 ,29nbkb1ggd0b,"sábado, 1 de agosto de 2026 14:44",63397.0
336,1,,,2025,,"R$ 60.089,00",Renault,KWID Intense 1.0 Flex 12V 5p Mec.,2025,025267-0,Flex,1,F,agosto de 2026 ,11vzgqhvhbw3,"sábado, 1 de agosto de 2026 14:44",60089.0
336,1,,,2026,,"R$ 66.864,00",Renault,KWID Intense 1.0 Flex 12V 5p Mec.,2026,025267-0,Flex,1,F,agosto de 2026 ,4l9g5r9m320b,"sábado, 1 de agosto de 2026 14:44",66864.0
336,1,,,2024,,"R$ 72.626,00",Renault,STEPWAY Zen Flex 1.6 16V Mec.,2024,025281-6,Flex,1,F,agosto de 2026 ,6svsvp5xycsw,"sábado, 1 de agosto de 2026 14:44",72626.0
336,1,,,2023,,"R$ 57.464,00",Renault,LOGAN Zen Flex 1.0 12V 4p Mec.,2023,025290-5,Flex,1,F,agosto de 2026 ,012v34krmdpn,"sábado, 1 de agosto de 2026 14:44",57464.0
336,1,,,2024,,"R$ 62.209,00",Renault,LOGAN Zen Flex 1.0 12V 4p Mec.,2024,025290-5,Flex,1,F,agosto de 2026 ,2vqjpqfqtqsw,"sábado, 1 de agosto de 2026 14:44",62209.0
336,1,,,2025,,"R$ 75.827,00",Renault,LOGAN Zen Flex 1.0 12V 4p Mec.,2025,025290-5,Flex,1,F,agosto de 2026 ,70c79vgxz5w3,"sábado, 1 de agosto de 2026 14:44",75827.0
336,1,,,2024,,"R$ 92.607,00",Renault,DUSTER Intense 1.6 16V Flex Aut.,2024,025301-4,Flex,1,F,agosto de 2026 ,cgb38ym63ntsw,"sábado, 1 de agosto de 2026 14:44",92607.0
336,1,,,2024,,"R$ 92.102,00",Renault,DUSTER Intense 1.6 16V Flex Mec.,2024,025319-7,Flex,1,F,agosto de 2026 ,cf46qtqtzrkdwd,"sábado, 1 de agosto de 2026 14:44",92102.0
336,1,,,2025,,"R$ 105.914,00",Renault,DUSTER Intense Plus 1.6 16V Flex Aut.,2025,025322-7,Flex,1,F,agosto de 2026 ,gbhzxzw0xmdzm,"sábado, 1 de agosto de 2026 14:44",105914.0
336,1,,,2026,,"R$ 118.105,00",Renault,DUSTER Intense Plus 1.6 16V Flex Aut.,2026,025322-7,Flex,1,F,agosto de 2026 ,gss26pzykrd2v,"sábado, 1 de agosto de 2026 14:44",118105.0
336,1,,,2024,,"R$ 100.109,00",Renault,DUSTER Iconic Plus 1.6 16V Flex Aut.,2024,025324-3,Flex,1,F,agosto de 2026 ,f3pz3mvqk5dwd,"sábado, 1 de agosto de 2026 14:44",100109.0
336,1,,,2025,,"R$ 109.173,00",Renault,DUSTER Iconic Plus 1.6 16V Flex Aut.,2025,025324-3,Flex,1,F,agosto de 2026 ,ggbf00j00cdzm,"sábado, 1 de agosto de 2026 14:44",109173.0
336,1,,,2025,,"R$ 104.201,00",Renault,DUSTER Intense Plus 1.6 16V Flex Mec.,2025,025325-1,Flex,1,F,agosto de 2026 ,f8hqsv7lqtdzm,"sábado, 1 de agosto de 2026 14:44",104201.0
336,1,,,2025,,"R$ 95.733,00",Renault,Kardian Evolut. Flex 1.0 TB 12V 5p Aut.,2025,025327-8,Flex,1,F,agosto de 2026 ,chjshbfj485dzm,"sábado, 1 de agosto de 2026 14:44",95733.0
336,1,,,2025,,"R$ 97.745,00",Renault,Kardian Techno Flex 1.0 TB 12V 5p Aut.,2025,025328-6,Flex,1,F,agosto de 2026 ,ch9csnl7q54dzm,"sábado, 1 de agosto de 2026 14:44",97745.0
336,1,,,2025,,"R$ 103.899,00",Renault,Kardian Prem. Ed Flex 1.0 TB 12V 5p Aut.,2025,025329-4,Flex,1,F,agosto de 2026 ,f74rh5wt3vdzm,"sábado, 1 de agosto de 2026 14:44",103899.0
336,1,,,2025,,"R$ 92.204,00",Renault,Kangoo Advanced 1.6 16V Flex ,2025,025331-6,Flex,1,F,agosto de 2026 ,cf6ds3rln8mdzm,"sábado, 1 de agosto de 2026 14:44",92204.0
336,1,,,2026,,"R$ 102.055,00",Renault,Kangoo Advanced 1.6 16V Flex ,2026,025331-6,Flex,1,F,agosto de 2026 ,f5zqr9s7nvd2v,"sábado, 1 de agosto de 2026 14:44",102055.0
336,1,,,2022,,"R$ 125.921,00",Caoa Chery/Chery,Tiggo 8 TXS 1.6 16V TGDi Aut.,2022,073029-7,Gasolina,1,G,agosto de 2026 ,g2y5x5ns9zdmn,"sábado, 1 de agosto de 2026 14:44",125921.0
335,1,,,2022,,"R$ 118.154,00",Fiat,Toro Volcano 2.0 16V 4x4 TB Diesel Aut.,2022,001453-2,Diesel,1,D,julho de 2026 ,gsvwd7dv63dm9,"sábado, 1 de agosto de 2026 14:45",118154.0
335,1,,,2023,,"R$ 130.826,00",Fiat,Toro Volcano 2.0 16V 4x4 TB Diesel Aut.,2023,001453-2,Diesel,1,D,julho de 2026 ,g8qgnz8m7hdrj,"sábado, 1 de agosto de 2026 14:45",130826.0
335,1,,,2024,,"R$ 144.041,00",Fiat,Toro Volcano 2.0 16V 4x4 TB Diesel Aut.,2024,001453-2,Diesel,1,D,julho de 2026 ,hr6srf8qm4dvr,"sábado, 1 de agosto de 2026 14:45",144041.0
335,1,,,2025,,"R$ 155.740,00",Fiat,Toro Volcano 2.0 16V 4x4 TB Diesel Aut.,2025,001453-2,Diesel,1,D,julho de 2026 ,h6x0nwnrybdyz,"sábado, 1 de agosto de 2026 14:45",155740.0
335,1,,,2023,,"R$ 53.768,00",Fiat,MOBI LIKE 1.0 Fire Flex 5p.,2023,001461-3,Flex,1,F,julho de 2026 ,znrg6xpv01pn,"sábado, 1 de agosto de 2026 14:45",53768.0
335,1,,,2024,,"R$ 56.214,00",Fiat,MOBI LIKE 1.0 Fire Flex 5p.,2024,001461-3,Flex,1,F,julho de 2026 ,0lfjnt73zksw,"sábado, 1 de agosto de 2026 14:45",56214.0
335,1,,,2025,,"R$ 61.105,00",Fiat,MOBI LIKE 1.0 Fire Flex 5p.,2025,001461-3,Flex,1,F,julho de 2026 ,2fr79c7smfw3,"sábado, 1 de agosto de 2026 14:45",61105.0
335,1,,,2026,,"R$ 66.577,00",Fiat,MOBI LIKE 1.0 Fire Flex 5p.,2026,001461-3,Flex,1,F,julho de 2026 ,4hx5cybn600b,"sábado, 1 de agosto de 2026 14:45",66577.0
335,1,,,2022,,"R$ 59.656,00",Fiat,ARGO DRIVE 1.0 6V Flex,2022,001494-0,Flex,1,F,julho de 2026 ,1wsllxwgddlf,"sábado, 1 de agosto de 2026 14:45",59656.0
335,1,,,2023,,"R$ 64.774,00",Fiat,ARGO DRIVE 1.0 6V Flex,2023,001494-0,Flex,1,F,julho de 2026 ,3tsty81fswpn,"sábado, 1 de agosto de 2026 14:45",64774.0
335,1,,,2024,,"R$ 68.492,00",Fiat,ARGO DRIVE 1.0 6V Flex,2024,001494-0,Flex,1,F,julho de 2026 ,47c6rlgbmksw,"sábado, 1 de agosto de 2026 14:45",68492.0
335,1,,,2025,,"R$ 71.232,00",Fiat,ARGO DRIVE 1.0 6V Flex,2025,001494-0,Flex,1,F,julho de 2026 ,58h3v1hnzhw3,"sábado, 1 de agosto de 2026 14:45",71232.0
335,1,,,2026,,"R$ 78.623,00",Fiat,ARGO DRIVE 1.0 6V Flex,2026,001494-0,Flex,1,F,julho de 2026 ,815jddrbsl0b,"sábado, 1 de agosto de 2026 14:45",78623.0
335,1,,,2023,,"R$ 73.514,00",Fiat,CRONOS DRIVE 1.3 8V Flex,2023,001505-9,Flex,1,F,julho de 2026 ,638kfpyv86pn,"sábado, 1 de agosto de 2026 14:45",73514.0
335,1,,,2024,,"R$ 80.926,00",Fiat,CRONOS DRIVE 1.3 8V Flex,2024,001505-9,Flex,1,F,julho de 2026 ,9x5lk7tbmpsw,"sábado, 1 de agosto de 2026 14:45",80926.0
335,1,,,2025,,"R$ 86.267,00",Fiat,CRONOS DRIVE 1.3 8V Flex,2025,001505-9,Flex,1,F,julho de 2026 ,ccyswl7m7q4w3,"sábado, 1 de agosto de 2026 14:45",86267.0
335,1,,,2022,,"R$ 57.936,00",Fiat,ARGO 1.0 6V Flex,2022,001509-1,Flex,1,F,julho de 2026 ,07mfdf05h1dny,"sábado, 1 de agosto de 2026 14:45",57936.0
335,1,,,2023,,"R$ 62.294,00",Fiat,ARGO 1.0 6V Flex,2023,001509-1,Flex,1,F,julho de 2026 ,2wqfd3v8tydr5,"sábado, 1 de agosto de 2026 14:45",62294.0
335,1,,,2024,,"R$ 65.763,00",Fiat,ARGO 1.0 6V Flex,2024,001509-1,Flex,1,F,julho de 2026 ,36c9k4c63gdwd,"sábado, 1 de agosto de 2026 14:45",65763.0
335,1,,,2025,,"R$ 70.764,00",Fiat,ARGO 1.0 6V Flex,2025,001509-1,Flex,1,F,julho de 2026 ,5200m102p2dzm,"sábado, 1 de agosto de 2026 14:45",70764.0
335,1,,,2024,,"R$ 82.568,00",Fiat,ARGO TREKKING 1.3 8V Flex,2024,001519-9,Flex,1,F,julho de 2026 ,cbkfdxj3wszsw,"sábado, 1 de agosto de 2026 14:45",82568.0
335,1,,,2022,,"R$ 69.009,00",Fiat,Strada Endurance 1.4 Flex 8V CS Plus,2022,001526-1,Flex,1,F,julho de 2026 ,5ff32svq45lf,"sábado, 1 de agosto de 2026 14:45",69009.0
335,1,,,2023,,"R$ 74.801,00",Fiat,Strada Endurance 1.4 Flex 8V CS Plus,2023,001526-1,Flex,1,F,julho de 2026 ,7mcbsjnq0cpn,"sábado, 1 de agosto de 2026 14:45",74801.0
335,1,,,2024,,"R$ 100.131,00",Fiat,Strada Freedom 1.3 Flex 8V CD,2024,001530-0,Flex,1,F,julho de 2026 ,f3qsw2h4gfdwd,"sábado, 1 de agosto de 2026 14:45",100131.0
335,1,,,2025,,"R$ 108.219,00",Fiat,Strada Freedom 1.3 Flex 8V CD,2025,001530-0,Flex,1,F,julho de 2026 ,gd6r2984zwdzm,"sábado, 1 de agosto de 2026 14:45",108219.0
335,1,,,2023,,"R$ 83.566,00",Fiat,Fiorino Endurance EVO 1.4 Flex 8V 2p,2023,001531-8,Flex,1,F,julho de 2026 ,cbx34x9h9z0pn,"sábado, 1 de agosto de 2026 14:45",83566.0
335,1,,,2024,,"R$ 89.564,00",Fiat,Fiorino Endurance EVO 1.4 Flex 8V 2p,2024,001531-8,Flex,1,F,julho de 2026 ,cd6f7rnwt2fsw,"sábado, 1 de agosto de 2026 14:45",89564.0
335,1,,,2025,,"R$ 97.961,00",Fiat,Fiorino Endurance EVO 1.4 Flex 8V 2p,2025,001531-8,Flex,1,F,julho de 2026 ,cjcw9f3zsqsw3,"sábado, 1 de agosto de 2026 14:45",97961.0
335,1,,,2024,,"R$ 61.172,00",Fiat,MOBI TREKKING 1.0 Flex 5p.,2024,001536-9,Flex,1,F,julho de 2026 ,2gkl65c6rvsw,"sábado, 1 de agosto de 2026 14:45",61172.0
335,1,,,2025,,"R$ 66.772,00",Fiat,MOBI TREKKING 1.0 Flex 5p.,2025,001536-9,Flex,1,F,julho de 2026 ,4k61kdcj12w3,"sábado, 1 de agosto de 2026 14:45",66772.0
335,1,,,2025,,"R$ 122.911,00",Fiat,Toro Endurance 1.3 T270 4x2 Flex Aut.,2025,001537-7,Flex,1,F,julho de 2026 ,gzfsdj8bx3dzm,"sábado, 1 de agosto de 2026 14:45",122911.0
335,1,,,2022,,"R$ 105.125,00",Fiat,Toro Freedom 1.3 T270 4x2 Flex Aut.,2022,001538-5,Flex,1,F,julho de 2026 ,f9k9xnqxlgdny,"sábado, 1 de agosto de 2026 14:45",105125.0
335,1,,,2023,,"R$ 113.867,00",Fiat,Toro Freedom 1.3 T270 4x2 Flex Aut.,2023,001538-5,Flex,1,F,julho de 2026 ,gmt10rtq4gdr5,"sábado, 1 de agosto de 2026 14:45",113867.0
335,1,,,2024,,"R$ 123.834,00",Fiat,Toro Freedom 1.3 T270 4x2 Flex Aut.,2024,001538-5,Flex,1,F,julho de 2026 ,g0jbdd3vfqdwd,"sábado, 1 de agosto de 2026 14:45",123834.0
335,1,,,2025,,"R$ 130.945,00",Fiat,Toro Freedom 1.3 T270 4x2 Flex Aut.,2025,001538-5,Flex,1,F,julho de 2026 ,g8vsrl5dbxdzm,"sábado, 1 de agosto de 2026 14:45",130945.0
335,1,,,2023,,"R$ 94.056,00",Fiat,PULSE AUDACE 1.0 Turbo 200 Flex Aut.,2023,001542-3,Flex,1,F,julho de 2026 ,cgw3ymsvlzbpn,"sábado, 1 de agosto de 2026 14:46",94056.0
335,1,,,2024,,"R$ 99.095,00",Fiat,PULSE AUDACE 1.0 Turbo 200 Flex Aut.,2024,001542-3,Flex,1,F,julho de 2026 ,cjs6gvw6nk2sw,"sábado, 1 de agosto de 2026 14:45",99095.0
335,1,,,2023,,"R$ 88.059,00",Fiat,PULSE DRIVE 1.3 8V Flex Aut.,2023,001544-0,Flex,1,F,julho de 2026 ,cdms62qlz7lpn,"sábado, 1 de agosto de 2026 14:45",88059.0
335,1,,,2024,,"R$ 92.054,00",Fiat,PULSE DRIVE 1.3 8V Flex Aut.,2024,001544-0,Flex,1,F,julho de 2026 ,cf4m8zkdkzysw,"sábado, 1 de agosto de 2026 14:45",92054.0
335,1,,,2025,,"R$ 97.265,00",Fiat,PULSE DRIVE 1.3 8V Flex Aut.,2025,001544-0,Flex,1,F,julho de 2026 ,ch3q9683bwfw3,"sábado, 1 de agosto de 2026 14:45",97265.0
335,1,,,2026,,"R$ 105.779,00",Fiat,PULSE DRIVE 1.3 8V Flex Aut.,2026,001544-0,Flex,1,F,julho de 2026 ,gbb2th17jkd2v,"sábado, 1 de agosto de 2026 14:55",105779.0
335,1,,,2024,,"R$ 75.003,00",Fiat,CRONOS DRIVE 1.0 6V Flex,2024,001553-9,Flex,1,F,julho de 2026 ,7pqrt0pdw1sw,"sábado, 1 de agosto de 2026 14:55",75003.0
335,1,,,2025,,"R$ 79.034,00",Fiat,CRONOS DRIVE 1.0 6V Flex,2025,001553-9,Flex,1,F,julho de 2026 ,86zxcfyg36w3,"sábado, 1 de agosto de 2026 14:46",79034.0
335,1,,,2026,,"R$ 88.039,00",Fiat,CRONOS DRIVE 1.0 6V Flex,2026,001553-9,Flex,1,F,julho de 2026 ,cdmkyqvhjvm0b,"sábado, 1 de agosto de 2026 14:46",88039.0
335,1,,,2024,,"R$ 82.370,00",Fiat,CRONOS DRIVE 1.3 8V Flex Aut.,2024,001554-7,Flex,1,F,julho de 2026 ,cbg3fx9ysfjsw,"sábado, 1 de agosto de 2026 14:46",82370.0
335,1,,,2025,,"R$ 92.746,00",Fiat,CRONOS DRIVE 1.3 8V Flex Aut.,2025,001554-7,Flex,1,F,julho de 2026 ,cgdrs37nb22w3,"sábado, 1 de agosto de 2026 14:46",92746.0
335,1,,,2024,,"R$ 119.987,00",Fiat,Fastback Limited Ed.1.3 270 T.Flex Aut.,2024,001556-3,Flex,1,F,julho de 2026 ,gv0hrvvrftdwd,"sábado, 1 de agosto de 2026 14:55",119987.0
335,1,,,2024,,"R$ 115.348,00",Fiat,Fastback Impetus 1.0 200 T. Flex Aut,2024,001557-1,Flex,1,F,julho de 2026 ,gpkwq62tz5dwd,"sábado, 1 de agosto de 2026 14:46",115348.0
335,1,,,2024,,"R$ 109.531,00",Fiat,Fastback Audace 1.0 200 T. Flex Aut,2024,001558-0,Flex,1,F,julho de 2026 ,ggrgdp89yjdwd,"sábado, 1 de agosto de 2026 14:46",109531.0
335,1,,,2025,,"R$ 114.364,00",Fiat,Fastback Audace 1.0 200 T. Flex Aut,2025,001558-0,Flex,1,F,julho de 2026 ,gnd30nn18zdzm,"sábado, 1 de agosto de 2026 14:47",114364.0
335,1,,,2024,,"R$ 77.891,00",Fiat,Strada Endurance 1.3 Flex 8V CS Plus,2024,001569-5,Flex,1,F,julho de 2026 ,8slgjqg3mndwd,"sábado, 1 de agosto de 2026 14:46",77891.0
335,1,,,2025,,"R$ 86.012,00",Fiat,Strada Endurance 1.3 Flex 8V CS Plus,2025,001569-5,Flex,1,F,julho de 2026 ,ccvs6cx97mhdzm,"sábado, 1 de agosto de 2026 14:46",86012.0
335,1,,,2026,,"R$ 94.768,00",Fiat,Strada Endurance 1.3 Flex 8V CS Plus,2026,001569-5,Flex,1,F,julho de 2026 ,cg5gq31zbsrd2v,"sábado, 1 de agosto de 2026 14:46",94768.0
335,1,,,2025,,"R$ 136.583,00",Fiat,Fastback ABARTH Turbo Flex 1.3 Aut.,2025,001572-5,Flex,1,F,julho de 2026 ,hhgqdqmmngdzm,"sábado, 1 de agosto de 2026 14:46",136583.0
335,1,,,2025,,"R$ 117.746,00",Fiat,Fastback Audace 200 TB Aut (Hibrído),2025,001578-4,Híbrido,1,H,julho de 2026 ,gsc1pz75s1dzy,"sábado, 1 de agosto de 2026 14:46",117746.0
335,1,,,2025,,"R$ 107.493,00",Fiat,PULSE AUDACE Turbo 200  Aut. (Hibrído),2025,001579-2,Híbrido,1,H,julho de 2026 ,gdcc2jl7vfdzy,"sábado, 1 de agosto de 2026 14:46",107493.0
335,1,,,2024,,"R$ 184.979,00",Toyota,Hilux CD 4x4 2.8 Diesel Mec.,2024,002015-0,Diesel,1,D,julho de 2026 ,j96rwj46yndvr,"sábado, 1 de agosto de 2026 14:46",184979.0
335,1,,,2024,,"R$ 141.188,00",Toyota,Corolla XEi 2.0 Flex 16V Aut.,2024,002111-3,Flex,1,F,julho de 2026 ,hnv23r61nndwd,"sábado, 1 de agosto de 2026 14:46",141188.0
335,1,,,2025,,"R$ 157.635,00",Toyota,Corolla XEi 2.0 Flex 16V Aut.,2025,002111-3,Flex,1,F,julho de 2026 ,h84wv4x4kfdzm,"sábado, 1 de agosto de 2026 14:46",157635.0
335,1,,,2024,,"R$ 216.847,00",Toyota,Hilux CD SR 4x4 2.8 TDI Diesel Aut.,2024,002142-3,Diesel,1,D,julho de 2026 ,ljk2bql6wqdvr,"sábado, 1 de agosto de 2026 14:46",216847.0
335,1,,,2024,,"R$ 89.663,00",Toyota,YARIS XL Sedan 1.5 Flex 16V 4p Aut.,2024,002168-7,Flex,1,F,julho de 2026 ,cd7l67r8scpsw,"sábado, 1 de agosto de 2026 14:46",89663.0
335,1,,,2025,,"R$ 96.685,00",Toyota,YARIS XL Sedan 1.5 Flex 16V 4p Aut.,2025,002168-7,Flex,1,F,julho de 2026 ,chwyh1jqt08w3,"sábado, 1 de agosto de 2026 14:46",96685.0
335,1,,,2024,,"R$ 124.276,00",Toyota,Corolla GLi 2.0 16V Flex Aut.,2024,002181-4,Flex,1,F,julho de 2026 ,g01dd6389ydwd,"sábado, 1 de agosto de 2026 14:46",124276.0
335,1,,,2025,,"R$ 143.092,00",Toyota,Corolla GLi 2.0 16V Flex Aut.,2025,002181-4,Flex,1,F,julho de 2026 ,hq29gffzwfdzm,"sábado, 1 de agosto de 2026 14:46",143092.0
335,1,,,2023,,"R$ 141.176,00",Toyota,Corolla Altis 1.8 16V Aut. (Híbrido),2023,002182-2,Híbrido,1,H,julho de 2026 ,hnvnlmzxc2dsh,"sábado, 1 de agosto de 2026 14:46",141176.0
335,1,,,2024,,"R$ 142.236,00",Toyota,Corolla Cross XR 2.0 16V Flex Aut.,2024,002201-2,Flex,1,F,julho de 2026 ,hp25yt2hqcdwd,"sábado, 1 de agosto de 2026 14:46",142236.0
335,1,,,2024,,"R$ 148.376,00",Toyota,Corolla Cross XRE 2.0 16V Flex Aut.,2024,002203-9,Flex,1,F,julho de 2026 ,hx9b7j8pgmdwd,"sábado, 1 de agosto de 2026 14:46",148376.0
335,1,,,2025,,"R$ 163.887,00",Toyota,Corolla Cross XRE 2.0 16V Flex Aut.,2025,002203-9,Flex,1,F,julho de 2026 ,jjg4bzkwh9dzm,"sábado, 1 de agosto de 2026 14:46",163887.0
335,1,,,2026,,"R$ 174.855,00",Toyota,Corolla Cross XRE 2.0 16V Flex Aut.,2026,002203-9,Flex,1,F,julho de 2026 ,jybslz2wv6d2v,"sábado, 1 de agosto de 2026 14:46",174855.0
335,1,,,2025,,"R$ 188.072,00",Toyota,Corolla Cross XRX 1.8 16V Aut. (Híbrido),2025,002204-7,Híbrido,1,H,julho de 2026 ,kft5x9skh4dzy,"sábado, 1 de agosto de 2026 14:46",188072.0
335,1,,,2024,,"R$ 89.422,00",Toyota,YARIS XL 1.5 Flex 16V 5p Aut.,2024,002207-1,Flex,1,F,julho de 2026 ,cd4smrwvc8tsw,"sábado, 1 de agosto de 2026 14:46",89422.0
335,1,,,2025,,"R$ 95.509,00",Toyota,YARIS XL 1.5 Flex 16V 5p Aut.,2025,002207-1,Flex,1,F,julho de 2026 ,chf42df79slw3,"sábado, 1 de agosto de 2026 14:46",95509.0
335,1,,,2023,,"R$ 149.989,00",Ford,Ranger XL 2.2 4x4 CS Diesel Mec.,2023,003433-9,Diesel,1,D,julho de 2026 ,hz5zpqjsr2drj,"sábado, 1 de agosto de 2026 14:46",149989.0
335,1,,,2026,,"R$ 309.333,00",Ford,TRANSIT Minibus 18 Lug. 2.0 16V Diesel,2026,003484-3,Diesel,1,D,julho de 2026 ,p00ng7fsnld16,"sábado, 1 de agosto de 2026 14:46",309333.0
335,1,,,2026,,"R$ 213.899,00",Ford,Ranger XL 2.0 4x4 CD Diesel Mec. ,2026,003502-5,Diesel,1,D,julho de 2026 ,ld3xnqyfsdd16,"sábado, 1 de agosto de 2026 14:46",213899.0
335,1,,,2023,,"R$ 141.921,00",GM - Chevrolet,S10 Pick-Up LS 2.8 TDI 4x4 CD Dies. Mec.,2023,004413-0,Diesel,1,D,julho de 2026 ,hpqq01thfsdrj,"sábado, 1 de agosto de 2026 14:46",141921.0
335,1,,,2024,,"R$ 167.583,00",GM - Chevrolet,S10 Pick-Up LS 2.8 TDI 4x4 CD Dies. Mec.,2024,004413-0,Diesel,1,D,julho de 2026 ,jntgt4wsfpdvr,"sábado, 1 de agosto de 2026 14:46",167583.0
335,1,,,2025,,"R$ 111.701,00",GM - Chevrolet,SPIN LTZ 1.8 8V Econo.Flex 5p Aut.,2025,004417-2,Flex,1,F,julho de 2026 ,gj9bglr778dzm,"sábado, 1 de agosto de 2026 14:46",111701.0
335,1,,,2022,,"R$ 79.387,00",GM - Chevrolet,SPIN PREMIER 1.8 8V Econo.Flex 5p Aut.,2022,004494-6,Flex,1,F,julho de 2026 ,9b36s9bzc5lf,"sábado, 1 de agosto de 2026 14:46",79387.0
335,1,,,2023,,"R$ 90.902,00",GM - Chevrolet,SPIN PREMIER 1.8 8V Econo.Flex 5p Aut.,2023,004494-6,Flex,1,F,julho de 2026 ,cfp4krgdhxfpn,"sábado, 1 de agosto de 2026 14:46",90902.0
335,1,,,2024,,"R$ 99.098,00",GM - Chevrolet,SPIN PREMIER 1.8 8V Econo.Flex 5p Aut.,2024,004494-6,Flex,1,F,julho de 2026 ,cjs7knrj5ncsw,"sábado, 1 de agosto de 2026 14:46",99098.0
335,1,,,2025,,"R$ 123.314,00",GM - Chevrolet,SPIN PREMIER 1.8 8V Econo.Flex 5p Aut.,2025,004494-6,Flex,1,F,julho de 2026 ,gzxfg3k250dzm,"sábado, 1 de agosto de 2026 14:46",123314.0
335,1,,,2024,,"R$ 223.073,00",GM - Chevrolet,TRAILBLAZER PREMIER 2.8 TB Diesel Aut.,2024,004498-9,Diesel,1,D,julho de 2026 ,lrwcjctsm5dvr,"sábado, 1 de agosto de 2026 14:46",223073.0
335,1,,,2024,,"R$ 77.021,00",GM - Chevrolet,ONIX SEDAN Plus LT 1.0 12V TB Flex Mec.,2024,004500-4,Flex,1,F,julho de 2026 ,8gc7rxv0zdsw,"sábado, 1 de agosto de 2026 14:47",77021.0
335,1,,,2025,,"R$ 84.020,00",GM - Chevrolet,ONIX SEDAN Plus LT 1.0 12V TB Flex Mec.,2025,004500-4,Flex,1,F,julho de 2026 ,cb3f5dxglk8w3,"sábado, 1 de agosto de 2026 14:46",84020.0
335,1,,,2025,,"R$ 92.170,00",GM - Chevrolet,ONIX SEDAN Plus LT 1.0 12V TB Flex Aut.,2025,004501-2,Flex,1,F,julho de 2026 ,cf50f0nw75jw3,"sábado, 1 de agosto de 2026 14:46",92170.0
335,1,,,2023,,"R$ 76.196,00",GM - Chevrolet,ONIX SEDAN Plus LTZ 1.0 12V TB Flex Aut.,2023,004502-0,Flex,1,F,julho de 2026 ,74qc03g3tlpn,"sábado, 1 de agosto de 2026 14:46",76196.0
335,1,,,2024,,"R$ 82.658,00",GM - Chevrolet,ONIX SEDAN Plus LTZ 1.0 12V TB Flex Aut.,2024,004502-0,Flex,1,F,julho de 2026 ,cblg3z1fq1vsw,"sábado, 1 de agosto de 2026 14:46",82658.0
335,1,,,2025,,"R$ 92.751,00",GM - Chevrolet,ONIX SEDAN Plus LTZ 1.0 12V TB Flex Aut.,2025,004502-0,Flex,1,F,julho de 2026 ,cgdtmgn0j6rw3,"sábado, 1 de agosto de 2026 14:46",92751.0
335,1,,,2023,,"R$ 74.455,00",GM - Chevrolet,ONIX SEDAN Plus LTZ 1.0 12V TB Flex Mec.,2023,004503-9,Flex,1,F,julho de 2026 ,7g9k6pd5h1pn,"sábado, 1 de agosto de 2026 14:46",74455.0
335,1,,,2023,,"R$ 71.154,00",GM - Chevrolet,ONIX HATCH LT 1.0 12V TB Flex 5p Mec.,2023,004512-8,Flex,1,F,julho de 2026 ,57lrz3tn0wpn,"sábado, 1 de agosto de 2026 14:46",71154.0
335,1,,,2024,,"R$ 76.821,00",GM - Chevrolet,ONIX HATCH LT 1.0 12V TB Flex 5p Mec.,2024,004512-8,Flex,1,F,julho de 2026 ,8c1j713ryxsw,"sábado, 1 de agosto de 2026 14:46",76821.0
335,1,,,2025,,"R$ 83.725,00",GM - Chevrolet,ONIX HATCH LT 1.0 12V TB Flex 5p Mec.,2025,004512-8,Flex,1,F,julho de 2026 ,cbzzyg2xvkgw3,"sábado, 1 de agosto de 2026 14:47",83725.0
335,1,,,2025,,"R$ 94.002,00",GM - Chevrolet,ONIX HATCH LT 1.0 12V TB Flex 5p Aut.,2025,004514-4,Flex,1,F,julho de 2026 ,cgwg95wbh3sw3,"sábado, 1 de agosto de 2026 14:48",94002.0
335,1,,,2024,,"R$ 86.467,00",GM - Chevrolet,ONIX HATCH LTZ 1.0 12V TB Flex 5p Aut.,2024,004515-2,Flex,1,F,julho de 2026 ,cc04k336xgzsw,"sábado, 1 de agosto de 2026 14:47",86467.0
335,1,,,2025,,"R$ 96.104,00",GM - Chevrolet,ONIX HATCH LTZ 1.0 12V TB Flex 5p Aut.,2025,004515-2,Flex,1,F,julho de 2026 ,chn4blj6dlbw3,"sábado, 1 de agosto de 2026 14:47",96104.0
335,1,,,2025,,"R$ 73.211,00",GM - Chevrolet,ONIX HATCH LT 1.0 12V Flex 5p Mec.,2025,004517-9,Flex,1,F,julho de 2026 ,60qfcj49xmw3,"sábado, 1 de agosto de 2026 14:47",73211.0
335,1,,,2023,,"R$ 67.661,00",GM - Chevrolet,ONIX SEDAN Plus LT 1.0 12V Flex 4p Mec.,2023,004518-7,Flex,1,F,julho de 2026 ,4xm5d1dctqpn,"sábado, 1 de agosto de 2026 14:47",67661.0
335,1,,,2025,,"R$ 78.372,00",GM - Chevrolet,ONIX SEDAN Plus LT 1.0 12V Flex 4p Mec.,2025,004518-7,Flex,1,F,julho de 2026 ,8y687knrn9w3,"sábado, 1 de agosto de 2026 14:47",78372.0
335,1,,,2024,,"R$ 69.049,00",GM - Chevrolet,ONIX HATCH 1.0 12V Flex 5p Mec.,2024,004519-5,Flex,1,F,julho de 2026 ,5fxnskpksdsw,"sábado, 1 de agosto de 2026 14:47",69049.0
335,1,,,2025,,"R$ 70.842,00",GM - Chevrolet,ONIX HATCH 1.0 12V Flex 5p Mec.,2025,004519-5,Flex,1,F,julho de 2026 ,53ych86ltlw3,"sábado, 1 de agosto de 2026 14:47",70842.0
335,1,,,2024,,"R$ 101.499,00",GM - Chevrolet,TRACKER LT 1.0 Turbo 12V Flex Aut.,2024,004522-5,Flex,1,F,julho de 2026 ,f5bh9jwl9tdwd,"sábado, 1 de agosto de 2026 14:47",101499.0
335,1,,,2025,,"R$ 106.236,00",GM - Chevrolet,TRACKER LT 1.0 Turbo 12V Flex Aut.,2025,004522-5,Flex,1,F,julho de 2026 ,gbwpq78mxqdzm,"sábado, 1 de agosto de 2026 14:47",106236.0
335,1,,,2023,,"R$ 107.589,00",GM - Chevrolet,TRACKER Premier 1.2 Turbo 12V Flex Aut.,2023,004525-0,Flex,1,F,julho de 2026 ,gdgv7sgkvhdr5,"sábado, 1 de agosto de 2026 14:47",107589.0
335,1,,,2024,,"R$ 117.502,00",GM - Chevrolet,TRACKER Premier 1.2 Turbo 12V Flex Aut.,2024,004525-0,Flex,1,F,julho de 2026 ,gr25r7wpxwdwd,"sábado, 1 de agosto de 2026 14:47",117502.0
335,1,,,2025,,"R$ 128.076,00",GM - Chevrolet,TRACKER Premier 1.2 Turbo 12V Flex Aut.,2025,004525-0,Flex,1,F,julho de 2026 ,g5hh219x3fdzm,"sábado, 1 de agosto de 2026 14:47",128076.0
335,1,,,2025,,"R$ 104.986,00",GM - Chevrolet,TRACKER 1.0 Turbo 12V Flex Aut. ,2025,004526-8,Flex,1,F,julho de 2026 ,f9d79gtlbzdzm,"sábado, 1 de agosto de 2026 14:47",104986.0
335,1,,,2025,,"R$ 117.193,00",GM - Chevrolet,TRACKER LTZ 1.0 Turbo 12V Flex Aut.,2025,004532-2,Flex,1,F,julho de 2026 ,grqyl1v5nndzm,"sábado, 1 de agosto de 2026 14:47",117193.0
335,1,,,2026,,"R$ 141.728,00",GM - Chevrolet,TRACKER LTZ 1.0 Turbo 12V Flex Aut.,2026,004532-2,Flex,1,F,julho de 2026 ,hphqkpb82wd2v,"sábado, 1 de agosto de 2026 14:47",141728.0
335,1,,,2026,,"R$ 136.437,00",GM - Chevrolet,MONTANA LTZ 1.2 Turbo Flex 12V 4p Aut.,2026,004541-1,Flex,1,F,julho de 2026 ,hg9dw00hmxd2v,"sábado, 1 de agosto de 2026 14:48",136437.0
335,1,,,2025,,"R$ 210.478,00",GM - Chevrolet,S10 Pick-Up WT 2.8 TDI 4x4 CD Diesel Aut,2025,004550-0,Diesel,1,D,julho de 2026 ,k83k04plnzdyz,"sábado, 1 de agosto de 2026 14:47",210478.0
335,1,,,2025,,"R$ 195.185,00",GM - Chevrolet,S10 Pick-Up WT 2.8 TDI 4x4 CD Diesel Mec,2025,004552-7,Diesel,1,D,julho de 2026 ,kp5qkbhp38dyz,"sábado, 1 de agosto de 2026 14:47",195185.0
335,1,,,2024,,"R$ 110.402,00",VW - VolksWagen,VIRTUS Highline 200 TSI 1.0 Flex 12V Aut,2024,005484-4,Flex,1,F,julho de 2026 ,ghr3s8n89qdwd,"sábado, 1 de agosto de 2026 14:47",110402.0
335,1,,,2023,,"R$ 54.935,00",VW - VolksWagen,Gol 1.0 Flex 12V 5p,2023,005490-9,Flex,1,F,julho de 2026 ,z3fngfct1bpn,"sábado, 1 de agosto de 2026 14:47",54935.0
335,1,,,2022,,"R$ 58.060,00",VW - VolksWagen,Gol 1.6 MSI Flex 8V 5p,2022,005491-7,Flex,1,F,julho de 2026 ,082hk56csmlf,"sábado, 1 de agosto de 2026 14:47",58060.0
335,1,,,2023,,"R$ 123.679,00",VW - VolksWagen,T-Cross Hig. 250 TSI 1.4 Flex 16V 5p Aut,2023,005508-5,Flex,1,F,julho de 2026 ,g0bpq98tv3dr5,"sábado, 1 de agosto de 2026 14:47",123679.0
335,1,,,2024,,"R$ 131.148,00",VW - VolksWagen,T-Cross Hig. 250 TSI 1.4 Flex 16V 5p Aut,2024,005508-5,Flex,1,F,julho de 2026 ,g825g75hs2dwd,"sábado, 1 de agosto de 2026 14:47",131148.0
335,1,,,2025,,"R$ 141.206,00",VW - VolksWagen,T-Cross Hig. 250 TSI 1.4 Flex 16V 5p Aut,2025,005508-5,Flex,1,F,julho de 2026 ,hnwrdhdd59dzm,"sábado, 1 de agosto de 2026 14:47",141206.0
335,1,,,2026,,"R$ 159.706,00",VW - VolksWagen,T-Cross Hig. 250 TSI 1.4 Flex 16V 5p Aut,2026,005508-5,Flex,1,F,julho de 2026 ,jck5czzq7pd2v,"sábado, 1 de agosto de 2026 14:47",159706.0
335,1,,,2024,,"R$ 118.043,00",VW - VolksWagen,T-Cross Comfor. 200 TSI 1.0 Flex 5p Aut.,2024,005509-3,Flex,1,F,julho de 2026 ,gsqvb1jq8wdwd,"sábado, 1 de agosto de 2026 14:47",118043.0
335,1,,,2025,,"R$ 132.321,00",VW - VolksWagen,T-Cross Comfor. 200 TSI 1.0 Flex 5p Aut.,2025,005509-3,Flex,1,F,julho de 2026 ,hbgs5g35r5dzm,"sábado, 1 de agosto de 2026 14:47",132321.0
335,1,,,2026,,"R$ 146.519,00",VW - VolksWagen,T-Cross Comfor. 200 TSI 1.0 Flex 5p Aut.,2026,005509-3,Flex,1,F,julho de 2026 ,hv3vvkqt45d2v,"sábado, 1 de agosto de 2026 14:47",146519.0
335,1,,,2024,,"R$ 106.812,00",VW - VolksWagen,T-Cross 200 TSI 1.0  Flex 12V 5p Aut.,2024,005510-7,Flex,1,F,julho de 2026 ,gckmrlb4wxdwd,"sábado, 1 de agosto de 2026 14:47",106812.0
335,1,,,2025,,"R$ 119.193,00",VW - VolksWagen,T-Cross 200 TSI 1.0  Flex 12V 5p Aut.,2025,005510-7,Flex,1,F,julho de 2026 ,gt2m3ws5j3dzm,"sábado, 1 de agosto de 2026 14:47",119193.0
335,1,,,2026,,"R$ 128.433,00",VW - VolksWagen,T-Cross 200 TSI 1.0  Flex 12V 5p Aut.,2026,005510-7,Flex,1,F,julho de 2026 ,g5xhbvgzs4d2v,"sábado, 1 de agosto de 2026 14:47",128433.0
335,1,,,2026,,"R$ 97.337,00",VW - VolksWagen,Polo Sense TSI 1.0 Flex 12V Aut,2026,005513-1,Flex,1,F,julho de 2026 ,ch4lhg5sd44d2v,"sábado, 1 de agosto de 2026 14:47",97337.0
335,1,,,2023,,"R$ 100.895,00",VW - VolksWagen,Nivus Comfortline 1.0 200 TSI Flex Aut.,2023,005525-5,Flex,1,F,julho de 2026 ,f4mkq46dfkdr5,"sábado, 1 de agosto de 2026 14:47",100895.0
335,1,,,2024,,"R$ 105.439,00",VW - VolksWagen,Nivus Comfortline 1.0 200 TSI Flex Aut.,2024,005525-5,Flex,1,F,julho de 2026 ,f9yqqhsrvvdwd,"sábado, 1 de agosto de 2026 14:55",105439.0
335,1,,,2025,,"R$ 121.682,00",VW - VolksWagen,Nivus Comfortline 1.0 200 TSI Flex Aut.,2025,005525-5,Flex,1,F,julho de 2026 ,gxz3l8r5lbdzm,"sábado, 1 de agosto de 2026 14:47",121682.0
335,1,,,2026,,"R$ 128.102,00",VW - VolksWagen,Nivus Comfortline 1.0 200 TSI Flex Aut.,2026,005525-5,Flex,1,F,julho de 2026 ,g5jgc7f2lwd2v,"sábado, 1 de agosto de 2026 14:47",128102.0
335,1,,,2023,,"R$ 112.353,00",VW - VolksWagen,Nivus Highline 1.0 200 TSI Flex Aut.,2023,005526-3,Flex,1,F,julho de 2026 ,gk103lsxsldr5,"sábado, 1 de agosto de 2026 14:48",112353.0
335,1,,,2024,,"R$ 116.893,00",VW - VolksWagen,Nivus Highline 1.0 200 TSI Flex Aut.,2024,005526-3,Flex,1,F,julho de 2026 ,grc1k64j9tdwd,"sábado, 1 de agosto de 2026 14:47",116893.0
335,1,,,2025,,"R$ 129.831,00",VW - VolksWagen,Nivus Highline 1.0 200 TSI Flex Aut.,2025,005526-3,Flex,1,F,julho de 2026 ,g7j9j63gjhdzm,"sábado, 1 de agosto de 2026 14:47",129831.0
335,1,,,2024,,"R$ 141.613,00",VW - VolksWagen,TAOS Comfortline 1.4 250 TSI Flex Aut.,2024,005527-1,Flex,1,F,julho de 2026 ,hpcjzsy3fwdwd,"sábado, 1 de agosto de 2026 14:47",141613.0
335,1,,,2025,,"R$ 155.911,00",VW - VolksWagen,TAOS Comfortline 1.4 250 TSI Flex Aut.,2025,005527-1,Flex,1,F,julho de 2026 ,h637bts7ghdzm,"sábado, 1 de agosto de 2026 14:47",155911.0
335,1,,,2024,,"R$ 159.570,00",VW - VolksWagen,TAOS Highline 1.4 250 TSI Flex Aut.,2024,005528-0,Flex,1,F,julho de 2026 ,jcd64md357dwd,"sábado, 1 de agosto de 2026 14:48",159570.0
335,1,,,2024,,"R$ 73.521,00",VW - VolksWagen,Polo 1.0 MPI Flex 12V 5p,2024,005533-6,Flex,1,F,julho de 2026 ,64b29h1gwkdwd,"sábado, 1 de agosto de 2026 14:47",73521.0
335,1,,,2025,,"R$ 75.611,00",VW - VolksWagen,Polo 1.0 MPI Flex 12V 5p,2025,005533-6,Flex,1,F,julho de 2026 ,7xvrhnd33ndzm,"sábado, 1 de agosto de 2026 14:48",75611.0
335,1,,,2024,,"R$ 81.525,00",VW - VolksWagen,Polo 1.0 TSI Flex 12V 5p,2024,005534-4,Flex,1,F,julho de 2026 ,9459t9cg5rdwd,"sábado, 1 de agosto de 2026 14:48",81525.0
335,1,,,2024,,"R$ 89.158,00",VW - VolksWagen,Polo Comfortline TSI 1.0 Flex 12V Aut.,2024,005535-2,Flex,1,F,julho de 2026 ,cd1pn3wm5s3dwd,"sábado, 1 de agosto de 2026 14:48",89158.0
335,1,,,2025,,"R$ 97.856,00",VW - VolksWagen,Polo Comfortline TSI 1.0 Flex 12V Aut.,2025,005535-2,Flex,1,F,julho de 2026 ,cjbn4bx24p0dzm,"sábado, 1 de agosto de 2026 14:48",97856.0
335,1,,,2024,,"R$ 96.922,00",VW - VolksWagen,Polo Highline TSI 1.0 Flex 12V Aut.,2024,005536-0,Flex,1,F,julho de 2026 ,chzqnf05vxldwd,"sábado, 1 de agosto de 2026 14:48",96922.0
335,1,,,2025,,"R$ 105.571,00",VW - VolksWagen,Polo Highline TSI 1.0 Flex 12V Aut.,2025,005536-0,Flex,1,F,julho de 2026 ,f93jf44tskdzm,"sábado, 1 de agosto de 2026 14:48",105571.0
335,1,,,2024,,"R$ 76.175,00",VW - VolksWagen,Saveiro Robust 1.6 Total Flex 16V CD,2024,005537-9,Flex,1,F,julho de 2026 ,74grdnd17jdwd,"sábado, 1 de agosto de 2026 14:48",76175.0
335,1,,,2023,,"R$ 69.100,00",VW - VolksWagen,Saveiro Robust 1.6 Total Flex 16V ,2023,005538-7,Flex,1,F,julho de 2026 ,5gh6d9c3h5dr5,"sábado, 1 de agosto de 2026 14:48",69100.0
335,1,,,2024,,"R$ 74.947,00",VW - VolksWagen,Saveiro Robust 1.6 Total Flex 16V ,2024,005538-7,Flex,1,F,julho de 2026 ,7n2dt60pt7dwd,"sábado, 1 de agosto de 2026 14:48",74947.0
335,1,,,2025,,"R$ 83.159,00",VW - VolksWagen,Saveiro Robust 1.6 Total Flex 16V ,2025,005538-7,Flex,1,F,julho de 2026 ,cbsb6064xsrdzm,"sábado, 1 de agosto de 2026 14:48",83159.0
335,1,,,2026,,"R$ 88.131,00",VW - VolksWagen,Saveiro Robust 1.6 Total Flex 16V ,2026,005538-7,Flex,1,F,julho de 2026 ,cdnndbl56rpd2v,"sábado, 1 de agosto de 2026 14:48",88131.0
335,1,,,2024,,"R$ 69.770,00",VW - VolksWagen,Polo Track 1.0 Flex 12V 5p,2024,005540-9,Flex,1,F,julho de 2026 ,5qcqphjvj4dwd,"sábado, 1 de agosto de 2026 14:48",69770.0
335,1,,,2025,,"R$ 75.779,00",VW - VolksWagen,Polo Track 1.0 Flex 12V 5p,2025,005540-9,Flex,1,F,julho de 2026 ,7zttf28pjbdzm,"sábado, 1 de agosto de 2026 14:48",75779.0
335,1,,,2026,,"R$ 81.778,00",VW - VolksWagen,Polo Track 1.0 Flex 12V 5p,2026,005540-9,Flex,1,F,julho de 2026 ,9748jrr1vxd2v,"sábado, 1 de agosto de 2026 14:48",81778.0
335,1,,,2023,,"R$ 79.878,00",VW - VolksWagen,VIRTUS TSI 1.0 Flex 12V 4p Mec.,2023,005542-5,Flex,1,F,julho de 2026 ,9jwn5jz49zdr5,"sábado, 1 de agosto de 2026 14:48",79878.0
335,1,,,2024,,"R$ 89.506,00",VW - VolksWagen,VIRTUS TSI 1.0 Flex 12V 4p Mec.,2024,005542-5,Flex,1,F,julho de 2026 ,cd5r469v01wdwd,"sábado, 1 de agosto de 2026 14:48",89506.0
335,1,,,2025,,"R$ 96.459,00",VW - VolksWagen,VIRTUS TSI 1.0 Flex 12V 4p Mec.,2025,005542-5,Flex,1,F,julho de 2026 ,chs9ckrrmkbdzm,"sábado, 1 de agosto de 2026 14:48",96459.0
335,1,,,2026,,"R$ 103.907,00",VW - VolksWagen,VIRTUS TSI 1.0 Flex 12V 4p Mec.,2026,005542-5,Flex,1,F,julho de 2026 ,f741jk9kbgd2v,"sábado, 1 de agosto de 2026 14:48",103907.0
335,1,,,2024,,"R$ 95.933,00",VW - VolksWagen,VIRTUS TSI 1.0 Flex 12V 4p Aut.,2024,005543-3,Flex,1,F,julho de 2026 ,chl35tygzy8dwd,"sábado, 1 de agosto de 2026 14:48",95933.0
335,1,,,2025,,"R$ 102.482,00",VW - VolksWagen,VIRTUS TSI 1.0 Flex 12V 4p Aut.,2025,005543-3,Flex,1,F,julho de 2026 ,f6g7w4l99ndzm,"sábado, 1 de agosto de 2026 14:49",102482.0
335,1,,,2026,,"R$ 113.471,00",VW - VolksWagen,VIRTUS TSI 1.0 Flex 12V 4p Aut.,2026,005543-3,Flex,1,F,julho de 2026 ,gmcntn56xdd2v,"sábado, 1 de agosto de 2026 14:48",113471.0
335,1,,,2024,,"R$ 255.754,00",Audi,Q3 Performance 2.0 TFSI Tiptr. Quattro,2024,008284-8,Gasolina,1,G,julho de 2026 ,mz5605bdpldt3,"sábado, 1 de agosto de 2026 14:48",255754.0
335,1,,,2024,,"R$ 341.215,00",Audi,Q5 Perf. Black 2.0 TFSIe S.Tr. Qt (Hib.),2024,008285-6,Híbrido,1,H,julho de 2026 ,q7dgqcr0m9dwq,"sábado, 1 de agosto de 2026 14:48",341215.0
335,1,,,2023,,"R$ 291.887,00",Audi,Q5 SB P Black. 2.0 TFSIe S.Tr. Qt (Hib.),2023,008287-2,Híbrido,1,H,julho de 2026 ,pckj2954fbdsh,"sábado, 1 de agosto de 2026 14:48",291887.0
335,1,,,2020,,"R$ 294.427,00",BMW,540i M Sport 3.0 Turbo 340cv Aut.,2020,009225-8,Gasolina,1,G,julho de 2026 ,pgjv13gjs2dd6,"sábado, 1 de agosto de 2026 14:48",294427.0
335,1,,,2023,,"R$ 60.854,00",Citroën,C3 Live Pack 1.0 Flex 6V 5p Mec.,2023,011223-2,Flex,1,F,julho de 2026 ,2bt0380x07dr5,"sábado, 1 de agosto de 2026 14:48",60854.0
335,1,,,2024,,"R$ 65.467,00",Citroën,C3 Live Pack 1.0 Flex 6V 5p Mec.,2024,011223-2,Flex,1,F,julho de 2026 ,32xqc0h2g8dwd,"sábado, 1 de agosto de 2026 14:48",65467.0
335,1,,,2025,,"R$ 70.263,00",Citroën,C3 Live Pack 1.0 Flex 6V 5p Mec.,2025,011223-2,Flex,1,F,julho de 2026 ,5w4xllp73tdzm,"sábado, 1 de agosto de 2026 14:48",70263.0
335,1,,,2025,,"R$ 73.114,00",Citroën,C3 Feel 1.0 Flex 6V 5p Mec.,2025,011224-0,Flex,1,F,julho de 2026 ,6zk5dqjl19dzm,"sábado, 1 de agosto de 2026 14:48",73114.0
335,1,,,2024,,"R$ 67.076,00",Hyundai,HB20 Sense 1.0 Flex 12V Mec.,2024,015165-3,Flex,1,F,julho de 2026 ,4psjwvpjxlsw,"sábado, 1 de agosto de 2026 14:48",67076.0
335,1,,,2022,,"R$ 61.623,00",Hyundai,HB20 Vision 1.0 Flex 12V Mec.,2022,015168-8,Flex,1,F,julho de 2026 ,2mvjwwyscblf,"sábado, 1 de agosto de 2026 14:48",61623.0
335,1,,,2025,,"R$ 105.741,00",Hyundai,Creta Action 1.6 16V Flex Aut.,2025,015190-4,Flex,1,F,julho de 2026 ,f99pz54fccdzm,"sábado, 1 de agosto de 2026 14:48",105741.0
335,1,,,2022,,"R$ 66.205,00",Hyundai,HB20 Evolution Bluelink 1.0 Flex 12V Mec,2022,015191-2,Flex,1,F,julho de 2026 ,4ckyvh8dqvlf,"sábado, 1 de agosto de 2026 14:48",66205.0
335,1,,,2025,,"R$ 122.050,00",Hyundai,Creta Comfort 1.0 TB 12V Flex Aut.,2025,015200-5,Flex,1,F,julho de 2026 ,gyfg79sns3dzm,"sábado, 1 de agosto de 2026 14:48",122050.0
335,1,,,2026,,"R$ 132.114,00",Hyundai,Creta Comfort 1.0 TB 12V Flex Aut.,2026,015200-5,Flex,1,F,julho de 2026 ,g968x3wpkfd2v,"sábado, 1 de agosto de 2026 14:48",132114.0
335,1,,,2026,,"R$ 160.980,00",Hyundai,Creta Platinum 1.0 TB 12V Flex Aut.,2026,015202-1,Flex,1,F,julho de 2026 ,jd2gv3xtxgd2v,"sábado, 1 de agosto de 2026 14:48",160980.0
335,1,,,2023,,"R$ 89.639,00",Hyundai,HB20S Platinum 1.0 TB Flex 12V Aut.,2023,015206-4,Flex,1,F,julho de 2026 ,cd7bhtrnp4qpn,"sábado, 1 de agosto de 2026 14:48",89639.0
335,1,,,2024,,"R$ 92.064,00",Hyundai,HB20 Platinum 1.0 TB Flex 12V Aut.,2024,015209-9,Flex,1,F,julho de 2026 ,cf4rxnhl1dtsw,"sábado, 1 de agosto de 2026 14:48",92064.0
335,1,,,2026,,"R$ 83.447,00",Hyundai,HB20 Limited 1.0 Flex 12V Mec.,2026,015213-7,Flex,1,F,julho de 2026 ,cbwqw29jhpb0b,"sábado, 1 de agosto de 2026 14:48",83447.0
335,1,,,2026,,"R$ 80.983,00",Hyundai,HB20 Comfort 1.0 Flex 12V Mec.,2026,015215-3,Flex,1,F,julho de 2026 ,9yt9t2qwv40b,"sábado, 1 de agosto de 2026 14:48",80983.0
335,1,,,2024,,"R$ 74.611,00",Hyundai,HB20 Comfort 1.0 TB Flex 12V Mec,2024,015216-1,Flex,1,F,julho de 2026 ,7j38ymyldxsw,"sábado, 1 de agosto de 2026 14:48",74611.0
335,1,,,2023,,"R$ 71.326,00",Hyundai,HB20S Comfort 1.0  Flex 12V Mec.,2023,015218-8,Flex,1,F,julho de 2026 ,59l80gmj32dr5,"sábado, 1 de agosto de 2026 14:48",71326.0
335,1,,,2026,,"R$ 87.058,00",Hyundai,HB20S Comfort 1.0  Flex 12V Mec.,2026,015218-8,Flex,1,F,julho de 2026 ,cc72c7s0qvhd2v,"sábado, 1 de agosto de 2026 14:48",87058.0
335,1,,,2024,,"R$ 66.596,00",Hyundai,HB20 Sense Plus 1.0 Flex 12V Mec.,2024,015234-0,Flex,1,F,julho de 2026 ,4h42f9qnrsdwd,"sábado, 1 de agosto de 2026 14:48",66596.0
335,1,,,2025,,"R$ 68.537,00",Hyundai,HB20 Sense Plus 1.0 Flex 12V Mec.,2025,015234-0,Flex,1,F,julho de 2026 ,47xksll2rvdzm,"sábado, 1 de agosto de 2026 14:49",68537.0
335,1,,,2025,,"R$ 91.624,00",Hyundai,HB20 Comfort Plus 1.0 TB Flex 12V Aut.,2025,015236-6,Flex,1,F,julho de 2026 ,cfzlzxprmmxdzm,"sábado, 1 de agosto de 2026 14:48",91624.0
335,1,,,2025,,"R$ 143.788,00",Hyundai,Creta Plat. Safety 1.0 TB 12V Flex Aut.,2025,015237-4,Flex,1,F,julho de 2026 ,hrxln81h3xdzm,"sábado, 1 de agosto de 2026 14:48",143788.0
335,1,,,2024,,"R$ 75.435,00",Hyundai,HB20S Comfort Plus 1.0 Flex 12V Mec.,2024,015239-0,Flex,1,F,julho de 2026 ,7vssdvndy8dwd,"sábado, 1 de agosto de 2026 14:48",75435.0
335,1,,,2025,,"R$ 80.299,00",Hyundai,HB20S Comfort Plus 1.0 Flex 12V Mec.,2025,015239-0,Flex,1,F,julho de 2026 ,9ptptf86hsdzm,"sábado, 1 de agosto de 2026 14:55",80299.0
335,1,,,2025,,"R$ 82.485,00",Hyundai,HB20S Limited Plus 1.0  Flex 12V Mec.,2025,015242-0,Flex,1,F,julho de 2026 ,cbjf7pvk56tdzm,"sábado, 1 de agosto de 2026 14:49",82485.0
335,1,,,2025,,"R$ 129.589,00",Hyundai,Creta Limit. Safety 1.0 TB 12V Flex Aut.,2025,015243-9,Flex,1,F,julho de 2026 ,g68hv8mpg7dzm,"sábado, 1 de agosto de 2026 14:49",129589.0
335,1,,,2024,,"R$ 112.700,00",Hyundai,Creta Comfort Plus 1.0 TB 12V Flex Aut.,2024,015244-7,Flex,1,F,julho de 2026 ,glgm22tyj0dwd,"sábado, 1 de agosto de 2026 14:49",112700.0
335,1,,,2025,,"R$ 120.172,00",Hyundai,Creta Comfort Plus 1.0 TB 12V Flex Aut.,2025,015244-7,Flex,1,F,julho de 2026 ,gv666s45njdzm,"sábado, 1 de agosto de 2026 14:49",120172.0
335,1,,,2025,,"R$ 74.085,00",Hyundai,HB20 Comfort Plus 1.0 Flex 12V Mec.,2025,015245-5,Flex,1,F,julho de 2026 ,7by26h3ttsdzm,"sábado, 1 de agosto de 2026 14:49",74085.0
335,1,,,2025,,"R$ 91.804,00",Hyundai,HB20 Comf. Plus Tech 1.0 TB Flex 12V Aut,2025,015246-3,Flex,1,F,julho de 2026 ,cf1qd2n39nfdzm,"sábado, 1 de agosto de 2026 14:49",91804.0
335,1,,,2025,,"R$ 91.948,00",Hyundai,HB20S Com. Plus Tech 1.0 TB Flex 12V Aut,2025,015247-1,Flex,1,F,julho de 2026 ,cf3drl1z9nwdzm,"sábado, 1 de agosto de 2026 14:49",91948.0
335,1,,,2026,,"R$ 102.471,00",Hyundai,HB20 Limited 1.0 TB Flex 12V Aut.,2026,015251-0,Flex,1,F,julho de 2026 ,f6gvhxpm6dd2v,"sábado, 1 de agosto de 2026 14:49",102471.0
335,1,,,2026,,"R$ 105.646,00",Hyundai,HB20S Limited 1.0  TB Flex 12V Aut.,2026,015252-8,Flex,1,F,julho de 2026 ,f957yv239fd2v,"sábado, 1 de agosto de 2026 14:49",105646.0
335,1,,,2024,,"R$ 149.230,00",Jeep,COMPASS LIMITED T270 1.3 TB 4x2 Flex Aut,2024,017070-4,Flex,1,F,julho de 2026 ,hy9dg82v5jdwd,"sábado, 1 de agosto de 2026 14:49",149230.0
335,1,,,2022,,"R$ 120.082,00",Jeep,COMPASS LONG. T270 1.3 TB 4x2 Flex Aut.,2022,017071-2,Flex,1,F,julho de 2026 ,gv3ys5yndvdny,"sábado, 1 de agosto de 2026 14:55",120082.0
335,1,,,2023,,"R$ 129.061,00",Jeep,COMPASS LONG. T270 1.3 TB 4x2 Flex Aut.,2023,017071-2,Flex,1,F,julho de 2026 ,g6m9ykk725dr5,"sábado, 1 de agosto de 2026 14:49",129061.0
335,1,,,2024,,"R$ 136.445,00",Jeep,COMPASS LONG. T270 1.3 TB 4x2 Flex Aut.,2024,017071-2,Flex,1,F,julho de 2026 ,hg9pxhd688dwd,"sábado, 1 de agosto de 2026 14:49",136445.0
335,1,,,2025,,"R$ 146.567,00",Jeep,COMPASS LONG. T270 1.3 TB 4x2 Flex Aut.,2025,017071-2,Flex,1,F,julho de 2026 ,hv5lx6my5jdzm,"sábado, 1 de agosto de 2026 14:49",146567.0
335,1,,,2026,,"R$ 163.127,00",Jeep,COMPASS LONG. T270 1.3 TB 4x2 Flex Aut.,2026,017071-2,Flex,1,F,julho de 2026 ,jhlh0l4x4md2v,"sábado, 1 de agosto de 2026 14:49",163127.0
335,1,,,2023,,"R$ 145.324,00",Jeep,COMPASS LONG. TD 350 2.0 4x4 Diesel Aut.,2023,017075-5,Diesel,1,D,julho de 2026 ,htqfcxtcf6drj,"sábado, 1 de agosto de 2026 14:49",145324.0
335,1,,,2024,,"R$ 165.856,00",Jeep,COMPASS LONG. TD 350 2.0 4x4 Diesel Aut.,2024,017075-5,Diesel,1,D,julho de 2026 ,jlspx061dcdvr,"sábado, 1 de agosto de 2026 14:49",165856.0
335,1,,,2024,,"R$ 194.981,00",Jeep,Commander Limited TD380 2.0 4x4 Die.Aut.,2024,017080-1,Diesel,1,D,julho de 2026 ,kpx9prpjpddvr,"sábado, 1 de agosto de 2026 14:49",194981.0
335,1,,,2023,,"R$ 156.266,00",Jeep,Commander Limited T270 1.3 TB Flex Aut.,2023,017081-0,Flex,1,F,julho de 2026 ,h7j4br62t7dr5,"sábado, 1 de agosto de 2026 14:49",156266.0
335,1,,,2024,,"R$ 167.452,00",Jeep,Commander Limited T270 1.3 TB Flex Aut.,2024,017081-0,Flex,1,F,julho de 2026 ,jnnp7dvcjndwd,"sábado, 1 de agosto de 2026 14:49",167452.0
335,1,,,2025,,"R$ 177.595,00",Jeep,Commander Limited T270 1.3 TB Flex Aut.,2025,017081-0,Flex,1,F,julho de 2026 ,j1kcxm3znrdzm,"sábado, 1 de agosto de 2026 14:49",177595.0
335,1,,,2023,,"R$ 177.765,00",Jeep,Commander Overl. TD380 2.0 4x4 Die. Aut.,2023,017083-6,Diesel,1,D,julho de 2026 ,j1rkgm7dbydrj,"sábado, 1 de agosto de 2026 14:49",177765.0
335,1,,,2024,,"R$ 102.982,00",Jeep,Renegade Sport T270 1.3 TB 4x2 Flex Aut.,2024,017085-2,Flex,1,F,julho de 2026 ,f62d8wrxdjdwd,"sábado, 1 de agosto de 2026 14:49",102982.0
335,1,,,2024,,"R$ 123.701,00",Jeep,Renegade S T270 1.3 TB 4x4 Flex Aut.,2024,017087-9,Flex,1,F,julho de 2026 ,g0chjs231zdwd,"sábado, 1 de agosto de 2026 14:49",123701.0
335,1,,,2023,,"R$ 102.407,00",Jeep,Renegade Long. T270 1.3 TB 4x2 Flex Aut.,2023,017088-7,Flex,1,F,julho de 2026 ,f6djdgmpj9dr5,"sábado, 1 de agosto de 2026 14:49",102407.0
335,1,,,2024,,"R$ 110.307,00",Jeep,Renegade Long. T270 1.3 TB 4x2 Flex Aut.,2024,017088-7,Flex,1,F,julho de 2026 ,ghnnrznzjqdwd,"sábado, 1 de agosto de 2026 14:49",110307.0
335,1,,,2025,,"R$ 118.638,00",Jeep,Renegade Long. T270 1.3 TB 4x2 Flex Aut.,2025,017088-7,Flex,1,F,julho de 2026 ,gtfgr2vwkldzm,"sábado, 1 de agosto de 2026 14:49",118638.0
335,1,,,2025,,"R$ 189.766,00",Jeep,COMPASS Over. Hurric 2.0 4x4 TB 16V Aut.,2025,017097-6,Gasolina,1,G,julho de 2026 ,khtrnq1m89dyb,"sábado, 1 de agosto de 2026 14:49",189766.0
335,1,,,2024,,"R$ 171.136,00",Mitsubishi,L200 Triton Sport GLS 2.4 CD Diesel Aut.,2024,022164-3,Diesel,1,D,julho de 2026 ,jszl6fl2mddvr,"sábado, 1 de agosto de 2026 14:49",171136.0
335,1,,,2025,,"R$ 205.732,00",Mitsubishi,L200 Triton Sport GLS 2.4 CD Diesel Aut.,2025,022164-3,Diesel,1,D,julho de 2026 ,k3j2f2rnmddyz,"sábado, 1 de agosto de 2026 14:49",205732.0
335,1,,,2022,,"R$ 146.177,00",Nissan,Frontier ATTAC.CD 4x4 2.3 Bi-TB Die. Aut,2022,023160-6,Diesel,1,D,julho de 2026 ,hvqfhqpwmndm9,"sábado, 1 de agosto de 2026 14:49",146177.0
335,1,,,2022,,"R$ 119.327,00",Nissan,Frontier S CD 4x4 2.3 TB Diesel Mec.,2022,023161-4,Diesel,1,D,julho de 2026 ,gt7h3ghflsdm9,"sábado, 1 de agosto de 2026 14:49",119327.0
335,1,,,2024,,"R$ 96.858,00",Nissan,VERSA Advance 1.6 16V Flex Aut.,2024,023175-4,Flex,1,F,julho de 2026 ,chyzdbg4kvfsw,"sábado, 1 de agosto de 2026 14:49",96858.0
335,1,,,2025,,"R$ 105.774,00",Nissan,VERSA Advance 1.6 16V Flex Aut.,2025,023175-4,Flex,1,F,julho de 2026 ,gbbw5vyxl1dzm,"sábado, 1 de agosto de 2026 14:55",105774.0
335,1,,,2026,,"R$ 112.301,00",Nissan,VERSA Advance 1.6 16V Flex Aut.,2026,023175-4,Flex,1,F,julho de 2026 ,gkz4h8klbtd2v,"sábado, 1 de agosto de 2026 14:49",112301.0
335,1,,,2026,,"R$ 110.201,00",Nissan,VERSA Sense 1.6 16V Flex Aut.,2026,023176-2,Flex,1,F,julho de 2026 ,ghjtbghn8dd2v,"sábado, 1 de agosto de 2026 14:49",110201.0
335,1,,,2024,,"R$ 105.229,00",Nissan,KICKS Sense 1.6 16V Flex Aut.,2024,023178-9,Flex,1,F,julho de 2026 ,f9p2296lspdwd,"sábado, 1 de agosto de 2026 14:49",105229.0
335,1,,,2024,,"R$ 107.716,00",Nissan,KICKS Advance 1.6 16V Flex Aut.,2024,023180-0,Flex,1,F,julho de 2026 ,gdmhbtnzyvdwd,"sábado, 1 de agosto de 2026 14:50",107716.0
335,1,,,2024,,"R$ 94.453,00",Nissan,KICKS Active 1.6 16V Flex Aut.,2024,023186-0,Flex,1,F,julho de 2026 ,cg1r7vbr6xxdwd,"sábado, 1 de agosto de 2026 14:50",94453.0
335,1,,,2024,,"R$ 121.561,00",Nissan,Sentra Advance 2.0 16V Aut.,2024,023187-8,Gasolina,1,G,julho de 2026 ,gxvp8slnjvdt3,"sábado, 1 de agosto de 2026 14:49",121561.0
335,1,,,2025,,"R$ 131.906,00",Nissan,Sentra Advance 2.0 16V Aut.,2025,023187-8,Gasolina,1,G,julho de 2026 ,g9zqkrzlc6dyb,"sábado, 1 de agosto de 2026 14:49",131906.0
335,1,,,2026,,"R$ 166.813,00",Nissan,Sentra Exclu. Int. Premium 2.0 16V Aut.,2026,023189-4,Gasolina,1,G,julho de 2026 ,jmxg7gsl81d1k,"sábado, 1 de agosto de 2026 14:49",166813.0
335,1,,,2025,,"R$ 108.829,00",Nissan,KICKS Play Active Plus 1.6 16V Flex Aut.,2025,023191-6,Flex,1,F,julho de 2026 ,gfxyd7z1zvdzm,"sábado, 1 de agosto de 2026 14:50",108829.0
335,1,,,2025,,"R$ 113.430,00",Nissan,KICKS Play Sense 1.6 16V Flex Aut.,2025,023192-4,Flex,1,F,julho de 2026 ,gl95mkwyt6dzm,"sábado, 1 de agosto de 2026 14:49",113430.0
335,1,,,2024,,"R$ 82.860,00",Peugeot,208 Active 1.6 Flex 16V 5p Aut.,2024,024249-7,Flex,1,F,julho de 2026 ,cbnvj1hxdcpsw,"sábado, 1 de agosto de 2026 14:50",82860.0
335,1,,,2023,,"R$ 57.852,00",Peugeot,208 Like 1.0 Flex 6V 5p Mec.,2023,024264-0,Flex,1,F,julho de 2026 ,06mwx01f1dpn,"sábado, 1 de agosto de 2026 14:50",57852.0
335,1,,,2024,,"R$ 67.925,00",Peugeot,208 Like 1.0 Flex 6V 5p Mec.,2024,024264-0,Flex,1,F,julho de 2026 ,40q31r39x2sw,"sábado, 1 de agosto de 2026 14:50",67925.0
335,1,,,2017,,"R$ 60.178,00",Renault,DUSTER Expression 1.6 Hi-Flex 16V Mec.,2017,025182-8,Flex,1,F,julho de 2026 ,12w98g5vxv3k,"sábado, 1 de agosto de 2026 14:50",60178.0
335,1,,,2023,,"R$ 250.637,00",Renault,Master 2.3 dCi Executive Longo 16L Dies,2023,025205-0,Diesel,1,D,julho de 2026 ,ms57d7vpzvdrj,"sábado, 1 de agosto de 2026 14:50",250637.0
335,1,,,2024,,"R$ 258.652,00",Renault,Master 2.3 dCi Executive Longo 16L Dies,2024,025205-0,Diesel,1,D,julho de 2026 ,m3lkcm97hmdvr,"sábado, 1 de agosto de 2026 14:50",258652.0
335,1,,,2022,,"R$ 44.728,00",Renault,KWID Zen 1.0 Flex 12V 5p Mec.,2022,025266-2,Flex,1,F,julho de 2026 ,v7rqg7bcpmlf,"sábado, 1 de agosto de 2026 14:50",44728.0
335,1,,,2023,,"R$ 49.489,00",Renault,KWID Zen 1.0 Flex 12V 5p Mec.,2023,025266-2,Flex,1,F,julho de 2026 ,x1k6bh5w3jpn,"sábado, 1 de agosto de 2026 14:51",49489.0
335,1,,,2024,,"R$ 52.328,00",Renault,KWID Zen 1.0 Flex 12V 5p Mec.,2024,025266-2,Flex,1,F,julho de 2026 ,y3v2x3h3jfsw,"sábado, 1 de agosto de 2026 14:50",52328.0
335,1,,,2025,,"R$ 56.855,00",Renault,KWID Zen 1.0 Flex 12V 5p Mec.,2025,025266-2,Flex,1,F,julho de 2026 ,0tyh5jbdblw3,"sábado, 1 de agosto de 2026 14:50",56855.0
335,1,,,2026,,"R$ 63.070,00",Renault,KWID Zen 1.0 Flex 12V 5p Mec.,2026,025266-2,Flex,1,F,julho de 2026 ,25tg1rmrj00b,"sábado, 1 de agosto de 2026 14:50",63070.0
335,1,,,2025,,"R$ 60.176,00",Renault,KWID Intense 1.0 Flex 12V 5p Mec.,2025,025267-0,Flex,1,F,julho de 2026 ,12wlqzgwkqw3,"sábado, 1 de agosto de 2026 14:50",60176.0
335,1,,,2026,,"R$ 66.312,00",Renault,KWID Intense 1.0 Flex 12V 5p Mec.,2026,025267-0,Flex,1,F,julho de 2026 ,4dtvgyy9zd0b,"sábado, 1 de agosto de 2026 14:50",66312.0
335,1,,,2024,,"R$ 72.744,00",Renault,STEPWAY Zen Flex 1.6 16V Mec.,2024,025281-6,Flex,1,F,julho de 2026 ,6t7pd2z65rsw,"sábado, 1 de agosto de 2026 14:50",72744.0
335,1,,,2023,,"R$ 57.175,00",Renault,LOGAN Zen Flex 1.0 12V 4p Mec.,2023,025290-5,Flex,1,F,julho de 2026 ,0yptsqv7p4pn,"sábado, 1 de agosto de 2026 14:50",57175.0
335,1,,,2024,,"R$ 62.522,00",Renault,LOGAN Zen Flex 1.0 12V 4p Mec.,2024,025290-5,Flex,1,F,julho de 2026 ,2zc9fhf7dksw,"sábado, 1 de agosto de 2026 14:50",62522.0
335,1,,,2025,,"R$ 76.071,00",Renault,LOGAN Zen Flex 1.0 12V 4p Mec.,2025,025290-5,Flex,1,F,julho de 2026 ,727yk9xzdww3,"sábado, 1 de agosto de 2026 14:50",76071.0
335,1,,,2024,,"R$ 93.073,00",Renault,DUSTER Intense 1.6 16V Flex Aut.,2024,025301-4,Flex,1,F,julho de 2026 ,cgjlnmf67jbsw,"sábado, 1 de agosto de 2026 14:50",93073.0
335,1,,,2024,,"R$ 92.250,00",Renault,DUSTER Intense 1.6 16V Flex Mec.,2024,025319-7,Flex,1,F,julho de 2026 ,cf6yjdycpwsdwd,"sábado, 1 de agosto de 2026 14:50",92250.0
335,1,,,2025,,"R$ 106.496,00",Renault,DUSTER Intense Plus 1.6 16V Flex Aut.,2025,025322-7,Flex,1,F,julho de 2026 ,gb54pwmy1ydzm,"sábado, 1 de agosto de 2026 14:50",106496.0
335,1,,,2026,,"R$ 120.698,00",Renault,DUSTER Intense Plus 1.6 16V Flex Aut.,2026,025322-7,Flex,1,F,julho de 2026 ,gwvbwphcb0d2v,"sábado, 1 de agosto de 2026 14:50",120698.0
335,1,,,2024,,"R$ 100.613,00",Renault,DUSTER Iconic Plus 1.6 16V Flex Aut.,2024,025324-3,Flex,1,F,julho de 2026 ,f389z06717dwd,"sábado, 1 de agosto de 2026 14:50",100613.0
335,1,,,2025,,"R$ 110.276,00",Renault,DUSTER Iconic Plus 1.6 16V Flex Aut.,2025,025324-3,Flex,1,F,julho de 2026 ,ghmjt4j6kldzm,"sábado, 1 de agosto de 2026 14:50",110276.0
335,1,,,2025,,"R$ 106.835,00",Renault,DUSTER Intense Plus 1.6 16V Flex Mec.,2025,025325-1,Flex,1,F,julho de 2026 ,gclgny1k87dzm,"sábado, 1 de agosto de 2026 14:50",106835.0
335,1,,,2025,,"R$ 96.173,00",Renault,Kardian Evolut. Flex 1.0 TB 12V 5p Aut.,2025,025327-8,Flex,1,F,julho de 2026 ,chpyd1k979hdzm,"sábado, 1 de agosto de 2026 14:50",96173.0
335,1,,,2025,,"R$ 98.265,00",Renault,Kardian Techno Flex 1.0 TB 12V 5p Aut.,2025,025328-6,Flex,1,F,julho de 2026 ,cjhgsr9yl8cdzm,"sábado, 1 de agosto de 2026 14:50",98265.0
335,1,,,2025,,"R$ 104.573,00",Renault,Kardian Prem. Ed Flex 1.0 TB 12V 5p Aut.,2025,025329-4,Flex,1,F,julho de 2026 ,f8x7ylcr2ndzm,"sábado, 1 de agosto de 2026 14:50",104573.0
335,1,,,2025,,"R$ 92.068,00",Renault,Kangoo Advanced 1.6 16V Flex ,2025,025331-6,Flex,1,F,julho de 2026 ,cf4tcqcwsm1dzm,"sábado, 1 de agosto de 2026 14:50",92068.0
335,1,,,2026,,"R$ 102.928,00",Renault,Kangoo Advanced 1.6 16V Flex ,2026,025331-6,Flex,1,F,julho de 2026 ,f60gfnyx5cd2v,"sábado, 1 de agosto de 2026 14:50",102928.0
335,1,,,2022,,"R$ 126.332,00",Caoa Chery/Chery,Tiggo 8 TXS 1.6 16V TGDi Aut.,2022,073029-7,Gasolina,1,G,julho de 2026 ,g3f304g471dmn,"sábado, 1 de agosto de 2026 14:50",126332.0
337,1,,,2023,,"R$ 127.475,00",Fiat,Toro Volcano 2.0 16V 4x4 TB Diesel Aut.,2023,001453-2,Diesel,1,D,setembro de 2026 ,g4snxj1sg2drj,"terça-feira, 1 de setembro de 2026 03:39",127475.0
337,1,,,2024,,"R$ 140.566,00",Fiat,Toro Volcano 2.0 16V 4x4 TB Diesel Aut.,2024,001453-2,Diesel,1,D,setembro de 2026 ,hm4g8q9ytqdvr,"terça-feira, 1 de setembro de 2026 03:39",140566.0
337,1,,,2025,,"R$ 152.362,00",Fiat,Toro Volcano 2.0 16V 4x4 TB Diesel Aut.,2025,001453-2,Diesel,1,D,setembro de 2026 ,h2y7hbhxkzdyz,"terça-feira, 1 de setembro de 2026 03:39",152362.0
337,1,,,2023,,"R$ 53.348,00",Fiat,MOBI LIKE 1.0 Fire Flex 5p.,2023,001461-3,Flex,1,F,setembro de 2026 ,zhttvz7c3lpn,"terça-feira, 1 de setembro de 2026 03:39",53348.0
337,1,,,2024,,"R$ 56.038,00",Fiat,MOBI LIKE 1.0 Fire Flex 5p.,2024,001461-3,Flex,1,F,setembro de 2026 ,0jcklq2b9gsw,"terça-feira, 1 de setembro de 2026 03:39",56038.0
337,1,,,2025,,"R$ 61.634,00",Fiat,MOBI LIKE 1.0 Fire Flex 5p.,2025,001461-3,Flex,1,F,setembro de 2026 ,2mzjvsj9j1w3,"terça-feira, 1 de setembro de 2026 03:39",61634.0
337,1,,,2026,,"R$ 66.474,00",Fiat,MOBI LIKE 1.0 Fire Flex 5p.,2026,001461-3,Flex,1,F,setembro de 2026 ,4gqqt96rrp0b,"terça-feira, 1 de setembro de 2026 03:39",66474.0
337,1,,,2022,,"R$ 108.537,00",Fiat,Toro Freedom 2.0 16V 4x4 TB Diesel Aut.,2022,001487-7,Diesel,1,D,setembro de 2026 ,gflbdxxts9dm9,"terça-feira, 1 de setembro de 2026 03:39",108537.0
337,1,,,2022,,"R$ 59.921,00",Fiat,ARGO DRIVE 1.0 6V Flex,2022,001494-0,Flex,1,F,setembro de 2026 ,1zwxjmd9tflf,"terça-feira, 1 de setembro de 2026 03:39",59921.0
337,1,,,2023,,"R$ 64.282,00",Fiat,ARGO DRIVE 1.0 6V Flex,2023,001494-0,Flex,1,F,setembro de 2026 ,3m00b5myxtpn,"terça-feira, 1 de setembro de 2026 03:39",64282.0
337,1,,,2024,,"R$ 67.794,00",Fiat,ARGO DRIVE 1.0 6V Flex,2024,001494-0,Flex,1,F,setembro de 2026 ,4y6h0vhbh8sw,"terça-feira, 1 de setembro de 2026 03:39",67794.0
337,1,,,2025,,"R$ 70.649,00",Fiat,ARGO DRIVE 1.0 6V Flex,2025,001494-0,Flex,1,F,setembro de 2026 ,51n6w4s24rw3,"terça-feira, 1 de setembro de 2026 03:39",70649.0
337,1,,,2026,,"R$ 76.972,00",Fiat,ARGO DRIVE 1.0 6V Flex,2026,001494-0,Flex,1,F,setembro de 2026 ,8ftfn5hysl0b,"terça-feira, 1 de setembro de 2026 03:39",76972.0
337,1,,,2022,,"R$ 65.987,00",Fiat,CRONOS DRIVE 1.3 8V Flex,2022,001505-9,Flex,1,F,setembro de 2026 ,380qj0hbbglf,"terça-feira, 1 de setembro de 2026 03:39",65987.0
337,1,,,2023,,"R$ 73.262,00",Fiat,CRONOS DRIVE 1.3 8V Flex,2023,001505-9,Flex,1,F,setembro de 2026 ,609y07bqlvpn,"terça-feira, 1 de setembro de 2026 03:39",73262.0
337,1,,,2024,,"R$ 80.349,00",Fiat,CRONOS DRIVE 1.3 8V Flex,2024,001505-9,Flex,1,F,setembro de 2026 ,9qdv63vvcxsw,"terça-feira, 1 de setembro de 2026 03:39",80349.0
337,1,,,2025,,"R$ 85.976,00",Fiat,CRONOS DRIVE 1.3 8V Flex,2025,001505-9,Flex,1,F,setembro de 2026 ,ccvc3r851shw3,"terça-feira, 1 de setembro de 2026 03:39",85976.0
337,1,,,2022,,"R$ 57.737,00",Fiat,ARGO 1.0 6V Flex,2022,001509-1,Flex,1,F,setembro de 2026 ,04825kzxr7dny,"terça-feira, 1 de setembro de 2026 03:39",57737.0
337,1,,,2023,,"R$ 62.014,00",Fiat,ARGO 1.0 6V Flex,2023,001509-1,Flex,1,F,setembro de 2026 ,2sfnjdsdr2dr5,"terça-feira, 1 de setembro de 2026 03:39",62014.0
337,1,,,2024,,"R$ 65.634,00",Fiat,ARGO 1.0 6V Flex,2024,001509-1,Flex,1,F,setembro de 2026 ,34wd2v08sydwd,"terça-feira, 1 de setembro de 2026 03:39",65634.0
337,1,,,2025,,"R$ 70.064,00",Fiat,ARGO 1.0 6V Flex,2025,001509-1,Flex,1,F,setembro de 2026 ,5ttlcqtc2gdzm,"terça-feira, 1 de setembro de 2026 03:39",70064.0
337,1,,,2026,,"R$ 76.857,00",Fiat,ARGO 1.0 6V Flex,2026,001509-1,Flex,1,F,setembro de 2026 ,8dgmw2vff3d2v,"terça-feira, 1 de setembro de 2026 03:39",76857.0
337,1,,,2024,,"R$ 80.403,00",Fiat,ARGO TREKKING 1.3 8V Flex,2024,001519-9,Flex,1,F,setembro de 2026 ,9q1hn021g2sw,"terça-feira, 1 de setembro de 2026 03:39",80403.0
337,1,,,2025,,"R$ 85.117,00",Fiat,ARGO TREKKING 1.3 8V Flex,2025,001519-9,Flex,1,F,setembro de 2026 ,cch9wyg3rjdw3,"terça-feira, 1 de setembro de 2026 03:39",85117.0
337,1,,,2021,,"R$ 96.539,00",Fiat,Toro Endurance 2.0 16V 4x4 Diesel Aut.,2021,001520-2,Diesel,1,D,setembro de 2026 ,cht7fz8n7n2gk,"terça-feira, 1 de setembro de 2026 03:39",96539.0
337,1,,,2022,,"R$ 68.743,00",Fiat,Strada Endurance 1.4 Flex 8V CS Plus,2022,001526-1,Flex,1,F,setembro de 2026 ,5bbfx6hqsklf,"terça-feira, 1 de setembro de 2026 03:39",68743.0
337,1,,,2023,,"R$ 73.600,00",Fiat,Strada Endurance 1.4 Flex 8V CS Plus,2023,001526-1,Flex,1,F,setembro de 2026 ,648tgq8lgypn,"terça-feira, 1 de setembro de 2026 03:39",73600.0
337,1,,,2024,,"R$ 88.712,00",Fiat,Strada Freedom 1.3 Flex 8V  CS Plus,2024,001527-0,Flex,1,F,setembro de 2026 ,cdwgktlqj0msw,"terça-feira, 1 de setembro de 2026 03:39",88712.0
337,1,,,2025,,"R$ 91.049,00",Fiat,Strada Freedom 1.3 Flex 8V  CS Plus,2025,001527-0,Flex,1,F,setembro de 2026 ,cfrvz3frf8kw3,"terça-feira, 1 de setembro de 2026 03:39",91049.0
337,1,,,2026,,"R$ 122.566,00",Fiat,Strada Volcano 1.3 Flex 8V CD,2026,001528-8,Flex,1,F,setembro de 2026 ,gy07ny3gv4d2v,"terça-feira, 1 de setembro de 2026 03:39",122566.0
337,1,,,2023,,"R$ 95.345,00",Fiat,Strada Freedom 1.3 Flex 8V CD,2023,001530-0,Flex,1,F,setembro de 2026 ,chc7gjvw19qpn,"terça-feira, 1 de setembro de 2026 03:39",95345.0
337,1,,,2024,,"R$ 99.127,00",Fiat,Strada Freedom 1.3 Flex 8V CD,2024,001530-0,Flex,1,F,setembro de 2026 ,cjtk3fz75zqsw,"terça-feira, 1 de setembro de 2026 03:39",99127.0
337,1,,,2025,,"R$ 107.453,00",Fiat,Strada Freedom 1.3 Flex 8V CD,2025,001530-0,Flex,1,F,setembro de 2026 ,gc9x0f4ssndzm,"terça-feira, 1 de setembro de 2026 03:39",107453.0
337,1,,,2026,,"R$ 110.371,00",Fiat,Strada Freedom 1.3 Flex 8V CD,2026,001530-0,Flex,1,F,setembro de 2026 ,ghqzwjrs6qd2v,"terça-feira, 1 de setembro de 2026 03:39",110371.0
337,1,,,2023,,"R$ 82.606,00",Fiat,Fiorino Endurance EVO 1.4 Flex 8V 2p,2023,001531-8,Flex,1,F,setembro de 2026 ,cbkv63f1bxgpn,"terça-feira, 1 de setembro de 2026 03:39",82606.0
337,1,,,2024,,"R$ 89.175,00",Fiat,Fiorino Endurance EVO 1.4 Flex 8V 2p,2024,001531-8,Flex,1,F,setembro de 2026 ,cd1wvpv8l9zsw,"terça-feira, 1 de setembro de 2026 03:39",89175.0
337,1,,,2025,,"R$ 97.584,00",Fiat,Fiorino Endurance EVO 1.4 Flex 8V 2p,2025,001531-8,Flex,1,F,setembro de 2026 ,ch7g8lvvq38w3,"terça-feira, 1 de setembro de 2026 03:39",97584.0
337,1,,,2024,,"R$ 60.706,00",Fiat,MOBI TREKKING 1.0 Flex 5p.,2024,001536-9,Flex,1,F,setembro de 2026 ,1827kp6rqzsw,"terça-feira, 1 de setembro de 2026 03:39",60706.0
337,1,,,2025,,"R$ 66.818,00",Fiat,MOBI TREKKING 1.0 Flex 5p.,2025,001536-9,Flex,1,F,setembro de 2026 ,4lrrwmqvtsw3,"terça-feira, 1 de setembro de 2026 03:39",66818.0
337,1,,,2026,,"R$ 71.571,00",Fiat,MOBI TREKKING 1.0 Flex 5p.,2026,001536-9,Flex,1,F,setembro de 2026 ,6dhblkll4d0b,"terça-feira, 1 de setembro de 2026 03:39",71571.0
337,1,,,2024,,"R$ 113.563,00",Fiat,Toro Endurance 1.3 T270 4x2 Flex Aut.,2024,001537-7,Flex,1,F,setembro de 2026 ,gmg0g80qdgdwd,"terça-feira, 1 de setembro de 2026 03:39",113563.0
337,1,,,2025,,"R$ 121.127,00",Fiat,Toro Endurance 1.3 T270 4x2 Flex Aut.,2025,001537-7,Flex,1,F,setembro de 2026 ,gxbx8h2ybgdzm,"terça-feira, 1 de setembro de 2026 03:39",121127.0
337,1,,,2023,,"R$ 113.373,00",Fiat,Toro Freedom 1.3 T270 4x2 Flex Aut.,2023,001538-5,Flex,1,F,setembro de 2026 ,gl73dpnmhmdr5,"terça-feira, 1 de setembro de 2026 03:39",113373.0
337,1,,,2024,,"R$ 122.386,00",Fiat,Toro Freedom 1.3 T270 4x2 Flex Aut.,2024,001538-5,Flex,1,F,setembro de 2026 ,gytpvnxhwhdwd,"terça-feira, 1 de setembro de 2026 03:39",122386.0
337,1,,,2025,,"R$ 128.614,00",Fiat,Toro Freedom 1.3 T270 4x2 Flex Aut.,2025,001538-5,Flex,1,F,setembro de 2026 ,g53185lyfydzm,"terça-feira, 1 de setembro de 2026 03:39",128614.0
337,1,,,2026,,"R$ 147.984,00",Fiat,Toro Freedom 1.3 T270 4x2 Flex Aut.,2026,001538-5,Flex,1,F,setembro de 2026 ,hxt3j8zzdcd2v,"terça-feira, 1 de setembro de 2026 03:39",147984.0
337,1,,,2023,,"R$ 92.302,00",Fiat,PULSE AUDACE 1.0 Turbo 200 Flex Aut.,2023,001542-3,Flex,1,F,setembro de 2026 ,cf7kfb7tyvqpn,"terça-feira, 1 de setembro de 2026 03:39",92302.0
337,1,,,2024,,"R$ 97.613,00",Fiat,PULSE AUDACE 1.0 Turbo 200 Flex Aut.,2024,001542-3,Flex,1,F,setembro de 2026 ,ch7ttcdyf2bsw,"terça-feira, 1 de setembro de 2026 03:39",97613.0
337,1,,,2025,,"R$ 104.281,00",Fiat,PULSE AUDACE 1.0 Turbo 200 Flex Aut.,2025,001542-3,Flex,1,F,setembro de 2026 ,f8lmx87nf2dzm,"terça-feira, 1 de setembro de 2026 03:39",104281.0
337,1,,,2025,,"R$ 116.190,00",Fiat,Strada Volcano 1.3 Flex 8V CD Aut.,2025,001549-0,Flex,1,F,setembro de 2026 ,gqkhgw7rhhdzm,"terça-feira, 1 de setembro de 2026 03:40",116190.0
337,1,,,2026,,"R$ 102.807,00",Fiat,PULSE DRIVE 1.3 8V Flex Aut.,2026,001544-0,Flex,1,F,setembro de 2026 ,f6v129rc1rd2v,"terça-feira, 1 de setembro de 2026 03:40",102807.0
337,1,,,2025,,"R$ 113.815,00",Fiat,PULSE IMPETUS 1.0 TURBO 200 Flex Aut.,2025,001546-6,Flex,1,F,setembro de 2026 ,gmr5fhrsnrdzm,"terça-feira, 1 de setembro de 2026 03:40",113815.0
337,1,,,2025,,"R$ 77.380,00",Fiat,CRONOS DRIVE 1.0 6V Flex,2025,001553-9,Flex,1,F,setembro de 2026 ,8llqvbbkbqw3,"terça-feira, 1 de setembro de 2026 03:40",77380.0
337,1,,,2024,,"R$ 73.666,00",Fiat,CRONOS DRIVE 1.0 6V Flex,2024,001553-9,Flex,1,F,setembro de 2026 ,651s36d1kpsw,"terça-feira, 1 de setembro de 2026 03:40",73666.0
337,1,,,2023,,"R$ 87.168,00",Fiat,PULSE DRIVE 1.3 8V Flex Aut.,2023,001544-0,Flex,1,F,setembro de 2026 ,cc9ccp5pg95pn,"terça-feira, 1 de setembro de 2026 03:40",87168.0
337,1,,,2024,,"R$ 82.224,00",Fiat,CRONOS DRIVE 1.3 8V Flex Aut.,2024,001554-7,Flex,1,F,setembro de 2026 ,cbfdcw1hfm8sw,"terça-feira, 1 de setembro de 2026 03:40",82224.0
337,1,,,2026,,"R$ 84.180,00",Fiat,CRONOS DRIVE 1.0 6V Flex,2026,001553-9,Flex,1,F,setembro de 2026 ,cb4997q7jkh0b,"terça-feira, 1 de setembro de 2026 03:40",84180.0
337,1,,,2025,,"R$ 90.028,00",Fiat,CRONOS DRIVE 1.3 8V Flex Aut.,2025,001554-7,Flex,1,F,setembro de 2026 ,cfcwwxyzz5zw3,"terça-feira, 1 de setembro de 2026 03:40",90028.0
337,1,,,2026,,"R$ 98.339,00",Fiat,CRONOS DRIVE 1.3 8V Flex Aut.,2026,001554-7,Flex,1,F,setembro de 2026 ,cjjbpl3d26g0b,"terça-feira, 1 de setembro de 2026 03:40",98339.0
337,1,,,2025,,"R$ 126.095,00",Fiat,Fastback Limited Ed.1.3 270 T.Flex Aut.,2025,001556-3,Flex,1,F,setembro de 2026 ,g25hzw640gdzm,"terça-feira, 1 de setembro de 2026 03:40",126095.0
337,1,,,2023,,"R$ 105.341,00",Fiat,Fastback Impetus 1.0 200 T. Flex Aut,2023,001557-1,Flex,1,F,setembro de 2026 ,f9t49gggtddr5,"terça-feira, 1 de setembro de 2026 03:40",105341.0
337,1,,,2025,,"R$ 92.287,00",Fiat,CRONOS PRECISION 1.3 8V Flex Aut.,2025,001555-5,Flex,1,F,setembro de 2026 ,cf7czbjncwfdzm,"terça-feira, 1 de setembro de 2026 03:40",92287.0
337,1,,,2024,,"R$ 116.707,00",Fiat,Fastback Limited Ed.1.3 270 T.Flex Aut.,2024,001556-3,Flex,1,F,setembro de 2026 ,gq480c9z71dwd,"terça-feira, 1 de setembro de 2026 03:40",116707.0
337,1,,,2024,,"R$ 113.204,00",Fiat,Fastback Impetus 1.0 200 T. Flex Aut,2024,001557-1,Flex,1,F,setembro de 2026 ,gl1yzlfxxqdwd,"terça-feira, 1 de setembro de 2026 03:40",113204.0
337,1,,,2024,,"R$ 106.268,00",Fiat,Fastback Audace 1.0 200 T. Flex Aut,2024,001558-0,Flex,1,F,setembro de 2026 ,gbxvs1kp3jdwd,"terça-feira, 1 de setembro de 2026 03:40",106268.0
337,1,,,2025,,"R$ 111.786,00",Fiat,Fastback Audace 1.0 200 T. Flex Aut,2025,001558-0,Flex,1,F,setembro de 2026 ,gkdd7nfzzjdzm,"terça-feira, 1 de setembro de 2026 03:40",111786.0
337,1,,,2023,,"R$ 64.012,00",Fiat,CRONOS DRIVE 1.0 6V Flex,2023,001553-9,Flex,1,F,setembro de 2026 ,3jvv3r94zlpn,"terça-feira, 1 de setembro de 2026 03:40",64012.0
337,1,,,2026,,"R$ 97.261,00",Fiat,ARGO TREKKING 1.3 8V Flex Aut.,2026,001562-8,Flex,1,F,setembro de 2026 ,ch3pv5hyb8gd2v,"terça-feira, 1 de setembro de 2026 03:40",97261.0
337,1,,,2024,,"R$ 90.412,00",Fiat,PULSE DRIVE 1.3 8V Flex Aut.,2024,001544-0,Flex,1,F,setembro de 2026 ,cfjdgny8tcdsw,"terça-feira, 1 de setembro de 2026 03:40",90412.0
337,1,,,2025,,"R$ 213.467,00",Fiat,Ducato Cargo 2.2 Diesel (E6),2025,001563-6,Diesel,1,D,setembro de 2026 ,ldl6w84qd1dyz,"terça-feira, 1 de setembro de 2026 03:40",213467.0
337,1,,,2023,,"R$ 101.459,00",Fiat,Fastback Audace 1.0 200 T. Flex Aut,2023,001558-0,Flex,1,F,setembro de 2026 ,f4817dpc6gdr5,"terça-feira, 1 de setembro de 2026 03:40",101459.0
337,1,,,2024,,"R$ 76.794,00",Fiat,Strada Endurance 1.3 Flex 8V CS Plus,2024,001569-5,Flex,1,F,setembro de 2026 ,8cqq1jz2g0dwd,"terça-feira, 1 de setembro de 2026 03:40",76794.0
337,1,,,2026,,"R$ 91.334,00",Fiat,Strada Endurance 1.3 Flex 8V CS Plus,2026,001569-5,Flex,1,F,setembro de 2026 ,cfv6lb1gdc5d2v,"terça-feira, 1 de setembro de 2026 03:40",91334.0
337,1,,,2025,,"R$ 133.038,00",Fiat,Fastback ABARTH Turbo Flex 1.3 Aut.,2025,001572-5,Flex,1,F,setembro de 2026 ,hb9v1ysxzxdzm,"terça-feira, 1 de setembro de 2026 03:40",133038.0
337,1,,,2025,,"R$ 84.032,00",Fiat,Strada Endurance 1.3 Flex 8V CS Plus,2025,001569-5,Flex,1,F,setembro de 2026 ,cb3ljmv730fdzm,"terça-feira, 1 de setembro de 2026 03:40",84032.0
337,1,,,2026,,"R$ 131.778,00",Fiat,Fastback Impetus 200 T. Aut (Hibrído),2026,001577-6,Híbrido,1,H,setembro de 2026 ,g9t2bv49std25,"terça-feira, 1 de setembro de 2026 03:40",131778.0
337,1,,,2025,,"R$ 114.235,00",Fiat,Fastback Audace 200 TB Aut (Hibrído),2025,001578-4,Híbrido,1,H,setembro de 2026 ,gm8fnt1rt1dzy,"terça-feira, 1 de setembro de 2026 03:40",114235.0
337,1,,,2026,,"R$ 122.394,00",Fiat,Fastback Audace 200 TB Aut (Hibrído),2026,001578-4,Híbrido,1,H,setembro de 2026 ,gytzv2hwx4d25,"terça-feira, 1 de setembro de 2026 03:40",122394.0
337,1,,,2025,,"R$ 98.039,00",Fiat,Fiorino Endurance 1.3 Flex 8V 2p,2025,001589-0,Flex,1,F,setembro de 2026 ,cjdtnbhlscxdzm,"terça-feira, 1 de setembro de 2026 03:40",98039.0
337,1,,,2026,,"R$ 105.514,00",Fiat,Fiorino Endurance 1.3 Flex 8V 2p,2026,001589-0,Flex,1,F,setembro de 2026 ,f91f670vqnd2v,"terça-feira, 1 de setembro de 2026 03:40",105514.0
337,1,,,2026,,"R$ 110.657,00",Fiat,PULSE AUDACE Turbo 200  Aut. (Hibrído),2026,001579-2,Híbrido,1,H,setembro de 2026 ,gh2c397t3ld25,"terça-feira, 1 de setembro de 2026 03:40",110657.0
337,1,,,2024,,"R$ 189.985,00",Toyota,Hilux CD 4x4 2.8 Diesel Mec.,2024,002015-0,Diesel,1,D,setembro de 2026 ,kh2qfb713jdvr,"terça-feira, 1 de setembro de 2026 03:40",189985.0
337,1,,,2022,,"R$ 120.836,00",Toyota,Corolla XEi 2.0 Flex 16V Aut.,2022,002111-3,Flex,1,F,setembro de 2026 ,gw0cc06rmjdny,"terça-feira, 1 de setembro de 2026 03:40",120836.0
337,1,,,2023,,"R$ 125.829,00",Toyota,Corolla XEi 2.0 Flex 16V Aut.,2023,002111-3,Flex,1,F,setembro de 2026 ,g2vt8pk15kdr5,"terça-feira, 1 de setembro de 2026 03:40",125829.0
337,1,,,2024,,"R$ 209.889,00",Toyota,Hilux CD SR 4x4 2.8 TDI Diesel Aut.,2024,002142-3,Diesel,1,D,setembro de 2026 ,k8d5cs018mdvr,"terça-feira, 1 de setembro de 2026 03:40",209889.0
337,1,,,2024,,"R$ 138.639,00",Toyota,Corolla XEi 2.0 Flex 16V Aut.,2024,002111-3,Flex,1,F,setembro de 2026 ,hkwf0qkbd5dwd,"terça-feira, 1 de setembro de 2026 03:40",138639.0
337,1,,,2025,,"R$ 154.429,00",Toyota,Corolla XEi 2.0 Flex 16V Aut.,2025,002111-3,Flex,1,F,setembro de 2026 ,h5dchgh13vdzm,"terça-feira, 1 de setembro de 2026 03:40",154429.0
337,1,,,2024,,"R$ 188.966,00",Toyota,Hilux CS 4x4 2.8 TDI Diesel Mec.,2024,002144-0,Diesel,1,D,setembro de 2026 ,kgwn78y5rkdvr,"terça-feira, 1 de setembro de 2026 03:40",188966.0
337,1,,,2022,,"R$ 112.099,00",Toyota,Corolla GLi 2.0 16V Flex Aut.,2022,002181-4,Flex,1,F,setembro de 2026 ,gkrsxlk2z5dny,"terça-feira, 1 de setembro de 2026 03:40",112099.0
337,1,,,2023,,"R$ 117.328,00",Toyota,Corolla GLi 2.0 16V Flex Aut.,2023,002181-4,Flex,1,F,setembro de 2026 ,grwvqlnzy0dr5,"terça-feira, 1 de setembro de 2026 03:40",117328.0
337,1,,,2024,,"R$ 121.252,00",Toyota,Corolla GLi 2.0 16V Flex Aut.,2024,002181-4,Flex,1,F,setembro de 2026 ,gxhg3pkt19dwd,"terça-feira, 1 de setembro de 2026 03:40",121252.0
337,1,,,2025,,"R$ 94.632,00",Toyota,YARIS XL Sedan 1.5 Flex 16V 4p Aut.,2025,002168-7,Flex,1,F,setembro de 2026 ,cg3v9rzlv6fw3,"terça-feira, 1 de setembro de 2026 03:40",94632.0
337,1,,,2026,,"R$ 91.767,00",Fiat,ARGO DRIVE 1.3 8V Flex Aut.,2026,001561-0,Flex,1,F,setembro de 2026 ,cf08y6g3tr3d2v,"terça-feira, 1 de setembro de 2026 03:40",91767.0
337,1,,,2024,,"R$ 88.767,00",Toyota,YARIS XL Sedan 1.5 Flex 16V 4p Aut.,2024,002168-7,Flex,1,F,setembro de 2026 ,cdw3kjrq04gsw,"terça-feira, 1 de setembro de 2026 03:40",88767.0
337,1,,,2024,,"R$ 156.728,00",Toyota,Corolla Altis 1.8 16V Aut. (Híbrido),2024,002182-2,Híbrido,1,H,setembro de 2026 ,h72xw7rtc1dwq,"terça-feira, 1 de setembro de 2026 03:40",156728.0
337,1,,,2024,,"R$ 160.634,00",Toyota,Corolla Altis Prem. 1.8 Aut. (Híbrido),2024,002183-0,Híbrido,1,H,setembro de 2026 ,jdnw0l1bh8dwq,"terça-feira, 1 de setembro de 2026 03:40",160634.0
337,1,,,2025,,"R$ 139.704,00",Toyota,Corolla GLi 2.0 16V Flex Aut.,2025,002181-4,Flex,1,F,setembro de 2026 ,hl340k487xdzm,"terça-feira, 1 de setembro de 2026 03:40",139704.0
337,1,,,2025,,"R$ 284.967,00",Toyota,RAV4 2.5 SX Connect 4x4  Aut. (Híbrido),2025,002196-2,Híbrido,1,H,setembro de 2026 ,n3f0yqg0jqdzy,"terça-feira, 1 de setembro de 2026 03:40",284967.0
337,1,,,2024,,"R$ 157.340,00",Toyota,Corolla Cross XRV 1.8 16V Aut. (Híbrido),2024,002200-4,Híbrido,1,H,setembro de 2026 ,h8s5g1yv3cdwq,"terça-feira, 1 de setembro de 2026 03:40",157340.0
337,1,,,2023,,"R$ 143.945,00",Toyota,Corolla Cross XRV 1.8 16V Aut. (Híbrido),2023,002200-4,Híbrido,1,H,setembro de 2026 ,hr29k9qjytdsh,"terça-feira, 1 de setembro de 2026 03:41",143945.0
337,1,,,2023,,"R$ 129.179,00",Toyota,Corolla Cross XR 2.0 16V Flex Aut.,2023,002201-2,Flex,1,F,setembro de 2026 ,g6slw9lq7ddr5,"terça-feira, 1 de setembro de 2026 03:41",129179.0
337,1,,,2022,,"R$ 123.776,00",Toyota,Corolla Cross XR 2.0 16V Flex Aut.,2022,002201-2,Flex,1,F,setembro de 2026 ,g0f61k4pwrdny,"terça-feira, 1 de setembro de 2026 03:41",123776.0
337,1,,,2025,,"R$ 175.735,00",Toyota,Corolla Cross XRV 1.8 16V Aut. (Híbrido),2025,002200-4,Híbrido,1,H,setembro de 2026 ,jzcr4y7swkdzy,"terça-feira, 1 de setembro de 2026 03:41",175735.0
337,1,,,2022,,"R$ 127.400,00",Toyota,Corolla Cross XRE 2.0 16V Flex Aut.,2022,002203-9,Flex,1,F,setembro de 2026 ,g4pydt936fdny,"terça-feira, 1 de setembro de 2026 03:41",127400.0
337,1,,,2024,,"R$ 144.609,00",Toyota,Corolla Cross XRE 2.0 16V Flex Aut.,2024,002203-9,Flex,1,F,setembro de 2026 ,hswfrf2zkhdwd,"terça-feira, 1 de setembro de 2026 03:41",144609.0
337,1,,,2024,,"R$ 140.584,00",Toyota,Corolla Cross XR 2.0 16V Flex Aut.,2024,002201-2,Flex,1,F,setembro de 2026 ,hm44kg4gzvdwd,"terça-feira, 1 de setembro de 2026 03:41",140584.0
337,1,,,2023,,"R$ 137.850,00",Toyota,Corolla Altis 1.8 16V Aut. (Híbrido),2023,002182-2,Híbrido,1,H,setembro de 2026 ,hjyr0d2nskdsh,"terça-feira, 1 de setembro de 2026 03:41",137850.0
337,1,,,2026,,"R$ 170.661,00",Toyota,Corolla Cross XRE 2.0 16V Flex Aut.,2026,002203-9,Flex,1,F,setembro de 2026 ,jsfbz0z9tpd2v,"terça-feira, 1 de setembro de 2026 03:41",170661.0
337,1,,,2022,,"R$ 139.427,00",Toyota,Corolla Cross XRX 1.8 16V Aut. (Híbrido),2022,002204-7,Híbrido,1,H,setembro de 2026 ,hls2w37zh5dn8,"terça-feira, 1 de setembro de 2026 03:41",139427.0
337,1,,,2025,,"R$ 182.376,00",Toyota,Corolla Cross XRX 1.8 16V Aut. (Híbrido),2025,002204-7,Híbrido,1,H,setembro de 2026 ,j644ybgjjddzy,"terça-feira, 1 de setembro de 2026 03:41",182376.0
337,1,,,2025,,"R$ 158.289,00",Toyota,Corolla Cross XRE 2.0 16V Flex Aut.,2025,002203-9,Flex,1,F,setembro de 2026 ,h9xnr2vyp4dzm,"terça-feira, 1 de setembro de 2026 03:41",158289.0
337,1,,,2024,,"R$ 161.244,00",Toyota,Corolla Cross XRX 1.8 16V Aut. (Híbrido),2024,002204-7,Híbrido,1,H,setembro de 2026 ,jfc2bkl0skdwq,"terça-feira, 1 de setembro de 2026 03:41",161244.0
337,1,,,2024,,"R$ 88.529,00",Toyota,YARIS XL 1.5 Flex 16V 5p Aut.,2024,002207-1,Flex,1,F,setembro de 2026 ,cds91vrn5t2sw,"terça-feira, 1 de setembro de 2026 03:41",88529.0
337,1,,,2025,,"R$ 93.482,00",Toyota,YARIS XL 1.5 Flex 16V 5p Aut.,2025,002207-1,Flex,1,F,setembro de 2026 ,cgpc92kccsyw3,"terça-feira, 1 de setembro de 2026 03:41",93482.0
337,1,,,2025,,"R$ 399.207,00",Toyota,Hilux SW4 Diamond 2.8 TB 4x4 Die. Aut.,2025,002205-5,Diesel,1,D,setembro de 2026 ,tfc9j35hvsdyz,"terça-feira, 1 de setembro de 2026 03:41",399207.0
337,1,,,2023,,"R$ 151.319,00",Ford,Ranger XLS 2.2 4x4 CD Diesel Aut.,2023,003421-5,Diesel,1,D,setembro de 2026 ,h1q98x5mkqdrj,"terça-feira, 1 de setembro de 2026 03:41",151319.0
337,1,,,2024,,"R$ 160.089,00",Ford,TERRITORY Titanium 1.5 GTDi EcoBo. Aut.,2024,003478-9,Gasolina,1,G,setembro de 2026 ,jc02x15w7ldt3,"terça-feira, 1 de setembro de 2026 03:41",160089.0
337,1,,,2025,,"R$ 166.644,00",Ford,TERRITORY Titanium 1.5 GTDi EcoBo. Aut.,2025,003478-9,Gasolina,1,G,setembro de 2026 ,jmqbthjq9tdyb,"terça-feira, 1 de setembro de 2026 03:41",166644.0
337,1,,,2023,,"R$ 146.458,00",Ford,Ranger Black 2.2 4x2 CD Diesel Aut.,2023,003479-7,Diesel,1,D,setembro de 2026 ,hv1m3y7my8drj,"terça-feira, 1 de setembro de 2026 03:41",146458.0
337,1,,,2022,,"R$ 154.862,00",Ford,Bronco Sport Wildtrak 2.0 Tb 16V AWD Aut,2022,003481-9,Gasolina,1,G,setembro de 2026 ,h5w3cxrbptdmn,"terça-feira, 1 de setembro de 2026 03:41",154862.0
337,1,,,2023,,"R$ 172.632,00",Ford,Bronco Sport Wildtrak 2.0 Tb 16V AWD Aut,2023,003481-9,Gasolina,1,G,setembro de 2026 ,jvqztx8tjfdqw,"terça-feira, 1 de setembro de 2026 03:41",172632.0
337,1,,,2024,,"R$ 184.317,00",Ford,Bronco Sport Wildtrak 2.0 Tb 16V AWD Aut,2024,003481-9,Gasolina,1,G,setembro de 2026 ,j9fpzb88nddt3,"terça-feira, 1 de setembro de 2026 03:41",184317.0
337,1,,,2026,,"R$ 308.848,00",Ford,TRANSIT Minibus 18 Lug. 2.0 16V Diesel,2026,003484-3,Diesel,1,D,setembro de 2026 ,p0f00jlbkdd16,"terça-feira, 1 de setembro de 2026 03:41",308848.0
337,1,,,2026,,"R$ 304.160,00",Ford,Ranger Limited 3.0 V6 4x4 CD TB Die. Aut,2026,003497-5,Diesel,1,D,setembro de 2026 ,ptymr92k67d16,"terça-feira, 1 de setembro de 2026 03:41",304160.0
337,1,,,2026,,"R$ 215.082,00",Ford,Ranger XLS 2.0 4x4 CD Diesel Aut. ,2026,003501-7,Diesel,1,D,setembro de 2026 ,lghxl9526rd16,"terça-feira, 1 de setembro de 2026 03:41",215082.0
337,1,,,2026,,"R$ 206.200,00",Ford,Ranger XL 2.0 4x4 CD Diesel Mec. ,2026,003502-5,Diesel,1,D,setembro de 2026 ,k322r3cdyvd16,"terça-feira, 1 de setembro de 2026 03:41",206200.0
337,1,,,2025,,"R$ 198.198,00",Ford,Ranger XL 2.0 4x4 CD Diesel Mec. ,2025,003502-5,Diesel,1,D,setembro de 2026 ,ktp7gsf8wsdyz,"terça-feira, 1 de setembro de 2026 03:41",198198.0
337,1,,,2024,,"R$ 194.958,00",Ford,Ranger XLS 2.0 4x4 CD Diesel Aut. ,2024,003501-7,Diesel,1,D,setembro de 2026 ,kpxgsd7sl5dvr,"terça-feira, 1 de setembro de 2026 03:41",194958.0
337,1,,,2023,,"R$ 157.314,00",GM - Chevrolet,S10 Pick-Up LT 2.8 TDI 4x4 CD Diesel Aut,2023,004395-8,Diesel,1,D,setembro de 2026 ,h8r65wc99qdrj,"terça-feira, 1 de setembro de 2026 03:41",157314.0
337,1,,,2024,,"R$ 178.455,00",GM - Chevrolet,S10 Pick-Up LT 2.8 TDI 4x4 CD Diesel Aut,2024,004395-8,Diesel,1,D,setembro de 2026 ,j2kmx0khk6dvr,"terça-feira, 1 de setembro de 2026 03:41",178455.0
337,1,,,2022,,"R$ 128.214,00",GM - Chevrolet,S10 Pick-Up LS 2.8 TDI 4x4 CD Dies. Mec.,2022,004413-0,Diesel,1,D,setembro de 2026 ,g5njlc8nvbdm9,"terça-feira, 1 de setembro de 2026 03:41",128214.0
337,1,,,2023,,"R$ 133.407,00",Toyota,Corolla Cross XRE 2.0 16V Flex Aut.,2023,002203-9,Flex,1,F,setembro de 2026 ,hcq8tygq7tdr5,"terça-feira, 1 de setembro de 2026 03:41",133407.0
337,1,,,2025,,"R$ 243.351,00",GM - Chevrolet,S10 Pick-Up LTZ 2.8 TDI 4x4 CD Dies.Aut,2025,004397-4,Diesel,1,D,setembro de 2026 ,mjndwgq3lldyz,"terça-feira, 1 de setembro de 2026 03:41",243351.0
337,1,,,2025,,"R$ 115.372,00",GM - Chevrolet,SPIN LT 1.8 8V Econo.Flex 5p Aut.,2025,004415-6,Flex,1,F,setembro de 2026 ,gplrsl9hkndzm,"terça-feira, 1 de setembro de 2026 03:41",115372.0
337,1,,,2024,,"R$ 164.747,00",GM - Chevrolet,S10 Pick-Up LS 2.8 TDI 4x4 CD Dies. Mec.,2024,004413-0,Diesel,1,D,setembro de 2026 ,jkhdcb11q2dvr,"terça-feira, 1 de setembro de 2026 03:41",164747.0
337,1,,,2025,,"R$ 109.940,00",GM - Chevrolet,SPIN LTZ 1.8 8V Econo.Flex 5p Aut.,2025,004417-2,Flex,1,F,setembro de 2026 ,gg697x83chdzm,"terça-feira, 1 de setembro de 2026 03:41",109940.0
337,1,,,2026,,"R$ 134.909,00",GM - Chevrolet,SPIN LTZ 1.8 8V Econo.Flex 5p Aut.,2026,004417-2,Flex,1,F,setembro de 2026 ,hfhv6ycc0qd2v,"terça-feira, 1 de setembro de 2026 03:41",134909.0
337,1,,,2023,,"R$ 88.768,00",GM - Chevrolet,SPIN PREMIER 1.8 8V Econo.Flex 5p Aut.,2023,004494-6,Flex,1,F,setembro de 2026 ,cdw3xs16xrjpn,"terça-feira, 1 de setembro de 2026 03:41",88768.0
337,1,,,2024,,"R$ 96.246,00",GM - Chevrolet,SPIN PREMIER 1.8 8V Econo.Flex 5p Aut.,2024,004494-6,Flex,1,F,setembro de 2026 ,chqsyl079gnsw,"terça-feira, 1 de setembro de 2026 03:41",96246.0
337,1,,,2026,,"R$ 134.981,00",GM - Chevrolet,SPIN PREMIER 1.8 8V Econo.Flex 5p Aut.,2026,004494-6,Flex,1,F,setembro de 2026 ,hflhbv4cdtd2v,"terça-feira, 1 de setembro de 2026 03:41",134981.0
337,1,,,2025,5,"R$ 94.667,00",Fiat,PULSE DRIVE 1.3 8V Flex Aut.,2025,001544-0,Flex,1,F,setembro de 2026 ,cg3804bbnkpw3,"terça-feira, 1 de setembro de 2026 03:41",94667.0
337,1,,,2024,,"R$ 219.055,00",GM - Chevrolet,TRAILBLAZER PREMIER 2.8 TB Diesel Aut.,2024,004498-9,Diesel,1,D,setembro de 2026 ,ll496zqqfhdvr,"terça-feira, 1 de setembro de 2026 03:41",219055.0
337,1,,,2023,,"R$ 70.521,00",GM - Chevrolet,ONIX SEDAN Plus LT 1.0 12V TB Flex Mec.,2023,004500-4,Flex,1,F,setembro de 2026 ,5z5pnhvkc9pn,"terça-feira, 1 de setembro de 2026 03:41",70521.0
337,1,,,2025,,"R$ 119.417,00",GM - Chevrolet,SPIN PREMIER 1.8 8V Econo.Flex 5p Aut.,2025,004494-6,Flex,1,F,setembro de 2026 ,gvbsh5scvsdzm,"terça-feira, 1 de setembro de 2026 03:41",119417.0
337,1,,,2024,,"R$ 76.120,00",GM - Chevrolet,ONIX SEDAN Plus LT 1.0 12V TB Flex Mec.,2024,004500-4,Flex,1,F,setembro de 2026 ,73trqfp1fcsw,"terça-feira, 1 de setembro de 2026 03:41",76120.0
337,1,,,2023,,"R$ 74.185,00",GM - Chevrolet,ONIX SEDAN Plus LT 1.0 12V TB Flex Aut.,2023,004501-2,Flex,1,F,setembro de 2026 ,7c4fzxkny0pn,"terça-feira, 1 de setembro de 2026 03:41",74185.0
337,1,,,2024,,"R$ 81.727,00",GM - Chevrolet,ONIX SEDAN Plus LT 1.0 12V TB Flex Aut.,2024,004501-2,Flex,1,F,setembro de 2026 ,97kqxqj8jgsw,"terça-feira, 1 de setembro de 2026 03:42",81727.0
337,1,,,2023,,"R$ 79.985,00",GM - Chevrolet,ONIX SEDAN Plus LTZ 1.0 12V TB Flex Aut.,2023,004502-0,Flex,1,F,setembro de 2026 ,9k4kt0chz0pn,"terça-feira, 1 de setembro de 2026 03:42",79985.0
337,1,,,2025,,"R$ 83.210,00",GM - Chevrolet,ONIX SEDAN Plus LT 1.0 12V TB Flex Mec.,2025,004500-4,Flex,1,F,setembro de 2026 ,cbsyrp6lpzxw3,"terça-feira, 1 de setembro de 2026 03:42",83210.0
337,1,,,2023,,"R$ 140.504,00",GM - Chevrolet,S10 Pick-Up LS 2.8 TDI 4x4 CD Dies. Mec.,2023,004413-0,Diesel,1,D,setembro de 2026 ,hm17d3swdkdrj,"terça-feira, 1 de setembro de 2026 03:42",140504.0
337,1,,,2025,,"R$ 91.703,00",GM - Chevrolet,ONIX SEDAN Plus LT 1.0 12V TB Flex Aut.,2025,004501-2,Flex,1,F,setembro de 2026 ,cf0jp2xlywhw3,"terça-feira, 1 de setembro de 2026 03:42",91703.0
337,1,,,2026,,"R$ 104.541,00",GM - Chevrolet,ONIX SEDAN Plus LTZ 1.0 12V TB Flex Aut.,2026,004502-0,Flex,1,F,setembro de 2026 ,f8w2wycx5kd2v,"terça-feira, 1 de setembro de 2026 03:42",104541.0
337,1,,,2025,,"R$ 95.120,00",GM - Chevrolet,ONIX SEDAN Plus LTZ 1.0 12V TB Flex Aut.,2025,004502-0,Flex,1,F,setembro de 2026 ,cg9lpbmnxj4w3,"terça-feira, 1 de setembro de 2026 03:42",95120.0
337,1,,,2023,,"R$ 72.269,00",GM - Chevrolet,ONIX SEDAN Plus LTZ 1.0 12V TB Flex Mec.,2023,004503-9,Flex,1,F,setembro de 2026 ,6nn1bzsjnrpn,"terça-feira, 1 de setembro de 2026 03:42",72269.0
337,1,,,2024,,"R$ 85.452,00",GM - Chevrolet,ONIX SEDAN Plus LTZ 1.0 12V TB Flex Aut.,2024,004502-0,Flex,1,F,setembro de 2026 ,ccm7nk2t48ssw,"terça-feira, 1 de setembro de 2026 03:42",85452.0
337,1,,,2023,,"R$ 80.352,00",GM - Chevrolet,ONIX SED. Plus PREM. 1.0 12V TB Flex Aut,2023,004504-7,Flex,1,F,setembro de 2026 ,9qfy00w9f5pn,"terça-feira, 1 de setembro de 2026 03:42",80352.0
337,1,,,2024,,"R$ 89.704,00",GM - Chevrolet,ONIX SED. Plus PREM. 1.0 12V TB Flex Aut,2024,004504-7,Flex,1,F,setembro de 2026 ,cd7237kjbjksw,"terça-feira, 1 de setembro de 2026 03:42",89704.0
337,1,,,2021,,"R$ 56.888,00",GM - Chevrolet,JOY Plus Black Ed.1.0 8V 4p Flex Mec.,2021,004508-0,Flex,1,F,setembro de 2026 ,0vbh0y0qsfg6,"terça-feira, 1 de setembro de 2026 03:42",56888.0
337,1,,,2025,,"R$ 97.326,00",GM - Chevrolet,ONIX SED. Plus PREM. 1.0 12V TB Flex Aut,2025,004504-7,Flex,1,F,setembro de 2026 ,ch4ghkxfp4xw3,"terça-feira, 1 de setembro de 2026 03:42",97326.0
337,1,,,2026,,"R$ 111.007,00",GM - Chevrolet,ONIX SED. Plus PREM. 1.0 12V TB Flex Aut,2026,004504-7,Flex,1,F,setembro de 2026 ,gjg3hnd95yd2v,"terça-feira, 1 de setembro de 2026 03:42",111007.0
337,1,,,2023,,"R$ 110.684,00",GM - Chevrolet,CRUZE Premier 1.4 16V TB Flex Aut.,2023,004509-8,Flex,1,F,setembro de 2026 ,gh3ckf0v07dr5,"terça-feira, 1 de setembro de 2026 03:42",110684.0
337,1,,,2023,,"R$ 70.444,00",GM - Chevrolet,ONIX HATCH LT 1.0 12V TB Flex 5p Mec.,2023,004512-8,Flex,1,F,setembro de 2026 ,5y8p1vchrnpn,"terça-feira, 1 de setembro de 2026 03:42",70444.0
337,1,,,2024,,"R$ 76.053,00",GM - Chevrolet,ONIX HATCH LT 1.0 12V TB Flex 5p Mec.,2024,004512-8,Flex,1,F,setembro de 2026 ,721dsqggfbsw,"terça-feira, 1 de setembro de 2026 03:42",76053.0
337,1,,,2025,,"R$ 82.889,00",GM - Chevrolet,ONIX HATCH LT 1.0 12V TB Flex 5p Mec.,2025,004512-8,Flex,1,F,setembro de 2026 ,cbn52tqtx3xw3,"terça-feira, 1 de setembro de 2026 03:42",82889.0
337,1,,,2024,,"R$ 81.759,00",GM - Chevrolet,ONIX HATCH LT 1.0 12V TB Flex 5p Aut.,2024,004514-4,Flex,1,F,setembro de 2026 ,97ycg4lkldsw,"terça-feira, 1 de setembro de 2026 03:42",81759.0
337,1,,,2024,,"R$ 85.397,00",GM - Chevrolet,ONIX HATCH LTZ 1.0 12V TB Flex 5p Aut.,2024,004515-2,Flex,1,F,setembro de 2026 ,ccmlnvw2rfpsw,"terça-feira, 1 de setembro de 2026 03:42",85397.0
337,1,,,2023,,"R$ 79.863,00",GM - Chevrolet,ONIX HATCH LTZ 1.0 12V TB Flex 5p Aut.,2023,004515-2,Flex,1,F,setembro de 2026 ,9jp6529bh3pn,"terça-feira, 1 de setembro de 2026 03:42",79863.0
337,1,,,2025,,"R$ 92.114,00",GM - Chevrolet,ONIX HATCH LT 1.0 12V TB Flex 5p Aut.,2025,004514-4,Flex,1,F,setembro de 2026 ,cf5b21wpbqkw3,"terça-feira, 1 de setembro de 2026 03:42",92114.0
337,1,,,2026,,"R$ 101.587,00",GM - Chevrolet,ONIX HATCH LTZ 1.0 12V TB Flex 5p Aut.,2026,004515-2,Flex,1,F,setembro de 2026 ,f5fqgdjhcld2v,"terça-feira, 1 de setembro de 2026 03:42",101587.0
337,1,,,2025,5,"R$ 118.265,00",Fiat,Fastback Impetus 1.0 200 T. Flex Aut,2025,001557-1,Flex,1,F,setembro de 2026 ,gszxhf1svvdzm,"terça-feira, 1 de setembro de 2026 03:42",118265.0
337,1,,,2025,,"R$ 94.804,00",GM - Chevrolet,ONIX HATCH PREM. 1.0 12V TB Flex 5p Aut.,2025,004516-0,Flex,1,F,setembro de 2026 ,cg5wtsmjf2gw3,"terça-feira, 1 de setembro de 2026 03:42",94804.0
337,1,,,2026,,"R$ 106.972,00",GM - Chevrolet,ONIX HATCH PREM. 1.0 12V TB Flex 5p Aut.,2026,004516-0,Flex,1,F,setembro de 2026 ,gcrf1db6vdd2v,"terça-feira, 1 de setembro de 2026 03:42",106972.0
337,1,,,2024,,"R$ 88.966,00",GM - Chevrolet,ONIX HATCH PREM. 1.0 12V TB Flex 5p Aut.,2024,004516-0,Flex,1,F,setembro de 2026 ,cdzfwsb0g3vsw,"terça-feira, 1 de setembro de 2026 03:42",88966.0
337,1,,,2023,,"R$ 65.928,00",GM - Chevrolet,ONIX HATCH LT 1.0 12V Flex 5p Mec.,2023,004517-9,Flex,1,F,setembro de 2026 ,3798rnzg57pn,"terça-feira, 1 de setembro de 2026 03:42",65928.0
337,1,,,2022,,"R$ 62.174,00",GM - Chevrolet,ONIX HATCH LT 1.0 12V Flex 5p Mec.,2022,004517-9,Flex,1,F,setembro de 2026 ,2t9tbr22wrlf,"terça-feira, 1 de setembro de 2026 03:42",62174.0
337,1,,,2025,,"R$ 72.052,00",GM - Chevrolet,ONIX HATCH LT 1.0 12V Flex 5p Mec.,2025,004517-9,Flex,1,F,setembro de 2026 ,6k3483zrfzw3,"terça-feira, 1 de setembro de 2026 03:42",72052.0
337,1,,,2025,,"R$ 94.762,00",GM - Chevrolet,ONIX HATCH LTZ 1.0 12V TB Flex 5p Aut.,2025,004515-2,Flex,1,F,setembro de 2026 ,cg5dkj79sx5w3,"terça-feira, 1 de setembro de 2026 03:42",94762.0
337,1,,,2025,,"R$ 77.031,00",GM - Chevrolet,ONIX SEDAN Plus LT 1.0 12V Flex 4p Mec.,2025,004518-7,Flex,1,F,setembro de 2026 ,8ghwgkwz89w3,"terça-feira, 1 de setembro de 2026 03:42",77031.0
337,1,,,2021,,"R$ 59.052,00",GM - Chevrolet,ONIX HATCH 1.0 12V Flex 5p Mec.,2021,004519-5,Flex,1,F,setembro de 2026 ,1np10wpfj8g6,"terça-feira, 1 de setembro de 2026 03:42",59052.0
337,1,,,2024,,"R$ 69.495,00",GM - Chevrolet,ONIX HATCH LT 1.0 12V Flex 5p Mec.,2024,004517-9,Flex,1,F,setembro de 2026 ,5l4r4jnf8ksw,"terça-feira, 1 de setembro de 2026 03:42",69495.0
337,1,,,2023,,"R$ 66.516,00",GM - Chevrolet,ONIX SEDAN Plus LT 1.0 12V Flex 4p Mec.,2023,004518-7,Flex,1,F,setembro de 2026 ,4g6z2qyn1bpn,"terça-feira, 1 de setembro de 2026 03:42",66516.0
337,1,,,2024,,"R$ 72.182,00",GM - Chevrolet,ONIX SEDAN Plus LT 1.0 12V Flex 4p Mec.,2024,004518-7,Flex,1,F,setembro de 2026 ,6mnd2c3xp6sw,"terça-feira, 1 de setembro de 2026 03:42",72182.0
337,1,,,2026,,"R$ 80.436,00",GM - Chevrolet,ONIX HATCH 1.0 12V Flex 5p Mec.,2026,004519-5,Flex,1,F,setembro de 2026 ,9rfhhrhz790b,"terça-feira, 1 de setembro de 2026 03:42",80436.0
337,1,,,2025,,"R$ 105.175,00",GM - Chevrolet,TRACKER LT 1.0 Turbo 12V Flex Aut.,2025,004522-5,Flex,1,F,setembro de 2026 ,f9m376gsf7dzm,"terça-feira, 1 de setembro de 2026 03:42",105175.0
337,1,,,2025,,"R$ 70.584,00",GM - Chevrolet,ONIX HATCH 1.0 12V Flex 5p Mec.,2025,004519-5,Flex,1,F,setembro de 2026 ,50xlh1vcj8w3,"terça-feira, 1 de setembro de 2026 03:42",70584.0
337,1,,,2026,,"R$ 119.983,00",GM - Chevrolet,TRACKER LT 1.0 Turbo 12V Flex Aut.,2026,004522-5,Flex,1,F,setembro de 2026 ,gv0b77m3w2d2v,"terça-feira, 1 de setembro de 2026 03:42",119983.0
337,1,,,2023,,"R$ 104.475,00",GM - Chevrolet,TRACKER Premier 1.2 Turbo 12V Flex Aut.,2023,004525-0,Flex,1,F,setembro de 2026 ,f8tpjlsg7ddr5,"terça-feira, 1 de setembro de 2026 03:42",104475.0
337,1,,,2025,,"R$ 125.471,00",GM - Chevrolet,TRACKER Premier 1.2 Turbo 12V Flex Aut.,2025,004525-0,Flex,1,F,setembro de 2026 ,g2ftwy4v51dzm,"terça-feira, 1 de setembro de 2026 03:42",125471.0
337,1,,,2024,,"R$ 115.455,00",GM - Chevrolet,TRACKER Premier 1.2 Turbo 12V Flex Aut.,2024,004525-0,Flex,1,F,setembro de 2026 ,gppr9r1p9hdwd,"terça-feira, 1 de setembro de 2026 03:42",115455.0
337,1,,,2023,,"R$ 146.301,00",GM - Chevrolet,EQUINOX Premier 1.5 Turbo 172cv Aut.,2023,004529-2,Gasolina,1,G,setembro de 2026 ,hvvx61nwmndqw,"terça-feira, 1 de setembro de 2026 03:42",146301.0
337,1,,,2024,,"R$ 156.875,00",GM - Chevrolet,EQUINOX Premier 1.5 Turbo 172cv Aut.,2024,004529-2,Gasolina,1,G,setembro de 2026 ,h778jv23s6dt3,"terça-feira, 1 de setembro de 2026 03:42",156875.0
337,1,,,2025,,"R$ 94.833,00",GM - Chevrolet,ONIX HATCH RS 1.0 TB 12V Flex 5p Aut.,2025,004530-6,Flex,1,F,setembro de 2026 ,cg57cj5gnkyw3,"terça-feira, 1 de setembro de 2026 03:42",94833.0
337,1,,,2024,,"R$ 104.834,00",GM - Chevrolet,TRACKER LTZ 1.0 Turbo 12V Flex Aut.,2024,004532-2,Flex,1,F,setembro de 2026 ,f87q08gb4ydwd,"terça-feira, 1 de setembro de 2026 03:43",104834.0
337,1,,,2025,,"R$ 112.527,00",GM - Chevrolet,TRACKER LTZ 1.0 Turbo 12V Flex Aut.,2025,004532-2,Flex,1,F,setembro de 2026 ,gk8b5dbdsjdzm,"terça-feira, 1 de setembro de 2026 03:43",112527.0
337,1,,,2026,,"R$ 137.798,00",GM - Chevrolet,TRACKER LTZ 1.0 Turbo 12V Flex Aut.,2026,004532-2,Flex,1,F,setembro de 2026 ,hjwwd2rgsmd2v,"terça-feira, 1 de setembro de 2026 03:43",137798.0
337,1,,,2024,,"R$ 100.486,00",GM - Chevrolet,TRACKER LT 1.0 Turbo 12V Flex Aut.,2024,004522-5,Flex,1,F,setembro de 2026 ,f34pw22mp3dwd,"terça-feira, 1 de setembro de 2026 03:43",100486.0
337,1,,,2025,,"R$ 106.225,00",GM - Chevrolet,MONTANA 1.2 Turbo Flex 12V 4p Mec.,2025,004539-0,Flex,1,F,setembro de 2026 ,gbv9b2mvz3dzm,"terça-feira, 1 de setembro de 2026 03:43",106225.0
337,1,,,2025,,"R$ 108.366,00",GM - Chevrolet,MONTANA LT 1.2  Turbo Flex 12V 4p Mec.,2025,004540-3,Flex,1,F,setembro de 2026 ,gfc3qz0b2gdzm,"terça-feira, 1 de setembro de 2026 03:43",108366.0
337,1,,,2023,,"R$ 104.195,00",GM - Chevrolet,MONTANA LTZ 1.2 Turbo Flex 12V 4p Aut.,2023,004541-1,Flex,1,F,setembro de 2026 ,f8hh1bfwk0dr5,"terça-feira, 1 de setembro de 2026 03:43",104195.0
337,1,,,2023,,"R$ 136.365,00",GM - Chevrolet,EQUINOX RS 1.5 Turbo  Aut.,2023,004538-1,Gasolina,1,G,setembro de 2026 ,hg6sr5pm01dqw,"terça-feira, 1 de setembro de 2026 03:43",136365.0
337,1,,,2024,,"R$ 156.697,00",GM - Chevrolet,EQUINOX RS 1.5 Turbo  Aut.,2024,004538-1,Gasolina,1,G,setembro de 2026 ,h71szdmcpzdt3,"terça-feira, 1 de setembro de 2026 03:43",156697.0
337,1,,,2026,,"R$ 132.717,00",GM - Chevrolet,MONTANA LTZ 1.2 Turbo Flex 12V 4p Aut.,2026,004541-1,Flex,1,F,setembro de 2026 ,hbx6cl0gv1d2v,"terça-feira, 1 de setembro de 2026 03:43",132717.0
337,1,,,2025,,"R$ 115.781,00",GM - Chevrolet,MONTANA LTZ 1.2 Turbo Flex 12V 4p Aut.,2025,004541-1,Flex,1,F,setembro de 2026 ,gp2mmq01swdzm,"terça-feira, 1 de setembro de 2026 03:43",115781.0
337,1,,,2024,,"R$ 110.395,00",GM - Chevrolet,MONTANA PREMIER 1.2 Turbo Flex 12V Aut.,2024,004542-0,Flex,1,F,setembro de 2026 ,ghrvxtc4tbdwd,"terça-feira, 1 de setembro de 2026 03:43",110395.0
337,1,,,2025,,"R$ 203.751,00",GM - Chevrolet,S10 Pick-Up WT 2.8 TDI 4x4 CD Diesel Aut,2025,004550-0,Diesel,1,D,setembro de 2026 ,k062bxr3t3dyz,"terça-feira, 1 de setembro de 2026 03:43",203751.0
337,1,,,2025,,"R$ 116.124,00",GM - Chevrolet,MONTANA PREMIER 1.2 Turbo Flex 12V Aut.,2025,004542-0,Flex,1,F,setembro de 2026 ,gqg23jpdx7dzm,"terça-feira, 1 de setembro de 2026 03:43",116124.0
337,1,,,2026,3,"R$ 259.415,00",GM - Chevrolet,S10 Pick-Up LTZ 2.8 TDI 4x4 CD Dies.Aut,2026,004397-4,Diesel,1,D,setembro de 2026 ,m4g82v9f9pd16,"terça-feira, 1 de setembro de 2026 03:43",259415.0
337,1,,,2026,,"R$ 86.718,00",GM - Chevrolet,ONIX SEDAN Plus 1.0 12V TB Flex Mec.,2026,004556-0,Flex,1,F,setembro de 2026 ,cc32s9fnd3ld2v,"terça-feira, 1 de setembro de 2026 03:43",86718.0
337,1,,,2025,,"R$ 191.459,00",GM - Chevrolet,S10 Pick-Up WT 2.8 TDI 4x4 CD Diesel Mec,2025,004552-7,Diesel,1,D,setembro de 2026 ,kks88bmkz9dyz,"terça-feira, 1 de setembro de 2026 03:43",191459.0
337,1,,,2026,,"R$ 86.460,00",GM - Chevrolet,ONIX SEDAN Plus 1.0 12V Mec.,2026,004561-6,Flex,1,F,setembro de 2026 ,cc0108hmt2rd2v,"terça-feira, 1 de setembro de 2026 03:43",86460.0
337,1,,,2025,,"R$ 125.265,00",GM - Chevrolet,TRACKER RS 1.2 Turbo 12V Flex Aut.,2025,004544-6,Flex,1,F,setembro de 2026 ,g16bsgx0qbdzm,"terça-feira, 1 de setembro de 2026 03:43",125265.0
337,1,,,2023,,"R$ 183.960,00",VW - VolksWagen,AMAROK Highline CD 3.0 4x4 TB Dies. Aut.,2023,005483-6,Diesel,1,D,setembro de 2026 ,j80qqj319ldrj,"terça-feira, 1 de setembro de 2026 03:43",183960.0
337,1,,,2023,,"R$ 66.810,00",VW - VolksWagen,Saveiro Robust 1.6 Total Flex 8V,2023,005459-3,Flex,1,F,setembro de 2026 ,4lnvq6x88lpn,"terça-feira, 1 de setembro de 2026 03:43",66810.0
337,1,,,2024,,"R$ 109.561,00",VW - VolksWagen,VIRTUS Highline 200 TSI 1.0 Flex 12V Aut,2024,005484-4,Flex,1,F,setembro de 2026 ,ggsj6pl2msdwd,"terça-feira, 1 de setembro de 2026 03:43",109561.0
337,1,,,2023,,"R$ 90.521,00",VW - VolksWagen,Saveiro CROSS 1.6 T.Flex 16V CD,2023,005408-9,Flex,1,F,setembro de 2026 ,cfkn2tyv97npn,"terça-feira, 1 de setembro de 2026 03:43",90521.0
337,1,,,2025,,"R$ 118.508,00",VW - VolksWagen,VIRTUS Highline 200 TSI 1.0 Flex 12V Aut,2025,005484-4,Flex,1,F,setembro de 2026 ,gs8q897r2ldzm,"terça-feira, 1 de setembro de 2026 03:43",118508.0
337,1,,,2023,,"R$ 105.540,00",VW - VolksWagen,VIRTUS Highline 200 TSI 1.0 Flex 12V Aut,2023,005484-4,Flex,1,F,setembro de 2026 ,f92djfw92fdr5,"terça-feira, 1 de setembro de 2026 03:43",105540.0
337,1,,,2026,,"R$ 128.224,00",VW - VolksWagen,VIRTUS Highline 200 TSI 1.0 Flex 12V Aut,2026,005484-4,Flex,1,F,setembro de 2026 ,g5nwvpmh19d2v,"terça-feira, 1 de setembro de 2026 03:43",128224.0
337,1,,,2024,,"R$ 103.192,00",VW - VolksWagen,VIRTUS Comfort. 200 TSI 1.0 Flex 12V Aut,2024,005485-2,Flex,1,F,setembro de 2026 ,f691w4clkbdwd,"terça-feira, 1 de setembro de 2026 03:43",103192.0
337,1,,,2022,,"R$ 88.252,00",VW - VolksWagen,VIRTUS Comfort. 200 TSI 1.0 Flex 12V Aut,2022,005485-2,Flex,1,F,setembro de 2026 ,cdp2cq5mscqlf,"terça-feira, 1 de setembro de 2026 03:43",88252.0
337,1,,,2025,,"R$ 112.603,00",VW - VolksWagen,VIRTUS Comfort. 200 TSI 1.0 Flex 12V Aut,2025,005485-2,Flex,1,F,setembro de 2026 ,glb3s0yz0mdzm,"terça-feira, 1 de setembro de 2026 03:43",112603.0
337,1,,,2026,,"R$ 115.974,00",VW - VolksWagen,VIRTUS Comfort. 200 TSI 1.0 Flex 12V Aut,2026,005485-2,Flex,1,F,setembro de 2026 ,gp9m24lpghd2v,"terça-feira, 1 de setembro de 2026 03:43",115974.0
337,1,,,2021,,"R$ 160.765,00",VW - VolksWagen,TIGUAN Allspac R-Line 350 TSI 2.0 4x4,2021,005489-5,Gasolina,1,G,setembro de 2026 ,jdtnmb8wjvdjf,"terça-feira, 1 de setembro de 2026 03:43",160765.0
337,1,,,2022,,"R$ 60.183,00",VW - VolksWagen,VOYAGE 1.6 MSI Flex 8V 4p,2022,005493-3,Flex,1,F,setembro de 2026 ,12y4mrbdfvlf,"terça-feira, 1 de setembro de 2026 03:43",60183.0
337,1,,,2023,,"R$ 60.211,00",VW - VolksWagen,VOYAGE 1.0 Flex 12V 4p,2023,005492-5,Flex,1,F,setembro de 2026 ,12893zs2r3pn,"terça-feira, 1 de setembro de 2026 03:43",60211.0
337,1,,,2023,,"R$ 54.821,00",VW - VolksWagen,Gol 1.0 Flex 12V 5p,2023,005490-9,Flex,1,F,setembro de 2026 ,z126zkwln7pn,"terça-feira, 1 de setembro de 2026 03:43",54821.0
337,1,,,2023,,"R$ 207.997,00",VW - VolksWagen,AMAROK Extreme CD 3.0 4x4 TB Dies. Aut.,2023,005506-9,Diesel,1,D,setembro de 2026 ,k56dj92cbldrj,"terça-feira, 1 de setembro de 2026 03:43",207997.0
337,1,,,2024,,"R$ 128.156,00",VW - VolksWagen,T-Cross Hig. 250 TSI 1.4 Flex 16V 5p Aut,2024,005508-5,Flex,1,F,setembro de 2026 ,g5ld7glysydwd,"terça-feira, 1 de setembro de 2026 03:43",128156.0
337,1,,,2021,,"R$ 46.551,00",VW - VolksWagen,Gol 1.0 Flex 12V 5p,2021,005490-9,Flex,1,F,setembro de 2026 ,wx398hj7gcg6,"terça-feira, 1 de setembro de 2026 03:43",46551.0
337,1,,,2026,,"R$ 159.834,00",VW - VolksWagen,T-Cross Hig. 250 TSI 1.4 Flex 16V 5p Aut,2026,005508-5,Flex,1,F,setembro de 2026 ,jcqtl04jcwd2v,"terça-feira, 1 de setembro de 2026 03:43",159834.0
337,1,,,2025,,"R$ 138.532,00",VW - VolksWagen,T-Cross Hig. 250 TSI 1.4 Flex 16V 5p Aut,2025,005508-5,Flex,1,F,setembro de 2026 ,hkrkf75l49dzm,"terça-feira, 1 de setembro de 2026 03:43",138532.0
337,1,,,2023,,"R$ 121.044,00",VW - VolksWagen,T-Cross Hig. 250 TSI 1.4 Flex 16V 5p Aut,2023,005508-5,Flex,1,F,setembro de 2026 ,gw7xrbq647dr5,"terça-feira, 1 de setembro de 2026 03:43",121044.0
337,1,,,2023,,"R$ 107.638,00",VW - VolksWagen,T-Cross Comfor. 200 TSI 1.0 Flex 5p Aut.,2023,005509-3,Flex,1,F,setembro de 2026 ,gdjngckv0pdr5,"terça-feira, 1 de setembro de 2026 03:43",107638.0
337,1,,,2022,,"R$ 100.367,00",VW - VolksWagen,T-Cross Comfor. 200 TSI 1.0 Flex 5p Aut.,2022,005509-3,Flex,1,F,setembro de 2026 ,f30ctgjrwxdny,"terça-feira, 1 de setembro de 2026 03:43",100367.0
337,1,,,2026,,"R$ 141.749,00",VW - VolksWagen,T-Cross Comfor. 200 TSI 1.0 Flex 5p Aut.,2026,005509-3,Flex,1,F,setembro de 2026 ,hpjg67pvrcd2v,"terça-feira, 1 de setembro de 2026 03:43",141749.0
337,1,,,2025,,"R$ 128.232,00",VW - VolksWagen,T-Cross Comfor. 200 TSI 1.0 Flex 5p Aut.,2025,005509-3,Flex,1,F,setembro de 2026 ,g5n5v3bzzvdzm,"terça-feira, 1 de setembro de 2026 03:43",128232.0
337,1,,,2023,,"R$ 98.777,00",VW - VolksWagen,T-Cross 200 TSI 1.0  Flex 12V 5p Aut.,2023,005510-7,Flex,1,F,setembro de 2026 ,cjpgwsp2m9gdr5,"terça-feira, 1 de setembro de 2026 03:43",98777.0
337,1,,,2025,,"R$ 117.369,00",VW - VolksWagen,T-Cross 200 TSI 1.0  Flex 12V 5p Aut.,2025,005510-7,Flex,1,F,setembro de 2026 ,grybxn4cwtdzm,"terça-feira, 1 de setembro de 2026 03:44",117369.0
337,1,,,2024,,"R$ 104.798,00",VW - VolksWagen,T-Cross 200 TSI 1.0  Flex 12V 5p Aut.,2024,005510-7,Flex,1,F,setembro de 2026 ,f86fgr977kdwd,"terça-feira, 1 de setembro de 2026 03:44",104798.0
337,1,,,2024,,"R$ 116.081,00",VW - VolksWagen,T-Cross Comfor. 200 TSI 1.0 Flex 5p Aut.,2024,005509-3,Flex,1,F,setembro de 2026 ,gqfjnkrgdcdwd,"terça-feira, 1 de setembro de 2026 03:44",116081.0
337,1,,,2026,,"R$ 128.194,00",VW - VolksWagen,T-Cross 200 TSI 1.0  Flex 12V 5p Aut.,2026,005510-7,Flex,1,F,setembro de 2026 ,g5ms1sgzcxd2v,"terça-feira, 1 de setembro de 2026 03:44",128194.0
337,1,,,2026,,"R$ 95.553,00",VW - VolksWagen,Polo Sense TSI 1.0 Flex 12V Aut,2026,005513-1,Flex,1,F,setembro de 2026 ,chgn15s1b4pd2v,"terça-feira, 1 de setembro de 2026 03:44",95553.0
337,1,,,2023,,"R$ 99.865,00",VW - VolksWagen,Nivus Comfortline 1.0 200 TSI Flex Aut.,2023,005525-5,Flex,1,F,setembro de 2026 ,cj27bw6wqvtpn,"terça-feira, 1 de setembro de 2026 03:44",99865.0
337,1,,,2024,,"R$ 103.548,00",VW - VolksWagen,Nivus Comfortline 1.0 200 TSI Flex Aut.,2024,005525-5,Flex,1,F,setembro de 2026 ,f7qz00pljzdwd,"terça-feira, 1 de setembro de 2026 03:44",103548.0
337,1,,,2026,,"R$ 123.866,00",VW - VolksWagen,Nivus Comfortline 1.0 200 TSI Flex Aut.,2026,005525-5,Flex,1,F,setembro de 2026 ,g0khf67q1pd2v,"terça-feira, 1 de setembro de 2026 03:44",123866.0
337,1,,,2025,,"R$ 119.297,00",VW - VolksWagen,Nivus Comfortline 1.0 200 TSI Flex Aut.,2025,005525-5,Flex,1,F,setembro de 2026 ,gt6d9nbrghdzm,"terça-feira, 1 de setembro de 2026 03:44",119297.0
337,1,,,2024,,"R$ 114.992,00",VW - VolksWagen,Nivus Highline 1.0 200 TSI Flex Aut.,2024,005526-3,Flex,1,F,setembro de 2026 ,gn4ymfxjqsdwd,"terça-feira, 1 de setembro de 2026 03:44",114992.0
337,1,,,2023,,"R$ 110.940,00",VW - VolksWagen,Nivus Highline 1.0 200 TSI Flex Aut.,2023,005526-3,Flex,1,F,setembro de 2026 ,gjdn0c01nfdr5,"terça-feira, 1 de setembro de 2026 03:44",110940.0
337,1,,,2022,,"R$ 106.140,00",VW - VolksWagen,Nivus Highline 1.0 200 TSI Flex Aut.,2022,005526-3,Flex,1,F,setembro de 2026 ,gbr6k3gc80dny,"terça-feira, 1 de setembro de 2026 03:44",106140.0
337,1,,,2026,,"R$ 135.413,00",VW - VolksWagen,Nivus Highline 1.0 200 TSI Flex Aut.,2026,005526-3,Flex,1,F,setembro de 2026 ,hf253c4p1nd2v,"terça-feira, 1 de setembro de 2026 03:44",135413.0
337,1,,,2024,,"R$ 107.093,00",GM - Chevrolet,MONTANA LTZ 1.2 Turbo Flex 12V 4p Aut.,2024,004541-1,Flex,1,F,setembro de 2026 ,gcwvcts6grdwd,"terça-feira, 1 de setembro de 2026 03:44",107093.0
337,1,,,2023,,"R$ 126.356,00",VW - VolksWagen,TAOS Comfortline 1.4 250 TSI Flex Aut.,2023,005527-1,Flex,1,F,setembro de 2026 ,g3gz2h5y1fdr5,"terça-feira, 1 de setembro de 2026 03:44",126356.0
337,1,,,2025,,"R$ 153.808,00",VW - VolksWagen,TAOS Comfortline 1.4 250 TSI Flex Aut.,2025,005527-1,Flex,1,F,setembro de 2026 ,h4nsr9gw46dzm,"terça-feira, 1 de setembro de 2026 03:44",153808.0
337,1,,,2023,,"R$ 141.432,00",VW - VolksWagen,TAOS Highline 1.4 250 TSI Flex Aut.,2023,005528-0,Flex,1,F,setembro de 2026 ,hn4y1m2s7tdr5,"terça-feira, 1 de setembro de 2026 03:44",141432.0
337,1,,,2025,,"R$ 127.459,00",VW - VolksWagen,Nivus Highline 1.0 200 TSI Flex Aut.,2025,005526-3,Flex,1,F,setembro de 2026 ,g4r2wn7fvcdzm,"terça-feira, 1 de setembro de 2026 03:44",127459.0
337,1,,,2022,,"R$ 129.792,00",VW - VolksWagen,TAOS Highline 1.4 250 TSI Flex Aut.,2022,005528-0,Flex,1,F,setembro de 2026 ,g7hwl1mns2dny,"terça-feira, 1 de setembro de 2026 03:44",129792.0
337,1,,,2024,,"R$ 137.524,00",VW - VolksWagen,TAOS Comfortline 1.4 250 TSI Flex Aut.,2024,005527-1,Flex,1,F,setembro de 2026 ,hjkxpd5xnkdwd,"terça-feira, 1 de setembro de 2026 03:44",137524.0
337,1,,,2026,,"R$ 99.517,00",VW - VolksWagen,Saveiro Trendline 1.6 Total Flex 16V,2026,005531-0,Flex,1,F,setembro de 2026 ,cjy4vstg4j00b,"terça-feira, 1 de setembro de 2026 03:44",99517.0
337,1,,,2024,,"R$ 152.895,00",VW - VolksWagen,TAOS Highline 1.4 250 TSI Flex Aut.,2024,005528-0,Flex,1,F,setembro de 2026 ,h3ll1qq736dwd,"terça-feira, 1 de setembro de 2026 03:44",152895.0
337,1,,,2025,,"R$ 172.322,00",VW - VolksWagen,TAOS Highline 1.4 250 TSI Flex Aut.,2025,005528-0,Flex,1,F,setembro de 2026 ,jvcqjtftg1dzm,"terça-feira, 1 de setembro de 2026 03:44",172322.0
337,1,,,2025,,"R$ 90.119,00",VW - VolksWagen,Saveiro Trendline 1.6 Total Flex 16V,2025,005531-0,Flex,1,F,setembro de 2026 ,cfdyy8q44b6w3,"terça-feira, 1 de setembro de 2026 03:44",90119.0
337,1,,,2025,,"R$ 75.021,00",VW - VolksWagen,Polo 1.0 MPI Flex 12V 5p,2025,005533-6,Flex,1,F,setembro de 2026 ,7px9npvmfsdzm,"terça-feira, 1 de setembro de 2026 03:44",75021.0
337,1,,,2023,,"R$ 160.416,00",VW - VolksWagen,AMAROK Comfor. 3.0 V6 TDI 4x4 Dies. Aut.,2023,005532-8,Diesel,1,D,setembro de 2026 ,jddzczxrtfdrj,"terça-feira, 1 de setembro de 2026 03:44",160416.0
337,1,,,2024,,"R$ 79.320,00",VW - VolksWagen,Polo 1.0 TSI Flex 12V 5p,2024,005534-4,Flex,1,F,setembro de 2026 ,9bbvw0crbddwd,"terça-feira, 1 de setembro de 2026 03:44",79320.0
337,1,,,2023,,"R$ 77.026,00",VW - VolksWagen,Polo 1.0 TSI Flex 12V 5p,2023,005534-4,Flex,1,F,setembro de 2026 ,8gf13tn8dddr5,"terça-feira, 1 de setembro de 2026 03:44",77026.0
337,1,,,2025,,"R$ 88.910,00",VW - VolksWagen,Polo 1.0 TSI Flex 12V 5p,2025,005534-4,Flex,1,F,setembro de 2026 ,cdysjsljd15dzm,"terça-feira, 1 de setembro de 2026 03:44",88910.0
337,1,,,2023,,"R$ 83.924,00",VW - VolksWagen,Polo Comfortline TSI 1.0 Flex 12V Aut.,2023,005535-2,Flex,1,F,setembro de 2026 ,cb198q2q8h6dr5,"terça-feira, 1 de setembro de 2026 03:44",83924.0
337,1,,,2024,,"R$ 87.300,00",VW - VolksWagen,Polo Comfortline TSI 1.0 Flex 12V Aut.,2024,005535-2,Flex,1,F,setembro de 2026 ,cdbxb0qqd9qdwd,"terça-feira, 1 de setembro de 2026 03:44",87300.0
337,1,,,2025,,"R$ 95.740,00",VW - VolksWagen,Polo Comfortline TSI 1.0 Flex 12V Aut.,2025,005535-2,Flex,1,F,setembro de 2026 ,chjv06t4s80dzm,"terça-feira, 1 de setembro de 2026 03:44",95740.0
337,1,,,2025,,"R$ 103.315,00",VW - VolksWagen,Polo Highline TSI 1.0 Flex 12V Aut.,2025,005536-0,Flex,1,F,setembro de 2026 ,f7gjhfh7b9dzm,"terça-feira, 1 de setembro de 2026 03:44",103315.0
337,1,,,2024,5,"R$ 68.810,00",GM - Chevrolet,ONIX HATCH 1.0 12V Flex 5p Mec.,2024,004519-5,Flex,1,F,setembro de 2026 ,5b3svxpfh4sw,"terça-feira, 1 de setembro de 2026 03:44",68810.0
337,1,,,2026,,"R$ 114.777,00",VW - VolksWagen,Polo Highline TSI 1.0 Flex 12V Aut.,2026,005536-0,Flex,1,F,setembro de 2026 ,gnw4clchh5d2v,"terça-feira, 1 de setembro de 2026 03:44",114777.0
337,1,,,2022,,"R$ 113.458,00",VW - VolksWagen,T-Cross Hig. 250 TSI 1.4 Flex 16V 5p Aut,2022,005508-5,Flex,1,F,setembro de 2026 ,gmb55nsx7wdny,"terça-feira, 1 de setembro de 2026 03:44",113458.0
337,1,,,2024,,"R$ 95.215,00",VW - VolksWagen,Polo Highline TSI 1.0 Flex 12V Aut.,2024,005536-0,Flex,1,F,setembro de 2026 ,chbp6q9z05kdwd,"terça-feira, 1 de setembro de 2026 03:44",95215.0
337,1,,,2023,,"R$ 66.985,00",VW - VolksWagen,Saveiro Robust 1.6 Total Flex 16V ,2023,005538-7,Flex,1,F,setembro de 2026 ,4nqgkhkmcbdr5,"terça-feira, 1 de setembro de 2026 03:44",66985.0
337,1,,,2024,,"R$ 82.227,00",VW - VolksWagen,Saveiro Robust 1.6 Total Flex 16V CD,2024,005537-9,Flex,1,F,setembro de 2026 ,cbffgpl4n5ydwd,"terça-feira, 1 de setembro de 2026 03:44",82227.0
337,1,,,2026,,"R$ 98.866,00",VW - VolksWagen,Saveiro Robust 1.6 Total Flex 16V CD,2026,005537-9,Flex,1,F,setembro de 2026 ,cjqh7lw28pnd2v,"terça-feira, 1 de setembro de 2026 03:44",98866.0
337,1,,,2023,,"R$ 68.766,00",VW - VolksWagen,Polo 1.0 MPI Flex 12V 5p,2023,005533-6,Flex,1,F,setembro de 2026 ,5bls2plcpxdr5,"terça-feira, 1 de setembro de 2026 03:44",68766.0
337,1,,,2024,,"R$ 73.635,00",VW - VolksWagen,Saveiro Robust 1.6 Total Flex 16V ,2024,005538-7,Flex,1,F,setembro de 2026 ,65pjtrvh2xdwd,"terça-feira, 1 de setembro de 2026 03:44",73635.0
337,1,,,2026,,"R$ 86.055,00",VW - VolksWagen,Saveiro Robust 1.6 Total Flex 16V ,2026,005538-7,Flex,1,F,setembro de 2026 ,ccv9tw86rv4d2v,"terça-feira, 1 de setembro de 2026 03:44",86055.0
337,1,,,2025,,"R$ 89.323,00",VW - VolksWagen,Saveiro Robust 1.6 Total Flex 16V CD,2025,005537-9,Flex,1,F,setembro de 2026 ,cd3mm84sfbgdzm,"terça-feira, 1 de setembro de 2026 03:44",89323.0
337,1,,,2023,,"R$ 65.262,00",VW - VolksWagen,Polo Track 1.0 Flex 12V 5p,2023,005540-9,Flex,1,F,setembro de 2026 ,30h6kcq0dbdr5,"terça-feira, 1 de setembro de 2026 03:44",65262.0
337,1,,,2024,,"R$ 68.570,00",VW - VolksWagen,Polo Track 1.0 Flex 12V 5p,2024,005540-9,Flex,1,F,setembro de 2026 ,479kmz8j8wdwd,"terça-feira, 1 de setembro de 2026 03:44",68570.0
337,1,,,2025,,"R$ 80.345,00",VW - VolksWagen,Saveiro Robust 1.6 Total Flex 16V ,2025,005538-7,Flex,1,F,setembro de 2026 ,9qcd4pk7l5dzm,"terça-feira, 1 de setembro de 2026 03:44",80345.0
337,1,,,2025,,"R$ 74.594,00",VW - VolksWagen,Polo Track 1.0 Flex 12V 5p,2025,005540-9,Flex,1,F,setembro de 2026 ,7jx3d0v26hdzm,"terça-feira, 1 de setembro de 2026 03:44",74594.0
337,1,,,2024,,"R$ 88.469,00",VW - VolksWagen,VIRTUS TSI 1.0 Flex 12V 4p Mec.,2024,005542-5,Flex,1,F,setembro de 2026 ,cdsl7ssttpxdwd,"terça-feira, 1 de setembro de 2026 03:44",88469.0
337,1,,,2026,,"R$ 98.849,00",VW - VolksWagen,VIRTUS TSI 1.0 Flex 12V 4p Mec.,2026,005542-5,Flex,1,F,setembro de 2026 ,cjp911w0sd3d2v,"terça-feira, 1 de setembro de 2026 03:44",98849.0
337,1,,,2025,,"R$ 95.793,00",VW - VolksWagen,VIRTUS TSI 1.0 Flex 12V 4p Mec.,2025,005542-5,Flex,1,F,setembro de 2026 ,chkg9dfrqv6dzm,"terça-feira, 1 de setembro de 2026 03:45",95793.0
337,1,,,2024,,"R$ 95.529,00",VW - VolksWagen,VIRTUS TSI 1.0 Flex 12V 4p Aut.,2024,005543-3,Flex,1,F,setembro de 2026 ,chgdbrqz18ddwd,"terça-feira, 1 de setembro de 2026 03:45",95529.0
337,1,,,2026,,"R$ 112.869,00",VW - VolksWagen,VIRTUS TSI 1.0 Flex 12V 4p Aut.,2026,005543-3,Flex,1,F,setembro de 2026 ,glnsh684ttd2v,"terça-feira, 1 de setembro de 2026 03:45",112869.0
337,1,,,2025,,"R$ 101.965,00",VW - VolksWagen,VIRTUS TSI 1.0 Flex 12V 4p Aut.,2025,005543-3,Flex,1,F,setembro de 2026 ,f5wgcpryyydzm,"terça-feira, 1 de setembro de 2026 03:45",101965.0
337,1,,,2026,,"R$ 136.105,00",VW - VolksWagen,VIRTUS Exclusive 250TSI 1.4 Flex 16V Aut,2026,005544-1,Flex,1,F,setembro de 2026 ,hgxbtjf9q8d2v,"terça-feira, 1 de setembro de 2026 03:45",136105.0
337,1,,,2026,,"R$ 115.683,00",VW - VolksWagen,Tera Comfort 1.0 170 TSI Flex 12V 5p Aut,2026,005555-7,Flex,1,F,setembro de 2026 ,gpy16nd9pvd2v,"terça-feira, 1 de setembro de 2026 03:45",115683.0
337,1,,,2024,,"R$ 201.396,00",VW - VolksWagen,TIGUAN Allspac R-Line 300 TSI 2.0 ,2024,005547-6,Gasolina,1,G,setembro de 2026 ,kyggt3j1b0dt3,"terça-feira, 1 de setembro de 2026 03:45",201396.0
337,1,,,2026,,"R$ 131.411,00",VW - VolksWagen,Tera High 1.0 170 TSI Flex 12V 5p Aut,2026,005556-5,Flex,1,F,setembro de 2026 ,g9dqtr0lcvd2v,"terça-feira, 1 de setembro de 2026 03:45",131411.0
337,1,,,2023,,"R$ 247.375,00",Audi,Q5 Prestige 2.0 TFSI Quattro S tronic,2023,008238-4,Gasolina,1,G,setembro de 2026 ,mpcnyh5f1gdqw,"terça-feira, 1 de setembro de 2026 03:45",247375.0
337,1,,,2026,,"R$ 80.682,00",VW - VolksWagen,Polo Track 1.0 Flex 12V 5p,2026,005540-9,Flex,1,F,setembro de 2026 ,9t9w9wdvzfd2v,"terça-feira, 1 de setembro de 2026 03:45",80682.0
337,1,,,2023,,"R$ 170.776,00",Audi,A4 Prestige 2.0 TFSI S-tronic,2023,008247-3,Gasolina,1,G,setembro de 2026 ,jskjkxhgf9dqw,"terça-feira, 1 de setembro de 2026 03:45",170776.0
337,1,,,2023,,"R$ 248.662,00",Audi,Q5 S-Line 2.0 TFSI Quattro S-tronic 252cv/265cv,2023,008248-1,Gasolina,1,G,setembro de 2026 ,mqwf2nydrgdqw,"terça-feira, 1 de setembro de 2026 03:45",248662.0
337,1,,,2022,,"R$ 375.111,00",Audi,Q8 Perf.Black 3.0 TFSI Quat. S-tr/(Híb.),2022,008250-3,Híbrido,1,H,setembro de 2026 ,sh4g7hdq8xdn8,"terça-feira, 1 de setembro de 2026 03:45",375111.0
337,1,,,2024,,"R$ 291.092,00",Audi,Q5 S-Line 2.0 TFSI Quattro S-tronic 252cv/265cv,2024,008248-1,Gasolina,1,G,setembro de 2026 ,pbmnbhh2stdt3,"terça-feira, 1 de setembro de 2026 03:45",291092.0
337,1,,,2022,,"R$ 240.950,00",Audi,Q5 Sportback S-Line 2.0 TFSI Quattro S-tronic,2022,008271-6,Gasolina,1,G,setembro de 2026 ,mft4jwmsf0dmn,"terça-feira, 1 de setembro de 2026 03:45",240950.0
337,1,,,2024,,"R$ 208.006,00",Audi,A3 Sportb. S-Line 2.0 TFSI S-Tron.(Híb.),2024,008278-3,Híbrido,1,H,setembro de 2026 ,k56qppjtztdwq,"terça-feira, 1 de setembro de 2026 03:45",208006.0
337,1,,,2024,,"R$ 209.866,00",Audi,A3 Sed.Perf. Black 2.0 TFSI S-tr. (Hib.),2024,008256-2,Híbrido,1,H,setembro de 2026 ,k8dbgdnc2sdwq,"terça-feira, 1 de setembro de 2026 03:45",209866.0
337,1,,,2021,,"R$ 315.908,00",Audi,Q7 S-Line 3.0 V6 TFSI Quattro Tiptronic,2021,008261-9,Gasolina,1,G,setembro de 2026 ,p8qmw94y0kdjf,"terça-feira, 1 de setembro de 2026 03:45",315908.0
337,1,,,2025,,"R$ 104.181,00",VW - VolksWagen,Saveiro Extreme 1.6 Flex 16V CD,2025,005546-8,Flex,1,F,setembro de 2026 ,f8gz792fv5dzm,"terça-feira, 1 de setembro de 2026 03:45",104181.0
337,1,,,2024,,"R$ 253.864,00",Audi,Q3 Perf. Black 2.0 TFSI Tiptr. Quattro,2024,008280-5,Gasolina,1,G,setembro de 2026 ,mxzjgl0489dt3,"terça-feira, 1 de setembro de 2026 03:45",253864.0
337,1,,,2023,,"R$ 232.721,00",Audi,Q3 Perf. Black 2.0 TFSI Tiptr. Quattro,2023,008280-5,Gasolina,1,G,setembro de 2026 ,l351gl7mksdqw,"terça-feira, 1 de setembro de 2026 03:45",232721.0
337,1,,,2024,,"R$ 201.521,00",Audi,A3 Sedan S-Line 2.0 TFSI  S-Tron.(Híb.),2024,008279-1,Híbrido,1,H,setembro de 2026 ,kyl0n91xj8dwq,"terça-feira, 1 de setembro de 2026 03:45",201521.0
337,1,,,2024,,"R$ 244.679,00",Audi,Q3 SPB Performance 2.0 TFSI Tipt. Quatt.,2024,008282-1,Gasolina,1,G,setembro de 2026 ,mk6n6r1m4pdt3,"terça-feira, 1 de setembro de 2026 03:45",244679.0
337,1,,,2024,,"R$ 258.109,00",Audi,Q3 SPB Perf. Black 2.0 TFSI Tipt. Quat.,2024,008283-0,Gasolina,1,G,setembro de 2026 ,m2ytj1qfl2dt3,"terça-feira, 1 de setembro de 2026 03:45",258109.0
337,1,,,2023,,"R$ 228.056,00",Audi,Q3 SPB Perf. Black 2.0 TFSI Tipt. Quat.,2023,008283-0,Gasolina,1,G,setembro de 2026 ,lyqg4tb09vdqw,"terça-feira, 1 de setembro de 2026 03:45",228056.0
337,1,,,2023,,"R$ 187.345,00",Audi,A4 S Line 2.0  TFSI 204cv S Tonic,2023,008281-3,Gasolina,1,G,setembro de 2026 ,kdzrsn9vn7dqw,"terça-feira, 1 de setembro de 2026 03:45",187345.0
337,1,,,2025,,"R$ 288.043,00",Audi,Q3 Performance 2.0 TFSI Tiptr. Quattro,2025,008284-8,Gasolina,1,G,setembro de 2026 ,n61tvpdy60dyb,"terça-feira, 1 de setembro de 2026 03:45",288043.0
337,1,,,2024,,"R$ 226.226,00",Audi,A3 Sportb. Perf. Black 2.0 S-tron.(Híb.),2024,008275-9,Híbrido,1,H,setembro de 2026 ,lwky5ynfkgdwq,"terça-feira, 1 de setembro de 2026 03:45",226226.0
337,1,,,2024,,"R$ 328.293,00",Audi,Q5 SB P Black. 2.0 TFSIe S.Tr. Qt (Hib.),2024,008287-2,Híbrido,1,H,setembro de 2026 ,qq7sr9y57ndwq,"terça-feira, 1 de setembro de 2026 03:45",328293.0
337,1,,,2023,,"R$ 277.551,00",Audi,Q5 Performance 2.0 TFSIe S.Tr. Qt (Hib.),2023,008288-0,Híbrido,1,H,setembro de 2026 ,ntrgx1m3yxdsh,"terça-feira, 1 de setembro de 2026 03:45",277551.0
337,1,,,2024,,"R$ 313.125,00",Audi,Q5 Performance 2.0 TFSIe S.Tr. Qt (Hib.),2024,008288-0,Híbrido,1,H,setembro de 2026 ,p5gg4pbb9pdwq,"terça-feira, 1 de setembro de 2026 03:45",313125.0
337,1,,,2023,,"R$ 212.756,00",Audi,Q3 Performance 2.0 TFSI Tiptr. Quattro,2023,008284-8,Gasolina,1,G,setembro de 2026 ,lcscshgx76dqw,"terça-feira, 1 de setembro de 2026 03:45",212756.0
337,1,,,2024,,"R$ 229.858,00",Audi,Q3 Prestige 2.0 TFSI Tiptr.Quatro ,2024,008289-9,Gasolina,1,G,setembro de 2026 ,l0tzkmb8x4dt3,"terça-feira, 1 de setembro de 2026 03:45",229858.0
337,1,,,2025,,"R$ 428.950,00",Audi,Q5 S-Line 2.0 TFSI Quattro S-tronic 272cv,2025,008319-4,Gasolina,1,G,setembro de 2026 ,vj8cm6r4l7dyb,"terça-feira, 1 de setembro de 2026 03:45",428950.0
337,1,,,2024,,"R$ 267.623,00",Audi,A5 Sportb. S Line 2.0 TFSI Quatt. (Híb.),2024,008301-1,Híbrido,1,H,setembro de 2026 ,nf3mhm1j93dwq,"terça-feira, 1 de setembro de 2026 03:45",267623.0
337,1,,,2022,,"R$ 196.257,00",BMW,320iA 2.0 Turbo/ActiveFlex 16V/GP  4p,2022,009164-2,Gasolina,1,G,setembro de 2026 ,krfpfr3j4tdmn,"terça-feira, 1 de setembro de 2026 03:45",196257.0
337,1,,,2025,,"R$ 251.288,00",Audi,Q3 Prestige 2.0 TFSI Tiptr.Quatro ,2025,008289-9,Gasolina,1,G,setembro de 2026 ,mtywyb9t3sdyb,"terça-feira, 1 de setembro de 2026 03:45",251288.0
337,1,,,2023,,"R$ 229.809,00",BMW,320iA 2.0 Turbo/ActiveFlex 16V/GP  4p,2023,009164-2,Gasolina,1,G,setembro de 2026 ,l0r6b228vzdqw,"terça-feira, 1 de setembro de 2026 03:45",229809.0
337,1,,,2025,,"R$ 288.246,00",BMW,320iA 2.0 Turbo/ActiveFlex 16V/GP  4p,2025,009164-2,Gasolina,1,G,setembro de 2026 ,n686lbxr60dyb,"terça-feira, 1 de setembro de 2026 03:45",288246.0
337,1,,,2023,,"R$ 281.317,00",Audi,Q5 SB P Black. 2.0 TFSIe S.Tr. Qt (Hib.),2023,008287-2,Híbrido,1,H,setembro de 2026 ,ny5b885r9zdsh,"terça-feira, 1 de setembro de 2026 03:45",281317.0
337,1,,,2023,,"R$ 242.795,00",BMW,320iA Modern/Sport TB 2.0/A.Flex/GP 4p,2023,009165-0,Gasolina,1,G,setembro de 2026 ,mhz6dp111ndqw,"terça-feira, 1 de setembro de 2026 03:45",242795.0
337,1,,,2022,,"R$ 163.660,00",BMW,X1 SDRIVE 20i 2.0/2.0 TB Acti.Flex Aut.,2022,009172-3,Gasolina,1,G,setembro de 2026 ,jh6wk1zpm5dmn,"terça-feira, 1 de setembro de 2026 03:45",163660.0
337,1,,,2024,,"R$ 280.681,00",BMW,320iA 2.0 TB M Sport A.Flex/M.Sport 4p,2024,009213-4,Flex,1,F,setembro de 2026 ,nyd7n548wsdwd,"terça-feira, 1 de setembro de 2026 03:45",280681.0
337,1,,,2025,,"R$ 312.819,00",BMW,320iA 2.0 TB M Sport A.Flex/M.Sport 4p,2025,009213-4,Flex,1,F,setembro de 2026 ,p43cb9dtk4dzm,"terça-feira, 1 de setembro de 2026 03:45",312819.0
337,1,,,2021,,"R$ 148.462,00",BMW,X1 SDRIVE 20i 2.0/2.0 TB Acti.Flex Aut.,2021,009172-3,Gasolina,1,G,setembro de 2026 ,hydg4jy9x1djf,"terça-feira, 1 de setembro de 2026 03:45",148462.0
337,1,,,2023,,"R$ 260.024,00",BMW,320iA 2.0 TB M Sport A.Flex/M.Sport 4p,2023,009213-4,Flex,1,F,setembro de 2026 ,m46d8w6h43dr5,"terça-feira, 1 de setembro de 2026 03:45",260024.0
337,1,,,2020,,"R$ 277.787,00",BMW,540i M Sport 3.0 Turbo 340cv Aut.,2020,009225-8,Gasolina,1,G,setembro de 2026 ,nt01vd3xwtdd6,"terça-feira, 1 de setembro de 2026 03:45",277787.0
337,1,,,2023,,"R$ 308.883,00",BMW,530e M Sport 2.0 Turbo Aut. (Híbrido),2023,009238-0,Híbrido,1,H,setembro de 2026 ,p0g9f11t37dsh,"terça-feira, 1 de setembro de 2026 03:45",308883.0
337,1,,,2025,,"R$ 291.370,00",BMW,X1 SDRIVE 20i X-Line 2.0 TB Aut.,2025,009303-3,Gasolina,1,G,setembro de 2026 ,pbyrkwbwxndyb,"terça-feira, 1 de setembro de 2026 03:45",291370.0
337,1,,,2025,,"R$ 635.388,00",BMW,X5 XDRIVE 50e 3.0 M Sport Aut. (Hibrido),2025,009307-6,Híbrido,1,H,setembro de 2026 ,3b9rwd320xdzy,"terça-feira, 1 de setembro de 2026 03:46",635388.0
337,1,,,2025,,"R$ 383.977,00",BMW,X4 XDRIVE 30i M-Sport 2.0 TB 252cv Aut,2025,009236-3,Gasolina,1,G,setembro de 2026 ,svjq1t7flxdyb,"terça-feira, 1 de setembro de 2026 03:46",383977.0
337,1,,,2024,,"R$ 94.035,00",Citroën,C4 CACTUS FEEL Pack 1.6 16V Flex Aut.,2024,011197-0,Flex,1,F,setembro de 2026 ,cgwv908mpcrsw,"terça-feira, 1 de setembro de 2026 03:46",94035.0
337,1,,,2022,,"R$ 239.390,00",BMW,X3 XDRIVE 30e X-Line Turbo Aut. (Híb.),2022,009272-0,Híbrido,1,H,setembro de 2026 ,mc0fsy70x7dn8,"terça-feira, 1 de setembro de 2026 03:46",239390.0
337,1,,,2022,,"R$ 180.240,00",Citroën,Ë-Jumpy Cargo 136cv (Elétrico),2022,011218-6,Elétrico,1,E,setembro de 2026 ,j4nh5136cgdnm,"terça-feira, 1 de setembro de 2026 03:46",180240.0
337,1,,,2023,,"R$ 60.369,00",Citroën,C3 Live Pack 1.0 Flex 6V 5p Mec.,2023,011223-2,Flex,1,F,setembro de 2026 ,144rc7hcz9dr5,"terça-feira, 1 de setembro de 2026 03:46",60369.0
337,1,,,2024,,"R$ 64.402,00",Citroën,C3 Live Pack 1.0 Flex 6V 5p Mec.,2024,011223-2,Flex,1,F,setembro de 2026 ,3pfmf7z4rsdwd,"terça-feira, 1 de setembro de 2026 03:46",64402.0
337,1,,,2023,,"R$ 77.377,00",Citroën,C4 CACTUS FEEL 1.6 16V Flex Aut.,2023,011198-8,Flex,1,F,setembro de 2026 ,8lkm1c9wq6pn,"terça-feira, 1 de setembro de 2026 03:46",77377.0
337,1,,,2024,,"R$ 67.096,00",Citroën,C3 Feel 1.0 Flex 6V 5p Mec.,2024,011224-0,Flex,1,F,setembro de 2026 ,4p0s75bhcydwd,"terça-feira, 1 de setembro de 2026 03:46",67096.0
337,1,,,2025,,"R$ 69.335,00",Citroën,C3 Live Pack 1.0 Flex 6V 5p Mec.,2025,011223-2,Flex,1,F,setembro de 2026 ,5j8l946dgfdzm,"terça-feira, 1 de setembro de 2026 03:46",69335.0
337,1,,,2024,,"R$ 79.575,00",Citroën,C3 Feel Pack 1.6 Flex 16V 5p Aut.,2024,011226-7,Flex,1,F,setembro de 2026 ,9fbj310qw4dwd,"terça-feira, 1 de setembro de 2026 03:46",79575.0
337,1,,,2023,,"R$ 61.084,00",Citroën,C3 Feel 1.0 Flex 6V 5p Mec.,2023,011224-0,Flex,1,F,setembro de 2026 ,2fjmpn63l8dr5,"terça-feira, 1 de setembro de 2026 03:46",61084.0
337,1,,,2025,,"R$ 72.847,00",Citroën,C3 Feel 1.0 Flex 6V 5p Mec.,2025,011224-0,Flex,1,F,setembro de 2026 ,6wf3zt1rfjdzm,"terça-feira, 1 de setembro de 2026 03:46",72847.0
337,1,,,2025,,"R$ 96.462,00",Citroën,AIRCROSS F. Pack 1.0 Flex TB 200 Aut.,2025,011231-3,Flex,1,F,setembro de 2026 ,chtbgdbx3npdzm,"terça-feira, 1 de setembro de 2026 03:46",96462.0
337,1,,,2024,,"R$ 251.745,00",BMW,320iA 2.0 Turbo/ActiveFlex 16V/GP  4p,2024,009164-2,Gasolina,1,G,setembro de 2026 ,mvhhv339ksdt3,"terça-feira, 1 de setembro de 2026 03:46",251745.0
337,1,,,2024,,"R$ 101.086,00",Honda,CITY Sedan LX 1.5 Flex 16V 4p Aut.,2024,014059-7,Flex,1,F,setembro de 2026 ,f4vhyq2swjdwd,"terça-feira, 1 de setembro de 2026 03:46",101086.0
337,1,,,2025,,"R$ 163.861,00",Citroën,Jumpy Cargo 1.5 Turbo Diesel,2025,011216-0,Diesel,1,D,setembro de 2026 ,jjf51wnlzqdyz,"terça-feira, 1 de setembro de 2026 03:46",163861.0
337,1,,,2025,,"R$ 115.044,00",Honda,CITY Sedan EX 1.5 Flex 16V 4p Aut.,2025,014061-9,Flex,1,F,setembro de 2026 ,gn6t6rp3jrdzm,"terça-feira, 1 de setembro de 2026 03:46",115044.0
337,1,,,2024,,"R$ 154.550,00",Honda,HR-V Touring 1.5 Flex TB 16V 5p Aut.,2024,014102-0,Flex,1,F,setembro de 2026 ,h5jrtxcdt0dwd,"terça-feira, 1 de setembro de 2026 03:46",154550.0
337,1,,,2025,,"R$ 94.158,00",Citroën,BASALT Feel 1.0 Flex TB 200 5p Aut.,2025,011239-9,Flex,1,F,setembro de 2026 ,cgx90x6x7wldzm,"terça-feira, 1 de setembro de 2026 03:46",94158.0
337,1,,,2024,,"R$ 105.663,00",Honda,CITY Sedan EX 1.5 Flex 16V 4p Aut.,2024,014061-9,Flex,1,F,setembro de 2026 ,f96v3rg7vydwd,"terça-feira, 1 de setembro de 2026 03:46",105663.0
337,1,,,2025,,"R$ 144.909,00",Honda,HR-V EXL 1.5 Flex Sensing 16V 5p Aut.,2025,014110-0,Flex,1,F,setembro de 2026 ,hs7br7x00gdzm,"terça-feira, 1 de setembro de 2026 03:46",144909.0
337,1,,,2024,,"R$ 115.048,00",Honda,CITY Hatchback EXL 1.5 Flex 16V Aut.,2024,014108-9,Flex,1,F,setembro de 2026 ,gn6zqhgtvwdwd,"terça-feira, 1 de setembro de 2026 03:46",115048.0
337,1,,,2024,,"R$ 197.532,00",Honda,Civic Sed.Touring 2.0 16V Aut. (Híbrido),2024,014112-7,Híbrido,1,H,setembro de 2026 ,ksx01sc3b0dwq,"terça-feira, 1 de setembro de 2026 03:46",197532.0
337,1,,,2025,,"R$ 156.556,00",Honda,ZR-V Touring 2.0 16V 5p Aut.,2025,014114-3,Gasolina,1,G,setembro de 2026 ,h7wn3b15wfdyb,"terça-feira, 1 de setembro de 2026 03:46",156556.0
337,1,,,2025,,"R$ 164.334,00",Honda,HR-V Touring 1.5 Flex TB 16V 5p Aut.,2025,014102-0,Flex,1,F,setembro de 2026 ,jj0c0gzp6tdzm,"terça-feira, 1 de setembro de 2026 03:46",164334.0
337,1,,,2024,,"R$ 105.916,00",Honda,CITY Hatchback EX 1.5 Flex 16V Aut.,2024,014115-1,Flex,1,F,setembro de 2026 ,gbh15wlzd7dwd,"terça-feira, 1 de setembro de 2026 03:46",105916.0
337,1,,,2025,,"R$ 115.135,00",Honda,CITY Hatchback EX 1.5 Flex 16V Aut.,2025,014115-1,Flex,1,F,setembro de 2026 ,gn94q96xffdzm,"terça-feira, 1 de setembro de 2026 03:46",115135.0
337,1,,,2024,,"R$ 99.343,00",Honda,CITY Hatchback LX 1.5 Flex 16V Aut.,2024,014116-0,Flex,1,F,setembro de 2026 ,cjw3l69c4xfdwd,"terça-feira, 1 de setembro de 2026 03:46",99343.0
337,1,,,2024,,"R$ 66.619,00",Hyundai,HB20 Sense 1.0 Flex 12V Mec.,2024,015165-3,Flex,1,F,setembro de 2026 ,4jffm1mp75sw,"terça-feira, 1 de setembro de 2026 03:46",66619.0
337,1,,,2023,,"R$ 62.788,00",Hyundai,HB20 Sense 1.0 Flex 12V Mec.,2023,015165-3,Flex,1,F,setembro de 2026 ,22hzmg52n8pn,"terça-feira, 1 de setembro de 2026 03:46",62788.0
337,1,,,2024,,"R$ 99.781,00",Hyundai,Creta Action 1.6 16V Flex Aut.,2024,015190-4,Flex,1,F,setembro de 2026 ,cj17tfhd97qsw,"terça-feira, 1 de setembro de 2026 03:46",99781.0
337,1,,,2025,,"R$ 103.160,00",Hyundai,Creta Action 1.6 16V Flex Aut.,2025,015190-4,Flex,1,F,setembro de 2026 ,f68wvdgswcdzm,"terça-feira, 1 de setembro de 2026 03:46",103160.0
337,1,,,2024,,"R$ 109.564,00",Hyundai,Creta Comfort 1.0 TB 12V Flex Aut.,2024,015200-5,Flex,1,F,setembro de 2026 ,ggsnlg6c1vdwd,"terça-feira, 1 de setembro de 2026 03:46",109564.0
337,1,,,2022,,"R$ 61.913,00",Hyundai,HB20 Vision 1.0 Flex 12V Mec.,2022,015168-8,Flex,1,F,setembro de 2026 ,2q7yhyltcdlf,"terça-feira, 1 de setembro de 2026 03:46",61913.0
337,1,,,2025,,"R$ 118.469,00",Hyundai,Creta Comfort 1.0 TB 12V Flex Aut.,2025,015200-5,Flex,1,F,setembro de 2026 ,gs7bb2p9zzdzm,"terça-feira, 1 de setembro de 2026 03:46",118469.0
337,1,,,2026,,"R$ 130.795,00",Hyundai,Creta Comfort 1.0 TB 12V Flex Aut.,2026,015200-5,Flex,1,F,setembro de 2026 ,g8pbq8g5psd2v,"terça-feira, 1 de setembro de 2026 03:46",130795.0
337,1,,,2024,5,"R$ 72.922,00",VW - VolksWagen,Polo 1.0 MPI Flex 12V 5p,2024,005533-6,Flex,1,F,setembro de 2026 ,6xbc1xcbt7dwd,"terça-feira, 1 de setembro de 2026 03:46",72922.0
337,1,,,2025,,"R$ 145.283,00",Hyundai,Creta Ultimate 2.0 16V Flex Aut.,2025,015201-3,Flex,1,F,setembro de 2026 ,htnx5wpd04dzm,"terça-feira, 1 de setembro de 2026 03:46",145283.0
337,1,,,2024,,"R$ 128.196,00",Hyundai,Creta Platinum 1.0 TB 12V Flex Aut.,2024,015202-1,Flex,1,F,setembro de 2026 ,g5mv9n025tdwd,"terça-feira, 1 de setembro de 2026 03:46",128196.0
337,1,,,2023,,"R$ 117.171,00",Hyundai,Creta Platinum 1.0 TB 12V Flex Aut.,2023,015202-1,Flex,1,F,setembro de 2026 ,grp4tn6kfhdr5,"terça-feira, 1 de setembro de 2026 03:46",117171.0
337,1,,,2024,,"R$ 137.136,00",Hyundai,Creta Ultimate 2.0 16V Flex Aut.,2024,015201-3,Flex,1,F,setembro de 2026 ,hh3thszhm7dwd,"terça-feira, 1 de setembro de 2026 03:46",137136.0
337,1,,,2026,,"R$ 145.111,00",Hyundai,Creta Limited 1.0 TB 12V Flex Aut.,2026,015203-0,Flex,1,F,setembro de 2026 ,htgpc0ymwxd2v,"terça-feira, 1 de setembro de 2026 03:46",145111.0
337,1,,,2024,,"R$ 115.140,00",Hyundai,Creta Limited 1.0 TB 12V Flex Aut.,2024,015203-0,Flex,1,F,setembro de 2026 ,gpbbcz6c40dwd,"terça-feira, 1 de setembro de 2026 03:46",115140.0
337,1,,,2025,,"R$ 140.992,00",Honda,HR-V EX 1.5 Flex Sensing 16V 5p Aut.,2025,014109-7,Flex,1,F,setembro de 2026 ,hnmy8npy80dzm,"terça-feira, 1 de setembro de 2026 03:46",140992.0
337,1,,,2022,,"R$ 72.339,00",Hyundai,HB20 Platinum 1.0 TB Flex 12V Mec.,2022,015204-8,Flex,1,F,setembro de 2026 ,6phg2mbb4xlf,"terça-feira, 1 de setembro de 2026 03:46",72339.0
337,1,,,2023,,"R$ 88.459,00",Hyundai,HB20S Platinum 1.0 TB Flex 12V Aut.,2023,015206-4,Flex,1,F,setembro de 2026 ,cdshl34wb4ppn,"terça-feira, 1 de setembro de 2026 03:47",88459.0
337,1,,,2025,,"R$ 126.389,00",Hyundai,Creta Limited 1.0 TB 12V Flex Aut.,2025,015203-0,Flex,1,F,setembro de 2026 ,g3h575z9lydzm,"terça-feira, 1 de setembro de 2026 03:47",126389.0
337,1,,,2026,,"R$ 157.963,00",Hyundai,Creta Platinum 1.0 TB 12V Flex Aut.,2026,015202-1,Flex,1,F,setembro de 2026 ,h9jtf21nrfd2v,"terça-feira, 1 de setembro de 2026 03:47",157963.0
337,1,,,2022,,"R$ 78.430,00",Hyundai,HB20S Platinum 1.0 TB Flex 12V Aut.,2022,015206-4,Flex,1,F,setembro de 2026 ,8zxcsb7rt3lf,"terça-feira, 1 de setembro de 2026 03:47",78430.0
337,1,,,2026,,"R$ 106.772,00",Hyundai,HB20 Platinum 1.0 TB Flex 12V Aut.,2026,015209-9,Flex,1,F,setembro de 2026 ,gch5phyptfd2v,"terça-feira, 1 de setembro de 2026 03:47",106772.0
337,1,,,2024,,"R$ 133.244,00",Hyundai,Creta N Line 1.0 TB 12V Flex Aut.,2024,015212-9,Flex,1,F,setembro de 2026 ,hckb5f3dw4dwd,"terça-feira, 1 de setembro de 2026 03:47",133244.0
337,1,,,2026,,"R$ 163.048,00",Hyundai,Creta N Line 1.0 TB 12V Flex Aut.,2026,015212-9,Flex,1,F,setembro de 2026 ,jhhmz75tbvd2v,"terça-feira, 1 de setembro de 2026 03:47",163048.0
337,1,,,2025,,"R$ 147.427,00",Hyundai,Creta N Line 1.0 TB 12V Flex Aut.,2025,015212-9,Flex,1,F,setembro de 2026 ,hw5vylh9dddzm,"terça-feira, 1 de setembro de 2026 03:47",147427.0
337,1,,,2024,,"R$ 75.226,00",Hyundai,HB20 Limited 1.0 Flex 12V Mec.,2024,015213-7,Flex,1,F,setembro de 2026 ,7sbtjbxz0nsw,"terça-feira, 1 de setembro de 2026 03:47",75226.0
337,1,,,2024,,"R$ 81.842,00",Hyundai,HB20 Comfort 1.0 TB Flex 12V Aut,2024,015214-5,Flex,1,F,setembro de 2026 ,98xjplz0p7sw,"terça-feira, 1 de setembro de 2026 03:47",81842.0
337,1,,,2026,,"R$ 81.799,00",Hyundai,HB20 Limited 1.0 Flex 12V Mec.,2026,015213-7,Flex,1,F,setembro de 2026 ,98dw5ynngt0b,"terça-feira, 1 de setembro de 2026 03:47",81799.0
337,1,,,2024,,"R$ 89.848,00",Hyundai,HB20 Platinum 1.0 TB Flex 12V Aut.,2024,015209-9,Flex,1,F,setembro de 2026 ,cd9sgry7znpsw,"terça-feira, 1 de setembro de 2026 03:47",89848.0
337,1,,,2023,,"R$ 65.509,00",Hyundai,HB20 Comfort 1.0 TB Flex 12V Mec,2023,015216-1,Flex,1,F,setembro de 2026 ,33dznc0ps4pn,"terça-feira, 1 de setembro de 2026 03:47",65509.0
337,1,,,2024,,"R$ 70.180,00",Hyundai,HB20 Comfort 1.0 Flex 12V Mec.,2024,015215-3,Flex,1,F,setembro de 2026 ,5v5rd5pxf0sw,"terça-feira, 1 de setembro de 2026 03:47",70180.0
337,1,,,2023,,"R$ 78.751,00",Hyundai,HB20S Comfort 1.0 TB Flex 12V Aut.,2023,015217-0,Flex,1,F,setembro de 2026 ,83n1njrcm5dr5,"terça-feira, 1 de setembro de 2026 03:47",78751.0
337,1,,,2024,,"R$ 85.246,00",Hyundai,HB20S Comfort 1.0 TB Flex 12V Aut.,2024,015217-0,Flex,1,F,setembro de 2026 ,ccktsf5sykrdwd,"terça-feira, 1 de setembro de 2026 03:47",85246.0
337,1,,,2023,,"R$ 70.593,00",Hyundai,HB20S Comfort 1.0  Flex 12V Mec.,2023,015218-8,Flex,1,F,setembro de 2026 ,500vxd9ws4dr5,"terça-feira, 1 de setembro de 2026 03:47",70593.0
337,1,,,2026,,"R$ 80.775,00",Hyundai,HB20 Comfort 1.0 Flex 12V Mec.,2026,015215-3,Flex,1,F,setembro de 2026 ,9wdp6kk0rw0b,"terça-feira, 1 de setembro de 2026 03:47",80775.0
337,1,,,2023,,"R$ 63.784,00",Hyundai,HB20 Comfort 1.0 Flex 12V Mec.,2023,015215-3,Flex,1,F,setembro de 2026 ,3f5z3nx6ldpn,"terça-feira, 1 de setembro de 2026 03:47",63784.0
337,1,,,2024,,"R$ 91.186,00",Hyundai,HB20 Plat. Safety 1.0 TB Flex 12V Aut.,2024,015233-1,Flex,1,F,setembro de 2026 ,cftgsrg1w50dwd,"terça-feira, 1 de setembro de 2026 03:47",91186.0
337,1,,,2024,,"R$ 75.910,00",Hyundai,HB20S Comfort 1.0  Flex 12V Mec.,2024,015218-8,Flex,1,F,setembro de 2026 ,71cfjb5glqdwd,"terça-feira, 1 de setembro de 2026 03:47",75910.0
337,1,,,2026,,"R$ 85.737,00",Hyundai,HB20S Comfort 1.0  Flex 12V Mec.,2026,015218-8,Flex,1,F,setembro de 2026 ,ccrk7tpqxqqd2v,"terça-feira, 1 de setembro de 2026 03:47",85737.0
337,1,,,2025,,"R$ 128.213,00",Honda,CITY Sedan Touring 1.5 Flex 16V 4p Aut.,2025,014106-2,Flex,1,F,setembro de 2026 ,g5nhggvhbjdzm,"terça-feira, 1 de setembro de 2026 03:47",128213.0
337,1,,,2024,,"R$ 75.853,00",Hyundai,HB20 Limited Plus 1.0 Flex 12V Mec.,2024,015235-8,Flex,1,F,setembro de 2026 ,70pp8k6kcxdwd,"terça-feira, 1 de setembro de 2026 03:47",75853.0
337,1,,,2025,,"R$ 77.984,00",Hyundai,HB20 Limited Plus 1.0 Flex 12V Mec.,2025,015235-8,Flex,1,F,setembro de 2026 ,8tn8fsnydmdzm,"terça-feira, 1 de setembro de 2026 03:47",77984.0
337,1,,,2024,,"R$ 83.809,00",Hyundai,HB20 Comfort Plus 1.0 TB Flex 12V Aut.,2024,015236-6,Flex,1,F,setembro de 2026 ,cb0zgy7j2vqdwd,"terça-feira, 1 de setembro de 2026 03:47",83809.0
337,1,,,2025,,"R$ 142.353,00",Hyundai,Creta Plat. Safety 1.0 TB 12V Flex Aut.,2025,015237-4,Flex,1,F,setembro de 2026 ,hp7fsmdk0ddzm,"terça-feira, 1 de setembro de 2026 03:47",142353.0
337,1,,,2024,,"R$ 127.809,00",Hyundai,Creta Plat. Safety 1.0 TB 12V Flex Aut.,2024,015237-4,Flex,1,F,setembro de 2026 ,g45s7ypz9tdwd,"terça-feira, 1 de setembro de 2026 03:47",127809.0
337,1,,,2025,,"R$ 101.043,00",Hyundai,HB20S Plat. Safety 1.0 TB Flex 12V Aut.,2025,015238-2,Flex,1,F,setembro de 2026 ,f4syhrqskndzm,"terça-feira, 1 de setembro de 2026 03:47",101043.0
337,1,,,2025,,"R$ 91.416,00",Hyundai,HB20 Comfort Plus 1.0 TB Flex 12V Aut.,2025,015236-6,Flex,1,F,setembro de 2026 ,cfw5c85lrjndzm,"terça-feira, 1 de setembro de 2026 03:47",91416.0
337,1,,,2025,,"R$ 77.993,00",Hyundai,HB20S Comfort Plus 1.0 Flex 12V Mec.,2025,015239-0,Flex,1,F,setembro de 2026 ,8tsjvfrw14dzm,"terça-feira, 1 de setembro de 2026 03:47",77993.0
337,1,,,2024,,"R$ 66.142,00",Hyundai,HB20 Sense Plus 1.0 Flex 12V Mec.,2024,015234-0,Flex,1,F,setembro de 2026 ,4bt10c1cwvdwd,"terça-feira, 1 de setembro de 2026 03:47",66142.0
337,1,,,2024,,"R$ 75.542,00",Hyundai,HB20S Comfort Plus 1.0 Flex 12V Mec.,2024,015239-0,Flex,1,F,setembro de 2026 ,7w1n11ldstdwd,"terça-feira, 1 de setembro de 2026 03:47",75542.0
337,1,,,2024,,"R$ 86.410,00",Hyundai,HB20S Comfort Plus 1.0 TB Flex 12V Aut,2024,015240-4,Flex,1,F,setembro de 2026 ,cc0gvwsbs2ydwd,"terça-feira, 1 de setembro de 2026 03:47",86410.0
337,1,,,2024,,"R$ 77.833,00",Hyundai,HB20S Limited Plus 1.0  Flex 12V Mec.,2024,015242-0,Flex,1,F,setembro de 2026 ,8rxc1bxb4sdwd,"terça-feira, 1 de setembro de 2026 03:47",77833.0
337,1,,,2024,,"R$ 94.238,00",Hyundai,HB20S Plat. Safety 1.0 TB Flex 12V Aut.,2024,015238-2,Flex,1,F,setembro de 2026 ,cgy73brtp4zdwd,"terça-feira, 1 de setembro de 2026 03:47",94238.0
337,1,,,2025,,"R$ 127.439,00",Hyundai,Creta Limit. Safety 1.0 TB 12V Flex Aut.,2025,015243-9,Flex,1,F,setembro de 2026 ,g4rcb13n1pdzm,"terça-feira, 1 de setembro de 2026 03:47",127439.0
337,1,,,2025,,"R$ 80.511,00",Hyundai,HB20S Limited Plus 1.0  Flex 12V Mec.,2025,015242-0,Flex,1,F,setembro de 2026 ,9r9rkj745qdzm,"terça-feira, 1 de setembro de 2026 03:47",80511.0
337,1,,,2025,,"R$ 94.299,00",Hyundai,HB20S Comfort Plus 1.0 TB Flex 12V Aut,2025,015240-4,Flex,1,F,setembro de 2026 ,cgzy8nqdc0cdzm,"terça-feira, 1 de setembro de 2026 03:47",94299.0
337,1,,,2024,,"R$ 109.562,00",Hyundai,Creta Comfort Plus 1.0 TB 12V Flex Aut.,2024,015244-7,Flex,1,F,setembro de 2026 ,ggslblnfhjdwd,"terça-feira, 1 de setembro de 2026 03:47",109562.0
337,1,,,2025,,"R$ 118.321,00",Hyundai,Creta Comfort Plus 1.0 TB 12V Flex Aut.,2025,015244-7,Flex,1,F,setembro de 2026 ,gs1ylhkdc9dzm,"terça-feira, 1 de setembro de 2026 03:47",118321.0
337,1,,,2024,,"R$ 70.213,00",Hyundai,HB20 Comfort Plus 1.0 Flex 12V Mec.,2024,015245-5,Flex,1,F,setembro de 2026 ,5wkq7k7s3kdwd,"terça-feira, 1 de setembro de 2026 03:47",70213.0
337,1,,,2025,,"R$ 90.134,00",Hyundai,HB20 Comf. Plus Tech 1.0 TB Flex 12V Aut,2025,015246-3,Flex,1,F,setembro de 2026 ,cfd4d8vjtncdzm,"terça-feira, 1 de setembro de 2026 03:47",90134.0
337,1,,,2025,,"R$ 73.300,00",Hyundai,HB20 Comfort Plus 1.0 Flex 12V Mec.,2025,015245-5,Flex,1,F,setembro de 2026 ,61rr55b3tgdzm,"terça-feira, 1 de setembro de 2026 03:47",73300.0
337,1,,,2025,,"R$ 357.947,00",Hyundai,PALISADE Signature 3.8 GDI AWD Aut.,2025,015248-0,Gasolina,1,G,setembro de 2026 ,rv0mlp58nydyb,"terça-feira, 1 de setembro de 2026 03:47",357947.0
337,1,,,2026,,"R$ 99.851,00",Hyundai,HB20 Limited 1.0 TB Flex 12V Aut.,2026,015251-0,Flex,1,F,setembro de 2026 ,cj2174tg5ypd2v,"terça-feira, 1 de setembro de 2026 03:47",99851.0
337,1,,,2025,,"R$ 90.276,00",Hyundai,HB20S Com. Plus Tech 1.0 TB Flex 12V Aut,2025,015247-1,Flex,1,F,setembro de 2026 ,cfgs08m434hdzm,"terça-feira, 1 de setembro de 2026 03:47",90276.0
337,1,,,2025,,"R$ 152.573,00",Hyundai,Creta Ultimate 1.6 TB 16V Aut.,2025,015249-8,Gasolina,1,G,setembro de 2026 ,h26w7d7j9jdyb,"terça-feira, 1 de setembro de 2026 03:47",152573.0
337,1,,,2026,,"R$ 103.933,00",Hyundai,HB20S Limited 1.0  TB Flex 12V Aut.,2026,015252-8,Flex,1,F,setembro de 2026 ,f75zttlt8fd2v,"terça-feira, 1 de setembro de 2026 03:47",103933.0
337,1,,,2026,,"R$ 133.745,00",Hyundai,Creta Comfort Safety 1.0 TB 12V Aut.,2026,015255-2,Flex,1,F,setembro de 2026 ,hc4kn15tzpd2v,"terça-feira, 1 de setembro de 2026 03:48",133745.0
337,1,,,2021,,"R$ 75.813,00",Jeep,Renegade Sport 1.8 4x2 Flex 16V Aut.,2021,017034-8,Flex,1,F,setembro de 2026 ,7z65k0ty34g6,"terça-feira, 1 de setembro de 2026 03:48",75813.0
337,1,,,2024,,"R$ 145.397,00",Jeep,COMPASS LIMITED T270 1.3 TB 4x2 Flex Aut,2024,017070-4,Flex,1,F,setembro de 2026 ,hts2mt8zbbdwd,"terça-feira, 1 de setembro de 2026 03:48",145397.0
337,1,,,2023,,"R$ 133.682,00",Jeep,COMPASS LIMITED T270 1.3 TB 4x2 Flex Aut,2023,017070-4,Flex,1,F,setembro de 2026 ,hc18pjwzdwdr5,"terça-feira, 1 de setembro de 2026 03:48",133682.0
337,1,,,2024,,"R$ 95.408,00",Hyundai,HB20S Platinum 1.0 TB Flex 12V Aut.,2024,015206-4,Flex,1,F,setembro de 2026 ,chdzcdd8klhsw,"terça-feira, 1 de setembro de 2026 03:48",95408.0
337,1,,,2022,,"R$ 116.540,00",Jeep,COMPASS LONG. T270 1.3 TB 4x2 Flex Aut.,2022,017071-2,Flex,1,F,setembro de 2026 ,gqy6t6khxvdny,"terça-feira, 1 de setembro de 2026 03:48",116540.0
337,1,,,2023,,"R$ 126.453,00",Jeep,COMPASS LONG. T270 1.3 TB 4x2 Flex Aut.,2023,017071-2,Flex,1,F,setembro de 2026 ,g3ljcnzmz7dr5,"terça-feira, 1 de setembro de 2026 03:48",126453.0
337,1,,,2026,,"R$ 172.785,00",Hyundai,Creta Ultimate 1.6 TB 16V Aut.,2026,015249-8,Gasolina,1,G,setembro de 2026 ,jvxj63n3tjd1k,"terça-feira, 1 de setembro de 2026 03:48",172785.0
337,1,,,2025,,"R$ 164.563,00",Jeep,COMPASS LIMITED T270 1.3 TB 4x2 Flex Aut,2025,017070-4,Flex,1,F,setembro de 2026 ,jj8p1bx93gdzm,"terça-feira, 1 de setembro de 2026 03:48",164563.0
337,1,,,2021,,"R$ 80.649,00",Jeep,Renegade Longitude 1.8 4x2 Flex 16V Aut.,2021,017035-6,Flex,1,F,setembro de 2026 ,9txxhczy6mg6,"terça-feira, 1 de setembro de 2026 03:48",80649.0
337,1,,,2022,,"R$ 105.068,00",Jeep,COMPASS SPORT T270 1.3 TB 4x2 Flex Aut.,2022,017072-0,Flex,1,F,setembro de 2026 ,f9h7prldthdny,"terça-feira, 1 de setembro de 2026 03:48",105068.0
337,1,,,2023,,"R$ 143.796,00",Jeep,COMPASS LONG. TD 350 2.0 4x4 Diesel Aut.,2023,017075-5,Diesel,1,D,setembro de 2026 ,hrxwptl7spdrj,"terça-feira, 1 de setembro de 2026 03:48",143796.0
337,1,,,2025,,"R$ 164.931,00",Jeep,COMPASS S T270 1.3 TB 4x2 Flex Aut.,2025,017074-7,Flex,1,F,setembro de 2026 ,jkp2pcw9s9dzm,"terça-feira, 1 de setembro de 2026 03:48",164931.0
337,1,,,2025,,"R$ 141.986,00",Jeep,COMPASS LONG. T270 1.3 TB 4x2 Flex Aut.,2025,017071-2,Flex,1,F,setembro de 2026 ,hps28j4w08dzm,"terça-feira, 1 de setembro de 2026 03:48",141986.0
337,1,,,2022,,"R$ 132.277,00",Jeep,COMPASS LIMITED TD 350 2.0 4x4 Die. Aut.,2022,017077-1,Diesel,1,D,setembro de 2026 ,hbd6lpgf0ydm9,"terça-feira, 1 de setembro de 2026 03:48",132277.0
337,1,,,2024,,"R$ 162.697,00",Jeep,COMPASS LONG. TD 350 2.0 4x4 Diesel Aut.,2024,017075-5,Diesel,1,D,setembro de 2026 ,jg2wh0zm21dvr,"terça-feira, 1 de setembro de 2026 03:48",162697.0
337,1,,,2022,,"R$ 152.312,00",Jeep,Commander Limited TD380 2.0 4x4 Die.Aut.,2022,017080-1,Diesel,1,D,setembro de 2026 ,h2xd4v3t6tdm9,"terça-feira, 1 de setembro de 2026 03:48",152312.0
337,1,,,2024,,"R$ 186.155,00",Jeep,Commander Limited TD380 2.0 4x4 Die.Aut.,2024,017080-1,Diesel,1,D,setembro de 2026 ,kclhynh985dvr,"terça-feira, 1 de setembro de 2026 03:48",186155.0
337,1,,,2022,,"R$ 140.313,00",Jeep,Commander Limited T270 1.3 TB Flex Aut.,2022,017081-0,Flex,1,F,setembro de 2026 ,hmt86l0cxkdny,"terça-feira, 1 de setembro de 2026 03:48",140313.0
337,1,,,2024,,"R$ 162.903,00",Jeep,Commander Limited T270 1.3 TB Flex Aut.,2024,017081-0,Flex,1,F,setembro de 2026 ,jhbcmhb6mxdwd,"terça-feira, 1 de setembro de 2026 03:48",162903.0
337,1,,,2023,,"R$ 171.507,00",Jeep,Commander Limited TD380 2.0 4x4 Die.Aut.,2023,017080-1,Diesel,1,D,setembro de 2026 ,jtd27bbj1xdrj,"terça-feira, 1 de setembro de 2026 03:48",171507.0
337,1,,,2023,,"R$ 152.305,00",Jeep,Commander Limited T270 1.3 TB Flex Aut.,2023,017081-0,Flex,1,F,setembro de 2026 ,h2w48cfj0zdr5,"terça-feira, 1 de setembro de 2026 03:48",152305.0
337,1,,,2025,,"R$ 67.807,00",Hyundai,HB20 Sense Plus 1.0 Flex 12V Mec.,2025,015234-0,Flex,1,F,setembro de 2026 ,4zb7hfny7ddzm,"terça-feira, 1 de setembro de 2026 03:48",67807.0
337,1,,,2023,,"R$ 160.174,00",Jeep,Commander Overland T270 1.3 TB Flex Aut.,2023,017082-8,Flex,1,F,setembro de 2026 ,jc35p183s2dr5,"terça-feira, 1 de setembro de 2026 03:48",160174.0
337,1,,,2023,,"R$ 172.292,00",Jeep,Commander Overl. TD380 2.0 4x4 Die. Aut.,2023,017083-6,Diesel,1,D,setembro de 2026 ,jvbmqx2j99drj,"terça-feira, 1 de setembro de 2026 03:48",172292.0
337,1,,,2024,,"R$ 179.146,00",Jeep,Commander Overland T270 1.3 TB Flex Aut.,2024,017082-8,Flex,1,F,setembro de 2026 ,j3crh8bmn2dwd,"terça-feira, 1 de setembro de 2026 03:48",179146.0
337,1,,,2025,,"R$ 171.196,00",Jeep,Commander Limited T270 1.3 TB Flex Aut.,2025,017081-0,Flex,1,F,setembro de 2026 ,js1ss8n215dzm,"terça-feira, 1 de setembro de 2026 03:48",171196.0
337,1,,,2025,,"R$ 215.050,00",Jeep,Commander Overl. TD380 2.0 4x4 Die. Aut.,2025,017083-6,Diesel,1,D,setembro de 2026 ,lggrkl3tlydyz,"terça-feira, 1 de setembro de 2026 03:48",215050.0
337,1,,,2025,,"R$ 130.484,00",Jeep,Renegade Trailhawk T270 1.3 TB Flex Aut.,2025,017086-0,Flex,1,F,setembro de 2026 ,g79096t63gdzm,"terça-feira, 1 de setembro de 2026 03:48",130484.0
337,1,,,2024,,"R$ 101.784,00",Jeep,Renegade Sport T270 1.3 TB 4x2 Flex Aut.,2024,017085-2,Flex,1,F,setembro de 2026 ,f5nwfhnrfbdwd,"terça-feira, 1 de setembro de 2026 03:48",101784.0
337,1,,,2023,,"R$ 112.422,00",Jeep,Renegade S T270 1.3 TB 4x4 Flex Aut.,2023,017087-9,Flex,1,F,setembro de 2026 ,gk4jvs2szpdr5,"terça-feira, 1 de setembro de 2026 03:48",112422.0
337,1,,,2023,,"R$ 97.120,00",Jeep,Renegade Sport T270 1.3 TB 4x2 Flex Aut.,2023,017085-2,Flex,1,F,setembro de 2026 ,ch11mf9v6d4pn,"terça-feira, 1 de setembro de 2026 03:48",97120.0
337,1,,,2024,,"R$ 121.224,00",Jeep,Renegade S T270 1.3 TB 4x4 Flex Aut.,2024,017087-9,Flex,1,F,setembro de 2026 ,gxggknxp3ndwd,"terça-feira, 1 de setembro de 2026 03:48",121224.0
337,1,,,2024,,"R$ 197.685,00",Jeep,Commander Overl. TD380 2.0 4x4 Die. Aut.,2024,017083-6,Diesel,1,D,setembro de 2026 ,ks3lf0l4ycdvr,"terça-feira, 1 de setembro de 2026 03:48",197685.0
337,1,,,2023,,"R$ 100.009,00",Jeep,Renegade Long. T270 1.3 TB 4x2 Flex Aut.,2023,017088-7,Flex,1,F,setembro de 2026 ,f3lcfrmvzrdr5,"terça-feira, 1 de setembro de 2026 03:48",100009.0
337,1,,,2025,,"R$ 115.971,00",Jeep,Renegade Long. T270 1.3 TB 4x2 Flex Aut.,2025,017088-7,Flex,1,F,setembro de 2026 ,gp9jqcbcl6dzm,"terça-feira, 1 de setembro de 2026 03:48",115971.0
337,1,,,2026,,"R$ 136.335,00",Jeep,Renegade Long. T270 1.3 TB 4x2 Flex Aut.,2026,017088-7,Flex,1,F,setembro de 2026 ,hg5py970jnd2v,"terça-feira, 1 de setembro de 2026 03:48",136335.0
337,1,,,2024,,"R$ 108.031,00",Jeep,Renegade Long. T270 1.3 TB 4x2 Flex Aut.,2024,017088-7,Flex,1,F,setembro de 2026 ,gdzx8nspk4dwd,"terça-feira, 1 de setembro de 2026 03:48",108031.0
337,1,,,2025,,"R$ 159.071,00",Jeep,Commander Longitude T270 1.3 TB Flex Aut,2025,017093-3,Flex,1,F,setembro de 2026 ,jbt2wv8p2qdzm,"terça-feira, 1 de setembro de 2026 03:48",159071.0
337,1,,,2022,,"R$ 95.717,00",Jeep,Renegade Long. T270 1.3 TB 4x2 Flex Aut.,2022,017088-7,Flex,1,F,setembro de 2026 ,chjln2crhzblf,"terça-feira, 1 de setembro de 2026 03:48",95717.0
337,1,,,2025,,"R$ 188.201,00",Jeep,COMPASS Black Hurricane 2.0 4x4 TB Aut.,2025,017096-8,Gasolina,1,G,setembro de 2026 ,kfzv87spq1dyb,"terça-feira, 1 de setembro de 2026 03:48",188201.0
337,1,,,2025,,"R$ 211.696,00",Jeep,Commander Overland Hurric 2.0 4x4 TB Aut,2025,017098-4,Gasolina,1,G,setembro de 2026 ,lbjvd8cpr5dyb,"terça-feira, 1 de setembro de 2026 03:48",211696.0
337,1,,,2025,,"R$ 230.127,00",Jeep,Commander Overl. 2.2 TD 4x4 Diesel Aut.,2025,017104-2,Diesel,1,D,setembro de 2026 ,l04rnmxddgdyz,"terça-feira, 1 de setembro de 2026 03:48",230127.0
337,1,,,2025,,"R$ 222.203,00",Jeep,Commander Black Hurricane 2.0 4x4 TB Aut,2025,017099-2,Gasolina,1,G,setembro de 2026 ,lqvq7tcj8tdyb,"terça-feira, 1 de setembro de 2026 03:48",222203.0
337,1,,,2024,,"R$ 295.984,00",Mercedes-Benz,Sprinter 517 VAN E.L.T.A. 18L Die (E6),2024,021506-6,Diesel,1,D,setembro de 2026 ,pjcgd8tfc9dvr,"terça-feira, 1 de setembro de 2026 03:48",295984.0
337,1,,,2023,,"R$ 190.100,00",Mitsubishi,L200 Triton Sport HPE-S 2.4 CD Dies. Aut,2023,022167-8,Diesel,1,D,setembro de 2026 ,kh6wz8bcljdrj,"terça-feira, 1 de setembro de 2026 03:48",190100.0
337,1,,,2025,,"R$ 204.765,00",Mitsubishi,L200 Triton Sport GLS 2.4 CD Diesel Aut.,2025,022164-3,Diesel,1,D,setembro de 2026 ,k2dxwc95ffdyz,"terça-feira, 1 de setembro de 2026 03:48",204765.0
337,1,,,2024,,"R$ 273.061,00",Mitsubishi,Pajero Sport HPE 2.4 4x4 Diesel Aut.,2024,022178-3,Diesel,1,D,setembro de 2026 ,nng8sxrgt2dvr,"terça-feira, 1 de setembro de 2026 03:48",273061.0
337,1,,,2022,,"R$ 111.976,00",Mitsubishi,Eclipse Cross HPE 1.5 16V TB 165cv Aut.,2022,022181-3,Gasolina,1,G,setembro de 2026 ,gkl997tm7fdmn,"terça-feira, 1 de setembro de 2026 03:48",111976.0
337,1,,,2024,,"R$ 136.758,00",Mitsubishi,Eclipse Cross HPE 1.5 16V TB 165cv Aut.,2024,022181-3,Gasolina,1,G,setembro de 2026 ,hhn2lfzc14dt3,"terça-feira, 1 de setembro de 2026 03:49",136758.0
337,1,,,2022,,"R$ 152.351,00",Nissan,Frontier XE CD 4x4 2.3 Bi-TB Diesel Aut.,2022,023159-2,Diesel,1,D,setembro de 2026 ,h2yt23pg7ldm9,"terça-feira, 1 de setembro de 2026 03:49",152351.0
337,1,,,2022,,"R$ 143.028,00",Nissan,Frontier ATTAC.CD 4x4 2.3 Bi-TB Die. Aut,2022,023160-6,Diesel,1,D,setembro de 2026 ,hq0zb0lblhdm9,"terça-feira, 1 de setembro de 2026 03:49",143028.0
337,1,,,2023,,"R$ 134.482,00",Nissan,Frontier S CD 4x4 2.3 TB Diesel Mec.,2023,023161-4,Diesel,1,D,setembro de 2026 ,hd0b22qz7vdrj,"terça-feira, 1 de setembro de 2026 03:49",134482.0
337,1,,,2025,,"R$ 195.916,00",Nissan,Frontier ATTAC.CD 4x4 2.3 Bi-TB Die. Aut,2025,023160-6,Diesel,1,D,setembro de 2026 ,kq086vbtkjdyz,"terça-feira, 1 de setembro de 2026 03:49",195916.0
337,1,,,2024,,"R$ 94.795,00",Nissan,VERSA Advance 1.6 16V Flex Aut.,2024,023175-4,Flex,1,F,setembro de 2026 ,cg5skczr4czsw,"terça-feira, 1 de setembro de 2026 03:49",94795.0
337,1,,,2022,,"R$ 88.571,00",Nissan,KICKS Sense 1.6 16V Flex Aut.,2022,023178-9,Flex,1,F,setembro de 2026 ,cdts923gp3glf,"terça-feira, 1 de setembro de 2026 03:49",88571.0
337,1,,,2026,,"R$ 110.269,00",Nissan,VERSA Advance 1.6 16V Flex Aut.,2026,023175-4,Flex,1,F,setembro de 2026 ,ghl8yqxcl5d2v,"terça-feira, 1 de setembro de 2026 03:49",110269.0
337,1,,,2022,,"R$ 91.289,00",Nissan,KICKS Advance 1.6 16V Flex Aut.,2022,023180-0,Flex,1,F,setembro de 2026 ,cfvn692sblblf,"terça-feira, 1 de setembro de 2026 03:49",91289.0
337,1,,,2024,,"R$ 133.436,00",Jeep,COMPASS LONG. T270 1.3 TB 4x2 Flex Aut.,2024,017071-2,Flex,1,F,setembro de 2026 ,hcsbhw1jycdwd,"terça-feira, 1 de setembro de 2026 03:49",133436.0
337,1,,,2023,,"R$ 98.246,00",Nissan,KICKS Advance 1.6 16V Flex Aut.,2023,023180-0,Flex,1,F,setembro de 2026 ,cjg7wqp494fpn,"terça-feira, 1 de setembro de 2026 03:49",98246.0
337,1,,,2024,,"R$ 103.855,00",Nissan,KICKS Sense 1.6 16V Flex Aut.,2024,023178-9,Flex,1,F,setembro de 2026 ,f724yb3xzndwd,"terça-feira, 1 de setembro de 2026 03:49",103855.0
337,1,,,2024,,"R$ 105.359,00",Nissan,KICKS Advance 1.6 16V Flex Aut.,2024,023180-0,Flex,1,F,setembro de 2026 ,f9vtk6zq5gdwd,"terça-feira, 1 de setembro de 2026 03:49",105359.0
337,1,,,2024,,"R$ 94.635,00",Nissan,KICKS Active 1.6 16V Flex Aut.,2024,023186-0,Flex,1,F,setembro de 2026 ,cg3xdkl0rhkdwd,"terça-feira, 1 de setembro de 2026 03:49",94635.0
337,1,,,2024,,"R$ 111.980,00",Nissan,KICKS Exclusive 1.6 16V Flex Aut.,2024,023181-9,Flex,1,F,setembro de 2026 ,gkmgtzyr8zdwd,"terça-feira, 1 de setembro de 2026 03:49",111980.0
337,1,,,2024,,"R$ 119.118,00",Nissan,Sentra Advance 2.0 16V Aut.,2024,023187-8,Gasolina,1,G,setembro de 2026 ,gtzxl71h82dt3,"terça-feira, 1 de setembro de 2026 03:49",119118.0
337,1,,,2023,,"R$ 113.588,00",Nissan,Sentra Advance 2.0 16V Aut.,2023,023187-8,Gasolina,1,G,setembro de 2026 ,gmhxnhd0pwdqw,"terça-feira, 1 de setembro de 2026 03:49",113588.0
337,1,,,2026,,"R$ 141.117,00",Jeep,Renegade SAHARA T270 1.3 TB 4x2 Flex Aut,2026,017100-0,Flex,1,F,setembro de 2026 ,hnsh3t8cnmd2v,"terça-feira, 1 de setembro de 2026 03:49",141117.0
337,1,,,2026,,"R$ 140.114,00",Nissan,Sentra Advance 2.0 16V Aut.,2026,023187-8,Gasolina,1,G,setembro de 2026 ,hml1zmdw7qd1k,"terça-feira, 1 de setembro de 2026 03:49",140114.0
337,1,,,2025,,"R$ 149.332,00",Nissan,Sentra Exclusive 2.0 16V Aut.,2025,023188-6,Gasolina,1,G,setembro de 2026 ,hzd3d36nj1dyb,"terça-feira, 1 de setembro de 2026 03:49",149332.0
337,1,,,2025,,"R$ 128.564,00",Nissan,Sentra Advance 2.0 16V Aut.,2025,023187-8,Gasolina,1,G,setembro de 2026 ,g517yn2c5fdyb,"terça-feira, 1 de setembro de 2026 03:49",128564.0
337,1,,,2023,,"R$ 127.608,00",Nissan,Sentra Exclu. Int. Premium 2.0 16V Aut.,2023,023189-4,Gasolina,1,G,setembro de 2026 ,g4yhr4dstbdqw,"terça-feira, 1 de setembro de 2026 03:49",127608.0
337,1,,,2025,,"R$ 149.918,00",Nissan,Sentra Exclu. Int. Premium 2.0 16V Aut.,2025,023189-4,Gasolina,1,G,setembro de 2026 ,hz3dpr8w45dyb,"terça-feira, 1 de setembro de 2026 03:49",149918.0
337,1,,,2025,,"R$ 199.429,00",Jeep,Commander Overland T270 1.3 TB Flex Aut.,2025,017082-8,Flex,1,F,setembro de 2026 ,kv4zhyf9rqdzm,"terça-feira, 1 de setembro de 2026 03:49",199429.0
337,1,,,2025,,"R$ 117.927,00",Nissan,KICKS Play Advance Plus 1.6 16V Flex Aut,2025,023193-2,Flex,1,F,setembro de 2026 ,gslmm9gr81dzm,"terça-feira, 1 de setembro de 2026 03:49",117927.0
337,1,,,2025,,"R$ 106.633,00",Nissan,KICKS Play Active Plus 1.6 16V Flex Aut.,2025,023191-6,Flex,1,F,setembro de 2026 ,gcb3183j4kdzm,"terça-feira, 1 de setembro de 2026 03:49",106633.0
337,1,,,2025,,"R$ 111.410,00",Nissan,KICKS Play Sense 1.6 16V Flex Aut.,2025,023192-4,Flex,1,F,setembro de 2026 ,gjyrk5zytrdzm,"terça-feira, 1 de setembro de 2026 03:49",111410.0
337,1,,,2026,,"R$ 152.015,00",Nissan,KICKS Advance 1.0 Turbo Flex Aut.,2026,023195-9,Flex,1,F,setembro de 2026 ,h2kmhsxkxvd2v,"terça-feira, 1 de setembro de 2026 03:49",152015.0
337,1,,,2026,,"R$ 158.510,00",Nissan,KICKS Exclusive 1.0 Turbo Flex Aut.,2026,023196-7,Flex,1,F,setembro de 2026 ,h95psgjfjwd2v,"terça-feira, 1 de setembro de 2026 03:49",158510.0
337,1,,,2026,,"R$ 108.249,00",Nissan,VERSA Sense 1.6 16V Flex Aut.,2026,023176-2,Flex,1,F,setembro de 2026 ,gd7vw8t7m1d2v,"terça-feira, 1 de setembro de 2026 03:49",108249.0
337,1,,,2023,,"R$ 70.168,00",Peugeot,208 Active 1.6 Flex 16V 5p Aut.,2023,024249-7,Flex,1,F,setembro de 2026 ,5v1c6mf1mwpn,"terça-feira, 1 de setembro de 2026 03:49",70168.0
337,1,,,2026,,"R$ 164.066,00",Nissan,Sentra Exclu. Int. Premium 2.0 16V Aut.,2026,023189-4,Gasolina,1,G,setembro de 2026 ,jjpm1c797cd1k,"terça-feira, 1 de setembro de 2026 03:49",164066.0
337,1,,,2023,,"R$ 150.748,00",Peugeot,3008 GT Pack 1.6 Turbo 16V 5p Aut.,2023,024253-5,Gasolina,1,G,setembro de 2026 ,h02kw7hpysdqw,"terça-feira, 1 de setembro de 2026 03:49",150748.0
337,1,,,2024,,"R$ 67.424,00",Peugeot,208 Like 1.0 Flex 6V 5p Mec.,2024,024264-0,Flex,1,F,setembro de 2026 ,4tv000l6pksw,"terça-feira, 1 de setembro de 2026 03:49",67424.0
337,1,,,2023,,"R$ 57.973,00",Peugeot,208 Like 1.0 Flex 6V 5p Mec.,2023,024264-0,Flex,1,F,setembro de 2026 ,071wbbp9j6pn,"terça-feira, 1 de setembro de 2026 03:49",57973.0
337,1,,,2021,,"R$ 150.201,00",Renault,Master 2.3 dCi Furgão 16V Diesel,2021,025196-8,Diesel,1,D,setembro de 2026 ,h0fpktr30ndj2,"terça-feira, 1 de setembro de 2026 03:49",150201.0
337,1,,,2025,,"R$ 224.068,00",Renault,Master 2.3 dCi Extra Furgão 16V Diesel,2025,025198-4,Diesel,1,D,setembro de 2026 ,ls1jm62vhbdyz,"terça-feira, 1 de setembro de 2026 03:49",224068.0
337,1,,,2026,,"R$ 144.534,00",Nissan,KICKS Sense 1.0 Turbo Flex Aut.,2026,023194-0,Flex,1,F,setembro de 2026 ,hssp7p8n9nd2v,"terça-feira, 1 de setembro de 2026 03:49",144534.0
337,1,,,2023,,"R$ 105.522,00",Nissan,KICKS Exclusive 1.6 16V Flex Aut.,2023,023181-9,Flex,1,F,setembro de 2026 ,f91q7qdvntdr5,"terça-feira, 1 de setembro de 2026 03:49",105522.0
337,1,,,2024,,"R$ 243.879,00",Renault,Master 2.3 dCi Extra F.Vitre 16V Diesel,2024,025201-8,Diesel,1,D,setembro de 2026 ,mj8ls6rbm4dvr,"terça-feira, 1 de setembro de 2026 03:49",243879.0
337,1,,,2024,,"R$ 83.296,00",Peugeot,208 Active 1.6 Flex 16V 5p Aut.,2024,024249-7,Flex,1,F,setembro de 2026 ,cbty0qjn3s9sw,"terça-feira, 1 de setembro de 2026 03:49",83296.0
337,1,,,2025,,"R$ 93.572,00",Peugeot,208 Allure 1.0 Turbo Flex 5p Aut.,2025,024273-0,Flex,1,F,setembro de 2026 ,cgqf04q6cxjdzm,"terça-feira, 1 de setembro de 2026 03:49",93572.0
337,1,,,2026,,"R$ 63.363,00",Renault,KWID Zen 1.0 Flex 12V 5p Mec.,2026,025266-2,Flex,1,F,setembro de 2026 ,287zgpnbbk0b,"terça-feira, 1 de setembro de 2026 03:49",63363.0
337,1,,,2025,,"R$ 56.056,00",Renault,KWID Zen 1.0 Flex 12V 5p Mec.,2025,025266-2,Flex,1,F,setembro de 2026 ,0jk3d1ttm0w3,"terça-feira, 1 de setembro de 2026 03:49",56056.0
337,1,,,2025,,"R$ 160.856,00",Peugeot,Expert Cargo 1.5 Turbo Diesel,2025,024260-8,Diesel,1,D,setembro de 2026 ,jdxy4yclb1dyz,"terça-feira, 1 de setembro de 2026 03:49",160856.0
337,1,,,2023,,"R$ 48.635,00",Renault,KWID Zen 1.0 Flex 12V 5p Mec.,2023,025266-2,Flex,1,F,setembro de 2026 ,xqksvvvqx2pn,"terça-feira, 1 de setembro de 2026 03:49",48635.0
337,1,,,2025,,"R$ 59.180,00",Renault,KWID Intense 1.0 Flex 12V 5p Mec.,2025,025267-0,Flex,1,F,setembro de 2026 ,1p6k8jjd0cw3,"terça-feira, 1 de setembro de 2026 03:49",59180.0
337,1,,,2022,,"R$ 44.281,00",Renault,KWID Zen 1.0 Flex 12V 5p Mec.,2022,025266-2,Flex,1,F,setembro de 2026 ,v2h7xch0ntlf,"terça-feira, 1 de setembro de 2026 03:49",44281.0
337,1,,,2025,,"R$ 62.515,00",Renault,KWID OUTSIDER 1.0 Flex 12V 5p Mec.,2025,025279-4,Flex,1,F,setembro de 2026 ,2y9rk34nlrw3,"terça-feira, 1 de setembro de 2026 03:49",62515.0
337,1,,,2024,,"R$ 72.284,00",Renault,STEPWAY Zen Flex 1.6 16V Mec.,2024,025281-6,Flex,1,F,setembro de 2026 ,6nvhcdkvqvsw,"terça-feira, 1 de setembro de 2026 03:49",72284.0
337,1,,,2024,,"R$ 61.897,00",Renault,LOGAN Zen Flex 1.0 12V 4p Mec.,2024,025290-5,Flex,1,F,setembro de 2026 ,2q1367j2h1sw,"terça-feira, 1 de setembro de 2026 03:50",61897.0
337,1,,,2023,,"R$ 75.445,00",Renault,STEPWAY Iconic Flex 1.6 16V Aut.,2023,025283-2,Flex,1,F,setembro de 2026 ,7vxd3rvst5pn,"terça-feira, 1 de setembro de 2026 03:50",75445.0
337,1,,,2025,,"R$ 75.404,00",Renault,LOGAN Zen Flex 1.0 12V 4p Mec.,2025,025290-5,Flex,1,F,setembro de 2026 ,7vfh4ps7glw3,"terça-feira, 1 de setembro de 2026 03:50",75404.0
337,1,,,2024,,"R$ 51.300,00",Renault,KWID Zen 1.0 Flex 12V 5p Mec.,2024,025266-2,Flex,1,F,setembro de 2026 ,yqtfw7ljjxsw,"terça-feira, 1 de setembro de 2026 03:50",51300.0
337,1,,,2024,,"R$ 91.776,00",Renault,DUSTER Intense 1.6 16V Flex Aut.,2024,025301-4,Flex,1,F,setembro de 2026 ,cf1c7mdxrqfsw,"terça-feira, 1 de setembro de 2026 03:50",91776.0
337,1,,,2023,,"R$ 94.084,00",Renault,DUSTER Iconic 1.6 16V Flex Aut.,2023,025300-6,Flex,1,F,setembro de 2026 ,cgxf34qb19fpn,"terça-feira, 1 de setembro de 2026 03:50",94084.0
337,1,,,2023,,"R$ 75.314,00",Renault,DUSTER Zen 1.6 16V Flex Mec.,2023,025303-0,Flex,1,F,setembro de 2026 ,7tcs16x5wspn,"terça-feira, 1 de setembro de 2026 03:50",75314.0
337,1,,,2025,,"R$ 94.634,00",Renault,OROCH Pro 1.6 Flex 16V Mec.,2025,025313-8,Flex,1,F,setembro de 2026 ,cg3w09mg5xxw3,"terça-feira, 1 de setembro de 2026 03:50",94634.0
337,1,,,2024,,"R$ 92.236,00",Renault,DUSTER Intense Plus 1.6 16V Flex Aut.,2024,025322-7,Flex,1,F,setembro de 2026 ,cf6sfpjcx2rdwd,"terça-feira, 1 de setembro de 2026 03:50",92236.0
337,1,,,2025,,"R$ 102.828,00",Renault,DUSTER Intense Plus 1.6 16V Flex Aut.,2025,025322-7,Flex,1,F,setembro de 2026 ,f6wtrswj1xdzm,"terça-feira, 1 de setembro de 2026 03:50",102828.0
337,1,,,2026,,"R$ 113.971,00",Renault,DUSTER Intense Plus 1.6 16V Flex Aut.,2026,025322-7,Flex,1,F,setembro de 2026 ,gmyt6gkwh4d2v,"terça-feira, 1 de setembro de 2026 03:50",113971.0
337,1,,,2026,,"R$ 65.936,00",Renault,KWID Intense 1.0 Flex 12V 5p Mec.,2026,025267-0,Flex,1,F,setembro de 2026 ,38d5wzy3m10b,"terça-feira, 1 de setembro de 2026 03:50",65936.0
337,1,,,2025,,"R$ 103.429,00",Renault,DUSTER Intense Plus 1.6 16V Flex Mec.,2025,025325-1,Flex,1,F,setembro de 2026 ,f7lnyc4klfdzm,"terça-feira, 1 de setembro de 2026 03:50",103429.0
337,1,,,2025,,"R$ 93.501,00",Renault,Kardian Evolut. Flex 1.0 TB 12V 5p Aut.,2025,025327-8,Flex,1,F,setembro de 2026 ,cgpl64vcwhtdzm,"terça-feira, 1 de setembro de 2026 03:50",93501.0
337,1,,,2025,,"R$ 96.536,00",Renault,Kardian Techno Flex 1.0 TB 12V 5p Aut.,2025,025328-6,Flex,1,F,setembro de 2026 ,cht6b5304qsdzm,"terça-feira, 1 de setembro de 2026 03:50",96536.0
337,1,,,2026,,"R$ 108.394,00",Renault,DUSTER Intense Plus 1.6 16V Flex Mec.,2026,025325-1,Flex,1,F,setembro de 2026 ,gfd380rps0d2v,"terça-feira, 1 de setembro de 2026 03:50",108394.0
337,1,,,2022,,"R$ 212.140,00",Volvo,XC 60 T-8 INSC. EXPRESS. 2.0 (Híbrido),2022,029151-0,Híbrido,1,H,setembro de 2026 ,lb1zpy1b88dn8,"terça-feira, 1 de setembro de 2026 03:50",212140.0
337,1,,,2025,,"R$ 90.532,00",Renault,Kangoo Advanced 1.6 16V Flex ,2025,025331-6,Flex,1,F,setembro de 2026 ,cfks2rzxtxldzm,"terça-feira, 1 de setembro de 2026 03:50",90532.0
337,1,,,2023,,"R$ 366.405,00",Volvo,XC 90 T-8 Ultim. Dark 2.0 AWD (Híbrido),2023,029153-6,Híbrido,1,H,setembro de 2026 ,r5x1pwh8m9dsh,"terça-feira, 1 de setembro de 2026 03:50",366405.0
337,1,,,2024,,"R$ 364.228,00",Volvo,XC 90 T-8 Plus 2.0 AWD (Híbrido),2024,029155-2,Híbrido,1,H,setembro de 2026 ,r3cxrhw367dwq,"terça-feira, 1 de setembro de 2026 03:50",364228.0
337,1,,,2023,,"R$ 82.452,00",Renault,OROCH Pro 1.6 Flex 16V Mec.,2023,025313-8,Flex,1,F,setembro de 2026 ,cbh17w4nks2pn,"terça-feira, 1 de setembro de 2026 03:50",82452.0
337,1,,,2024,,"R$ 292.555,00",Volvo,XC 60 T-8 Ultimate 2.0 AWD (Híbrido),2024,029158-7,Híbrido,1,H,setembro de 2026 ,pdbtr80npldwq,"terça-feira, 1 de setembro de 2026 03:50",292555.0
337,1,,,2023,,"R$ 239.910,00",Volvo,XC 60 T-8 Plus 2.0 AWD (Híbrido),2023,029159-5,Híbrido,1,H,setembro de 2026 ,mdmbp9n1pvdsh,"terça-feira, 1 de setembro de 2026 03:50",239910.0
337,1,,,2024,,"R$ 285.745,00",Volvo,XC 60 T-8 Plus 2.0 AWD (Híbrido),2024,029159-5,Híbrido,1,H,setembro de 2026 ,n4b9kvhpwmdwq,"terça-feira, 1 de setembro de 2026 03:50",285745.0
337,1,,,2024,,"R$ 377.658,00",Volvo,XC 90 T-8 Ultimate 2.0 AWD (Híbrido),2024,029154-4,Híbrido,1,H,setembro de 2026 ,sl312skx3jdwq,"terça-feira, 1 de setembro de 2026 03:50",377658.0
337,1,,,2023,,"R$ 258.355,00",Volvo,XC 60 T-8 Ultimate 2.0 AWD (Híbrido),2023,029158-7,Híbrido,1,H,setembro de 2026 ,m27rqpk69zdsh,"terça-feira, 1 de setembro de 2026 03:50",258355.0
337,1,,,2025,,"R$ 361.748,00",Volvo,XC 60 T-8 Plus 2.0 AWD (Híbrido),2025,029159-5,Híbrido,1,H,setembro de 2026 ,r0gsdh3zwzdzy,"terça-feira, 1 de setembro de 2026 03:50",361748.0
337,1,,,2024,,"R$ 189.869,00",Volvo,EX30 E60 Plus (Elétrico),2024,029166-8,Elétrico,1,E,setembro de 2026 ,khyhqjwtk8dv2,"terça-feira, 1 de setembro de 2026 03:50",189869.0
337,1,,,2023,,"R$ 234.682,00",Land Rover,Discovery Sport SE R-Dyn 2.0 Si4 Flex,2023,033175-9,Flex,1,F,setembro de 2026 ,l6g90688gcdr5,"terça-feira, 1 de setembro de 2026 03:50",234682.0
337,1,,,2021,,"R$ 79.758,00",Caoa Chery/Chery,ARRIZO 6 GSX 1.5 Turbo Flex Aut.,2021,073028-9,Flex,1,F,setembro de 2026 ,9hg126hkkdg6,"terça-feira, 1 de setembro de 2026 03:50",79758.0
337,1,,,2023,,"R$ 131.823,00",Caoa Chery/Chery,Tiggo 8 TXS 1.6 16V TGDi Aut.,2023,073029-7,Gasolina,1,G,setembro de 2026 ,g9wp1qlln7dqw,"terça-feira, 1 de setembro de 2026 03:50",131823.0
337,1,,,2024,,"R$ 178.734,00",RAM,RAMPAGE REBEL 2.0 TB CD 4X4 Diesel Aut.,2024,083015-1,Diesel,1,D,setembro de 2026 ,j2wr89pvq4dvr,"terça-feira, 1 de setembro de 2026 03:50",178734.0
337,1,,,2023,,"R$ 187.767,00",MINI,COOPER Countryman S E ALL4 1.5  (Híb.),2023,071045-8,Híbrido,1,H,setembro de 2026 ,kfg28w5bmqdsh,"terça-feira, 1 de setembro de 2026 03:50",187767.0
337,1,,,2024,,"R$ 203.606,00",Volvo,XC 40 Recharge Plus (Elétrico),2024,029162-5,Elétrico,1,E,setembro de 2026 ,k01sy4y25jdv2,"terça-feira, 1 de setembro de 2026 03:50",203606.0
337,1,,,2024,,"R$ 91.945,00",Renault,DUSTER Intense 1.6 16V Flex Mec.,2024,025319-7,Flex,1,F,setembro de 2026 ,cf3cntv5m7wdwd,"terça-feira, 1 de setembro de 2026 03:50",91945.0
337,1,,,2025,,"R$ 205.944,00",RAM,RAMPAGE LARAMIE 2.2 TB CD 4X4 Die. Aut.,2025,083021-6,Diesel,1,D,setembro de 2026 ,k3sr95c8mydyz,"terça-feira, 1 de setembro de 2026 03:50",205944.0
337,1,,,2025,,"R$ 201.959,00",RAM,RAMPAGE R/T HURRIC. 4 2.0 TB CD 4X4 Aut.,2025,083019-4,Gasolina,1,G,setembro de 2026 ,ky3x6cxznxdyb,"terça-feira, 1 de setembro de 2026 03:50",201959.0
337,1,,,2025,,"R$ 194.225,00",RAM,RAMPAGE REBEL HURR.4 2.0 TB CD 4X4 Aut.,2025,083016-0,Gasolina,1,G,setembro de 2026 ,kn1tv4rb8tdyb,"terça-feira, 1 de setembro de 2026 03:50",194225.0
337,1,,,2024,,"R$ 179.711,00",RAM,RAMPAGE REBEL HURR.4 2.0 TB CD 4X4 Aut.,2024,083016-0,Gasolina,1,G,setembro de 2026 ,j3084cfbcqdt3,"terça-feira, 1 de setembro de 2026 03:50",179711.0
337,1,,,2024,6,"R$ 174.022,00",Caoa Chery,Tiggo 8 PRO 1.5 Turbo (Híbrido) ,2024,093010-5,Híbrido,1,H,setembro de 2026 ,jxch0vk5bndwq,"terça-feira, 1 de setembro de 2026 03:50",174022.0
337,1,,,2024,,"R$ 117.812,00",Caoa Chery,Tiggo 5X PRO Max Drive1.5 TB (Híbrido),2024,093015-6,Híbrido,1,H,setembro de 2026 ,gsgf2d1bhhdwq,"terça-feira, 1 de setembro de 2026 03:50",117812.0
337,1,,,2023,,"R$ 133.801,00",Caoa Chery,Tiggo 8 Max Drive 1.6 Turbo Aut.,2023,093013-0,Gasolina,1,G,setembro de 2026 ,hc6lr3nmw7dqw,"terça-feira, 1 de setembro de 2026 03:50",133801.0
337,1,,,2025,,"R$ 158.472,00",Caoa Chery,Tiggo 8 Max Drive 1.6 Turbo Aut.,2025,093013-0,Gasolina,1,G,setembro de 2026 ,h939y4mv3ndyb,"terça-feira, 1 de setembro de 2026 03:50",158472.0
337,1,,,2024,,"R$ 164.189,00",BYD,Song Plus 1.5 16V Aut. (Hibrido),2024,095005-0,Híbrido,1,H,setembro de 2026 ,jjt3mp56xbdwq,"terça-feira, 1 de setembro de 2026 03:50",164189.0
337,1,,,2025,,"R$ 179.503,00",BYD,Song Plus 1.5 16V Aut. (Hibrido),2025,095005-0,Híbrido,1,H,setembro de 2026 ,j3sqr1f0wbdzy,"terça-feira, 1 de setembro de 2026 03:50",179503.0
337,1,,,2026,,"R$ 128.138,00",BYD,Dolphin EV GS (Elétrico),2026,095007-6,Elétrico,1,E,setembro de 2026 ,g5kryqz6w6d2j,"terça-feira, 1 de setembro de 2026 03:50",128138.0
337,1,,,2025,,"R$ 181.738,00",GWM,Haval H6 2 1.5 (Hibrido),2025,096001-2,Híbrido,1,H,setembro de 2026 ,j6dy1952vpdzy,"terça-feira, 1 de setembro de 2026 03:50",181738.0
337,1,,,2025,,"R$ 177.840,00",GWM,Haval H6 ONE 1.5 (Hibrido),2025,096010-1,Híbrido,1,H,setembro de 2026 ,j1t8zdd1nsdzy,"terça-feira, 1 de setembro de 2026 03:50",177840.0
337,1,,,2025,,"R$ 197.781,00",GWM,Haval H6 19 1.5 (Hibrido),2025,096008-0,Híbrido,1,H,setembro de 2026 ,ks62l6pj9mdzy,"terça-feira, 1 de setembro de 2026 03:50",197781.0
337,1,,,2024,,"R$ 135.883,00",Caoa Chery,Tiggo 7 Pro Max Drive 1.6 Turbo 16V Aut.,2024,093011-3,Gasolina,1,G,setembro de 2026 ,hgm8n526dwdt3,"terça-feira, 1 de setembro de 2026 03:51",135883.0
337,1,,,2024,,"R$ 148.714,00",Caoa Chery,Tiggo 8 Max Drive 1.6 Turbo Aut.,2024,093013-0,Gasolina,1,G,setembro de 2026 ,hypm2q4cl8dt3,"terça-feira, 1 de setembro de 2026 03:51",148714.0
337,1,,,2025,,"R$ 239.491,00",GWM,Haval H6 GT 1.5 AWD (Hibrido),2025,096003-9,Híbrido,1,H,setembro de 2026 ,mc33lt97fbdzy,"terça-feira, 1 de setembro de 2026 03:51",239491.0
337,1,,,2024,5,"R$ 54.478,00",Renault,KWID Intense 1.0 Flex 12V 5p Mec.,2024,025267-0,Flex,1,F,setembro de 2026 ,zx2j6lzv3zsw,"terça-feira, 1 de setembro de 2026 03:51",54478.0
